date,mean_c,n_hours,n_quarters,qual_codes,eligible
2010-01-01,9.0070,24,4,4,True
2010-01-02,7.4222,24,4,4,True
2010-01-03,6.8490,24,4,4,True
2010-01-04,7.4720,24,4,4,True
2010-01-05,7.9677,24,4,4,True
2010-01-06,6.2872,24,4,4,True
2010-01-07,5.9955,24,4,4,True
2010-01-08,5.4676,24,4,4,True
2010-01-09,3.8159,24,4,4,True
2010-01-10,3.3750,24,4,4,True
2010-01-11,2.9436,24,4,4,True
2010-01-12,2.3975,24,4,4,True
2010-01-13,4.9729,24,4,4,True
2010-01-14,6.9271,24,4,4,True
2010-01-15,7.3000,24,4,4,True
2010-01-16,7.0665,24,4,4,True
2010-01-17,8.0070,24,4,4,True
2010-01-18,7.3015,24,4,4,True
2010-01-19,6.9231,24,4,4,True
2010-01-20,8.1315,24,4,4,True
2010-01-21,8.1750,24,4,4,True
2010-01-22,7.4013,24,4,4,True
2010-01-23,7.0777,24,4,4,True
2010-01-24,8.0508,24,4,4,True
2010-01-25,8.0448,24,4,4,True
2010-01-26,6.3566,24,4,4,True
2010-01-27,5.9318,24,4,4,True
2010-01-28,5.5368,24,4,4,True
2010-01-29,6.8482,24,4,4,True
2010-01-30,7.0910,24,4,4,True
2010-01-31,5.9739,24,4,4,True
2010-02-01,4.7417,24,4,4,True
2010-02-02,4.7031,24,4,4,True
2010-02-03,4.8346,24,4,4,True
2010-02-04,5.6511,24,4,4,True
2010-02-05,7.7422,24,4,4,True
2010-02-06,7.8217,24,4,4,True
2010-02-07,8.2850,24,4,4,True
2010-02-08,7.3329,24,4,4,True
2010-02-09,7.2768,24,4,4,True
2010-02-10,6.1646,24,4,4,True
2010-02-11,4.7494,24,4,4,True
2010-02-12,3.7504,24,4,4,True
2010-02-13,3.9842,24,4,4,True
2010-02-14,4.2553,24,4,4,True
2010-02-15,4.5380,24,4,4,True
2010-02-16,4.8750,24,4,4,True
2010-02-17,7.0795,24,4,4,True
2010-02-18,7.9159,24,4,4,True
2010-02-19,8.1812,24,4,4,True
2010-02-20,7.2534,24,4,4,True
2010-02-21,6.5817,24,4,4,True
2010-02-22,7.0312,24,4,4,True
2010-02-23,8.1300,24,4,4,True
2010-02-24,8.8236,24,4,4,True
2010-02-25,9.1518,24,4,4,True
2010-02-26,9.1248,24,4,4,True
2010-02-27,8.2632,24,4,4,True
2010-02-28,9.3944,24,4,4,True
2010-03-01,8.5034,24,4,4,True
2010-03-02,8.2045,24,4,4,True
2010-03-03,8.8402,24,4,4,True
2010-03-04,9.1752,24,4,4,True
2010-03-05,8.3513,24,4,4,True
2010-03-06,6.7541,24,4,4,True
2010-03-07,6.4343,24,4,4,True
2010-03-08,5.1005,24,4,4,True
2010-03-09,4.2073,24,4,4,True
2010-03-10,4.2615,24,4,4,True
2010-03-11,3.9267,24,4,4,True
2010-03-12,4.9927,24,4,4,True
2010-03-13,5.7616,24,4,4,True
2010-03-14,5.5840,24,4,4,True
2010-03-15,6.3715,24,4,4,True
2010-03-16,6.5397,24,4,4,True
2010-03-17,7.2501,24,4,4,True
2010-03-18,8.7719,24,4,4,True
2010-03-19,10.1564,24,4,4,True
2010-03-20,11.0119,24,4,4,True
2010-03-21,11.3478,24,4,4,True
2010-03-22,11.3391,24,4,4,True
2010-03-23,11.1509,24,4,4,True
2010-03-24,12.1863,24,4,4,True
2010-03-25,12.4436,24,4,4,True
2010-03-26,12.3150,24,4,4,True
2010-03-27,11.3063,24,4,4,True
2010-03-28,11.4160,22,4,4,True
2010-03-29,12.1826,24,4,4,True
2010-03-30,11.6813,24,4,4,True
2010-03-31,11.1616,24,4,4,True
2010-04-01,10.7564,24,4,4,True
2010-04-02,10.1859,24,4,4,True
2010-04-03,10.8012,24,4,4,True
2010-04-04,10.5128,24,4,4,True
2010-04-05,10.0947,24,4,4,True
2010-04-06,10.6933,24,4,4,True
2010-04-07,11.3890,24,4,4,True
2010-04-08,11.0128,24,4,4,True
2010-04-09,11.2950,24,4,4,True
2010-04-10,12.0685,24,4,4,True
2010-04-11,12.4649,24,4,4,True
2010-04-12,12.1614,24,4,4,True
2010-04-13,10.9079,24,4,4,True
2010-04-14,10.4884,24,4,4,True
2010-04-15,10.8209,24,4,4,True
2010-04-16,11.6285,24,4,4,True
2010-04-17,11.8519,24,4,4,True
2010-04-18,12.3166,24,4,4,True
2010-04-19,12.5761,24,4,4,True
2010-04-20,12.6305,24,4,4,True
2010-04-21,13.2279,24,4,4,True
2010-04-22,14.5327,24,4,4,True
2010-04-23,14.2966,24,4,4,True
2010-04-24,14.4083,24,4,4,True
2010-04-25,14.4117,24,4,4,True
2010-04-26,14.8505,24,4,4,True
2010-04-27,14.2425,24,4,4,True
2010-04-28,14.2899,24,4,4,True
2010-04-29,15.2825,24,4,4,True
2010-04-30,15.2532,24,4,4,True
2010-05-01,14.5677,24,4,4,True
2010-05-02,13.8629,24,4,4,True
2010-05-03,12.8362,24,4,4,True
2010-05-04,11.1255,24,4,4,True
2010-05-05,10.5671,24,4,4,True
2010-05-06,10.5689,24,4,4,True
2010-05-07,11.4501,24,4,4,True
2010-05-08,12.8760,24,4,4,True
2010-05-09,13.4694,24,4,4,True
2010-05-10,13.7101,24,4,4,True
2010-05-11,14.3005,24,4,4,True
2010-05-12,13.8278,24,4,4,True
2010-05-13,13.2596,24,4,4,True
2010-05-14,12.8843,24,4,4,True
2010-05-15,12.9055,24,4,4,True
2010-05-16,12.7426,24,4,4,True
2010-05-17,12.7384,24,4,4,True
2010-05-18,13.1077,24,4,4,True
2010-05-19,13.8065,24,4,4,True
2010-05-20,13.5645,24,4,4,True
2010-05-21,14.1993,24,4,4,True
2010-05-22,15.0376,24,4,4,True
2010-05-23,15.5681,24,4,4,True
2010-05-24,15.9141,24,4,4,True
2010-05-25,16.4100,24,4,4,True
2010-05-26,16.6325,24,4,4,True
2010-05-27,16.0708,24,4,4,True
2010-05-28,15.7230,24,4,4,True
2010-05-29,15.5112,24,4,4,True
2010-05-30,15.7518,24,4,4,True
2010-05-31,16.1620,24,4,4,True
2010-06-01,16.1531,24,4,4,True
2010-06-02,16.2704,24,4,4,True
2010-06-03,15.7214,24,4,4,True
2010-06-04,16.3730,24,4,4,True
2010-06-05,17.3722,24,4,4,True
2010-06-06,17.2029,24,4,4,True
2010-06-07,16.3914,24,4,4,True
2010-06-08,16.5820,24,4,4,True
2010-06-09,16.5672,24,4,4,True
2010-06-10,17.5042,24,4,4,True
2010-06-11,17.3179,24,4,4,True
2010-06-12,16.7150,24,4,4,True
2010-06-13,17.0414,24,4,4,True
2010-06-14,16.6565,24,4,4,True
2010-06-15,15.5201,24,4,4,True
2010-06-16,15.5659,24,4,4,True
2010-06-17,15.3848,24,4,4,True
2010-06-18,15.6016,24,4,4,True
2010-06-19,15.7678,24,4,4,True
2010-06-20,14.8202,24,4,4,True
2010-06-21,14.0056,24,4,4,True
2010-06-22,14.1113,24,4,4,True
2010-06-23,14.6700,24,4,4,True
2010-06-24,15.4777,24,4,4,True
2010-06-25,16.3243,24,4,4,True
2010-06-26,17.0489,24,4,4,True
2010-06-27,17.9838,24,4,4,True
2010-06-28,18.7994,24,4,4,True
2010-06-29,19.3306,24,4,4,True
2010-06-30,19.4485,24,4,4,True
2010-07-01,19.6638,24,4,4,True
2010-07-02,20.1398,24,4,4,True
2010-07-03,20.3299,24,4,4,True
2010-07-04,20.2496,24,4,4,True
2010-07-05,19.8640,24,4,4,True
2010-07-06,19.6476,24,4,4,True
2010-07-07,19.0840,24,4,4,True
2010-07-08,19.1772,24,4,4,True
2010-07-09,20.0255,24,4,4,True
2010-07-10,20.4366,24,4,4,True
2010-07-11,20.6253,24,4,4,True
2010-07-12,20.7509,24,4,4,True
2010-07-13,20.7441,24,4,4,True
2010-07-14,20.6625,24,4,4,True
2010-07-15,20.1475,24,4,4,True
2010-07-16,19.5032,24,4,4,True
2010-07-17,19.1987,24,4,4,True
2010-07-18,18.2662,24,4,4,True
2010-07-19,18.0402,24,4,4,True
2010-07-20,18.7161,24,4,4,True
2010-07-21,19.1303,24,4,4,True
2010-07-22,18.2286,24,4,4,True
2010-07-23,18.1634,24,4,4,True
2010-07-24,17.7936,24,4,4,True
2010-07-25,17.4954,24,4,4,True
2010-07-26,17.9175,24,4,4,True
2010-07-27,18.2980,24,4,4,True
2010-07-28,18.6598,24,4,4,True
2010-07-29,19.0560,24,4,4,True
2010-07-30,18.7191,24,4,4,True
2010-07-31,18.6438,24,4,4,True
2010-08-01,18.9152,24,4,4,True
2010-08-02,18.6052,24,4,4,True
2010-08-03,18.2127,24,4,4,True
2010-08-04,18.1038,24,4,4,True
2010-08-05,18.1830,24,4,4,True
2010-08-06,17.5467,24,4,4,True
2010-08-07,17.3880,24,4,4,True
2010-08-08,17.8986,24,4,4,True
2010-08-09,18.1385,24,4,4,True
2010-08-10,17.8550,24,4,4,True
2010-08-11,18.1274,24,4,4,True
2010-08-12,18.6428,24,4,4,True
2010-08-13,17.7273,24,4,4,True
2010-08-14,17.3923,24,4,4,True
2010-08-15,16.9945,24,4,4,True
2010-08-16,16.2740,24,4,4,True
2010-08-17,16.3831,24,4,4,True
2010-08-18,17.1305,24,4,4,True
2010-08-19,17.5805,24,4,4,True
2010-08-20,18.6874,24,4,4,True
2010-08-21,19.4465,24,4,4,True
2010-08-22,19.7061,24,4,4,True
2010-08-23,20.3448,24,4,4,True
2010-08-24,19.9283,24,4,4,True
2010-08-25,18.4911,24,4,4,True
2010-08-26,19.1154,24,4,4,True
2010-08-27,20.1354,24,4,4,True
2010-08-28,19.3562,24,4,4,True
2010-08-29,17.3357,24,4,4,True
2010-08-30,16.4035,24,4,4,True
2010-08-31,15.0769,24,4,4,True
2010-09-01,14.6632,24,4,4,True
2010-09-02,15.8052,24,4,4,True
2010-09-03,17.2792,24,4,4,True
2010-09-04,17.0621,24,4,4,True
2010-09-05,16.2015,24,4,4,True
2010-09-06,16.6216,24,4,4,True
2010-09-07,17.5727,24,4,4,True
2010-09-08,16.8618,24,4,4,True
2010-09-09,16.8471,24,4,4,True
2010-09-10,16.9215,24,4,4,True
2010-09-11,16.2593,24,4,4,True
2010-09-12,16.9312,24,4,4,True
2010-09-13,17.1822,24,4,4,True
2010-09-14,15.7258,24,4,4,True
2010-09-15,15.5717,24,4,4,True
2010-09-16,15.7895,24,4,4,True
2010-09-17,15.8720,24,4,4,True
2010-09-18,15.7300,24,4,4,True
2010-09-19,14.4390,24,4,4,True
2010-09-20,13.3145,24,4,4,True
2010-09-21,14.8807,24,4,4,True
2010-09-22,15.6414,24,4,4,True
2010-09-23,16.0946,24,4,4,True
2010-09-24,16.5047,24,4,4,True
2010-09-25,15.5509,24,4,4,True
2010-09-26,14.2045,24,4,4,True
2010-09-27,12.7969,24,4,4,True
2010-09-28,12.8019,24,4,4,True
2010-09-29,12.4105,24,4,4,True
2010-09-30,12.9618,24,4,4,True
2010-10-01,12.9005,24,4,4,True
2010-10-02,13.6574,24,4,4,True
2010-10-03,15.2223,24,4,4,True
2010-10-04,16.0358,24,4,4,True
2010-10-05,14.8042,24,4,4,True
2010-10-06,15.1619,24,4,4,True
2010-10-07,15.5270,24,4,4,True
2010-10-08,16.3329,24,4,4,True
2010-10-09,16.9402,24,4,4,True
2010-10-10,16.8856,24,4,4,True
2010-10-11,16.0600,24,4,4,True
2010-10-12,15.3459,24,4,4,True
2010-10-13,14.8093,24,4,4,True
2010-10-14,14.2635,24,4,4,True
2010-10-15,13.1655,24,4,4,True
2010-10-16,11.8120,24,4,4,True
2010-10-17,11.2905,24,4,4,True
2010-10-18,10.4117,24,4,4,True
2010-10-19,9.9300,24,4,4,True
2010-10-20,10.8277,24,4,4,True
2010-10-21,9.8190,24,4,4,True
2010-10-22,9.3192,24,4,4,True
2010-10-23,10.1808,24,4,4,True
2010-10-24,10.8654,24,4,4,True
2010-10-25,10.8330,24,4,4,True
2010-10-26,9.8895,24,4,4,True
2010-10-27,8.7546,24,4,4,True
2010-10-28,8.7913,24,4,4,True
2010-10-29,9.5611,24,4,4,True
2010-10-30,10.8043,24,4,4,True
2010-10-31,11.1427,24,4,4,True
2010-11-01,11.4712,24,4,4,True
2010-11-02,11.7301,24,4,4,True
2010-11-03,12.3338,24,4,4,True
2010-11-04,12.7675,24,4,4,True
2010-11-05,13.1355,24,4,4,True
2010-11-06,13.3010,24,4,4,True
2010-11-07,12.9970,24,4,4,True
2010-11-08,11.5197,24,4,4,True
2010-11-09,10.9315,24,4,4,True
2010-11-10,10.9007,24,4,4,True
2010-11-11,10.4782,24,4,4,True
2010-11-12,11.6853,24,4,4,True
2010-11-13,11.7343,24,4,4,True
2010-11-14,11.7436,24,4,4,True
2010-11-15,11.7759,24,4,4,True
2010-11-16,11.4095,24,4,4,True
2010-11-17,9.8964,24,4,4,True
2010-11-18,10.2047,24,4,4,True
2010-11-19,10.0738,24,4,4,True
2010-11-20,10.2600,24,4,4,True
2010-11-21,10.5630,24,4,4,True
2010-11-22,10.4957,24,4,4,True
2010-11-23,10.0720,24,4,4,True
2010-11-24,8.6629,24,4,4,True
2010-11-25,8.2217,24,4,4,True
2010-11-26,7.8093,24,4,4,True
2010-11-27,7.3502,24,4,4,True
2010-11-28,7.0161,24,4,4,True
2010-11-29,6.3807,24,4,4,True
2010-11-30,6.3371,24,4,4,True
2010-12-01,6.7699,24,4,4,True
2010-12-02,5.7997,24,4,4,True
2010-12-03,5.8298,24,4,4,True
2010-12-04,5.3968,24,4,4,True
2010-12-05,6.1108,24,4,4,True
2010-12-06,7.7821,24,4,4,True
2010-12-07,8.7848,24,4,4,True
2010-12-08,9.9777,24,4,4,True
2010-12-09,9.5117,24,4,4,True
2010-12-10,6.4353,24,4,4,True
2010-12-11,4.8118,24,4,4,True
2010-12-12,4.6985,24,4,4,True
2010-12-13,4.3245,24,4,4,True
2010-12-14,3.2760,24,4,4,True
2010-12-15,2.8563,24,4,4,True
2010-12-16,2.5754,24,4,4,True
2010-12-17,4.0005,24,4,4,True
2010-12-18,3.9275,24,4,4,True
2010-12-19,3.8902,24,4,4,True
2010-12-20,4.3527,24,4,4,True
2010-12-21,5.1470,24,4,4,True
2010-12-22,6.4874,24,4,4,True
2010-12-23,6.9101,24,4,4,True
2010-12-24,6.0741,24,4,4,True
2010-12-25,5.2035,24,4,4,True
2010-12-26,3.6057,24,4,4,True
2010-12-27,2.9132,24,4,4,True
2010-12-28,4.4411,24,4,4,True
2010-12-29,5.5120,24,4,4,True
2010-12-30,7.0693,24,4,4,True
2010-12-31,7.8907,24,4,4,True
2011-01-01,7.2188,24,4,4,True
2011-01-02,6.8483,24,4,4,True
2011-01-03,5.8062,24,4,4,True
2011-01-04,4.8657,24,4,4,True
2011-01-05,5.3328,24,4,4,True
2011-01-06,6.9652,24,4,4,True
2011-01-07,8.3287,24,4,4,True
2011-01-08,8.3972,24,4,4,True
2011-01-09,8.7345,24,4,4,True
2011-01-10,6.6436,24,4,4,True
2011-01-11,6.7982,24,4,4,True
2011-01-12,8.1748,24,4,4,True
2011-01-13,9.1373,24,4,4,True
2011-01-14,8.4623,24,4,4,True
2011-01-15,8.0157,24,4,4,True
2011-01-16,7.2385,24,4,4,True
2011-01-17,7.0634,24,4,4,True
2011-01-18,7.8624,24,4,4,True
2011-01-19,8.0542,24,4,4,True
2011-01-20,5.9634,24,4,4,True
2011-01-21,4.7493,24,4,4,True
2011-01-22,3.8312,24,4,4,True
2011-01-23,3.5332,24,4,4,True
2011-01-24,2.6849,24,4,4,True
2011-01-25,2.5601,24,4,4,True
2011-01-26,3.7320,24,4,4,True
2011-01-27,3.8760,24,4,4,True
2011-01-28,4.3760,24,4,4,True
2011-01-29,5.6172,24,4,4,True
2011-01-30,5.7850,24,4,4,True
2011-01-31,5.2820,24,4,4,True
2011-02-01,4.3844,24,4,4,True
2011-02-02,4.0155,24,4,4,True
2011-02-03,5.3098,24,4,4,True
2011-02-04,6.9108,24,4,4,True
2011-02-05,6.8543,24,4,4,True
2011-02-06,5.9023,24,4,4,True
2011-02-07,5.2187,24,4,4,True
2011-02-08,5.4671,24,4,4,True
2011-02-09,5.5934,24,4,4,True
2011-02-10,5.6128,24,4,4,True
2011-02-11,6.1328,24,4,4,True
2011-02-12,6.3248,24,4,4,True
2011-02-13,7.0145,24,4,4,True
2011-02-14,7.6443,24,4,4,True
2011-02-15,7.5250,24,4,4,True
2011-02-16,7.8731,24,4,4,True
2011-02-17,7.8030,24,4,4,True
2011-02-18,8.2400,24,4,4,True
2011-02-19,7.8340,24,4,4,True
2011-02-20,8.5885,24,4,4,True
2011-02-21,8.6210,24,4,4,True
2011-02-22,8.9942,24,4,4,True
2011-02-23,8.8772,24,4,4,True
2011-02-24,9.7058,24,4,4,True
2011-02-25,10.1710,24,4,4,True
2011-02-26,9.3626,24,4,4,True
2011-02-27,9.1736,24,4,4,True
2011-02-28,8.3515,24,4,4,True
2011-03-01,7.9887,24,4,4,True
2011-03-02,7.6331,24,4,4,True
2011-03-03,7.2348,24,4,4,True
2011-03-04,6.9856,24,4,4,True
2011-03-05,7.5346,24,4,4,True
2011-03-06,7.7553,24,4,4,True
2011-03-07,7.7603,24,4,4,True
2011-03-08,8.9489,24,4,4,True
2011-03-09,9.2056,24,4,4,True
2011-03-10,9.0563,24,4,4,True
2011-03-11,8.8882,24,4,4,True
2011-03-12,9.6937,24,4,4,True
2011-03-13,10.3247,24,4,4,True
2011-03-14,10.6893,24,4,4,True
2011-03-15,11.3152,24,4,4,True
2011-03-16,11.3680,24,4,4,True
2011-03-17,11.1692,24,4,4,True
2011-03-18,10.9705,24,4,4,True
2011-03-19,11.5137,24,4,4,True
2011-03-20,10.8719,24,4,4,True
2011-03-21,10.2122,24,4,4,True
2011-03-22,10.0062,24,4,4,True
2011-03-23,10.1596,24,4,4,True
2011-03-24,10.4106,24,4,4,True
2011-03-25,10.9570,24,4,4,True
2011-03-26,11.4298,24,4,4,True
2011-03-27,12.3982,22,4,4,True
2011-03-28,12.1898,24,4,4,True
2011-03-29,11.6360,24,4,4,True
2011-03-30,11.6220,24,4,4,True
2011-03-31,12.0777,24,4,4,True
2011-04-01,12.3152,24,4,4,True
2011-04-02,13.4425,24,4,4,True
2011-04-03,13.7648,24,4,4,True
2011-04-04,12.9475,24,4,4,True
2011-04-05,12.1353,24,4,4,True
2011-04-06,12.3953,24,4,4,True
2011-04-07,13.3260,24,4,4,True
2011-04-08,14.1059,24,4,4,True
2011-04-09,14.4594,24,4,4,True
2011-04-10,14.6608,24,4,4,True
2011-04-11,14.0388,24,4,4,True
2011-04-12,13.8818,24,4,4,True
2011-04-13,12.3436,24,4,4,True
2011-04-14,11.8786,24,4,4,True
2011-04-15,11.8058,24,4,4,True
2011-04-16,11.4336,24,4,4,True
2011-04-17,11.6238,24,4,4,True
2011-04-18,12.7910,24,4,4,True
2011-04-19,13.2338,24,4,4,True
2011-04-20,13.3108,24,4,4,True
2011-04-21,13.8406,24,4,4,True
2011-04-22,13.9254,24,4,4,True
2011-04-23,13.4554,24,4,4,True
2011-04-24,13.5062,24,4,4,True
2011-04-25,13.8891,24,4,4,True
2011-04-26,14.5845,24,4,4,True
2011-04-27,15.1069,24,4,4,True
2011-04-28,14.3840,24,4,4,True
2011-04-29,13.5566,24,4,4,True
2011-04-30,13.8005,24,4,4,True
2011-05-01,13.8796,24,4,4,True
2011-05-02,14.4430,24,4,4,True
2011-05-03,14.8678,24,4,4,True
2011-05-04,14.6014,24,4,4,True
2011-05-05,14.3038,24,4,4,True
2011-05-06,15.0425,24,4,4,True
2011-05-07,15.0802,24,4,4,True
2011-05-08,15.4461,24,4,4,True
2011-05-09,15.5348,24,4,4,True
2011-05-10,15.9441,24,4,4,True
2011-05-11,15.8203,24,4,4,True
2011-05-12,16.1143,24,4,4,True
2011-05-13,16.1647,24,4,4,True
2011-05-14,15.8280,24,4,4,True
2011-05-15,14.8229,24,4,4,True
2011-05-16,13.9576,24,4,4,True
2011-05-17,14.0433,24,4,4,True
2011-05-18,14.5172,24,4,4,True
2011-05-19,15.3372,24,4,4,True
2011-05-20,15.4882,24,4,4,True
2011-05-21,16.1847,24,4,4,True
2011-05-22,16.1818,24,4,4,True
2011-05-23,15.6018,24,4,4,True
2011-05-24,15.9291,24,4,4,True
2011-05-25,15.9231,24,4,4,True
2011-05-26,16.4341,24,4,4,True
2011-05-27,15.4911,24,4,4,True
2011-05-28,14.5544,24,4,4,True
2011-05-29,14.6998,24,4,4,True
2011-05-30,16.3112,24,4,4,True
2011-05-31,16.1838,24,4,4,True
2011-06-01,14.7114,24,4,4,True
2011-06-02,14.4171,24,4,4,True
2011-06-03,14.9478,24,4,4,True
2011-06-04,15.7993,24,4,4,True
2011-06-05,15.8170,24,4,4,True
2011-06-06,16.5729,24,4,4,True
2011-06-07,16.4679,24,4,4,True
2011-06-08,15.6217,24,4,4,True
2011-06-09,15.1618,24,4,4,True
2011-06-10,15.2177,24,4,4,True
2011-06-11,14.9113,24,4,4,True
2011-06-12,15.0534,24,4,4,True
2011-06-13,15.9485,24,4,4,True
2011-06-14,16.4902,24,4,4,True
2011-06-15,17.0290,24,4,4,True
2011-06-16,17.3041,24,4,4,True
2011-06-17,16.9778,24,4,4,True
2011-06-18,16.7329,24,4,4,True
2011-06-19,15.8705,24,4,4,True
2011-06-20,16.2207,24,4,4,True
2011-06-21,17.1530,24,4,4,True
2011-06-22,17.8987,24,4,4,True
2011-06-23,17.1583,24,4,4,True
2011-06-24,16.3634,24,4,4,True
2011-06-25,16.2704,24,4,4,True
2011-06-26,17.3432,24,4,4,True
2011-06-27,18.9990,24,4,4,True
2011-06-28,19.1531,24,4,4,True
2011-06-29,17.7143,24,4,4,True
2011-06-30,17.2543,24,4,4,True
2011-07-01,16.7162,24,4,4,True
2011-07-02,16.6308,24,4,4,True
2011-07-03,16.5754,24,4,4,True
2011-07-04,17.5658,24,4,4,True
2011-07-05,17.4523,24,4,4,True
2011-07-06,17.7768,24,4,4,True
2011-07-07,17.2794,24,4,4,True
2011-07-08,16.7767,24,4,4,True
2011-07-09,17.6180,24,4,4,True
2011-07-10,18.1187,24,4,4,True
2011-07-11,18.9223,24,4,4,True
2011-07-12,19.5188,24,4,4,True
2011-07-13,18.4457,24,4,4,True
2011-07-14,17.8996,24,4,4,True
2011-07-15,17.5051,24,4,4,True
2011-07-16,17.7579,24,4,4,True
2011-07-17,17.8898,24,4,4,True
2011-07-18,16.8578,24,4,4,True
2011-07-19,16.7387,24,4,4,True
2011-07-20,16.3319,24,4,4,True
2011-07-21,16.7396,24,4,4,True
2011-07-22,16.7118,24,4,4,True
2011-07-23,16.6703,24,4,4,True
2011-07-24,16.3368,24,4,4,True
2011-07-25,16.9878,24,4,4,True
2011-07-26,17.3525,24,4,4,True
2011-07-27,17.7818,24,4,4,True
2011-07-28,18.0275,24,4,4,True
2011-07-29,17.9095,24,4,4,True
2011-07-30,17.7807,24,4,4,True
2011-07-31,17.7052,24,4,4,True
2011-08-01,17.4761,24,4,4,True
2011-08-02,18.5070,24,4,4,True
2011-08-03,19.0896,24,4,4,True
2011-08-04,19.0164,24,4,4,True
2011-08-05,19.1769,24,4,4,True
2011-08-06,19.6834,24,4,4,True
2011-08-07,19.2008,24,4,4,True
2011-08-08,18.5218,24,4,4,True
2011-08-09,17.3950,24,4,4,True
2011-08-10,17.0001,24,4,4,True
2011-08-11,16.8740,24,4,4,True
2011-08-12,17.5159,24,4,4,True
2011-08-13,18.0660,24,4,4,True
2011-08-14,18.6319,24,4,4,True
2011-08-15,18.8280,24,4,4,True
2011-08-16,19.5675,24,4,4,True
2011-08-17,19.6867,24,4,4,True
2011-08-18,20.2179,24,4,4,True
2011-08-19,20.2278,24,4,4,True
2011-08-20,20.7314,24,4,4,True
2011-08-21,21.6932,24,4,4,True
2011-08-22,21.6346,24,4,4,True
2011-08-23,21.1500,24,4,4,True
2011-08-24,20.8332,24,4,4,True
2011-08-25,20.1921,24,4,4,True
2011-08-26,20.0773,24,4,4,True
2011-08-27,17.7460,24,4,4,True
2011-08-28,17.0461,24,4,4,True
2011-08-29,17.0730,24,4,4,True
2011-08-30,17.3803,24,4,4,True
2011-08-31,17.7550,24,4,4,True
2011-09-01,18.8599,24,4,4,True
2011-09-02,20.0045,24,4,4,True
2011-09-03,20.1007,24,4,4,True
2011-09-04,19.6098,24,4,4,True
2011-09-05,18.5496,24,4,4,True
2011-09-06,17.1413,24,4,4,True
2011-09-07,16.7149,24,4,4,True
2011-09-08,17.5984,24,4,4,True
2011-09-09,17.7135,24,4,4,True
2011-09-10,18.8370,24,4,4,True
2011-09-11,19.8587,24,4,4,True
2011-09-12,18.7695,24,4,4,True
2011-09-13,18.5079,24,4,4,True
2011-09-14,19.0332,24,4,4,True
2011-09-15,17.8968,24,4,4,True
2011-09-16,18.3921,24,4,4,True
2011-09-17,18.8380,24,4,4,True
2011-09-18,17.5934,24,4,4,True
2011-09-19,16.0450,24,4,4,True
2011-09-20,15.3289,24,4,4,True
2011-09-21,15.3051,24,4,4,True
2011-09-22,15.6007,24,4,4,True
2011-09-23,15.6713,24,4,4,True
2011-09-24,16.3895,24,4,4,True
2011-09-25,16.2244,24,4,4,True
2011-09-26,16.1646,24,4,4,True
2011-09-27,16.2153,24,4,4,True
2011-09-28,16.2660,24,4,4,True
2011-09-29,16.4665,24,4,4,True
2011-09-30,16.4378,24,4,4,True
2011-10-01,16.1062,24,4,4,True
2011-10-02,15.5299,24,4,4,True
2011-10-03,15.0583,24,4,4,True
2011-10-04,15.0302,24,4,4,True
2011-10-05,15.3170,24,4,4,True
2011-10-06,15.0073,24,4,4,True
2011-10-07,14.9307,24,4,4,True
2011-10-08,13.8050,24,4,4,True
2011-10-09,13.8426,24,4,4,True
2011-10-10,14.6206,24,4,4,True
2011-10-11,14.6474,24,4,4,True
2011-10-12,14.3301,24,4,4,True
2011-10-13,13.8705,24,4,4,True
2011-10-14,13.0388,24,4,4,True
2011-10-15,12.5461,24,4,4,True
2011-10-16,12.7434,24,4,4,True
2011-10-17,12.6690,24,4,4,True
2011-10-18,12.3900,24,4,4,True
2011-10-19,13.1967,24,4,4,True
2011-10-20,11.8650,24,4,4,True
2011-10-21,9.9310,24,4,4,True
2011-10-22,9.3704,24,4,4,True
2011-10-23,10.8882,24,4,4,True
2011-10-24,12.4969,24,4,4,True
2011-10-25,13.0995,24,4,4,True
2011-10-26,11.6207,24,4,4,True
2011-10-27,11.9364,24,4,4,True
2011-10-28,12.9828,24,4,4,True
2011-10-29,13.5525,24,4,4,True
2011-10-30,13.8250,24,4,4,True
2011-10-31,13.4232,24,4,4,True
2011-11-01,13.7490,24,4,4,True
2011-11-02,13.7880,24,4,4,True
2011-11-03,14.5788,24,4,4,True
2011-11-04,14.1547,24,4,4,True
2011-11-05,13.7310,24,4,4,True
2011-11-06,13.5345,24,4,4,True
2011-11-07,13.6360,24,4,4,True
2011-11-08,13.4181,24,4,4,True
2011-11-09,12.6710,24,4,4,True
2011-11-10,12.7477,24,4,4,True
2011-11-11,12.5072,24,4,4,True
2011-11-12,12.8853,24,4,4,True
2011-11-13,13.3973,24,4,4,True
2011-11-14,13.1947,24,4,4,True
2011-11-15,13.2459,24,4,4,True
2011-11-16,13.4030,24,4,4,True
2011-11-17,12.5743,24,4,4,True
2011-11-18,11.3829,24,4,4,True
2011-11-19,11.0685,24,4,4,True
2011-11-20,11.7353,24,4,4,True
2011-11-21,12.0062,24,4,4,True
2011-11-22,12.3079,24,4,4,True
2011-11-23,11.6744,24,4,4,True
2011-11-24,10.7636,24,4,4,True
2011-11-25,10.2815,24,4,4,True
2011-11-26,10.0895,24,4,4,True
2011-11-27,9.8162,24,4,4,True
2011-11-28,9.7668,24,4,4,True
2011-11-29,9.1487,24,4,4,True
2011-11-30,9.3641,24,4,4,True
2011-12-01,9.2220,24,4,4,True
2011-12-02,9.6138,24,4,4,True
2011-12-03,9.3085,24,4,4,True
2011-12-04,9.8679,24,4,4,True
2011-12-05,10.5814,24,4,4,True
2011-12-06,10.3662,24,4,4,True
2011-12-07,10.6446,24,4,4,True
2011-12-08,11.0727,24,4,4,True
2011-12-09,10.2164,24,4,4,True
2011-12-10,9.8118,24,4,4,True
2011-12-11,9.2949,24,4,4,True
2011-12-12,9.6508,24,4,4,True
2011-12-13,8.9401,24,4,4,True
2011-12-14,9.3425,24,4,4,True
2011-12-15,9.1415,24,4,4,True
2011-12-16,9.4738,24,4,4,True
2011-12-17,9.3076,24,4,4,True
2011-12-18,8.6407,24,4,4,True
2011-12-19,7.8163,24,4,4,True
2011-12-20,8.4869,24,4,4,True
2011-12-21,9.4013,24,4,4,True
2011-12-22,10.4118,24,4,4,True
2011-12-23,9.8375,24,4,4,True
2011-12-24,9.0545,24,4,4,True
2011-12-25,7.1722,24,4,4,True
2011-12-26,5.9439,24,4,4,True
2011-12-27,5.2970,24,4,4,True
2011-12-28,5.0937,24,4,4,True
2011-12-29,6.2663,24,4,4,True
2011-12-30,7.1766,24,4,4,True
2011-12-31,8.5762,24,4,4,True
2012-01-01,9.9404,24,4,4,True
2012-01-02,9.6723,24,4,4,True
2012-01-03,8.8599,24,4,4,True
2012-01-04,9.3341,24,4,4,True
2012-01-05,9.3443,24,4,4,True
2012-01-06,9.4957,24,4,4,True
2012-01-07,8.4278,24,4,4,True
2012-01-08,9.1877,24,4,4,True
2012-01-09,9.2620,24,4,4,True
2012-01-10,7.3568,24,4,4,True
2012-01-11,6.0911,24,4,4,True
2012-01-12,5.5785,24,4,4,True
2012-01-13,5.6599,24,4,4,True
2012-01-14,5.8074,24,4,4,True
2012-01-15,5.6633,24,4,4,True
2012-01-16,4.7037,24,4,4,True
2012-01-17,5.0174,24,4,4,True
2012-01-18,6.0263,24,4,4,True
2012-01-19,6.7281,24,4,4,True
2012-01-20,8.2496,24,4,4,True
2012-01-21,9.0689,24,4,4,True
2012-01-22,9.7529,24,4,4,True
2012-01-23,9.9830,24,4,4,True
2012-01-24,9.3701,24,4,4,True
2012-01-25,8.7120,24,4,4,True
2012-01-26,8.2536,24,4,4,True
2012-01-27,8.5235,24,4,4,True
2012-01-28,7.7332,24,4,4,True
2012-01-29,6.8067,24,4,4,True
2012-01-30,6.2270,24,4,4,True
2012-01-31,6.3630,24,4,4,True
2012-02-01,5.9075,24,4,4,True
2012-02-02,4.9655,24,4,4,True
2012-02-03,3.4342,24,4,4,True
2012-02-04,2.3191,24,4,4,True
2012-02-05,1.5382,24,4,4,True
2012-02-06,1.7950,24,4,4,True
2012-02-07,1.8235,24,4,4,True
2012-02-08,1.0695,24,4,4,True
2012-02-09,0.7682,24,4,4,True
2012-02-10,0.8160,24,4,4,True
2012-02-11,0.7339,24,4,4,True
2012-02-12,0.7910,24,4,4,True
2012-02-13,1.1384,24,4,4,True
2012-02-14,1.7255,24,4,4,True
2012-02-15,2.0342,24,4,4,True
2012-02-16,3.3328,24,4,4,True
2012-02-17,4.4509,24,4,4,True
2012-02-18,4.8092,24,4,4,True
2012-02-19,5.3847,24,4,4,True
2012-02-20,4.9738,24,4,4,True
2012-02-21,3.9484,24,4,4,True
2012-02-22,3.5415,24,4,4,True
2012-02-23,3.8634,24,4,4,True
2012-02-24,5.7038,24,4,4,True
2012-02-25,6.7819,24,4,4,True
2012-02-26,7.9333,24,4,4,True
2012-02-27,7.4516,24,4,4,True
2012-02-28,6.6165,24,4,4,True
2012-02-29,6.3387,24,4,4,True
2012-03-01,6.6111,24,4,4,True
2012-03-02,7.0555,24,4,4,True
2012-03-03,7.8880,24,4,4,True
2012-03-04,7.9833,24,4,4,True
2012-03-05,7.6765,24,4,4,True
2012-03-06,7.2535,24,4,4,True
2012-03-07,6.5433,24,4,4,True
2012-03-08,7.4092,24,4,4,True
2012-03-09,7.2128,24,4,4,True
2012-03-10,6.8578,24,4,4,True
2012-03-11,7.2608,24,4,4,True
2012-03-12,7.9943,24,4,4,True
2012-03-13,8.2369,24,4,4,True
2012-03-14,8.6742,24,4,4,True
2012-03-15,9.1817,24,4,4,True
2012-03-16,10.0334,24,4,4,True
2012-03-17,10.9469,24,4,4,True
2012-03-18,10.7822,24,4,4,True
2012-03-19,9.7908,24,4,4,True
2012-03-20,8.9628,24,4,4,True
2012-03-21,8.6089,24,4,4,True
2012-03-22,9.3809,24,4,4,True
2012-03-23,9.7564,24,4,4,True
2012-03-24,10.6333,24,4,4,True
2012-03-25,10.9830,22,4,4,True
2012-03-26,11.2625,24,4,4,True
2012-03-27,11.3060,24,4,4,True
2012-03-28,11.4745,24,4,4,True
2012-03-29,11.6348,24,4,4,True
2012-03-30,11.7010,24,4,4,True
2012-03-31,11.8755,24,4,4,True
2012-04-01,12.3934,24,4,4,True
2012-04-02,12.5290,24,4,4,True
2012-04-03,12.1500,24,4,4,True
2012-04-04,11.8159,24,4,4,True
2012-04-05,11.7987,24,4,4,True
2012-04-06,12.3428,24,4,4,True
2012-04-07,11.9514,24,4,4,True
2012-04-08,11.6140,24,4,4,True
2012-04-09,11.3943,24,4,4,True
2012-04-10,11.3207,24,4,4,True
2012-04-11,11.1106,24,4,4,True
2012-04-12,11.2549,24,4,4,True
2012-04-13,10.9992,24,4,4,True
2012-04-14,10.7833,24,4,4,True
2012-04-15,10.9820,24,4,4,True
2012-04-16,10.0998,24,4,4,True
2012-04-17,9.8349,24,4,4,True
2012-04-18,10.4397,24,4,4,True
2012-04-19,10.4218,24,4,4,True
2012-04-20,10.5000,24,4,4,True
2012-04-21,11.0649,24,4,4,True
2012-04-22,11.2690,24,4,4,True
2012-04-23,10.6249,24,4,4,True
2012-04-24,10.2822,24,4,4,True
2012-04-25,10.4885,24,4,4,True
2012-04-26,11.6776,24,4,4,True
2012-04-27,12.0851,24,4,4,True
2012-04-28,12.3017,24,4,4,True
2012-04-29,12.2820,24,4,4,True
2012-04-30,11.9758,24,4,4,True
2012-05-01,11.5263,24,4,4,True
2012-05-02,12.9230,24,4,4,True
2012-05-03,13.5400,24,4,4,True
2012-05-04,14.1517,24,4,4,True
2012-05-05,13.6805,24,4,4,True
2012-05-06,12.4053,24,4,4,True
2012-05-07,13.2105,24,4,4,True
2012-05-08,14.3338,24,4,4,True
2012-05-09,15.8784,24,4,4,True
2012-05-10,16.7367,24,4,4,True
2012-05-11,17.0748,24,4,4,True
2012-05-12,17.2962,24,4,4,True
2012-05-13,16.1799,24,4,4,True
2012-05-14,14.6820,24,4,4,True
2012-05-15,14.1346,24,4,4,True
2012-05-16,13.2647,24,4,4,True
2012-05-17,12.8577,24,4,4,True
2012-05-18,13.2828,24,4,4,True
2012-05-19,13.4771,24,4,4,True
2012-05-20,13.4443,24,4,4,True
2012-05-21,13.2389,24,4,4,True
2012-05-22,13.3138,24,4,4,True
2012-05-23,14.3954,24,4,4,True
2012-05-24,15.4379,24,4,4,True
2012-05-25,16.7118,24,4,4,True
2012-05-26,16.8192,24,4,4,True
2012-05-27,16.2652,24,4,4,True
2012-05-28,16.5383,24,4,4,True
2012-05-29,16.6772,24,4,4,True
2012-05-30,17.1623,24,4,4,True
2012-05-31,17.4478,24,4,4,True
2012-06-01,17.2474,24,4,4,True
2012-06-02,17.6390,24,4,4,True
2012-06-03,17.4280,24,4,4,True
2012-06-04,16.6932,24,4,4,True
2012-06-05,16.1997,24,4,4,True
2012-06-06,16.5879,24,4,4,True
2012-06-07,16.9718,24,4,4,True
2012-06-08,16.8628,24,4,4,True
2012-06-09,15.7188,24,4,4,True
2012-06-10,15.8540,24,4,4,True
2012-06-11,16.0657,24,4,4,True
2012-06-12,15.6455,24,4,4,True
2012-06-13,15.6293,24,4,4,True
2012-06-14,15.8972,24,4,4,True
2012-06-15,17.2871,24,4,4,True
2012-06-16,17.9542,24,4,4,True
2012-06-17,18.1573,24,4,4,True
2012-06-18,18.2593,24,4,4,True
2012-06-19,17.8482,24,4,4,True
2012-06-20,18.0285,24,4,4,True
2012-06-21,18.7795,24,4,4,True
2012-06-22,17.2812,24,4,4,True
2012-06-23,16.9647,24,4,4,True
2012-06-24,17.3205,24,4,4,True
2012-06-25,17.6775,24,4,4,True
2012-06-26,18.2098,24,4,4,True
2012-06-27,18.7459,24,4,4,True
2012-06-28,20.0160,24,4,4,True
2012-06-29,19.7258,24,4,4,True
2012-06-30,19.2960,24,4,4,True
2012-07-01,18.0245,24,4,4,True
2012-07-02,16.8497,24,4,4,True
2012-07-03,16.8302,24,4,4,True
2012-07-04,17.2286,24,4,4,True
2012-07-05,17.2922,24,4,4,True
2012-07-06,16.8448,24,4,4,True
2012-07-07,17.2281,24,4,4,True
2012-07-08,17.8154,24,4,4,True
2012-07-09,17.6627,24,4,4,True
2012-07-10,17.4656,24,4,4,True
2012-07-11,17.1831,24,4,4,True
2012-07-12,17.0750,24,4,4,True
2012-07-13,17.2959,24,4,4,True
2012-07-14,17.6431,24,4,4,True
2012-07-15,16.6680,24,4,4,True
2012-07-16,16.4116,24,4,4,True
2012-07-17,16.4916,24,4,4,True
2012-07-18,17.0880,24,4,4,True
2012-07-19,18.0701,24,4,4,True
2012-07-20,17.2970,24,4,4,True
2012-07-21,17.2215,24,4,4,True
2012-07-22,16.8980,24,4,4,True
2012-07-23,16.6438,24,4,4,True
2012-07-24,16.5959,24,4,4,True
2012-07-25,17.3066,24,4,4,True
2012-07-26,18.4425,24,4,4,True
2012-07-27,19.7944,24,4,4,True
2012-07-28,19.8747,24,4,4,True
2012-07-29,18.7151,24,4,4,True
2012-07-30,18.0443,24,4,4,True
2012-07-31,18.3019,24,4,4,True
2012-08-01,19.0252,24,4,4,True
2012-08-02,18.9131,24,4,4,True
2012-08-03,19.0282,24,4,4,True
2012-08-04,18.6537,24,4,4,True
2012-08-05,18.5099,24,4,4,True
2012-08-06,18.0087,24,4,4,True
2012-08-07,17.8986,24,4,4,True
2012-08-08,18.2673,24,4,4,True
2012-08-09,18.8638,24,4,4,True
2012-08-10,19.3236,24,4,4,True
2012-08-11,19.8311,24,4,4,True
2012-08-12,19.7399,24,4,4,True
2012-08-13,19.2393,24,4,4,True
2012-08-14,19.0827,24,4,4,True
2012-08-15,20.2704,24,4,4,True
2012-08-16,19.3086,24,4,4,True
2012-08-17,19.1284,24,4,4,True
2012-08-18,20.7798,24,4,4,True
2012-08-19,21.6107,24,4,4,True
2012-08-20,22.1074,24,4,4,True
2012-08-21,22.3579,24,4,4,True
2012-08-22,21.9673,24,4,4,True
2012-08-23,21.3881,24,4,4,True
2012-08-24,20.8947,24,4,4,True
2012-08-25,19.9024,24,4,4,True
2012-08-26,18.4823,24,4,4,True
2012-08-27,17.4247,24,4,4,True
2012-08-28,18.6725,24,4,4,True
2012-08-29,19.5565,24,4,4,True
2012-08-30,19.2253,24,4,4,True
2012-08-31,17.8868,24,4,4,True
2012-09-01,16.0894,24,4,4,True
2012-09-02,15.0606,24,4,4,True
2012-09-03,15.8183,24,4,4,True
2012-09-04,16.6385,24,4,4,True
2012-09-05,17.3448,24,4,4,True
2012-09-06,17.6073,24,4,4,True
2012-09-07,17.5419,24,4,4,True
2012-09-08,17.4933,24,4,4,True
2012-09-09,17.7837,24,4,4,True
2012-09-10,18.2178,24,4,4,True
2012-09-11,19.1799,24,4,4,True
2012-09-12,18.8360,24,4,4,True
2012-09-13,16.7626,24,4,4,True
2012-09-14,15.9664,24,4,4,True
2012-09-15,15.8630,24,4,4,True
2012-09-16,15.1884,24,4,4,True
2012-09-17,15.6053,24,4,4,True
2012-09-18,16.4164,24,4,4,True
2012-09-19,16.3240,24,4,4,True
2012-09-20,14.4055,24,4,4,True
2012-09-21,15.1267,24,4,4,True
2012-09-22,16.7288,24,4,4,True
2012-09-23,17.6400,24,4,4,True
2012-09-24,17.8026,24,4,4,True
2012-09-25,16.0467,24,4,4,True
2012-09-26,15.5211,24,4,4,True
2012-09-27,15.2893,24,4,4,True
2012-09-28,14.6515,24,4,4,True
2012-09-29,14.8501,24,4,4,True
2012-09-30,14.4362,24,4,4,True
2012-10-01,14.5181,24,4,4,True
2012-10-02,13.5190,24,4,4,True
2012-10-03,13.4891,24,4,4,True
2012-10-04,13.8936,24,4,4,True
2012-10-05,13.7595,24,4,4,True
2012-10-06,14.8211,24,4,4,True
2012-10-07,15.8650,24,4,4,True
2012-10-08,16.7219,24,4,4,True
2012-10-09,17.5478,24,4,4,True
2012-10-10,16.9639,24,4,4,True
2012-10-11,16.8242,24,4,4,True
2012-10-12,16.3159,24,4,4,True
2012-10-13,14.1331,24,4,4,True
2012-10-14,12.7553,24,4,4,True
2012-10-15,12.5314,24,4,4,True
2012-10-16,11.9220,24,4,4,True
2012-10-17,12.4093,24,4,4,True
2012-10-18,13.7975,24,4,4,True
2012-10-19,15.2773,24,4,4,True
2012-10-20,15.5201,24,4,4,True
2012-10-21,15.4086,24,4,4,True
2012-10-22,15.4425,24,4,4,True
2012-10-23,14.9478,24,4,4,True
2012-10-24,14.6576,24,4,4,True
2012-10-25,14.7506,24,4,4,True
2012-10-26,15.0695,24,4,4,True
2012-10-27,13.9578,24,4,4,True
2012-10-28,10.6955,24,4,4,True
2012-10-29,9.2383,24,4,4,True
2012-10-30,8.5152,24,4,4,True
2012-10-31,9.3168,24,4,4,True
2012-11-01,9.4646,24,4,4,True
2012-11-02,10.3655,24,4,4,True
2012-11-03,11.2036,24,4,4,True
2012-11-04,11.8173,24,4,4,True
2012-11-05,11.5595,24,4,4,True
2012-11-06,11.0594,24,4,4,True
2012-11-07,9.9105,24,4,4,True
2012-11-08,9.2525,24,4,4,True
2012-11-09,10.4200,24,4,4,True
2012-11-10,11.2025,24,4,4,True
2012-11-11,11.2808,24,4,4,True
2012-11-12,10.0501,24,4,4,True
2012-11-13,9.0071,24,4,4,True
2012-11-14,8.6855,24,4,4,True
2012-11-15,9.6970,24,4,4,True
2012-11-16,9.7756,24,4,4,True
2012-11-17,10.9077,24,4,4,True
2012-11-18,11.6000,24,4,4,True
2012-11-19,11.6495,24,4,4,True
2012-11-20,10.2758,24,4,4,True
2012-11-21,10.2415,24,4,4,True
2012-11-22,10.3988,24,4,4,True
2012-11-23,9.7318,24,4,4,True
2012-11-24,10.4914,24,4,4,True
2012-11-25,11.0839,24,4,4,True
2012-11-26,11.0381,24,4,4,True
2012-11-27,10.6058,24,4,4,True
2012-11-28,9.9717,24,4,4,True
2012-11-29,9.1838,24,4,4,True
2012-11-30,7.6760,24,4,4,True
2012-12-01,6.6059,24,4,4,True
2012-12-02,6.0857,24,4,4,True
2012-12-03,7.6765,24,4,4,True
2012-12-04,9.0209,24,4,4,True
2012-12-05,9.1159,24,4,4,True
2012-12-06,8.6870,24,4,4,True
2012-12-07,7.8228,24,4,4,True
2012-12-08,8.2198,24,4,4,True
2012-12-09,8.1198,24,4,4,True
2012-12-10,7.2221,24,4,4,True
2012-12-11,7.2423,24,4,4,True
2012-12-12,5.7954,24,4,4,True
2012-12-13,6.0233,24,4,4,True
2012-12-14,7.6927,24,4,4,True
2012-12-15,9.0515,24,4,4,True
2012-12-16,9.5120,24,4,4,True
2012-12-17,9.9738,24,4,4,True
2012-12-18,10.0198,24,4,4,True
2012-12-19,9.8180,24,4,4,True
2012-12-20,9.9482,24,4,4,True
2012-12-21,9.7369,24,4,4,True
2012-12-22,10.4457,24,4,4,True
2012-12-23,9.8770,24,4,4,True
2012-12-24,9.4677,24,4,4,True
2012-12-25,10.1048,24,4,4,True
2012-12-26,10.1609,24,4,4,True
2012-12-27,9.7543,24,4,4,True
2012-12-28,10.6546,24,4,4,True
2012-12-29,9.7775,24,4,4,True
2012-12-30,9.4874,24,4,4,True
2012-12-31,8.6777,24,4,4,True
2013-01-01,9.0432,24,4,4,True
2013-01-02,9.1333,24,4,4,True
2013-01-03,8.2027,24,4,4,True
2013-01-04,8.8032,24,4,4,True
2013-01-05,9.2160,24,4,4,True
2013-01-06,8.9105,24,4,4,True
2013-01-07,8.5444,24,4,4,True
2013-01-08,8.1137,24,4,4,True
2013-01-09,8.2957,24,4,4,True
2013-01-10,8.4449,24,4,4,True
2013-01-11,8.8795,24,4,4,True
2013-01-12,7.8010,24,4,4,True
2013-01-13,8.1989,24,4,4,True
2013-01-14,8.1146,24,4,4,True
2013-01-15,8.0273,24,4,4,True
2013-01-16,7.5466,24,4,4,True
2013-01-17,5.5757,24,4,4,True
2013-01-18,6.3578,24,4,4,True
2013-01-19,5.7432,24,4,4,True
2013-01-20,5.1088,24,4,4,True
2013-01-21,5.6636,24,4,4,True
2013-01-22,6.3024,24,4,4,True
2013-01-23,6.9887,24,4,4,True
2013-01-24,7.4309,24,4,4,True
2013-01-25,7.1698,24,4,4,True
2013-01-26,6.9143,24,4,4,True
2013-01-27,7.1307,24,4,4,True
2013-01-28,7.2997,24,4,4,True
2013-01-29,7.6397,24,4,4,True
2013-01-30,8.5042,24,4,4,True
2013-01-31,9.5115,24,4,4,True
2013-02-01,10.3948,24,4,4,True
2013-02-02,9.6385,24,4,4,True
2013-02-03,8.0290,24,4,4,True
2013-02-04,8.6433,24,4,4,True
2013-02-05,9.7031,24,4,4,True
2013-02-06,8.2863,24,4,4,True
2013-02-07,7.6183,24,4,4,True
2013-02-08,7.8065,24,4,4,True
2013-02-09,7.6120,24,4,4,True
2013-02-10,8.1166,24,4,4,True
2013-02-11,7.6963,24,4,4,True
2013-02-12,6.6328,24,4,4,True
2013-02-13,7.6618,24,4,4,True
2013-02-14,8.6041,24,4,4,True
2013-02-15,9.0880,24,4,4,True
2013-02-16,8.4008,24,4,4,True
2013-02-17,8.1367,24,4,4,True
2013-02-18,8.6105,24,4,4,True
2013-02-19,9.0221,24,4,4,True
2013-02-20,8.7875,24,4,4,True
2013-02-21,8.4470,24,4,4,True
2013-02-22,7.6008,24,4,4,True
2013-02-23,6.4134,24,4,4,True
2013-02-24,5.9041,24,4,4,True
2013-02-25,6.1932,24,4,4,True
2013-02-26,6.1647,24,4,4,True
2013-02-27,5.8382,24,4,4,True
2013-02-28,6.4039,24,4,4,True
2013-03-01,7.1447,24,4,4,True
2013-03-02,7.3008,24,4,4,True
2013-03-03,7.1081,24,4,4,True
2013-03-04,8.2673,24,4,4,True
2013-03-05,9.8471,24,4,4,True
2013-03-06,10.4986,24,4,4,True
2013-03-07,10.8320,24,4,4,True
2013-03-08,11.4595,24,4,4,True
2013-03-09,11.5099,24,4,4,True
2013-03-10,11.2672,24,4,4,True
2013-03-11,11.0657,24,4,4,True
2013-03-12,10.7726,24,4,4,True
2013-03-13,8.4307,24,4,4,True
2013-03-14,7.2150,24,4,4,True
2013-03-15,7.3038,24,4,4,True
2013-03-16,7.6511,24,4,4,True
2013-03-17,8.9995,24,4,4,True
2013-03-18,8.9166,24,4,4,True
2013-03-19,8.9949,24,4,4,True
2013-03-20,10.0670,24,4,4,True
2013-03-21,9.7917,24,4,4,True
2013-03-22,10.5726,24,4,4,True
2013-03-23,11.3016,24,4,4,True
2013-03-24,11.4955,24,4,4,True
2013-03-25,11.8313,24,4,4,True
2013-03-26,11.7483,24,4,4,True
2013-03-27,11.5510,24,4,4,True
2013-03-28,11.8242,24,4,4,True
2013-03-29,11.6207,24,4,4,True
2013-03-30,12.4438,24,4,4,True
2013-03-31,11.9954,22,4,4,True
2013-04-01,11.4528,24,4,4,True
2013-04-02,11.4678,24,4,4,True
2013-04-03,11.2826,24,4,4,True
2013-04-04,11.7527,24,4,4,True
2013-04-05,10.9882,24,4,4,True
2013-04-06,10.2159,24,4,4,True
2013-04-07,10.3416,24,4,4,True
2013-04-08,10.8859,24,4,4,True
2013-04-09,10.9066,24,4,4,True
2013-04-10,11.8012,24,4,4,True
2013-04-11,13.0213,24,4,4,True
2013-04-12,12.8790,24,4,4,True
2013-04-13,13.3713,24,4,4,True
2013-04-14,14.1412,24,4,4,True
2013-04-15,14.3038,24,4,4,True
2013-04-16,14.6710,24,4,4,True
2013-04-17,15.2185,24,4,4,True
2013-04-18,15.0470,24,4,4,True
2013-04-19,13.4540,24,4,4,True
2013-04-20,12.2526,24,4,4,True
2013-04-21,11.7715,24,4,4,True
2013-04-22,12.0346,24,4,4,True
2013-04-23,12.5374,24,4,4,True
2013-04-24,12.7149,24,4,4,True
2013-04-25,13.3279,24,4,4,True
2013-04-26,13.8978,24,4,4,True
2013-04-27,12.5382,24,4,4,True
2013-04-28,11.2944,24,4,4,True
2013-04-29,10.8559,24,4,4,True
2013-04-30,11.1546,24,4,4,True
2013-05-01,12.1486,24,4,4,True
2013-05-02,12.7997,24,4,4,True
2013-05-03,12.9639,24,4,4,True
2013-05-04,12.8145,24,4,4,True
2013-05-05,13.0962,24,4,4,True
2013-05-06,13.5077,24,4,4,True
2013-05-07,14.1818,24,4,4,True
2013-05-08,14.6993,24,4,4,True
2013-05-09,14.8720,24,4,4,True
2013-05-10,14.0938,24,4,4,True
2013-05-11,13.3240,24,4,4,True
2013-05-12,13.1625,24,4,4,True
2013-05-13,13.2488,24,4,4,True
2013-05-14,13.1007,24,4,4,True
2013-05-15,13.3671,24,4,4,True
2013-05-16,12.5413,24,4,4,True
2013-05-17,12.1537,24,4,4,True
2013-05-18,12.6320,24,4,4,True
2013-05-19,12.3036,24,4,4,True
2013-05-20,12.2710,24,4,4,True
2013-05-21,12.1061,24,4,4,True
2013-05-22,12.4324,24,4,4,True
2013-05-23,12.9356,24,4,4,True
2013-05-24,12.2906,24,4,4,True
2013-05-25,11.8929,24,4,4,True
2013-05-26,11.6567,24,4,4,True
2013-05-27,12.2060,24,4,4,True
2013-05-28,12.9497,24,4,4,True
2013-05-29,12.4170,11,2,4,False
2013-05-30,,0,0,,False
2013-05-31,,0,0,,False
2013-06-01,,0,0,,False
2013-06-02,,0,0,,False
2013-06-03,,0,0,,False
2013-06-04,,0,0,,False
2013-06-05,,0,0,,False
2013-06-06,,0,0,,False
2013-06-07,,0,0,,False
2013-06-08,,0,0,,False
2013-06-09,,0,0,,False
2013-06-10,,0,0,,False
2013-06-11,,0,0,,False
2013-06-12,,0,0,,False
2013-06-13,,0,0,,False
2013-06-14,,0,0,,False
2013-06-15,,0,0,,False
2013-06-16,,0,0,,False
2013-06-17,,0,0,,False
2013-06-18,,0,0,,False
2013-06-19,,0,0,,False
2013-06-20,,0,0,,False
2013-06-21,,0,0,,False
2013-06-22,,0,0,,False
2013-06-23,,0,0,,False
2013-06-24,,0,0,,False
2013-06-25,,0,0,,False
2013-06-26,,0,0,,False
2013-06-27,,0,0,,False
2013-06-28,,0,0,,False
2013-06-29,,0,0,,False
2013-06-30,,0,0,,False
2013-07-01,,0,0,,False
2013-07-02,,0,0,,False
2013-07-03,,0,0,,False
2013-07-04,,0,0,,False
2013-07-05,,0,0,,False
2013-07-06,,0,0,,False
2013-07-07,,0,0,,False
2013-07-08,,0,0,,False
2013-07-09,,0,0,,False
2013-07-10,,0,0,,False
2013-07-11,,0,0,,False
2013-07-12,,0,0,,False
2013-07-13,,0,0,,False
2013-07-14,,0,0,,False
2013-07-15,,0,0,,False
2013-07-16,,0,0,,False
2013-07-17,,0,0,,False
2013-07-18,,0,0,,False
2013-07-19,,0,0,,False
2013-07-20,,0,0,,False
2013-07-21,,0,0,,False
2013-07-22,,0,0,,False
2013-07-23,,0,0,,False
2013-07-24,,0,0,,False
2013-07-25,,0,0,,False
2013-07-26,,0,0,,False
2013-07-27,,0,0,,False
2013-07-28,,0,0,,False
2013-07-29,,0,0,,False
2013-07-30,,0,0,,False
2013-07-31,,0,0,,False
2013-08-01,,0,0,,False
2013-08-02,,0,0,,False
2013-08-03,,0,0,,False
2013-08-04,,0,0,,False
2013-08-05,,0,0,,False
2013-08-06,,0,0,,False
2013-08-07,,0,0,,False
2013-08-08,,0,0,,False
2013-08-09,,0,0,,False
2013-08-10,,0,0,,False
2013-08-11,,0,0,,False
2013-08-12,,0,0,,False
2013-08-13,,0,0,,False
2013-08-14,,0,0,,False
2013-08-15,,0,0,,False
2013-08-16,,0,0,,False
2013-08-17,,0,0,,False
2013-08-18,,0,0,,False
2013-08-19,,0,0,,False
2013-08-20,,0,0,,False
2013-08-21,,0,0,,False
2013-08-22,,0,0,,False
2013-08-23,,0,0,,False
2013-08-24,,0,0,,False
2013-08-25,,0,0,,False
2013-08-26,,0,0,,False
2013-08-27,,0,0,,False
2013-08-28,,0,0,,False
2013-08-29,,0,0,,False
2013-08-30,,0,0,,False
2013-08-31,,0,0,,False
2013-09-01,,0,0,,False
2013-09-02,,0,0,,False
2013-09-03,,0,0,,False
2013-09-04,,0,0,,False
2013-09-05,,0,0,,False
2013-09-06,,0,0,,False
2013-09-07,,0,0,,False
2013-09-08,,0,0,,False
2013-09-09,,0,0,,False
2013-09-10,,0,0,,False
2013-09-11,,0,0,,False
2013-09-12,,0,0,,False
2013-09-13,,0,0,,False
2013-09-14,,0,0,,False
2013-09-15,,0,0,,False
2013-09-16,,0,0,,False
2013-09-17,,0,0,,False
2013-09-18,,0,0,,False
2013-09-19,,0,0,,False
2013-09-20,,0,0,,False
2013-09-21,,0,0,,False
2013-09-22,,0,0,,False
2013-09-23,,0,0,,False
2013-09-24,,0,0,,False
2013-09-25,,0,0,,False
2013-09-26,,0,0,,False
2013-09-27,,0,0,,False
2013-09-28,,0,0,,False
2013-09-29,,0,0,,False
2013-09-30,,0,0,,False
2013-10-01,,0,0,,False
2013-10-02,,0,0,,False
2013-10-03,,0,0,,False
2013-10-04,,0,0,,False
2013-10-05,,0,0,,False
2013-10-06,,0,0,,False
2013-10-07,,0,0,,False
2013-10-08,,0,0,,False
2013-10-09,,0,0,,False
2013-10-10,,0,0,,False
2013-10-11,,0,0,,False
2013-10-12,,0,0,,False
2013-10-13,,0,0,,False
2013-10-14,,0,0,,False
2013-10-15,,0,0,,False
2013-10-16,,0,0,,False
2013-10-17,,0,0,,False
2013-10-18,,0,0,,False
2013-10-19,,0,0,,False
2013-10-20,,0,0,,False
2013-10-21,,0,0,,False
2013-10-22,,0,0,,False
2013-10-23,,0,0,,False
2013-10-24,,0,0,,False
2013-10-25,,0,0,,False
2013-10-26,,0,0,,False
2013-10-27,,0,0,,False
2013-10-28,,0,0,,False
2013-10-29,,0,0,,False
2013-10-30,,0,0,,False
2013-10-31,,0,0,,False
2013-11-01,,0,0,,False
2013-11-02,,0,0,,False
2013-11-03,,0,0,,False
2013-11-04,,0,0,,False
2013-11-05,,0,0,,False
2013-11-06,,0,0,,False
2013-11-07,,0,0,,False
2013-11-08,,0,0,,False
2013-11-09,,0,0,,False
2013-11-10,,0,0,,False
2013-11-11,,0,0,,False
2013-11-12,,0,0,,False
2013-11-13,,0,0,,False
2013-11-14,,0,0,,False
2013-11-15,,0,0,,False
2013-11-16,,0,0,,False
2013-11-17,,0,0,,False
2013-11-18,,0,0,,False
2013-11-19,,0,0,,False
2013-11-20,,0,0,,False
2013-11-21,,0,0,,False
2013-11-22,,0,0,,False
2013-11-23,,0,0,,False
2013-11-24,,0,0,,False
2013-11-25,,0,0,,False
2013-11-26,,0,0,,False
2013-11-27,,0,0,,False
2013-11-28,,0,0,,False
2013-11-29,,0,0,,False
2013-11-30,,0,0,,False
2013-12-01,,0,0,,False
2013-12-02,,0,0,,False
2013-12-03,,0,0,,False
2013-12-04,,0,0,,False
2013-12-05,,0,0,,False
2013-12-06,,0,0,,False
2013-12-07,,0,0,,False
2013-12-08,,0,0,,False
2013-12-09,,0,0,,False
2013-12-10,,0,0,,False
2013-12-11,,0,0,,False
2013-12-12,,0,0,,False
2013-12-13,,0,0,,False
2013-12-14,,0,0,,False
2013-12-15,,0,0,,False
2013-12-16,,0,0,,False
2013-12-17,,0,0,,False
2013-12-18,,0,0,,False
2013-12-19,,0,0,,False
2013-12-20,,0,0,,False
2013-12-21,,0,0,,False
2013-12-22,,0,0,,False
2013-12-23,,0,0,,False
2013-12-24,8.1093,12,2,4,False
2013-12-25,8.5880,24,4,4,True
2013-12-26,8.2591,24,4,4,True
2013-12-27,7.9446,24,4,4,True
2013-12-28,8.7771,24,4,4,True
2013-12-29,8.5092,24,4,4,True
2013-12-30,7.7195,24,4,4,True
2013-12-31,7.4621,24,4,4,True
2014-01-01,8.0063,24,4,4,True
2014-01-02,8.8855,24,4,4,True
2014-01-03,9.5296,24,4,4,True
2014-01-04,9.5789,24,4,4,True
2014-01-05,9.1787,24,4,4,True
2014-01-06,9.4175,24,4,4,True
2014-01-07,10.0022,24,4,4,True
2014-01-08,10.4417,24,4,4,True
2014-01-09,10.4396,24,4,4,True
2014-01-10,9.8762,24,4,4,True
2014-01-11,9.9072,24,4,4,True
2014-01-12,9.8087,24,4,4,True
2014-01-13,10.1221,24,4,4,True
2014-01-14,9.4134,24,4,4,True
2014-01-15,9.0725,24,4,4,True
2014-01-16,9.2137,24,4,4,True
2014-01-17,8.8122,24,4,4,True
2014-01-18,8.5961,24,4,4,True
2014-01-19,8.5040,24,4,4,True
2014-01-20,8.5797,24,4,4,True
2014-01-21,8.2208,24,4,4,True
2014-01-22,8.1053,24,4,4,True
2014-01-23,8.5631,24,4,4,True
2014-01-24,8.9757,24,4,4,True
2014-01-25,9.9186,24,4,4,True
2014-01-26,10.1250,24,4,4,True
2014-01-27,9.6695,24,4,4,True
2014-01-28,7.9178,24,4,4,True
2014-01-29,8.4957,24,4,4,True
2014-01-30,8.6085,24,4,4,True
2014-01-31,8.4884,24,4,4,True
2014-02-01,8.6976,24,4,4,True
2014-02-02,7.8729,24,4,4,True
2014-02-03,7.9383,24,4,4,True
2014-02-04,8.3833,24,4,4,True
2014-02-05,8.7907,24,4,4,True
2014-02-06,8.6287,24,4,4,True
2014-02-07,9.3701,24,4,4,True
2014-02-08,8.9993,24,4,4,True
2014-02-09,8.6022,24,4,4,True
2014-02-10,8.8661,24,4,4,True
2014-02-11,8.5237,24,4,4,True
2014-02-12,8.3084,24,4,4,True
2014-02-13,9.0683,24,4,4,True
2014-02-14,9.3392,24,4,4,True
2014-02-15,9.2673,24,4,4,True
2014-02-16,9.1262,24,4,4,True
2014-02-17,8.6740,24,4,4,True
2014-02-18,9.0834,24,4,4,True
2014-02-19,9.4779,24,4,4,True
2014-02-20,9.4528,24,4,4,True
2014-02-21,9.8663,24,4,4,True
2014-02-22,8.8954,24,4,4,True
2014-02-23,9.1146,24,4,4,True
2014-02-24,9.6826,24,4,4,True
2014-02-25,10.1174,24,4,4,True
2014-02-26,9.6466,24,4,4,True
2014-02-27,8.9203,24,4,4,True
2014-02-28,9.2315,24,4,4,True
2014-03-01,8.7064,24,4,4,True
2014-03-02,8.9517,24,4,4,True
2014-03-03,9.3815,24,4,4,True
2014-03-04,8.5536,24,4,4,True
2014-03-05,9.4388,24,4,4,True
2014-03-06,9.3878,24,4,4,True
2014-03-07,9.3937,24,4,4,True
2014-03-08,9.6027,24,4,4,True
2014-03-09,10.3042,24,4,4,True
2014-03-10,10.1885,24,4,4,True
2014-03-11,10.5599,24,4,4,True
2014-03-12,10.5095,24,4,4,True
2014-03-13,10.5970,24,4,4,True
2014-03-14,10.5912,24,4,4,True
2014-03-15,10.6836,24,4,4,True
2014-03-16,11.0900,24,4,4,True
2014-03-17,11.1629,24,4,4,True
2014-03-18,11.2177,24,4,4,True
2014-03-19,11.3925,24,4,4,True
2014-03-20,11.2954,24,4,4,True
2014-03-21,11.9672,24,4,4,True
2014-03-22,11.8858,24,4,4,True
2014-03-23,10.4249,24,4,4,True
2014-03-24,10.0060,24,4,4,True
2014-03-25,10.2395,24,4,4,True
2014-03-26,9.8362,24,4,4,True
2014-03-27,10.0158,24,4,4,True
2014-03-28,10.4505,24,4,4,True
2014-03-29,11.2417,24,4,4,True
2014-03-30,11.4217,22,4,4,True
2014-03-31,12.1562,24,4,4,True
2014-04-01,13.0803,24,4,4,True
2014-04-02,12.9205,24,4,4,True
2014-04-03,12.5496,24,4,4,True
2014-04-04,12.0606,24,4,4,True
2014-04-05,11.7896,24,4,4,True
2014-04-06,13.1433,24,4,4,True
2014-04-07,13.6772,24,4,4,True
2014-04-08,14.1228,24,4,4,True
2014-04-09,13.1085,24,4,4,True
2014-04-10,12.8988,24,4,4,True
2014-04-11,13.5418,24,4,4,True
2014-04-12,13.7056,24,4,4,True
2014-04-13,13.8745,24,4,4,True
2014-04-14,13.4637,24,4,4,True
2014-04-15,13.2242,24,4,4,True
2014-04-16,12.9046,24,4,4,True
2014-04-17,13.0491,24,4,4,True
2014-04-18,13.5291,24,4,4,True
2014-04-19,13.4401,24,4,4,True
2014-04-20,12.5725,24,4,4,True
2014-04-21,12.3610,24,4,4,True
2014-04-22,12.9065,24,4,4,True
2014-04-23,13.0002,24,4,4,True
2014-04-24,13.6938,24,4,4,True
2014-04-25,13.3120,24,4,4,True
2014-04-26,12.4487,24,4,4,True
2014-04-27,12.5170,24,4,4,True
2014-04-28,12.5676,24,4,4,True
2014-04-29,12.8180,24,4,4,True
2014-04-30,13.2919,24,4,4,True
2014-05-01,13.4775,24,4,4,True
2014-05-02,13.2237,24,4,4,True
2014-05-03,13.1876,24,4,4,True
2014-05-04,12.5580,24,4,4,True
2014-05-05,12.6572,24,4,4,True
2014-05-06,13.7768,24,4,4,True
2014-05-07,14.3137,24,4,4,True
2014-05-08,14.0786,24,4,4,True
2014-05-09,14.2656,24,4,4,True
2014-05-10,14.5169,24,4,4,True
2014-05-11,14.9078,24,4,4,True
2014-05-12,13.8989,24,4,4,True
2014-05-13,13.1324,24,4,4,True
2014-05-14,12.8331,24,4,4,True
2014-05-15,12.7777,24,4,4,True
2014-05-16,12.7815,24,4,4,True
2014-05-17,12.8760,24,4,4,True
2014-05-18,13.2753,24,4,4,True
2014-05-19,14.3427,24,4,4,True
2014-05-20,14.9279,24,4,4,True
2014-05-21,15.1666,24,4,4,True
2014-05-22,15.3600,24,4,4,True
2014-05-23,14.6062,13,3,4,False
2014-05-24,,0,0,,False
2014-05-25,,0,0,,False
2014-05-26,,0,0,,False
2014-05-27,,0,0,,False
2014-05-28,,0,0,,False
2014-05-29,,0,0,,False
2014-05-30,,0,0,,False
2014-05-31,,0,0,,False
2014-06-01,,0,0,,False
2014-06-02,,0,0,,False
2014-06-03,,0,0,,False
2014-06-04,,0,0,,False
2014-06-05,,0,0,,False
2014-06-06,,0,0,,False
2014-06-07,,0,0,,False
2014-06-08,,0,0,,False
2014-06-09,,0,0,,False
2014-06-10,,0,0,,False
2014-06-11,,0,0,,False
2014-06-12,,0,0,,False
2014-06-13,,0,0,,False
2014-06-14,,0,0,,False
2014-06-15,,0,0,,False
2014-06-16,,0,0,,False
2014-06-17,,0,0,,False
2014-06-18,,0,0,,False
2014-06-19,,0,0,,False
2014-06-20,,0,0,,False
2014-06-21,,0,0,,False
2014-06-22,,0,0,,False
2014-06-23,,0,0,,False
2014-06-24,,0,0,,False
2014-06-25,,0,0,,False
2014-06-26,,0,0,,False
2014-06-27,,0,0,,False
2014-06-28,,0,0,,False
2014-06-29,,0,0,,False
2014-06-30,,0,0,,False
2014-07-01,,0,0,,False
2014-07-02,,0,0,,False
2014-07-03,,0,0,,False
2014-07-04,,0,0,,False
2014-07-05,,0,0,,False
2014-07-06,,0,0,,False
2014-07-07,,0,0,,False
2014-07-08,,0,0,,False
2014-07-09,,0,0,,False
2014-07-10,,0,0,,False
2014-07-11,,0,0,,False
2014-07-12,,0,0,,False
2014-07-13,,0,0,,False
2014-07-14,,0,0,,False
2014-07-15,,0,0,,False
2014-07-16,,0,0,,False
2014-07-17,,0,0,,False
2014-07-18,,0,0,,False
2014-07-19,,0,0,,False
2014-07-20,,0,0,,False
2014-07-21,,0,0,,False
2014-07-22,,0,0,,False
2014-07-23,,0,0,,False
2014-07-24,,0,0,,False
2014-07-25,,0,0,,False
2014-07-26,,0,0,,False
2014-07-27,,0,0,,False
2014-07-28,,0,0,,False
2014-07-29,,0,0,,False
2014-07-30,,0,0,,False
2014-07-31,,0,0,,False
2014-08-01,,0,0,,False
2014-08-02,,0,0,,False
2014-08-03,,0,0,,False
2014-08-04,,0,0,,False
2014-08-05,,0,0,,False
2014-08-06,,0,0,,False
2014-08-07,,0,0,,False
2014-08-08,,0,0,,False
2014-08-09,,0,0,,False
2014-08-10,,0,0,,False
2014-08-11,,0,0,,False
2014-08-12,,0,0,,False
2014-08-13,,0,0,,False
2014-08-14,,0,0,,False
2014-08-15,,0,0,,False
2014-08-16,,0,0,,False
2014-08-17,,0,0,,False
2014-08-18,,0,0,,False
2014-08-19,,0,0,,False
2014-08-20,,0,0,,False
2014-08-21,,0,0,,False
2014-08-22,,0,0,,False
2014-08-23,,0,0,,False
2014-08-24,,0,0,,False
2014-08-25,,0,0,,False
2014-08-26,,0,0,,False
2014-08-27,,0,0,,False
2014-08-28,,0,0,,False
2014-08-29,,0,0,,False
2014-08-30,,0,0,,False
2014-08-31,,0,0,,False
2014-09-01,,0,0,,False
2014-09-02,,0,0,,False
2014-09-03,,0,0,,False
2014-09-04,,0,0,,False
2014-09-05,,0,0,,False
2014-09-06,,0,0,,False
2014-09-07,,0,0,,False
2014-09-08,,0,0,,False
2014-09-09,,0,0,,False
2014-09-10,,0,0,,False
2014-09-11,,0,0,,False
2014-09-12,,0,0,,False
2014-09-13,,0,0,,False
2014-09-14,,0,0,,False
2014-09-15,,0,0,,False
2014-09-16,,0,0,,False
2014-09-17,,0,0,,False
2014-09-18,,0,0,,False
2014-09-19,,0,0,,False
2014-09-20,,0,0,,False
2014-09-21,,0,0,,False
2014-09-22,,0,0,,False
2014-09-23,,0,0,,False
2014-09-24,,0,0,,False
2014-09-25,,0,0,,False
2014-09-26,,0,0,,False
2014-09-27,,0,0,,False
2014-09-28,,0,0,,False
2014-09-29,,0,0,,False
2014-09-30,,0,0,,False
2014-10-01,,0,0,,False
2014-10-02,,0,0,,False
2014-10-03,,0,0,,False
2014-10-04,,0,0,,False
2014-10-05,,0,0,,False
2014-10-06,,0,0,,False
2014-10-07,,0,0,,False
2014-10-08,,0,0,,False
2014-10-09,,0,0,,False
2014-10-10,,0,0,,False
2014-10-11,,0,0,,False
2014-10-12,,0,0,,False
2014-10-13,,0,0,,False
2014-10-14,,0,0,,False
2014-10-15,,0,0,,False
2014-10-16,,0,0,,False
2014-10-17,,0,0,,False
2014-10-18,,0,0,,False
2014-10-19,,0,0,,False
2014-10-20,,0,0,,False
2014-10-21,,0,0,,False
2014-10-22,,0,0,,False
2014-10-23,,0,0,,False
2014-10-24,,0,0,,False
2014-10-25,,0,0,,False
2014-10-26,,0,0,,False
2014-10-27,,0,0,,False
2014-10-28,,0,0,,False
2014-10-29,,0,0,,False
2014-10-30,,0,0,,False
2014-10-31,,0,0,,False
2014-11-01,,0,0,,False
2014-11-02,,0,0,,False
2014-11-03,,0,0,,False
2014-11-04,,0,0,,False
2014-11-05,,0,0,,False
2014-11-06,,0,0,,False
2014-11-07,,0,0,,False
2014-11-08,,0,0,,False
2014-11-09,,0,0,,False
2014-11-10,,0,0,,False
2014-11-11,,0,0,,False
2014-11-12,,0,0,,False
2014-11-13,,0,0,,False
2014-11-14,,0,0,,False
2014-11-15,,0,0,,False
2014-11-16,,0,0,,False
2014-11-17,,0,0,,False
2014-11-18,,0,0,,False
2014-11-19,,0,0,,False
2014-11-20,,0,0,,False
2014-11-21,,0,0,,False
2014-11-22,,0,0,,False
2014-11-23,,0,0,,False
2014-11-24,,0,0,,False
2014-11-25,,0,0,,False
2014-11-26,,0,0,,False
2014-11-27,,0,0,,False
2014-11-28,,0,0,,False
2014-11-29,,0,0,,False
2014-11-30,,0,0,,False
2014-12-01,,0,0,,False
2014-12-02,,0,0,,False
2014-12-03,,0,0,,False
2014-12-04,,0,0,,False
2014-12-05,,0,0,,False
2014-12-06,,0,0,,False
2014-12-07,,0,0,,False
2014-12-08,,0,0,,False
2014-12-09,,0,0,,False
2014-12-10,,0,0,,False
2014-12-11,,0,0,,False
2014-12-12,8.3649,12,2,4,False
2014-12-13,8.0161,24,4,4,True
2014-12-14,8.0602,24,4,4,True
2014-12-15,8.5321,24,4,4,True
2014-12-16,8.4548,24,4,4,True
2014-12-17,9.1848,24,4,4,True
2014-12-18,10.0308,24,4,4,True
2014-12-19,10.3794,24,4,4,True
2014-12-20,10.4937,24,4,4,True
2014-12-21,9.1461,24,4,4,True
2014-12-22,7.5099,24,4,4,True
2014-12-23,6.5111,24,4,4,True
2014-12-24,6.6455,24,4,4,True
2014-12-25,7.0210,24,4,4,True
2014-12-26,7.7796,24,4,4,True
2014-12-27,8.4947,24,4,4,True
2014-12-28,8.0517,24,4,4,True
2014-12-29,6.1220,24,4,4,True
2014-12-30,4.9067,24,4,4,True
2014-12-31,4.0995,24,4,4,True
2015-01-01,3.5092,24,4,4,True
2015-01-02,3.5793,24,4,4,True
2015-01-03,4.7734,24,4,4,True
2015-01-04,7.2286,24,4,4,True
2015-01-05,7.1393,24,4,4,True
2015-01-06,6.7063,24,4,4,True
2015-01-07,7.1483,24,4,4,True
2015-01-08,6.5958,24,4,4,True
2015-01-09,7.8488,24,4,4,True
2015-01-10,8.6632,24,4,4,True
2015-01-11,8.9939,24,4,4,True
2015-01-12,7.1145,24,4,4,True
2015-01-13,6.5592,24,4,4,True
2015-01-14,7.4061,24,4,4,True
2015-01-15,7.0559,24,4,4,True
2015-01-16,7.5137,24,4,4,True
2015-01-17,7.3271,24,4,4,True
2015-01-18,6.6839,24,4,4,True
2015-01-19,6.7466,24,4,4,True
2015-01-20,6.3882,24,4,4,True
2015-01-21,5.5550,24,4,4,True
2015-01-22,5.4980,24,4,4,True
2015-01-23,5.4762,24,4,4,True
2015-01-24,5.2259,24,4,4,True
2015-01-25,5.0593,24,4,4,True
2015-01-26,5.2171,24,4,4,True
2015-01-27,6.0390,24,4,4,True
2015-01-28,6.5885,24,4,4,True
2015-01-29,7.6054,24,4,4,True
2015-01-30,7.8658,24,4,4,True
2015-01-31,7.4604,24,4,4,True
2015-02-01,6.8100,24,4,4,True
2015-02-02,6.1561,24,4,4,True
2015-02-03,5.6012,24,4,4,True
2015-02-04,4.0231,24,4,4,True
2015-02-05,3.8632,24,4,4,True
2015-02-06,3.8994,24,4,4,True
2015-02-07,4.2073,24,4,4,True
2015-02-08,4.3507,24,4,4,True
2015-02-09,4.1755,24,4,4,True
2015-02-10,4.1882,24,4,4,True
2015-02-11,4.3912,24,4,4,True
2015-02-12,5.5041,24,4,4,True
2015-02-13,6.3490,24,4,4,True
2015-02-14,7.5503,24,4,4,True
2015-02-15,8.1301,24,4,4,True
2015-02-16,7.7244,24,4,4,True
2015-02-17,8.2754,24,4,4,True
2015-02-18,8.3099,24,4,4,True
2015-02-19,7.4660,24,4,4,True
2015-02-20,7.1833,24,4,4,True
2015-02-21,8.3099,24,4,4,True
2015-02-22,7.4611,24,4,4,True
2015-02-23,8.2091,24,4,4,True
2015-02-24,8.2745,24,4,4,True
2015-02-25,7.8578,24,4,4,True
2015-02-26,9.0360,24,4,4,True
2015-02-27,9.0054,24,4,4,True
2015-02-28,8.3842,24,4,4,True
2015-03-01,9.8660,24,4,4,True
2015-03-02,10.5621,24,4,4,True
2015-03-03,10.3243,24,4,4,True
2015-03-04,9.9275,24,4,4,True
2015-03-05,9.0164,24,4,4,True
2015-03-06,8.8255,24,4,4,True
2015-03-07,9.1025,24,4,4,True
2015-03-08,9.6017,24,4,4,True
2015-03-09,10.1748,24,4,4,True
2015-03-10,9.9180,24,4,4,True
2015-03-11,10.5993,24,4,4,True
2015-03-12,10.9811,24,4,4,True
2015-03-13,10.7565,24,4,4,True
2015-03-14,9.7359,24,4,4,True
2015-03-15,9.3277,24,4,4,True
2015-03-16,9.6557,24,4,4,True
2015-03-17,9.4416,24,4,4,True
2015-03-18,10.5081,24,4,4,True
2015-03-19,11.0484,24,4,4,True
2015-03-20,11.0695,24,4,4,True
2015-03-21,11.0218,24,4,4,True
2015-03-22,10.7788,24,4,4,True
2015-03-23,10.4115,24,4,4,True
2015-03-24,10.6293,24,4,4,True
2015-03-25,9.8250,24,4,4,True
2015-03-26,9.2315,24,4,4,True
2015-03-27,10.5107,24,4,4,True
2015-03-28,11.4516,24,4,4,True
2015-03-29,11.7111,22,4,4,True
2015-03-30,11.5896,24,4,4,True
2015-03-31,11.8728,24,4,4,True
2015-04-01,11.6795,24,4,4,True
2015-04-02,10.9439,24,4,4,True
2015-04-03,11.6916,24,4,4,True
2015-04-04,11.7495,24,4,4,True
2015-04-05,11.4655,24,4,4,True
2015-04-06,10.6347,24,4,4,True
2015-04-07,10.7260,24,4,4,True
2015-04-08,11.2005,24,4,4,True
2015-04-09,11.7134,24,4,4,True
2015-04-10,12.3828,24,4,4,True
2015-04-11,12.6959,24,4,4,True
2015-04-12,13.0695,24,4,4,True
2015-04-13,13.6473,24,4,4,True
2015-04-14,14.0613,24,4,4,True
2015-04-15,14.2500,24,4,4,True
2015-04-16,14.7431,24,4,4,True
2015-04-17,14.7983,24,4,4,True
2015-04-18,14.2199,24,4,4,True
2015-04-19,14.2816,24,4,4,True
2015-04-20,13.6532,24,4,4,True
2015-04-21,13.8916,24,4,4,True
2015-04-22,14.3891,24,4,4,True
2015-04-23,14.7395,24,4,4,True
2015-04-24,14.1422,24,4,4,True
2015-04-25,15.3775,24,4,4,True
2015-04-26,15.1549,24,4,4,True
2015-04-27,14.4642,24,4,4,True
2015-04-28,13.6126,24,4,4,True
2015-04-29,12.8899,24,4,4,True
2015-04-30,13.5068,24,4,4,True
2015-05-01,14.3175,24,4,4,True
2015-05-02,14.8488,24,4,4,True
2015-05-03,15.6700,24,4,4,True
2015-05-04,16.3519,24,4,4,True
2015-05-05,15.9228,24,4,4,True
2015-05-06,15.1897,24,4,4,True
2015-05-07,14.4599,24,4,4,True
2015-05-08,15.0925,24,4,4,True
2015-05-09,15.6115,24,4,4,True
2015-05-10,15.6122,24,4,4,True
2015-05-11,16.3721,24,4,4,True
2015-05-12,16.8475,24,4,4,True
2015-05-13,17.1980,24,4,4,True
2015-05-14,16.6108,24,4,4,True
2015-05-15,15.0482,24,4,4,True
2015-05-16,14.3255,24,4,4,True
2015-05-17,14.8168,24,4,4,True
2015-05-18,14.8176,24,4,4,True
2015-05-19,14.5898,24,4,4,True
2015-05-20,13.9220,24,4,4,True
2015-05-21,13.4852,24,4,4,True
2015-05-22,13.4629,24,4,4,True
2015-05-23,13.9963,24,4,4,True
2015-05-24,14.8377,24,4,4,True
2015-05-25,15.3578,24,4,4,True
2015-05-26,15.0663,24,4,4,True
2015-05-27,14.7567,24,4,4,True
2015-05-28,14.9175,24,4,4,True
2015-05-29,15.2390,24,4,4,True
2015-05-30,15.3389,24,4,4,True
2015-05-31,15.2622,24,4,4,True
2015-06-01,15.6540,24,4,4,True
2015-06-02,16.3937,24,4,4,True
2015-06-03,17.2184,24,4,4,True
2015-06-04,18.1454,24,4,4,True
2015-06-05,18.4734,24,4,4,True
2015-06-06,18.6290,24,4,4,True
2015-06-07,18.9183,24,4,4,True
2015-06-08,19.2661,24,4,4,True
2015-06-09,19.1463,24,4,4,True
2015-06-10,18.2513,24,4,4,True
2015-06-11,18.5725,24,4,4,True
2015-06-12,18.3595,24,4,4,True
2015-06-13,18.1582,24,4,4,True
2015-06-14,18.2593,24,4,4,True
2015-06-15,17.9343,24,4,4,True
2015-06-16,17.4717,24,4,4,True
2015-06-17,17.3220,24,4,4,True
2015-06-18,17.1235,24,4,4,True
2015-06-19,17.4092,24,4,4,True
2015-06-20,17.2673,24,4,4,True
2015-06-21,17.5507,24,4,4,True
2015-06-22,18.1216,24,4,4,True
2015-06-23,18.1484,24,4,4,True
2015-06-24,17.6498,24,4,4,True
2015-06-25,17.5268,24,4,4,True
2015-06-26,17.8231,24,4,4,True
2015-06-27,18.5249,24,4,4,True
2015-06-28,18.6884,24,4,4,True
2015-06-29,19.2365,24,4,4,True
2015-06-30,19.5937,24,4,4,True
2015-07-01,20.7497,24,4,4,True
2015-07-02,21.3425,24,4,4,True
2015-07-03,22.1699,24,4,4,True
2015-07-04,21.8746,24,4,4,True
2015-07-05,21.5561,24,4,4,True
2015-07-06,21.2124,24,4,4,True
2015-07-07,21.6548,24,4,4,True
2015-07-08,20.6081,24,4,4,True
2015-07-09,18.7637,24,4,4,True
2015-07-10,18.1721,24,4,4,True
2015-07-11,19.3295,24,4,4,True
2015-07-12,19.2403,24,4,4,True
2015-07-13,18.5903,24,4,4,True
2015-07-14,18.5497,24,4,4,True
2015-07-15,19.0610,24,4,4,True
2015-07-16,19.6685,24,4,4,True
2015-07-17,20.6009,24,4,4,True
2015-07-18,21.0667,24,4,4,True
2015-07-19,21.0349,24,4,4,True
2015-07-20,20.9744,24,4,4,True
2015-07-21,21.3430,24,4,4,True
2015-07-22,21.6850,24,4,4,True
2015-07-23,20.8084,24,4,4,True
2015-07-24,20.0630,24,4,4,True
2015-07-25,19.6575,24,4,4,True
2015-07-26,18.4773,24,4,4,True
2015-07-27,19.3264,24,4,4,True
2015-07-28,18.8380,24,4,4,True
2015-07-29,18.5120,24,4,4,True
2015-07-30,18.0056,24,4,4,True
2015-07-31,17.1099,24,4,4,True
2015-08-01,17.1960,24,4,4,True
2015-08-02,17.2128,24,4,4,True
2015-08-03,18.1840,24,4,4,True
2015-08-04,19.3363,24,4,4,True
2015-08-05,18.8022,24,4,4,True
2015-08-06,19.9639,24,4,4,True
2015-08-07,20.1642,24,4,4,True
2015-08-08,19.5507,24,4,4,True
2015-08-09,18.0166,24,4,4,True
2015-08-10,18.0889,24,4,4,True
2015-08-11,18.6180,24,4,4,True
2015-08-12,19.4226,24,4,4,True
2015-08-13,20.0561,24,4,4,True
2015-08-14,19.0005,24,4,4,True
2015-08-15,18.1533,24,4,4,True
2015-08-16,17.5607,24,4,4,True
2015-08-17,17.5301,24,4,4,True
2015-08-18,17.4577,24,4,4,True
2015-08-19,17.2595,24,4,4,True
2015-08-20,17.1137,24,4,4,True
2015-08-21,17.4597,24,4,4,True
2015-08-22,17.9344,24,4,4,True
2015-08-23,18.7160,24,4,4,True
2015-08-24,18.1573,24,4,4,True
2015-08-25,17.2216,24,4,4,True
2015-08-26,17.3803,24,4,4,True
2015-08-27,18.7497,24,4,4,True
2015-08-28,19.8220,24,4,4,True
2015-08-29,20.4945,24,4,4,True
2015-08-30,20.7825,24,4,4,True
2015-08-31,20.9613,24,4,4,True
2015-09-01,19.6922,24,4,4,True
2015-09-02,18.7576,24,4,4,True
2015-09-03,18.3971,24,4,4,True
2015-09-04,17.5668,24,4,4,True
2015-09-05,16.8530,24,4,4,True
2015-09-06,16.2058,24,4,4,True
2015-09-07,15.6024,24,4,4,True
2015-09-08,15.2100,24,4,4,True
2015-09-09,15.2778,24,4,4,True
2015-09-10,15.8541,24,4,4,True
2015-09-11,16.2683,24,4,4,True
2015-09-12,17.1365,24,4,4,True
2015-09-13,17.0265,24,4,4,True
2015-09-14,16.8727,24,4,4,True
2015-09-15,16.1292,24,4,4,True
2015-09-16,16.8944,24,4,4,True
2015-09-17,17.2416,24,4,4,True
2015-09-18,16.4679,24,4,4,True
2015-09-19,15.7001,24,4,4,True
2015-09-20,15.2901,24,4,4,True
2015-09-21,14.8996,24,4,4,True
2015-09-22,15.2087,24,4,4,True
2015-09-23,15.0662,24,4,4,True
2015-09-24,14.5438,24,4,4,True
2015-09-25,14.5179,24,4,4,True
2015-09-26,14.5138,24,4,4,True
2015-09-27,14.3702,24,4,4,True
2015-09-28,14.2743,24,4,4,True
2015-09-29,14.2764,24,4,4,True
2015-09-30,14.6238,24,4,4,True
2015-10-01,14.2805,24,4,4,True
2015-10-02,14.5869,24,4,4,True
2015-10-03,14.4662,24,4,4,True
2015-10-04,13.3839,24,4,4,True
2015-10-05,14.2585,24,4,4,True
2015-10-06,15.3229,24,4,4,True
2015-10-07,15.3380,24,4,4,True
2015-10-08,14.7202,24,4,4,True
2015-10-09,13.4570,24,4,4,True
2015-10-10,12.7223,24,4,4,True
2015-10-11,12.5886,24,4,4,True
2015-10-12,13.3081,24,4,4,True
2015-10-13,13.6338,24,4,4,True
2015-10-14,12.3768,24,4,4,True
2015-10-15,11.1720,24,4,4,True
2015-10-16,10.6625,24,4,4,True
2015-10-17,9.8861,24,4,4,True
2015-10-18,10.9313,24,4,4,True
2015-10-19,11.9555,24,4,4,True
2015-10-20,12.0565,24,4,4,True
2015-10-21,11.4640,24,4,4,True
2015-10-22,11.4722,24,4,4,True
2015-10-23,12.0255,24,4,4,True
2015-10-24,12.1786,24,4,4,True
2015-10-25,12.7698,24,4,4,True
2015-10-26,12.8972,24,4,4,True
2015-10-27,13.8238,24,4,4,True
2015-10-28,13.7313,24,4,4,True
2015-10-29,12.6016,24,4,4,True
2015-10-30,12.4880,24,4,4,True
2015-10-31,12.9465,24,4,4,True
2015-11-01,13.1544,24,4,4,True
2015-11-02,13.1595,24,4,4,True
2015-11-03,13.7660,24,4,4,True
2015-11-04,13.8350,24,4,4,True
2015-11-05,13.5123,24,4,4,True
2015-11-06,13.9600,24,4,4,True
2015-11-07,13.8747,24,4,4,True
2015-11-08,13.5895,24,4,4,True
2015-11-09,13.7470,24,4,4,True
2015-11-10,13.8070,24,4,4,True
2015-11-11,13.0017,24,4,4,True
2015-11-12,12.6965,24,4,4,True
2015-11-13,12.3312,24,4,4,True
2015-11-14,12.6322,24,4,4,True
2015-11-15,11.9184,24,4,4,True
2015-11-16,11.5573,24,4,4,True
2015-11-17,10.8794,24,4,4,True
2015-11-18,11.7169,24,4,4,True
2015-11-19,12.6381,24,4,4,True
2015-11-20,13.2288,24,4,4,True
2015-11-21,12.7393,24,4,4,True
2015-11-22,10.8982,24,4,4,True
2015-11-23,8.8429,24,4,4,True
2015-11-24,7.4418,24,4,4,True
2015-11-25,8.3470,24,4,4,True
2015-11-26,9.3310,24,4,4,True
2015-11-27,9.0496,24,4,4,True
2015-11-28,9.3600,24,4,4,True
2015-11-29,9.3660,24,4,4,True
2015-11-30,9.3545,24,4,4,True
2015-12-01,8.5524,24,4,4,True
2015-12-02,7.8749,24,4,4,True
2015-12-03,7.6243,24,4,4,True
2015-12-04,7.9540,24,4,4,True
2015-12-05,8.7078,24,4,4,True
2015-12-06,9.2431,24,4,4,True
2015-12-07,9.6311,24,4,4,True
2015-12-08,9.4296,24,4,4,True
2015-12-09,9.9596,24,4,4,True
2015-12-10,8.6419,24,4,4,True
2015-12-11,7.9394,24,4,4,True
2015-12-12,7.2167,24,4,4,True
2015-12-13,6.7792,24,4,4,True
2015-12-14,6.8296,24,4,4,True
2015-12-15,7.6796,24,4,4,True
2015-12-16,8.0511,24,4,4,True
2015-12-17,8.2703,24,4,4,True
2015-12-18,8.8215,24,4,4,True
2015-12-19,9.0631,24,4,4,True
2015-12-20,9.8383,24,4,4,True
2015-12-21,9.8745,24,4,4,True
2015-12-22,9.4256,24,4,4,True
2015-12-23,9.0078,24,4,4,True
2015-12-24,8.5875,24,4,4,True
2015-12-25,8.0299,24,4,4,True
2015-12-26,8.1444,24,4,4,True
2015-12-27,8.4704,24,4,4,True
2015-12-28,9.1980,24,4,4,True
2015-12-29,9.5716,24,4,4,True
2015-12-30,8.9535,24,4,4,True
2015-12-31,9.5285,24,4,4,True
2016-01-01,8.6660,24,4,4,True
2016-01-02,9.2221,24,4,4,True
2016-01-03,8.5028,24,4,4,True
2016-01-04,9.2538,24,4,4,True
2016-01-05,9.1188,24,4,4,True
2016-01-06,8.5360,24,4,4,True
2016-01-07,9.3246,24,4,4,True
2016-01-08,10.4660,24,4,4,True
2016-01-09,10.9223,24,4,4,True
2016-01-10,10.6323,24,4,4,True
2016-01-11,10.5375,24,4,4,True
2016-01-12,9.5347,24,4,4,True
2016-01-13,8.9587,24,4,4,True
2016-01-14,9.3763,24,4,4,True
2016-01-15,8.9207,24,4,4,True
2016-01-16,7.5396,24,4,4,True
2016-01-17,6.9476,24,4,4,True
2016-01-18,7.6089,24,4,4,True
2016-01-19,8.5334,24,4,4,True
2016-01-20,8.6423,24,4,4,True
2016-01-21,8.3783,24,4,4,True
2016-01-22,8.2608,24,4,4,True
2016-01-23,9.7738,24,4,4,True
2016-01-24,9.6229,24,4,4,True
2016-01-25,9.7643,24,4,4,True
2016-01-26,9.5129,24,4,4,True
2016-01-27,10.0372,24,4,4,True
2016-01-28,9.6270,24,4,4,True
2016-01-29,10.3121,24,4,4,True
2016-01-30,9.1133,24,4,4,True
2016-01-31,10.1282,24,4,4,True
2016-02-01,11.3616,24,4,4,True
2016-02-02,11.5007,24,4,4,True
2016-02-03,10.8975,24,4,4,True
2016-02-04,8.8181,24,4,4,True
2016-02-05,8.2844,24,4,4,True
2016-02-06,8.6336,24,4,4,True
2016-02-07,9.5327,24,4,4,True
2016-02-08,9.7107,24,4,4,True
2016-02-09,9.6620,24,4,4,True
2016-02-10,8.9848,24,4,4,True
2016-02-11,9.3525,24,4,4,True
2016-02-12,9.8086,24,4,4,True
2016-02-13,10.3431,24,4,4,True
2016-02-14,10.4107,24,4,4,True
2016-02-15,9.2911,24,4,4,True
2016-02-16,8.2330,24,4,4,True
2016-02-17,7.6330,24,4,4,True
2016-02-18,8.0758,24,4,4,True
2016-02-19,8.0527,24,4,4,True
2016-02-20,8.1786,24,4,4,True
2016-02-21,8.7904,24,4,4,True
2016-02-22,9.0852,24,4,4,True
2016-02-23,9.9280,24,4,4,True
2016-02-24,10.6563,24,4,4,True
2016-02-25,10.4293,24,4,4,True
2016-02-26,9.5785,24,4,4,True
2016-02-27,9.3187,24,4,4,True
2016-02-28,9.1035,24,4,4,True
2016-02-29,8.4230,24,4,4,True
2016-03-01,8.2333,24,4,4,True
2016-03-02,9.4745,24,4,4,True
2016-03-03,9.2690,24,4,4,True
2016-03-04,9.7955,24,4,4,True
2016-03-05,9.3370,24,4,4,True
2016-03-06,8.8371,24,4,4,True
2016-03-07,8.7418,24,4,4,True
2016-03-08,8.7527,24,4,4,True
2016-03-09,9.2580,24,4,4,True
2016-03-10,9.0200,24,4,4,True
2016-03-11,9.3134,24,4,4,True
2016-03-12,9.2100,24,4,4,True
2016-03-13,9.4893,24,4,4,True
2016-03-14,9.6454,24,4,4,True
2016-03-15,9.7833,24,4,4,True
2016-03-16,9.9878,24,4,4,True
2016-03-17,9.0125,24,4,4,True
2016-03-18,9.1117,24,4,4,True
2016-03-19,9.8453,24,4,4,True
2016-03-20,11.2468,24,4,4,True
2016-03-21,11.2665,24,4,4,True
2016-03-22,10.7641,24,4,4,True
2016-03-23,10.6187,24,4,4,True
2016-03-24,10.4490,24,4,4,True
2016-03-25,10.3447,24,4,4,True
2016-03-26,11.7179,24,4,4,True
2016-03-27,12.5769,22,4,4,True
2016-03-28,12.2161,24,4,4,True
2016-03-29,12.4473,24,4,4,True
2016-03-30,12.8308,24,4,4,True
2016-03-31,12.8078,24,4,4,True
2016-04-01,11.2218,24,4,4,True
2016-04-02,10.9755,24,4,4,True
2016-04-03,12.6148,24,4,4,True
2016-04-04,12.8620,24,4,4,True
2016-04-05,12.6189,24,4,4,True
2016-04-06,12.4133,24,4,4,True
2016-04-07,12.1727,24,4,4,True
2016-04-08,11.1249,24,4,4,True
2016-04-09,10.8477,24,4,4,True
2016-04-10,11.6158,24,4,4,True
2016-04-11,13.4633,24,4,4,True
2016-04-12,13.5827,24,4,4,True
2016-04-13,13.5106,24,4,4,True
2016-04-14,13.2150,24,4,4,True
2016-04-15,14.6100,24,4,4,True
2016-04-16,14.6595,24,4,4,True
2016-04-17,14.5469,24,4,4,True
2016-04-18,13.8815,24,4,4,True
2016-04-19,12.9513,24,4,4,True
2016-04-20,13.7303,24,4,4,True
2016-04-21,13.7699,24,4,4,True
2016-04-22,13.1423,24,4,4,True
2016-04-23,13.4242,24,4,4,True
2016-04-24,12.9667,24,4,4,True
2016-04-25,12.1542,24,4,4,True
2016-04-26,12.2279,24,4,4,True
2016-04-27,12.4204,24,4,4,True
2016-04-28,12.3599,24,4,4,True
2016-04-29,12.4572,24,4,4,True
2016-04-30,12.0686,24,4,4,True
2016-05-01,11.3229,24,4,4,True
2016-05-02,11.5064,24,4,4,True
2016-05-03,11.9540,24,4,4,True
2016-05-04,12.3733,24,4,4,True
2016-05-05,12.8452,24,4,4,True
2016-05-06,13.8474,24,4,4,True
2016-05-07,14.3185,24,4,4,True
2016-05-08,14.4842,24,4,4,True
2016-05-09,14.5930,24,4,4,True
2016-05-10,14.7433,24,4,4,True
2016-05-11,14.3364,24,4,4,True
2016-05-12,13.6183,24,4,4,True
2016-05-13,14.0789,24,4,4,True
2016-05-14,14.2366,24,4,4,True
2016-05-15,14.4094,24,4,4,True
2016-05-16,13.9188,24,4,4,True
2016-05-17,14.1136,24,4,4,True
2016-05-18,13.9178,24,4,4,True
2016-05-19,14.0910,24,4,4,True
2016-05-20,14.1113,24,4,4,True
2016-05-21,14.9688,24,4,4,True
2016-05-22,15.4941,24,4,4,True
2016-05-23,14.2755,24,4,4,True
2016-05-24,13.8984,24,4,4,True
2016-05-25,14.8554,24,4,4,True
2016-05-26,15.6781,24,4,4,True
2016-05-27,15.9205,24,4,4,True
2016-05-28,16.6843,24,4,4,True
2016-05-29,16.2307,24,4,4,True
2016-05-30,15.8800,24,4,4,True
2016-05-31,15.4187,24,4,4,True
2016-06-01,14.9009,24,4,4,True
2016-06-02,15.0621,24,4,4,True
2016-06-03,15.4882,24,4,4,True
2016-06-04,15.7367,24,4,4,True
2016-06-05,16.4191,24,4,4,True
2016-06-06,16.6126,24,4,4,True
2016-06-07,17.0087,24,4,4,True
2016-06-08,17.3237,24,4,4,True
2016-06-09,17.5637,24,4,4,True
2016-06-10,17.5598,24,4,4,True
2016-06-11,17.0740,24,4,4,True
2016-06-12,16.3647,24,4,4,True
2016-06-13,16.5949,24,4,4,True
2016-06-14,16.3974,24,4,4,True
2016-06-15,16.3399,24,4,4,True
2016-06-16,14.6017,24,4,4,True
2016-06-17,15.5399,24,4,4,True
2016-06-18,15.6026,24,4,4,True
2016-06-19,15.4742,24,4,4,True
2016-06-20,15.6600,24,4,4,True
2016-06-21,16.7277,24,4,4,True
2016-06-22,17.9362,24,4,4,True
2016-06-23,19.0808,24,4,4,True
2016-06-24,19.3245,24,4,4,True
2016-06-25,18.5268,24,4,4,True
2016-06-26,17.2654,24,4,4,True
2016-06-27,17.0592,24,4,4,True
2016-06-28,17.0539,24,4,4,True
2016-06-29,17.6103,24,4,4,True
2016-06-30,17.9036,24,4,4,True
2016-07-01,17.9205,24,4,4,True
2016-07-02,18.1247,24,4,4,True
2016-07-03,17.3763,24,4,4,True
2016-07-04,17.5129,24,4,4,True
2016-07-05,18.6685,24,4,4,True
2016-07-06,19.2116,24,4,4,True
2016-07-07,19.2095,24,4,4,True
2016-07-08,19.9265,24,4,4,True
2016-07-09,20.0255,24,4,4,True
2016-07-10,19.8602,24,4,4,True
2016-07-11,19.8410,24,4,4,True
2016-07-12,18.8886,24,4,4,True
2016-07-13,17.6271,24,4,4,True
2016-07-14,16.5890,24,4,4,True
2016-07-15,15.9630,24,4,4,True
2016-07-16,16.1040,24,4,4,True
2016-07-17,16.7965,24,4,4,True
2016-07-18,17.7864,24,4,4,True
2016-07-19,18.7947,24,4,4,True
2016-07-20,19.3493,24,4,4,True
2016-07-21,19.4393,24,4,4,True
2016-07-22,19.5089,24,4,4,True
2016-07-23,19.1987,24,4,4,True
2016-07-24,19.2710,24,4,4,True
2016-07-25,19.2749,24,4,4,True
2016-07-26,19.5387,24,4,4,True
2016-07-27,19.4117,24,4,4,True
2016-07-28,19.1155,24,4,4,True
2016-07-29,18.9302,24,4,4,True
2016-07-30,19.6835,24,4,4,True
2016-07-31,19.7032,24,4,4,True
2016-08-01,18.9588,24,4,4,True
2016-08-02,18.4584,24,4,4,True
2016-08-03,18.6974,24,4,4,True
2016-08-04,19.1064,24,4,4,True
2016-08-05,18.6526,24,4,4,True
2016-08-06,18.0135,24,4,4,True
2016-08-07,17.9797,24,4,4,True
2016-08-08,18.6973,24,4,4,True
2016-08-09,18.7924,24,4,4,True
2016-08-10,17.5627,24,4,4,True
2016-08-11,16.7217,24,4,4,True
2016-08-12,16.7126,24,4,4,True
2016-08-13,17.4842,24,4,4,True
2016-08-14,18.1067,24,4,4,True
2016-08-15,18.6389,24,4,4,True
2016-08-16,19.4724,24,4,4,True
2016-08-17,20.0888,24,4,4,True
2016-08-18,19.8657,24,4,4,True
2016-08-19,18.9559,24,4,4,True
2016-08-20,19.0391,24,4,4,True
2016-08-21,18.0711,24,4,4,True
2016-08-22,17.6548,24,4,4,True
2016-08-23,18.0453,24,4,4,True
2016-08-24,18.6914,24,4,4,True
2016-08-25,19.2323,24,4,4,True
2016-08-26,19.5901,24,4,4,True
2016-08-27,19.5615,24,4,4,True
2016-08-28,20.1988,24,4,4,True
2016-08-29,19.7506,24,4,4,True
2016-08-30,18.8280,24,4,4,True
2016-08-31,18.2812,24,4,4,True
2016-09-01,18.4208,24,4,4,True
2016-09-02,18.3733,24,4,4,True
2016-09-03,18.7626,24,4,4,True
2016-09-04,19.1173,24,4,4,True
2016-09-05,18.8231,24,4,4,True
2016-09-06,18.6279,24,4,4,True
2016-09-07,19.0659,24,4,4,True
2016-09-08,19.6130,24,4,4,True
2016-09-09,18.8131,24,4,4,True
2016-09-10,18.5070,24,4,4,True
2016-09-11,18.1513,24,4,4,True
2016-09-12,18.0374,24,4,4,True
2016-09-13,19.4039,24,4,4,True
2016-09-14,18.7756,24,4,4,True
2016-09-15,17.2703,24,4,4,True
2016-09-16,16.7557,24,4,4,True
2016-09-17,16.4422,24,4,4,True
2016-09-18,15.8105,24,4,4,True
2016-09-19,16.0668,24,4,4,True
2016-09-20,16.7070,24,4,4,True
2016-09-21,16.4620,24,4,4,True
2016-09-22,15.7368,24,4,4,True
2016-09-23,15.7588,24,4,4,True
2016-09-24,15.8491,24,4,4,True
2016-09-25,16.6673,24,4,4,True
2016-09-26,16.0975,24,4,4,True
2016-09-27,15.3290,24,4,4,True
2016-09-28,15.3797,24,4,4,True
2016-09-29,15.0640,24,4,4,True
2016-09-30,15.9086,24,4,4,True
2016-10-01,16.7646,24,4,4,True
2016-10-02,16.4452,24,4,4,True
2016-10-03,15.5110,24,4,4,True
2016-10-04,15.1210,24,4,4,True
2016-10-05,16.1264,24,4,4,True
2016-10-06,16.3568,24,4,4,True
2016-10-07,14.8201,24,4,4,True
2016-10-08,13.3019,24,4,4,True
2016-10-09,12.6491,24,4,4,True
2016-10-10,11.6279,24,4,4,True
2016-10-11,11.0098,24,4,4,True
2016-10-12,11.3780,24,4,4,True
2016-10-13,12.4493,24,4,4,True
2016-10-14,13.4743,24,4,4,True
2016-10-15,12.7203,24,4,4,True
2016-10-16,12.8704,24,4,4,True
2016-10-17,13.5525,24,4,4,True
2016-10-18,14.0330,24,4,4,True
2016-10-19,12.7445,24,4,4,True
2016-10-20,12.7085,24,4,4,True
2016-10-21,11.3197,24,4,4,True
2016-10-22,10.2321,24,4,4,True
2016-10-23,11.8896,24,4,4,True
2016-10-24,13.5315,24,4,4,True
2016-10-25,13.8740,24,4,4,True
2016-10-26,14.1358,24,4,4,True
2016-10-27,13.5243,24,4,4,True
2016-10-28,12.0575,24,4,4,True
2016-10-29,10.9629,24,4,4,True
2016-10-30,10.5539,24,4,4,True
2016-10-31,10.4956,24,4,4,True
2016-11-01,10.9568,24,4,4,True
2016-11-02,10.8825,24,4,4,True
2016-11-03,11.2888,24,4,4,True
2016-11-04,10.8513,24,4,4,True
2016-11-05,11.3974,24,4,4,True
2016-11-06,10.6348,24,4,4,True
2016-11-07,9.7102,24,4,4,True
2016-11-08,9.1778,24,4,4,True
2016-11-09,9.6772,24,4,4,True
2016-11-10,10.3323,24,4,4,True
2016-11-11,10.9985,24,4,4,True
2016-11-12,11.1244,24,4,4,True
2016-11-13,11.4377,24,4,4,True
2016-11-14,11.3882,24,4,4,True
2016-11-15,10.8673,24,4,4,True
2016-11-16,10.8634,24,4,4,True
2016-11-17,11.2310,24,4,4,True
2016-11-18,11.0849,24,4,4,True
2016-11-19,11.2149,24,4,4,True
2016-11-20,11.0483,24,4,4,True
2016-11-21,11.5079,24,4,4,True
2016-11-22,11.4023,24,4,4,True
2016-11-23,11.1854,24,4,4,True
2016-11-24,10.9691,24,4,4,True
2016-11-25,10.7768,24,4,4,True
2016-11-26,9.6985,24,4,4,True
2016-11-27,9.5653,24,4,4,True
2016-11-28,9.1054,24,4,4,True
2016-11-29,9.0860,24,4,4,True
2016-11-30,8.6724,24,4,4,True
2016-12-01,7.8004,24,4,4,True
2016-12-02,6.7673,24,4,4,True
2016-12-03,6.1454,24,4,4,True
2016-12-04,6.3769,24,4,4,True
2016-12-05,7.5592,24,4,4,True
2016-12-06,7.6138,24,4,4,True
2016-12-07,7.2137,24,4,4,True
2016-12-08,6.9002,24,4,4,True
2016-12-09,6.7137,24,4,4,True
2016-12-10,6.6062,24,4,4,True
2016-12-11,6.3406,24,4,4,True
2016-12-12,6.5799,24,4,4,True
2016-12-13,6.4445,24,4,4,True
2016-12-14,6.7093,24,4,4,True
2016-12-15,6.5848,24,4,4,True
2016-12-16,6.2415,24,4,4,True
2016-12-17,6.4727,24,4,4,True
2016-12-18,5.6980,24,4,4,True
2016-12-19,5.0907,24,4,4,True
2016-12-20,5.4483,24,4,4,True
2016-12-21,4.7940,24,4,4,True
2016-12-22,4.4382,24,4,4,True
2016-12-23,6.1649,24,4,4,True
2016-12-24,7.8008,24,4,4,True
2016-12-25,9.0619,24,4,4,True
2016-12-26,9.5306,24,4,4,True
2016-12-27,9.6076,24,4,4,True
2016-12-28,8.0089,24,4,4,True
2016-12-29,6.0812,24,4,4,True
2016-12-30,6.2306,24,4,4,True
2016-12-31,6.1870,24,4,4,True
2017-01-01,6.2582,24,4,4,True
2017-01-02,5.7306,24,4,4,True
2017-01-03,5.5383,24,4,4,True
2017-01-04,4.8842,24,4,4,True
2017-01-05,4.2489,24,4,4,True
2017-01-06,2.9738,24,4,4,True
2017-01-07,2.0141,24,4,4,True
2017-01-08,1.9139,24,4,4,True
2017-01-09,3.2335,24,4,4,True
2017-01-10,4.8866,24,4,4,True
2017-01-11,6.1117,24,4,4,True
2017-01-12,7.5339,24,4,4,True
2017-01-13,7.5601,24,4,4,True
2017-01-14,6.2315,24,4,4,True
2017-01-15,5.7550,24,4,4,True
2017-01-16,6.3773,24,4,4,True
2017-01-17,4.9068,24,4,4,True
2017-01-18,3.0093,24,4,4,True
2017-01-19,1.7686,24,4,4,True
2017-01-20,1.5430,24,4,4,True
2017-01-21,2.2547,24,4,4,True
2017-01-22,2.6388,24,4,4,True
2017-01-23,3.3503,24,4,4,True
2017-01-24,3.0383,24,4,4,True
2017-01-25,2.2830,24,4,4,True
2017-01-26,1.8093,24,4,4,True
2017-01-27,3.2530,24,4,4,True
2017-01-28,4.6914,24,4,4,True
2017-01-29,4.9633,24,4,4,True
2017-01-30,5.9620,24,4,4,True
2017-01-31,7.0311,24,4,4,True
2017-02-01,7.4844,24,4,4,True
2017-02-02,8.1941,24,4,4,True
2017-02-03,7.7815,24,4,4,True
2017-02-04,7.9383,24,4,4,True
2017-02-05,8.2385,24,4,4,True
2017-02-06,7.8499,24,4,4,True
2017-02-07,8.9022,24,4,4,True
2017-02-08,8.7169,24,4,4,True
2017-02-09,7.6703,24,4,4,True
2017-02-10,7.1603,24,4,4,True
2017-02-11,7.1670,24,4,4,True
2017-02-12,8.3483,24,4,4,True
2017-02-13,9.5582,24,4,4,True
2017-02-14,10.2353,24,4,4,True
2017-02-15,9.9702,24,4,4,True
2017-02-16,10.2618,24,4,4,True
2017-02-17,9.6259,24,4,4,True
2017-02-18,8.8481,24,4,4,True
2017-02-19,8.5044,24,4,4,True
2017-02-20,8.6581,24,4,4,True
2017-02-21,9.1189,24,4,4,True
2017-02-22,9.4302,24,4,4,True
2017-02-23,8.8514,24,4,4,True
2017-02-24,9.4974,24,4,4,True
2017-02-25,8.5413,24,4,4,True
2017-02-26,7.5779,24,4,4,True
2017-02-27,8.1461,24,4,4,True
2017-02-28,9.1777,24,4,4,True
2017-03-01,8.3467,24,4,4,True
2017-03-02,9.5151,24,4,4,True
2017-03-03,10.1184,24,4,4,True
2017-03-04,10.0195,24,4,4,True
2017-03-05,8.8450,24,4,4,True
2017-03-06,9.8119,24,4,4,True
2017-03-07,10.0166,24,4,4,True
2017-03-08,10.7695,24,4,4,True
2017-03-09,10.9782,24,4,4,True
2017-03-10,10.5930,24,4,4,True
2017-03-11,10.7331,24,4,4,True
2017-03-12,11.7323,24,4,4,True
2017-03-13,11.2685,24,4,4,True
2017-03-14,10.9128,24,4,4,True
2017-03-15,10.5453,24,4,4,True
2017-03-16,10.6543,24,4,4,True
2017-03-17,11.0312,24,4,4,True
2017-03-18,11.6454,24,4,4,True
2017-03-19,10.7753,24,4,4,True
2017-03-20,11.2847,24,4,4,True
2017-03-21,11.2615,24,4,4,True
2017-03-22,10.6584,24,4,4,True
2017-03-23,10.6198,24,4,4,True
2017-03-24,9.8398,24,4,4,True
2017-03-25,10.1359,24,4,4,True
2017-03-26,10.2249,22,4,4,True
2017-03-27,11.3262,24,4,4,True
2017-03-28,11.8083,24,4,4,True
2017-03-29,11.9769,24,4,4,True
2017-03-30,12.2602,24,4,4,True
2017-03-31,13.0832,24,4,4,True
2017-04-01,12.6288,24,4,4,True
2017-04-02,12.0280,24,4,4,True
2017-04-03,12.1141,24,4,4,True
2017-04-04,12.4260,24,4,4,True
2017-04-05,12.7896,24,4,4,True
2017-04-06,12.0537,24,4,4,True
2017-04-07,11.7565,24,4,4,True
2017-04-08,12.2708,24,4,4,True
2017-04-09,13.2218,24,4,4,True
2017-04-10,13.8881,24,4,4,True
2017-04-11,14.4850,24,4,4,True
2017-04-12,13.3914,24,4,4,True
2017-04-13,13.3397,24,4,4,True
2017-04-14,13.5538,24,4,4,True
2017-04-15,13.2279,24,4,4,True
2017-04-16,12.5925,24,4,4,True
2017-04-17,12.2680,24,4,4,True
2017-04-18,12.1577,24,4,4,True
2017-04-19,11.2349,24,4,4,True
2017-04-20,10.3328,24,4,4,True
2017-04-21,10.1075,24,4,4,True
2017-04-22,10.5908,24,4,4,True
2017-04-23,11.5207,24,4,4,True
2017-04-24,12.2786,24,4,4,True
2017-04-25,12.9187,24,4,4,True
2017-04-26,11.9401,24,4,4,True
2017-04-27,10.4750,24,4,4,True
2017-04-28,9.7879,24,4,4,True
2017-04-29,9.8424,24,4,4,True
2017-04-30,10.9839,24,4,4,True
2017-05-01,11.0464,24,4,4,True
2017-05-02,11.5638,24,4,4,True
2017-05-03,12.1086,24,4,4,True
2017-05-04,12.2040,24,4,4,True
2017-05-05,12.8890,24,4,4,True
2017-05-06,13.4683,24,4,4,True
2017-05-07,13.1091,24,4,4,True
2017-05-08,13.0855,24,4,4,True
2017-05-09,13.0243,24,4,4,True
2017-05-10,13.2051,24,4,4,True
2017-05-11,13.7613,24,4,4,True
2017-05-12,14.3121,24,4,4,True
2017-05-13,14.9446,24,4,4,True
2017-05-14,14.8705,24,4,4,True
2017-05-15,15.1600,24,4,4,True
2017-05-16,15.7510,24,4,4,True
2017-05-17,16.3762,24,4,4,True
2017-05-18,16.0516,24,4,4,True
2017-05-19,14.2426,24,4,4,True
2017-05-20,13.6216,24,4,4,True
2017-05-21,13.7449,24,4,4,True
2017-05-22,14.6683,24,4,4,True
2017-05-23,14.8022,24,4,4,True
2017-05-24,15.0937,24,4,4,True
2017-05-25,16.0911,24,4,4,True
2017-05-26,16.9488,24,4,4,True
2017-05-27,17.7153,24,4,4,True
2017-05-28,18.2177,24,4,4,True
2017-05-29,18.0642,24,4,4,True
2017-05-30,17.8016,24,4,4,True
2017-05-31,17.6431,24,4,4,True
2017-06-01,17.9452,24,4,4,True
2017-06-02,18.3386,24,4,4,True
2017-06-03,18.3257,24,4,4,True
2017-06-04,17.0135,24,4,4,True
2017-06-05,16.6980,24,4,4,True
2017-06-06,16.6177,24,4,4,True
2017-06-07,15.9563,24,4,4,True
2017-06-08,16.2418,24,4,4,True
2017-06-09,17.3734,24,4,4,True
2017-06-10,17.9937,24,4,4,True
2017-06-11,18.8738,24,4,4,True
2017-06-12,19.3265,24,4,4,True
2017-06-13,19.6370,24,4,4,True
2017-06-14,20.3679,24,4,4,True
2017-06-15,20.4045,24,4,4,True
2017-06-16,19.9937,24,4,4,True
2017-06-17,19.2840,24,4,4,True
2017-06-18,19.2029,24,4,4,True
2017-06-19,20.3555,24,4,4,True
2017-06-20,21.0711,24,4,4,True
2017-06-21,21.4930,24,4,4,True
2017-06-22,21.8412,24,4,4,True
2017-06-23,21.0958,24,4,4,True
2017-06-24,20.0294,24,4,4,True
2017-06-25,19.5317,24,4,4,True
2017-06-26,19.9600,24,4,4,True
2017-06-27,19.8043,24,4,4,True
2017-06-28,18.9261,24,4,4,True
2017-06-29,17.6152,24,4,4,True
2017-06-30,16.5145,24,4,4,True
2017-07-01,16.0856,24,4,4,True
2017-07-02,16.2931,24,4,4,True
2017-07-03,17.4011,24,4,4,True
2017-07-04,17.9976,24,4,4,True
2017-07-05,19.3882,24,4,4,True
2017-07-06,19.9045,24,4,4,True
2017-07-07,20.4683,24,4,4,True
2017-07-08,21.0637,24,4,4,True
2017-07-09,20.1632,24,4,4,True
2017-07-10,19.1768,24,4,4,True
2017-07-11,19.0420,24,4,4,True
2017-07-12,18.7863,24,4,4,True
2017-07-13,18.6328,24,4,4,True
2017-07-14,18.8844,24,4,4,True
2017-07-15,18.3812,24,4,4,True
2017-07-16,18.5794,24,4,4,True
2017-07-17,19.4614,24,4,4,True
2017-07-18,20.5040,24,4,4,True
2017-07-19,21.3070,24,4,4,True
2017-07-20,20.3895,24,4,4,True
2017-07-21,19.0975,24,4,4,True
2017-07-22,18.6130,24,4,4,True
2017-07-23,18.9835,24,4,4,True
2017-07-24,18.7657,24,4,4,True
2017-07-25,18.2029,24,4,4,True
2017-07-26,17.9503,24,4,4,True
2017-07-27,18.2059,24,4,4,True
2017-07-28,19.0945,24,4,4,True
2017-07-29,19.1165,24,4,4,True
2017-07-30,19.7150,24,4,4,True
2017-07-31,19.8767,24,4,4,True
2017-08-01,19.9321,24,4,4,True
2017-08-02,20.0373,24,4,4,True
2017-08-03,20.8691,24,4,4,True
2017-08-04,20.9823,24,4,4,True
2017-08-05,20.6237,24,4,4,True
2017-08-06,19.3384,24,4,4,True
2017-08-07,18.4178,24,4,4,True
2017-08-08,18.5269,24,4,4,True
2017-08-09,17.5876,24,4,4,True
2017-08-10,16.6714,24,4,4,True
2017-08-11,16.4906,24,4,4,True
2017-08-12,16.1191,24,4,4,True
2017-08-13,16.6682,24,4,4,True
2017-08-14,17.3268,24,4,4,True
2017-08-15,18.8726,24,4,4,True
2017-08-16,19.3314,24,4,4,True
2017-08-17,18.9153,24,4,4,True
2017-08-18,18.8290,24,4,4,True
2017-08-19,18.4595,24,4,4,True
2017-08-20,16.6859,24,4,4,True
2017-08-21,16.1937,24,4,4,True
2017-08-22,16.8181,24,4,4,True
2017-08-23,18.4893,24,4,4,True
2017-08-24,19.3106,24,4,4,True
2017-08-25,19.8894,24,4,4,True
2017-08-26,20.4937,24,4,4,True
2017-08-27,21.1372,24,4,4,True
2017-08-28,20.6993,24,4,4,True
2017-08-29,20.9265,24,4,4,True
2017-08-30,20.5255,24,4,4,True
2017-08-31,19.4503,24,4,4,True
2017-09-01,17.5112,24,4,4,True
2017-09-02,16.9480,24,4,4,True
2017-09-03,16.3677,24,4,4,True
2017-09-04,16.7546,24,4,4,True
2017-09-05,17.6915,24,4,4,True
2017-09-06,18.2751,24,4,4,True
2017-09-07,17.3120,24,4,4,True
2017-09-08,16.9868,24,4,4,True
2017-09-09,16.7318,24,4,4,True
2017-09-10,16.0132,24,4,4,True
2017-09-11,16.2515,24,4,4,True
2017-09-12,16.0915,24,4,4,True
2017-09-13,16.1500,24,4,4,True
2017-09-14,16.6714,24,4,4,True
2017-09-15,14.9566,24,4,4,True
2017-09-16,14.2246,24,4,4,True
2017-09-17,13.7770,24,4,4,True
2017-09-18,14.1147,24,4,4,True
2017-09-19,13.8927,24,4,4,True
2017-09-20,13.2918,24,4,4,True
2017-09-21,13.0298,24,4,4,True
2017-09-22,14.1047,24,4,4,True
2017-09-23,14.5001,24,4,4,True
2017-09-24,14.8421,24,4,4,True
2017-09-25,15.4057,24,4,4,True
2017-09-26,15.2176,24,4,4,True
2017-09-27,14.4750,24,4,4,True
2017-09-28,14.7893,24,4,4,True
2017-09-29,15.4117,24,4,4,True
2017-09-30,15.8244,24,4,4,True
2017-10-01,14.8512,24,4,4,True
2017-10-02,15.3968,24,4,4,True
2017-10-03,16.2038,24,4,4,True
2017-10-04,16.5851,24,4,4,True
2017-10-05,15.8988,24,4,4,True
2017-10-06,15.4615,24,4,4,True
2017-10-07,13.8204,24,4,4,True
2017-10-08,12.5825,24,4,4,True
2017-10-09,12.6189,24,4,4,True
2017-10-10,12.9476,24,4,4,True
2017-10-11,12.8089,24,4,4,True
2017-10-12,13.7367,24,4,4,True
2017-10-13,13.5795,24,4,4,True
2017-10-14,13.6667,24,4,4,True
2017-10-15,14.3835,24,4,4,True
2017-10-16,15.1331,24,4,4,True
2017-10-17,15.6276,24,4,4,True
2017-10-18,15.8870,24,4,4,True
2017-10-19,15.9586,24,4,4,True
2017-10-20,15.1937,24,4,4,True
2017-10-21,14.7863,24,4,4,True
2017-10-22,14.2737,24,4,4,True
2017-10-23,13.9060,24,4,4,True
2017-10-24,13.4674,24,4,4,True
2017-10-25,13.2176,24,4,4,True
2017-10-26,13.3531,24,4,4,True
2017-10-27,14.1757,24,4,4,True
2017-10-28,13.6466,24,4,4,True
2017-10-29,12.1987,24,4,4,True
2017-10-30,12.3401,24,4,4,True
2017-10-31,10.9146,24,4,4,True
2017-11-01,9.9178,24,4,4,True
2017-11-02,10.8132,24,4,4,True
2017-11-03,11.3687,24,4,4,True
2017-11-04,11.7738,24,4,4,True
2017-11-05,11.8607,24,4,4,True
2017-11-06,10.5737,24,4,4,True
2017-11-07,9.0619,24,4,4,True
2017-11-08,8.5495,24,4,4,True
2017-11-09,8.9282,24,4,4,True
2017-11-10,9.2210,24,4,4,True
2017-11-11,10.1686,24,4,4,True
2017-11-12,11.1953,24,4,4,True
2017-11-13,10.5714,24,4,4,True
2017-11-14,8.7717,24,4,4,True
2017-11-15,7.8189,24,4,4,True
2017-11-16,7.1552,24,4,4,True
2017-11-17,6.8194,24,4,4,True
2017-11-18,6.9248,24,4,4,True
2017-11-19,6.4626,24,4,4,True
2017-11-20,6.1732,24,4,4,True
2017-11-21,6.6579,24,4,4,True
2017-11-22,6.7307,24,4,4,True
2017-11-23,8.2408,24,4,4,True
2017-11-24,9.4473,24,4,4,True
2017-11-25,9.8191,24,4,4,True
2017-11-26,8.4939,24,4,4,True
2017-11-27,7.1003,24,4,4,True
2017-11-28,6.4425,24,4,4,True
2017-11-29,6.9531,24,4,4,True
2017-11-30,6.6846,24,4,4,True
2017-12-01,6.4638,24,4,4,True
2017-12-02,5.7623,24,4,4,True
2017-12-03,5.0341,24,4,4,True
2017-12-04,4.9112,24,4,4,True
2017-12-05,5.1029,24,4,4,True
2017-12-06,5.2073,24,4,4,True
2017-12-07,5.1587,24,4,4,True
2017-12-08,6.1656,24,4,4,True
2017-12-09,6.6096,24,4,4,True
2017-12-10,7.2008,24,4,4,True
2017-12-11,8.2695,24,4,4,True
2017-12-12,7.9251,24,4,4,True
2017-12-13,6.9709,24,4,4,True
2017-12-14,7.9235,24,4,4,True
2017-12-15,8.4116,24,4,4,True
2017-12-16,7.6881,24,4,4,True
2017-12-17,6.8520,24,4,4,True
2017-12-18,7.4225,24,4,4,True
2017-12-19,7.1012,24,4,4,True
2017-12-20,6.7985,24,4,4,True
2017-12-21,7.0941,24,4,4,True
2017-12-22,7.7676,24,4,4,True
2017-12-23,8.3535,24,4,4,True
2017-12-24,8.4926,24,4,4,True
2017-12-25,7.9106,24,4,4,True
2017-12-26,7.8012,24,4,4,True
2017-12-27,7.8835,24,4,4,True
2017-12-28,7.1360,24,4,4,True
2017-12-29,7.4428,24,4,4,True
2017-12-30,9.0013,24,4,4,True
2017-12-31,8.4463,24,4,4,True
2018-01-01,8.7048,24,4,4,True
2018-01-02,9.2591,24,4,4,True
2018-01-03,11.0285,24,4,4,True
2018-01-04,11.7333,24,4,4,True
2018-01-05,11.1649,24,4,4,True
2018-01-06,10.4362,24,4,4,True
2018-01-07,10.0012,24,4,4,True
2018-01-08,9.6257,24,4,4,True
2018-01-09,9.3270,24,4,4,True
2018-01-10,9.6126,24,4,4,True
2018-01-11,9.3579,24,4,4,True
2018-01-12,9.0355,24,4,4,True
2018-01-13,8.1009,24,4,4,True
2018-01-14,8.3566,24,4,4,True
2018-01-15,8.7326,24,4,4,True
2018-01-16,9.8529,24,4,4,True
2018-01-17,10.1115,24,4,4,True
2018-01-18,9.4564,24,4,4,True
2018-01-19,10.0198,24,4,4,True
2018-01-20,9.7420,24,4,4,True
2018-01-21,10.6698,24,4,4,True
2018-01-22,10.9763,24,4,4,True
2018-01-23,10.9345,24,4,4,True
2018-01-24,10.9863,24,4,4,True
2018-01-25,11.1518,24,4,4,True
2018-01-26,10.3782,24,4,4,True
2018-01-27,9.3517,24,4,4,True
2018-01-28,8.4260,24,4,4,True
2018-01-29,8.6976,24,4,4,True
2018-01-30,9.0003,24,4,4,True
2018-01-31,9.3300,24,4,4,True
2018-02-01,9.3856,24,4,4,True
2018-02-02,8.4169,24,4,4,True
2018-02-03,8.2091,24,4,4,True
2018-02-04,8.2019,24,4,4,True
2018-02-05,8.2499,24,4,4,True
2018-02-06,7.6180,24,4,4,True
2018-02-07,6.7888,24,4,4,True
2018-02-08,6.5715,24,4,4,True
2018-02-09,5.9608,24,4,4,True
2018-02-10,6.2903,24,4,4,True
2018-02-11,7.4584,24,4,4,True
2018-02-12,8.0698,24,4,4,True
2018-02-13,6.5392,24,4,4,True
2018-02-14,7.2710,24,4,4,True
2018-02-15,8.5171,24,4,4,True
2018-02-16,9.8603,24,4,4,True
2018-02-17,10.3131,24,4,4,True
2018-02-18,9.1743,24,4,4,True
2018-02-19,9.4945,24,4,4,True
2018-02-20,9.8048,24,4,4,True
2018-02-21,9.1176,24,4,4,True
2018-02-22,8.0667,24,4,4,True
2018-02-23,8.0260,24,4,4,True
2018-02-24,7.5419,24,4,4,True
2018-02-25,7.5799,24,4,4,True
2018-02-26,6.8947,24,4,4,True
2018-02-27,5.7253,24,4,4,True
2018-02-28,5.1912,24,4,4,True
2018-03-01,7.4392,24,4,4,True
2018-03-02,8.5724,24,4,4,True
2018-03-03,9.0575,24,4,4,True
2018-03-04,9.5100,24,4,4,True
2018-03-05,9.0949,24,4,4,True
2018-03-06,9.1606,24,4,4,True
2018-03-07,9.0566,24,4,4,True
2018-03-08,8.7920,24,4,4,True
2018-03-09,10.0821,24,4,4,True
2018-03-10,11.1849,24,4,4,True
2018-03-11,11.5143,24,4,4,True
2018-03-12,10.8430,24,4,4,True
2018-03-13,10.0831,24,4,4,True
2018-03-14,10.1490,24,4,4,True
2018-03-15,11.0025,24,4,4,True
2018-03-16,11.0134,24,4,4,True
2018-03-17,10.1315,24,4,4,True
2018-03-18,9.8848,24,4,4,True
2018-03-19,9.2630,24,4,4,True
2018-03-20,8.3464,24,4,4,True
2018-03-21,8.0379,24,4,4,True
2018-03-22,8.0440,24,4,4,True
2018-03-23,8.1720,24,4,4,True
2018-03-24,9.2606,24,4,4,True
2018-03-25,9.8040,22,4,4,True
2018-03-26,10.0289,24,4,4,True
2018-03-27,9.7229,24,4,4,True
2018-03-28,11.0263,24,4,4,True
2018-03-29,11.3644,24,4,4,True
2018-03-30,11.0120,24,4,4,True
2018-03-31,10.2926,24,4,4,True
2018-04-01,10.1778,24,4,4,True
2018-04-02,11.0939,24,4,4,True
2018-04-03,11.9796,24,4,4,True
2018-04-04,12.7993,24,4,4,True
2018-04-05,12.5395,24,4,4,True
2018-04-06,12.3458,24,4,4,True
2018-04-07,12.9243,24,4,4,True
2018-04-08,12.4116,24,4,4,True
2018-04-09,12.4418,24,4,4,True
2018-04-10,12.5071,24,4,4,True
2018-04-11,12.3066,24,4,4,True
2018-04-12,11.9197,24,4,4,True
2018-04-13,12.1380,24,4,4,True
2018-04-14,12.3594,24,4,4,True
2018-04-15,12.5364,24,4,4,True
2018-04-16,12.7638,24,4,4,True
2018-04-17,12.6504,24,4,4,True
2018-04-18,13.6685,24,4,4,True
2018-04-19,14.4620,24,4,4,True
2018-04-20,14.6937,24,4,4,True
2018-04-21,14.7764,24,4,4,True
2018-04-22,15.0807,24,4,4,True
2018-04-23,15.5340,24,4,4,True
2018-04-24,15.4760,24,4,4,True
2018-04-25,15.1128,24,4,4,True
2018-04-26,14.3644,24,4,4,True
2018-04-27,13.3368,24,4,4,True
2018-04-28,13.5143,24,4,4,True
2018-04-29,13.5957,24,4,4,True
2018-04-30,13.4705,24,4,4,True
2018-05-01,13.0361,24,4,4,True
2018-05-02,12.5459,24,4,4,True
2018-05-03,13.0030,24,4,4,True
2018-05-04,12.7115,24,4,4,True
2018-05-05,13.0691,24,4,4,True
2018-05-06,13.5836,24,4,4,True
2018-05-07,14.9269,24,4,4,True
2018-05-08,15.4942,24,4,4,True
2018-05-09,14.4762,24,4,4,True
2018-05-10,14.0180,24,4,4,True
2018-05-11,13.7009,24,4,4,True
2018-05-12,14.0486,24,4,4,True
2018-05-13,12.5716,24,4,4,True
2018-05-14,12.0335,24,4,4,True
2018-05-15,12.3339,24,4,4,True
2018-05-16,13.0952,24,4,4,True
2018-05-17,13.4854,24,4,4,True
2018-05-18,13.9982,24,4,4,True
2018-05-19,14.8947,24,4,4,True
2018-05-20,15.0521,24,4,4,True
2018-05-21,15.2980,24,4,4,True
2018-05-22,15.7427,24,4,4,True
2018-05-23,15.9415,24,4,4,True
2018-05-24,16.0250,24,4,4,True
2018-05-25,16.0261,24,4,4,True
2018-05-26,16.1015,24,4,4,True
2018-05-27,16.2693,24,4,4,True
2018-05-28,16.4440,24,4,4,True
2018-05-29,17.2415,24,4,4,True
2018-05-30,17.3001,24,4,4,True
2018-05-31,17.7108,24,4,4,True
2018-06-01,17.8580,24,4,4,True
2018-06-02,17.6033,24,4,4,True
2018-06-03,17.5488,24,4,4,True
2018-06-04,17.4159,24,4,4,True
2018-06-05,17.1643,24,4,4,True
2018-06-06,16.9947,24,4,4,True
2018-06-07,17.1135,24,4,4,True
2018-06-08,17.7362,24,4,4,True
2018-06-09,18.0542,24,4,4,True
2018-06-10,18.6983,24,4,4,True
2018-06-11,18.9988,24,4,4,True
2018-06-12,17.7382,24,4,4,True
2018-06-13,17.5648,24,4,4,True
2018-06-14,17.4676,24,4,4,True
2018-06-15,17.1316,24,4,4,True
2018-06-16,17.1245,24,4,4,True
2018-06-17,16.8419,24,4,4,True
2018-06-18,16.6991,24,4,4,True
2018-06-19,17.4863,24,4,4,True
2018-06-20,18.2723,24,4,4,True
2018-06-21,19.0907,24,4,4,True
2018-06-22,19.2274,24,4,4,True
2018-06-23,17.9829,24,4,4,True
2018-06-24,17.7480,24,4,4,True
2018-06-25,17.7510,24,4,4,True
2018-06-26,18.0740,24,4,4,True
2018-06-27,18.5973,24,4,4,True
2018-06-28,19.0679,24,4,4,True
2018-06-29,19.0559,24,4,4,True
2018-06-30,19.4038,24,4,4,True
2018-07-01,19.3681,24,4,4,True
2018-07-02,19.5673,24,4,4,True
2018-07-03,19.6516,24,4,4,True
2018-07-04,19.6289,24,4,4,True
2018-07-05,18.8309,24,4,4,True
2018-07-06,18.6130,24,4,4,True
2018-07-07,18.5051,24,4,4,True
2018-07-08,19.0262,24,4,4,True
2018-07-09,19.2898,24,4,4,True
2018-07-10,19.2631,24,4,4,True
2018-07-11,19.0154,24,4,4,True
2018-07-12,18.7092,24,4,4,True
2018-07-13,18.7301,24,4,4,True
2018-07-14,19.4930,24,4,4,True
2018-07-15,19.9372,24,4,4,True
2018-07-16,19.5664,24,4,4,True
2018-07-17,19.2998,24,4,4,True
2018-07-18,19.1461,24,4,4,True
2018-07-19,19.2899,24,4,4,True
2018-07-20,19.8053,24,4,4,True
2018-07-21,19.7260,24,4,4,True
2018-07-22,19.1620,24,4,4,True
2018-07-23,18.9569,24,4,4,True
2018-07-24,19.0867,24,4,4,True
2018-07-25,19.7875,24,4,4,True
2018-07-26,19.9907,24,4,4,True
2018-07-27,20.4559,24,4,4,True
2018-07-28,20.1365,24,4,4,True
2018-07-29,19.4930,24,4,4,True
2018-07-30,19.8250,24,4,4,True
2018-07-31,20.0681,24,4,4,True
2018-08-01,20.3935,24,4,4,True
2018-08-02,20.4995,24,4,4,True
2018-08-03,20.7529,24,4,4,True
2018-08-04,21.3571,24,4,4,True
2018-08-05,21.7967,24,4,4,True
2018-08-06,21.5062,24,4,4,True
2018-08-07,21.1421,24,4,4,True
2018-08-08,20.7140,24,4,4,True
2018-08-09,20.2277,24,4,4,True
2018-08-10,19.0599,24,4,4,True
2018-08-11,18.4970,24,4,4,True
2018-08-12,18.8340,24,4,4,True
2018-08-13,19.3770,24,4,4,True
2018-08-14,19.2313,24,4,4,True
2018-08-15,18.8181,24,4,4,True
2018-08-16,18.8906,24,4,4,True
2018-08-17,19.4116,24,4,4,True
2018-08-18,18.5368,24,4,4,True
2018-08-19,18.7707,24,4,4,True
2018-08-20,18.6625,24,4,4,True
2018-08-21,19.0075,24,4,4,True
2018-08-22,19.6279,24,4,4,True
2018-08-23,20.2974,24,4,4,True
2018-08-24,19.9629,24,4,4,True
2018-08-25,18.1910,24,4,4,True
2018-08-26,17.3120,24,4,4,True
2018-08-27,17.4348,24,4,4,True
2018-08-28,18.3327,24,4,4,True
2018-08-29,19.1600,24,4,4,True
2018-08-30,18.4723,24,4,4,True
2018-08-31,17.8053,24,4,4,True
2018-09-01,17.7538,24,4,4,True
2018-09-02,16.8863,24,4,4,True
2018-09-03,16.3362,24,4,4,True
2018-09-04,16.8029,24,4,4,True
2018-09-05,17.4110,24,4,4,True
2018-09-06,17.9652,24,4,4,True
2018-09-07,18.3674,24,4,4,True
2018-09-08,17.5081,24,4,4,True
2018-09-09,17.4656,24,4,4,True
2018-09-10,17.8134,24,4,4,True
2018-09-11,17.9629,24,4,4,True
2018-09-12,18.3237,24,4,4,True
2018-09-13,18.6884,24,4,4,True
2018-09-14,18.4089,24,4,4,True
2018-09-15,17.8620,24,4,4,True
2018-09-16,17.6618,24,4,4,True
2018-09-17,18.4535,24,4,4,True
2018-09-18,19.0144,24,4,4,True
2018-09-19,19.1075,24,4,4,True
2018-09-20,18.9420,24,4,4,True
2018-09-21,18.8735,24,4,4,True
2018-09-22,18.3009,24,4,4,True
2018-09-23,18.0740,24,4,4,True
2018-09-24,17.9611,24,4,4,True
2018-09-25,15.6162,24,4,4,True
2018-09-26,15.1752,24,4,4,True
2018-09-27,15.9871,24,4,4,True
2018-09-28,16.3435,24,4,4,True
2018-09-29,16.4640,24,4,4,True
2018-09-30,15.7218,24,4,4,True
2018-10-01,14.8907,24,4,4,True
2018-10-02,13.2694,24,4,4,True
2018-10-03,13.5781,24,4,4,True
2018-10-04,13.7914,24,4,4,True
2018-10-05,14.2140,24,4,4,True
2018-10-06,15.1757,24,4,4,True
2018-10-07,14.8430,24,4,4,True
2018-10-08,14.3225,24,4,4,True
2018-10-09,14.6136,24,4,4,True
2018-10-10,15.6234,24,4,4,True
2018-10-11,16.1342,24,4,4,True
2018-10-12,17.0750,24,4,4,True
2018-10-13,17.8125,24,4,4,True
2018-10-14,17.9849,24,4,4,True
2018-10-15,16.9055,24,4,4,True
2018-10-16,16.0778,24,4,4,True
2018-10-17,16.1315,24,4,4,True
2018-10-18,15.9595,24,4,4,True
2018-10-19,15.9435,24,4,4,True
2018-10-20,15.8135,24,4,4,True
2018-10-21,15.4117,24,4,4,True
2018-10-22,14.7593,24,4,4,True
2018-10-23,13.7446,24,4,4,True
2018-10-24,13.1825,24,4,4,True
2018-10-25,12.9939,24,4,4,True
2018-10-26,13.1545,24,4,4,True
2018-10-27,12.8471,24,4,4,True
2018-10-28,11.2496,24,4,4,True
2018-10-29,9.9735,24,4,4,True
2018-10-30,9.4927,24,4,4,True
2018-10-31,9.6763,24,4,4,True
2018-11-01,10.3518,24,4,4,True
2018-11-02,10.5853,24,4,4,True
2018-11-03,10.1616,24,4,4,True
2018-11-04,9.7318,24,4,4,True
2018-11-05,10.7659,24,4,4,True
2018-11-06,11.3649,24,4,4,True
2018-11-07,11.4438,24,4,4,True
2018-11-08,11.2390,24,4,4,True
2018-11-09,11.1032,24,4,4,True
2018-11-10,11.3100,24,4,4,True
2018-11-11,11.8180,24,4,4,True
2018-11-12,12.3400,24,4,4,True
2018-11-13,12.6906,24,4,4,True
2018-11-14,12.6834,24,4,4,True
2018-11-15,12.7436,24,4,4,True
2018-11-16,12.7467,24,4,4,True
2018-11-17,12.1977,24,4,4,True
2018-11-18,11.5267,24,4,4,True
2018-11-19,10.4687,24,4,4,True
2018-11-20,9.0035,24,4,4,True
2018-11-21,8.2135,24,4,4,True
2018-11-22,8.1260,24,4,4,True
2018-11-23,8.3608,24,4,4,True
2018-11-24,7.8779,24,4,4,True
2018-11-25,7.9772,24,4,4,True
2018-11-26,8.3880,24,4,4,True
2018-11-27,8.0458,24,4,4,True
2018-11-28,8.2976,24,4,4,True
2018-11-29,8.3740,24,4,4,True
2018-11-30,9.2519,24,4,4,True
2018-12-01,9.2600,24,4,4,True
2018-12-02,10.0348,24,4,4,True
2018-12-03,10.9120,24,4,4,True
2018-12-04,11.6575,24,4,4,True
2018-12-05,11.2764,12,2,4,False
2018-12-06,,0,0,,False
2018-12-07,,0,0,,False
2018-12-08,,0,0,,False
2018-12-09,,0,0,,False
2018-12-10,,0,0,,False
2018-12-11,,0,0,,False
2018-12-12,,0,0,,False
2018-12-13,,0,0,,False
2018-12-14,,0,0,,False
2018-12-15,,0,0,,False
2018-12-16,,0,0,,False
2018-12-17,,0,0,,False
2018-12-18,,0,0,,False
2018-12-19,,0,0,,False
2018-12-20,,0,0,,False
2018-12-21,,0,0,,False
2018-12-22,,0,0,,False
2018-12-23,,0,0,,False
2018-12-24,,0,0,,False
2018-12-25,,0,0,,False
2018-12-26,,0,0,,False
2018-12-27,,0,0,,False
2018-12-28,,0,0,,False
2018-12-29,,0,0,,False
2018-12-30,,0,0,,False
2018-12-31,,0,0,,False
2019-01-01,,0,0,,False
2019-01-02,,0,0,,False
2019-01-03,,0,0,,False
2019-01-04,,0,0,,False
2019-01-05,,0,0,,False
2019-01-06,,0,0,,False
2019-01-07,,0,0,,False
2019-01-08,,0,0,,False
2019-01-09,,0,0,,False
2019-01-10,,0,0,,False
2019-01-11,,0,0,,False
2019-01-12,,0,0,,False
2019-01-13,,0,0,,False
2019-01-14,,0,0,,False
2019-01-15,,0,0,,False
2019-01-16,,0,0,,False
2019-01-17,,0,0,,False
2019-01-18,,0,0,,False
2019-01-19,,0,0,,False
2019-01-20,,0,0,,False
2019-01-21,,0,0,,False
2019-01-22,,0,0,,False
2019-01-23,,0,0,,False
2019-01-24,,0,0,,False
2019-01-25,,0,0,,False
2019-01-26,,0,0,,False
2019-01-27,,0,0,,False
2019-01-28,,0,0,,False
2019-01-29,,0,0,,False
2019-01-30,,0,0,,False
2019-01-31,,0,0,,False
2019-02-01,,0,0,,False
2019-02-02,,0,0,,False
2019-02-03,,0,0,,False
2019-02-04,,0,0,,False
2019-02-05,,0,0,,False
2019-02-06,,0,0,,False
2019-02-07,,0,0,,False
2019-02-08,,0,0,,False
2019-02-09,,0,0,,False
2019-02-10,,0,0,,False
2019-02-11,,0,0,,False
2019-02-12,,0,0,,False
2019-02-13,,0,0,,False
2019-02-14,,0,0,,False
2019-02-15,,0,0,,False
2019-02-16,,0,0,,False
2019-02-17,,0,0,,False
2019-02-18,,0,0,,False
2019-02-19,,0,0,,False
2019-02-20,,0,0,,False
2019-02-21,,0,0,,False
2019-02-22,,0,0,,False
2019-02-23,,0,0,,False
2019-02-24,,0,0,,False
2019-02-25,,0,0,,False
2019-02-26,,0,0,,False
2019-02-27,,0,0,,False
2019-02-28,,0,0,,False
2019-03-01,10.5312,24,4,4,True
2019-03-02,10.3618,24,4,4,True
2019-03-03,9.9540,24,4,4,True
2019-03-04,10.5355,24,4,4,True
2019-03-05,10.4165,24,4,4,True
2019-03-06,10.9512,24,4,4,True
2019-03-07,10.9262,24,4,4,True
2019-03-08,10.2159,24,4,4,True
2019-03-09,10.5065,24,4,4,True
2019-03-10,11.4710,24,4,4,True
2019-03-11,11.0572,24,4,4,True
2019-03-12,10.0274,24,4,4,True
2019-03-13,10.5599,24,4,4,True
2019-03-14,10.1811,24,4,4,True
2019-03-15,10.7165,24,4,4,True
2019-03-16,11.3830,24,4,4,True
2019-03-17,11.0664,24,4,4,True
2019-03-18,10.2993,24,4,4,True
2019-03-19,10.2445,24,4,4,True
2019-03-20,9.5432,24,4,4,True
2019-03-21,9.3695,24,4,4,True
2019-03-22,9.5588,24,4,4,True
2019-03-23,10.2665,24,4,4,True
2019-03-24,10.8163,24,4,4,True
2019-03-25,10.8282,24,4,4,True
2019-03-26,10.0499,24,4,4,True
2019-03-27,9.6748,24,4,4,True
2019-03-28,9.8530,24,4,4,True
2019-03-29,10.4579,24,4,4,True
2019-03-30,11.3231,24,4,4,True
2019-03-31,11.6085,22,4,4,True
2019-04-01,12.2118,24,4,4,True
2019-04-02,12.9866,24,4,4,True
2019-04-03,12.0433,24,4,4,True
2019-04-04,10.7812,24,4,4,True
2019-04-05,10.7695,24,4,4,True
2019-04-06,10.9284,24,4,4,True
2019-04-07,10.3755,24,4,4,True
2019-04-08,10.4970,24,4,4,True
2019-04-09,11.4407,24,4,4,True
2019-04-10,11.9839,24,4,4,True
2019-04-11,11.8568,24,4,4,True
2019-04-12,11.6882,24,4,4,True
2019-04-13,11.3462,24,4,4,True
2019-04-14,10.7308,24,4,4,True
2019-04-15,10.6715,24,4,4,True
2019-04-16,11.8999,24,4,4,True
2019-04-17,12.3483,24,4,4,True
2019-04-18,12.7975,24,4,4,True
2019-04-19,13.5094,24,4,4,True
2019-04-20,13.5783,24,4,4,True
2019-04-21,13.3290,24,4,4,True
2019-04-22,12.9193,24,4,4,True
2019-04-23,13.4025,24,4,4,True
2019-04-24,13.8306,24,4,4,True
2019-04-25,13.8449,24,4,4,True
2019-04-26,13.0000,24,4,4,True
2019-04-27,12.5142,24,4,4,True
2019-04-28,12.3531,24,4,4,True
2019-04-29,12.5428,24,4,4,True
2019-04-30,12.4287,24,4,4,True
2019-05-01,12.6348,24,4,4,True
2019-05-02,13.4833,24,4,4,True
2019-05-03,13.0993,24,4,4,True
2019-05-04,12.5393,24,4,4,True
2019-05-05,11.4749,24,4,4,True
2019-05-06,10.7543,24,4,4,True
2019-05-07,11.0263,24,4,4,True
2019-05-08,12.3803,24,4,4,True
2019-05-09,12.8228,24,4,4,True
2019-05-10,13.5989,24,4,4,True
2019-05-11,14.3456,24,4,4,True
2019-05-12,13.9867,24,4,4,True
2019-05-13,13.0995,24,4,4,True
2019-05-14,12.8047,24,4,4,True
2019-05-15,12.8239,24,4,4,True
2019-05-16,12.7544,24,4,4,True
2019-05-17,13.1285,24,4,4,True
2019-05-18,13.1213,24,4,4,True
2019-05-19,12.7375,24,4,4,True
2019-05-20,12.9103,24,4,4,True
2019-05-21,13.0403,24,4,4,True
2019-05-22,13.4910,24,4,4,True
2019-05-23,14.0847,24,4,4,True
2019-05-24,14.6957,24,4,4,True
2019-05-25,15.0124,24,4,4,True
2019-05-26,15.0355,24,4,4,True
2019-05-27,14.8910,24,4,4,True
2019-05-28,14.5310,24,4,4,True
2019-05-29,14.2446,24,4,4,True
2019-05-30,14.2831,24,4,4,True
2019-05-31,14.9142,24,4,4,True
2019-06-01,15.8246,24,4,4,True
2019-06-02,16.4008,24,4,4,True
2019-06-03,16.9353,24,4,4,True
2019-06-04,17.3841,24,4,4,True
2019-06-05,16.3763,24,4,4,True
2019-06-06,15.4393,24,4,4,True
2019-06-07,15.4693,24,4,4,True
2019-06-08,14.7856,24,4,4,True
2019-06-09,14.8898,24,4,4,True
2019-06-10,14.8580,24,4,4,True
2019-06-11,14.5300,24,4,4,True
2019-06-12,14.4101,24,4,4,True
2019-06-13,14.5677,24,4,4,True
2019-06-14,14.9647,24,4,4,True
2019-06-15,14.9170,24,4,4,True
2019-06-16,15.0893,24,4,4,True
2019-06-17,15.6532,24,4,4,True
2019-06-18,16.8216,24,4,4,True
2019-06-19,17.6253,24,4,4,True
2019-06-20,17.4783,24,4,4,True
2019-06-21,16.7131,24,4,4,True
2019-06-22,16.7078,24,4,4,True
2019-06-23,17.0815,24,4,4,True
2019-06-24,17.9461,24,4,4,True
2019-06-25,18.5624,24,4,4,True
2019-06-26,19.4289,24,4,4,True
2019-06-27,20.3272,24,4,4,True
2019-06-28,20.2557,24,4,4,True
2019-06-29,20.3948,24,4,4,True
2019-06-30,20.4263,24,4,4,True
2019-07-01,19.7874,24,4,4,True
2019-07-02,19.1580,24,4,4,True
2019-07-03,19.7410,24,4,4,True
2019-07-04,20.2657,24,4,4,True
2019-07-05,20.4604,24,4,4,True
2019-07-06,21.2379,24,4,4,True
2019-07-07,21.0936,24,4,4,True
2019-07-08,20.2713,24,4,4,True
2019-07-09,19.6070,24,4,4,True
2019-07-10,19.2909,24,4,4,True
2019-07-11,19.3444,24,4,4,True
2019-07-12,19.5911,24,4,4,True
2019-07-13,19.7438,24,4,4,True
2019-07-14,19.3533,24,4,4,True
2019-07-15,18.7488,24,4,4,True
2019-07-16,18.2544,24,4,4,True
2019-07-17,18.7081,24,4,4,True
2019-07-18,18.9738,24,4,4,True
2019-07-19,18.7478,24,4,4,True
2019-07-20,19.1125,24,4,4,True
2019-07-21,20.0572,24,4,4,True
2019-07-22,20.4730,24,4,4,True
2019-07-23,21.2309,24,4,4,True
2019-07-24,22.1795,24,4,4,True
2019-07-25,22.4765,24,4,4,True
2019-07-26,21.8200,24,4,4,True
2019-07-27,19.8362,24,4,4,True
2019-07-28,18.5952,24,4,4,True
2019-07-29,18.1869,24,4,4,True
2019-07-30,18.6119,24,4,4,True
2019-07-31,17.7192,24,4,4,True
2019-08-01,17.1414,24,4,4,True
2019-08-02,17.6300,24,4,4,True
2019-08-03,18.1364,24,4,4,True
2019-08-04,18.7022,24,4,4,True
2019-08-05,19.5663,24,4,4,True
2019-08-06,19.8430,24,4,4,True
2019-08-07,19.9758,24,4,4,True
2019-08-08,20.0840,24,4,4,True
2019-08-09,20.9803,24,4,4,True
2019-08-10,20.6901,24,4,4,True
2019-08-11,19.4693,24,4,4,True
2019-08-12,18.4050,24,4,4,True
2019-08-13,17.5509,24,4,4,True
2019-08-14,16.9489,24,4,4,True
2019-08-15,17.8720,24,4,4,True
2019-08-16,17.5330,24,4,4,True
2019-08-17,17.6985,24,4,4,True
2019-08-18,18.3683,24,4,4,True
2019-08-19,18.5059,24,4,4,True
2019-08-20,17.8035,24,4,4,True
2019-08-21,17.1057,24,4,4,True
2019-08-22,16.7783,24,4,4,True
2019-08-23,16.8210,24,4,4,True
2019-08-24,17.5052,24,4,4,True
2019-08-25,18.8132,24,4,4,True
2019-08-26,19.0302,24,4,4,True
2019-08-27,19.5276,24,4,4,True
2019-08-28,19.5039,24,4,4,True
2019-08-29,19.5325,24,4,4,True
2019-08-30,19.8032,24,4,4,True
2019-08-31,20.1107,24,4,4,True
2019-09-01,19.6140,24,4,4,True
2019-09-02,18.5298,24,4,4,True
2019-09-03,16.9985,24,4,4,True
2019-09-04,16.3258,24,4,4,True
2019-09-05,16.6683,24,4,4,True
2019-09-06,15.5985,24,4,4,True
2019-09-07,14.6853,24,4,4,True
2019-09-08,15.3588,24,4,4,True
2019-09-09,14.3412,24,4,4,True
2019-09-10,14.9289,24,4,4,True
2019-09-11,14.8280,24,4,4,True
2019-09-12,14.6517,24,4,4,True
2019-09-13,14.9487,24,4,4,True
2019-09-14,15.8203,24,4,4,True
2019-09-15,16.0568,24,4,4,True
2019-09-16,16.5791,24,4,4,True
2019-09-17,16.9947,24,4,4,True
2019-09-18,17.8322,24,4,4,True
2019-09-19,18.1969,24,4,4,True
2019-09-20,17.2772,24,4,4,True
2019-09-21,18.2326,24,4,4,True
2019-09-22,18.3059,24,4,4,True
2019-09-23,16.6703,24,4,4,True
2019-09-24,16.5980,24,4,4,True
2019-09-25,16.7924,24,4,4,True
2019-09-26,16.9044,24,4,4,True
2019-09-27,16.4977,24,4,4,True
2019-09-28,16.6376,24,4,4,True
2019-09-29,15.8958,24,4,4,True
2019-09-30,16.8370,24,4,4,True
2019-10-01,16.6268,24,4,4,True
2019-10-02,16.4958,24,4,4,True
2019-10-03,15.8809,24,4,4,True
2019-10-04,15.1828,24,4,4,True
2019-10-05,15.0822,24,4,4,True
2019-10-06,15.4984,24,4,4,True
2019-10-07,14.9348,24,4,4,True
2019-10-08,14.7563,24,4,4,True
2019-10-09,15.3043,24,4,4,True
2019-10-10,14.7353,24,4,4,True
2019-10-11,13.6464,24,4,4,True
2019-10-12,14.6377,24,4,4,True
2019-10-13,15.6164,24,4,4,True
2019-10-14,16.4401,24,4,4,True
2019-10-15,15.7237,24,4,4,True
2019-10-16,14.0588,24,4,4,True
2019-10-17,14.2077,24,4,4,True
2019-10-18,14.2706,24,4,4,True
2019-10-19,14.3974,24,4,4,True
2019-10-20,14.3593,24,4,4,True
2019-10-21,13.8500,24,4,4,True
2019-10-22,12.7697,24,4,4,True
2019-10-23,13.0278,24,4,4,True
2019-10-24,13.9540,24,4,4,True
2019-10-25,13.6707,24,4,4,True
2019-10-26,13.3039,24,4,4,True
2019-10-27,13.8530,24,4,4,True
2019-10-28,14.2358,24,4,4,True
2019-10-29,14.1010,24,4,4,True
2019-10-30,14.3575,24,4,4,True
2019-10-31,14.6426,24,4,4,True
2019-11-01,14.3505,24,4,4,True
2019-11-02,14.6378,24,4,4,True
2019-11-03,14.3166,24,4,4,True
2019-11-04,13.8980,24,4,4,True
2019-11-05,13.2547,24,4,4,True
2019-11-06,12.7338,24,4,4,True
2019-11-07,12.6845,24,4,4,True
2019-11-08,11.9235,24,4,4,True
2019-11-09,11.8293,24,4,4,True
2019-11-10,11.8659,24,4,4,True
2019-11-11,11.1356,24,4,4,True
2019-11-12,11.2107,24,4,4,True
2019-11-13,11.6313,24,4,4,True
2019-11-14,11.2819,24,4,4,True
2019-11-15,10.6006,24,4,4,True
2019-11-16,10.4580,24,4,4,True
2019-11-17,10.5885,24,4,4,True
2019-11-18,10.7219,24,4,4,True
2019-11-19,10.3457,24,4,4,True
2019-11-20,9.6107,24,4,4,True
2019-11-21,9.4926,24,4,4,True
2019-11-22,9.7766,24,4,4,True
2019-11-23,10.5457,24,4,4,True
2019-11-24,10.6700,24,4,4,True
2019-11-25,10.7095,24,4,4,True
2019-11-26,11.1153,24,4,4,True
2019-11-27,11.6546,24,4,4,True
2019-11-28,11.8344,24,4,4,True
2019-11-29,11.9448,24,4,4,True
2019-11-30,11.3396,24,4,4,True
2019-12-01,11.1387,24,4,4,True
2019-12-02,10.8644,24,4,4,True
2019-12-03,9.7200,24,4,4,True
2019-12-04,9.3918,24,4,4,True
2019-12-05,10.0342,24,4,4,True
2019-12-06,9.6456,24,4,4,True
2019-12-07,9.9580,24,4,4,True
2019-12-08,10.7635,24,4,4,True
2019-12-09,11.0555,24,4,4,True
2019-12-10,10.1371,24,4,4,True
2019-12-11,9.7687,24,4,4,True
2019-12-12,9.9544,24,4,4,True
2019-12-13,10.6709,24,4,4,True
2019-12-14,11.2218,24,4,4,True
2019-12-15,10.6740,24,4,4,True
2019-12-16,11.0420,24,4,4,True
2019-12-17,11.6954,23,4,4,True
2019-12-18,11.7344,24,4,4,True
2019-12-19,11.7303,24,4,4,True
2019-12-20,11.7588,24,4,4,True
2019-12-21,11.2665,24,4,4,True
2019-12-22,10.7820,24,4,4,True
2019-12-23,10.2516,24,4,4,True
2019-12-24,11.2661,24,4,4,True
2019-12-25,12.0939,24,4,4,True
2019-12-26,11.2950,24,4,4,True
2019-12-27,10.3935,24,4,4,True
2019-12-28,10.8633,24,4,4,True
2019-12-29,10.2631,24,4,4,True
2019-12-30,9.3873,24,4,4,True
2019-12-31,9.1783,24,4,4,True
2020-01-01,9.7778,24,4,4,True
2020-01-02,9.2946,24,4,4,True
2020-01-03,9.2258,24,4,4,True
2020-01-04,10.2393,24,4,4,True
2020-01-05,9.1740,24,4,4,True
2020-01-06,8.4965,24,4,4,True
2020-01-07,9.3468,24,4,4,True
2020-01-08,9.2647,24,4,4,True
2020-01-09,9.1438,24,4,4,True
2020-01-10,9.9920,24,4,4,True
2020-01-11,8.7635,24,4,4,True
2020-01-12,7.4577,24,4,4,True
2020-01-13,7.0748,24,4,4,True
2020-01-14,7.6832,24,4,4,True
2020-01-15,8.7566,24,4,4,True
2020-01-16,9.1113,24,4,4,True
2020-01-17,9.3537,24,4,4,True
2020-01-18,8.4133,24,4,4,True
2020-01-19,8.2237,24,4,4,True
2020-01-20,6.8178,24,4,4,True
2020-01-21,7.4153,24,4,4,True
2020-01-22,8.4670,24,4,4,True
2020-01-23,9.5077,24,4,4,True
2020-01-24,9.4011,24,4,4,True
2020-01-25,8.8666,24,4,4,True
2020-01-26,9.0452,24,4,4,True
2020-01-27,8.4590,24,4,4,True
2020-01-28,9.3243,24,4,4,True
2020-01-29,9.2008,24,4,4,True
2020-01-30,10.0272,24,4,4,True
2020-01-31,10.7541,24,4,4,True
2020-02-01,10.7151,24,4,4,True
2020-02-02,11.1635,24,4,4,True
2020-02-03,11.0998,24,4,4,True
2020-02-04,11.0514,24,4,4,True
2020-02-05,9.3243,24,4,4,True
2020-02-06,8.2272,24,4,4,True
2020-02-07,8.8359,24,4,4,True
2020-02-08,8.9599,24,4,4,True
2020-02-09,9.7019,24,4,4,True
2020-02-10,10.9708,24,4,4,True
2020-02-11,11.3426,24,4,4,True
2020-02-12,10.8104,24,4,4,True
2020-02-13,10.2733,24,4,4,True
2020-02-14,10.6240,24,4,4,True
2020-02-15,9.8088,24,4,4,True
2020-02-16,10.4889,24,4,4,True
2020-02-17,10.7900,24,4,4,True
2020-02-18,9.9191,24,4,4,True
2020-02-19,9.4408,24,4,4,True
2020-02-20,8.9477,24,4,4,True
2020-02-21,9.1804,24,4,4,True
2020-02-22,8.9240,24,4,4,True
2020-02-23,8.9968,24,4,4,True
2020-02-24,8.8107,24,4,4,True
2020-02-25,9.6002,24,4,4,True
2020-02-26,9.7299,24,4,4,True
2020-02-27,9.7112,24,4,4,True
2020-02-28,10.2025,24,4,4,True
2020-02-29,10.5915,24,4,4,True
2020-03-01,10.6413,24,4,4,True
2020-03-02,10.3038,24,4,4,True
2020-03-03,9.5131,24,4,4,True
2020-03-04,9.1523,24,4,4,True
2020-03-05,10.4733,24,4,4,True
2020-03-06,9.7285,24,4,4,True
2020-03-07,9.6162,24,4,4,True
2020-03-08,10.6623,24,4,4,True
2020-03-09,10.9732,24,4,4,True
2020-03-10,11.0154,24,4,4,True
2020-03-11,11.2022,24,4,4,True
2020-03-12,11.0802,24,4,4,True
2020-03-13,11.5804,24,4,4,True
2020-03-14,10.6384,24,4,4,True
2020-03-15,10.5734,24,4,4,True
2020-03-16,11.6242,24,4,4,True
2020-03-17,11.8898,24,4,4,True
2020-03-18,12.2085,24,4,4,True
2020-03-19,12.4273,24,4,4,True
2020-03-20,12.1896,24,4,4,True
2020-03-21,12.0358,24,4,4,True
2020-03-22,12.0413,24,4,4,True
2020-03-23,12.0153,24,4,4,True
2020-03-24,12.1180,24,4,4,True
2020-03-25,11.9663,24,4,4,True
2020-03-26,11.1311,24,4,4,True
2020-03-27,10.3203,24,4,4,True
2020-03-28,10.9032,24,4,4,True
2020-03-29,11.0640,22,4,4,True
2020-03-30,10.1267,24,4,4,True
2020-03-31,9.8565,24,4,4,True
2020-04-01,11.1664,24,4,4,True
2020-04-02,11.0695,24,4,4,True
2020-04-03,11.5658,24,4,4,True
2020-04-04,11.1447,24,4,4,True
2020-04-05,11.9411,24,4,4,True
2020-04-06,12.5313,24,4,4,True
2020-04-07,12.7491,24,4,4,True
2020-04-08,13.4338,24,4,4,True
2020-04-09,13.5211,24,4,4,True
2020-04-10,13.3345,24,4,4,True
2020-04-11,13.2865,24,4,4,True
2020-04-12,13.5135,24,4,4,True
2020-04-13,13.4985,24,4,4,True
2020-04-14,13.5092,24,4,4,True
2020-04-15,13.4091,24,4,4,True
2020-04-16,14.0796,24,4,4,True
2020-04-17,14.6616,24,4,4,True
2020-04-18,14.9547,24,4,4,True
2020-04-19,14.8183,24,4,4,True
2020-04-20,14.5040,24,4,4,True
2020-04-21,14.3653,24,4,4,True
2020-04-22,14.2875,24,4,4,True
2020-04-23,14.2986,24,4,4,True
2020-04-24,14.1073,24,4,4,True
2020-04-25,14.9633,24,4,4,True
2020-04-26,15.3340,24,4,4,True
2020-04-27,14.8720,24,4,4,True
2020-04-28,14.5830,24,4,4,True
2020-04-29,14.2863,24,4,4,True
2020-04-30,14.6187,24,4,4,True
2020-05-01,14.5490,24,4,4,True
2020-05-02,15.1000,24,4,4,True
2020-05-03,15.6939,24,4,4,True
2020-05-04,16.0108,24,4,4,True
2020-05-05,16.8905,24,4,4,True
2020-05-06,16.4471,24,4,4,True
2020-05-07,16.1005,24,4,4,True
2020-05-08,16.6564,24,4,4,True
2020-05-09,16.7259,24,4,4,True
2020-05-10,16.3935,24,4,4,True
2020-05-11,15.8452,24,4,4,True
2020-05-12,14.9557,24,4,4,True
2020-05-13,15.0403,24,4,4,True
2020-05-14,15.1081,24,4,4,True
2020-05-15,15.3988,24,4,4,True
2020-05-16,15.5510,24,4,4,True
2020-05-17,15.5817,24,4,4,True
2020-05-18,15.5298,24,4,4,True
2020-05-19,16.0276,24,4,4,True
2020-05-20,16.2084,24,4,4,True
2020-05-21,16.8250,24,4,4,True
2020-05-22,17.2494,24,4,4,True
2020-05-23,17.1850,24,4,4,True
2020-05-24,15.5249,24,4,4,True
2020-05-25,15.6084,24,4,4,True
2020-05-26,16.2901,24,4,4,True
2020-05-27,16.6385,24,4,4,True
2020-05-28,17.1315,24,4,4,True
2020-05-29,17.1296,24,4,4,True
2020-05-30,17.4260,24,4,4,True
2020-05-31,17.5489,24,4,4,True
2020-06-01,17.7342,24,4,4,True
2020-06-02,17.4795,24,4,4,True
2020-06-03,17.5638,24,4,4,True
2020-06-04,17.1593,24,4,4,True
2020-06-05,16.0787,24,4,4,True
2020-06-06,16.1929,24,4,4,True
2020-06-07,16.1750,24,4,4,True
2020-06-08,15.5689,24,4,4,True
2020-06-09,15.4802,24,4,4,True
2020-06-10,15.3986,24,4,4,True
2020-06-11,15.2814,24,4,4,True
2020-06-12,15.3250,24,4,4,True
2020-06-13,15.8273,24,4,4,True
2020-06-14,15.9962,24,4,4,True
2020-06-15,16.3111,24,4,4,True
2020-06-16,16.2585,24,4,4,True
2020-06-17,16.1781,24,4,4,True
2020-06-18,15.7776,24,4,4,True
2020-06-19,15.9860,24,4,4,True
2020-06-20,16.3814,24,4,4,True
2020-06-21,16.7882,24,4,4,True
2020-06-22,17.3675,24,4,4,True
2020-06-23,17.4675,24,4,4,True
2020-06-24,18.1176,24,4,4,True
2020-06-25,19.1640,24,4,4,True
2020-06-26,19.9274,24,4,4,True
2020-06-27,20.1137,24,4,4,True
2020-06-28,19.9232,24,4,4,True
2020-06-29,19.3463,24,4,4,True
2020-06-30,18.3860,24,4,4,True
2020-07-01,18.4842,24,4,4,True
2020-07-02,18.5743,24,4,4,True
2020-07-03,17.7492,24,4,4,True
2020-07-04,17.1245,24,4,4,True
2020-07-05,17.6002,24,4,4,True
2020-07-06,18.3583,24,4,4,True
2020-07-07,17.7450,24,4,4,True
2020-07-08,17.5505,24,4,4,True
2020-07-09,18.0829,24,4,4,True
2020-07-10,18.8855,24,4,4,True
2020-07-11,19.0332,24,4,4,True
2020-07-12,18.2940,24,4,4,True
2020-07-13,18.5596,24,4,4,True
2020-07-14,18.4864,24,4,4,True
2020-07-15,18.1206,24,4,4,True
2020-07-16,17.4953,24,4,4,True
2020-07-17,17.5588,24,4,4,True
2020-07-18,17.8876,24,4,4,True
2020-07-19,18.2434,24,4,4,True
2020-07-20,19.0670,24,4,4,True
2020-07-21,19.9820,24,4,4,True
2020-07-22,20.4760,24,4,4,True
2020-07-23,20.8841,24,4,4,True
2020-07-24,20.4113,24,4,4,True
2020-07-25,19.5565,24,4,4,True
2020-07-26,19.6020,24,4,4,True
2020-07-27,19.8890,24,4,4,True
2020-07-28,20.5621,24,4,4,True
2020-07-29,20.3717,24,4,4,True
2020-07-30,20.8764,24,4,4,True
2020-07-31,21.8756,24,4,4,True
2020-08-01,21.6336,24,4,4,True
2020-08-02,20.3826,24,4,4,True
2020-08-03,19.1015,24,4,4,True
2020-08-04,19.0142,24,4,4,True
2020-08-05,18.0730,24,4,4,True
2020-08-06,18.0700,24,4,4,True
2020-08-07,18.6854,24,4,4,True
2020-08-08,20.1900,24,4,4,True
2020-08-09,21.1294,24,4,4,True
2020-08-10,21.6463,24,4,4,True
2020-08-11,21.7459,24,4,4,True
2020-08-12,22.1122,24,4,4,True
2020-08-13,20.7886,24,4,4,True
2020-08-14,19.8320,24,4,4,True
2020-08-15,19.6020,24,4,4,True
2020-08-16,19.9142,24,4,4,True
2020-08-17,19.1669,24,4,4,True
2020-08-18,19.3731,24,4,4,True
2020-08-19,19.5168,24,4,4,True
2020-08-20,20.7300,24,4,4,True
2020-08-21,21.6562,24,4,4,True
2020-08-22,20.7825,24,4,4,True
2020-08-23,20.0640,24,4,4,True
2020-08-24,19.5455,24,4,4,True
2020-08-25,18.8430,24,4,4,True
2020-08-26,19.7606,24,4,4,True
2020-08-27,19.8300,24,4,4,True
2020-08-28,19.8102,24,4,4,True
2020-08-29,18.2176,24,4,4,True
2020-08-30,17.5092,24,4,4,True
2020-08-31,16.6624,24,4,4,True
2020-09-01,16.4640,24,4,4,True
2020-09-02,15.9963,24,4,4,True
2020-09-03,15.7428,24,4,4,True
2020-09-04,16.0040,24,4,4,True
2020-09-05,17.0352,24,4,4,True
2020-09-06,17.6273,24,4,4,True
2020-09-07,16.5889,24,4,4,True
2020-09-08,15.5278,24,4,4,True
2020-09-09,15.4863,24,4,4,True
2020-09-10,16.4619,24,4,4,True
2020-09-11,17.4814,24,4,4,True
2020-09-12,17.3645,24,4,4,True
2020-09-13,16.8608,24,4,4,True
2020-09-14,17.5777,24,4,4,True
2020-09-15,18.4991,24,4,4,True
2020-09-16,18.6170,24,4,4,True
2020-09-17,18.2277,24,4,4,True
2020-09-18,18.6120,24,4,4,True
2020-09-19,18.7687,24,4,4,True
2020-09-20,18.4981,24,4,4,True
2020-09-21,18.4318,24,4,4,True
2020-09-22,18.2653,24,4,4,True
2020-09-23,17.6163,24,4,4,True
2020-09-24,17.7828,24,4,4,True
2020-09-25,16.0334,24,4,4,True
2020-09-26,14.3147,24,4,4,True
2020-09-27,13.5195,24,4,4,True
2020-09-28,13.6645,24,4,4,True
2020-09-29,13.3741,24,4,4,True
2020-09-30,13.1062,24,4,4,True
2020-10-01,13.6617,24,4,4,True
2020-10-02,13.7308,24,4,4,True
2020-10-03,13.0642,24,4,4,True
2020-10-04,13.1415,24,4,4,True
2020-10-05,13.2650,24,4,4,True
2020-10-06,13.9437,24,4,4,True
2020-10-07,15.0523,24,4,4,True
2020-10-08,15.1698,24,4,4,True
2020-10-09,15.1319,24,4,4,True
2020-10-10,15.3520,24,4,4,True
2020-10-11,14.2775,24,4,4,True
2020-10-12,13.2348,24,4,4,True
2020-10-13,13.1155,24,4,4,True
2020-10-14,13.0381,24,4,4,True
2020-10-15,12.4923,24,4,4,True
2020-10-16,11.6383,24,4,4,True
2020-10-17,11.8305,24,4,4,True
2020-10-18,11.3790,24,4,4,True
2020-10-19,11.3561,24,4,4,True
2020-10-20,12.9453,24,4,4,True
2020-10-21,14.4009,24,4,4,True
2020-10-22,15.2385,24,4,4,True
2020-10-23,15.3390,24,4,4,True
2020-10-24,14.3374,24,4,4,True
2020-10-25,13.3942,24,4,4,True
2020-10-26,13.0512,24,4,4,True
2020-10-27,12.7780,24,4,4,True
2020-10-28,13.4574,24,4,4,True
2020-10-29,13.2799,24,4,4,True
2020-10-30,12.7819,24,4,4,True
2020-10-31,12.3411,24,4,4,True
2020-11-01,12.4396,24,4,4,True
2020-11-02,13.0390,24,4,4,True
2020-11-03,13.6259,24,4,4,True
2020-11-04,12.8511,24,4,4,True
2020-11-05,11.4945,24,4,4,True
2020-11-06,11.7923,24,4,4,True
2020-11-07,13.3309,24,4,4,True
2020-11-08,13.7280,24,4,4,True
2020-11-09,13.5825,24,4,4,True
2020-11-10,13.6176,24,4,4,True
2020-11-11,12.6833,24,4,4,True
2020-11-12,12.1404,24,4,4,True
2020-11-13,12.2340,24,4,4,True
2020-11-14,12.5504,24,4,4,True
2020-11-15,12.9255,24,4,4,True
2020-11-16,13.2771,24,4,4,True
2020-11-17,12.2139,24,4,4,True
2020-11-18,11.5431,24,4,4,True
2020-11-19,11.5816,24,4,4,True
2020-11-20,10.9497,24,4,4,True
2020-11-21,9.3563,24,4,4,True
2020-11-22,7.9812,24,4,4,True
2020-11-23,7.3438,24,4,4,True
2020-11-24,7.3058,24,4,4,True
2020-11-25,7.8745,24,4,4,True
2020-11-26,8.5645,24,4,4,True
2020-11-27,9.5587,24,4,4,True
2020-11-28,10.3732,24,4,4,True
2020-11-29,10.0237,24,4,4,True
2020-11-30,8.9465,24,4,4,True
2020-12-01,8.0252,24,4,4,True
2020-12-02,7.7593,24,4,4,True
2020-12-03,7.9864,24,4,4,True
2020-12-04,8.3526,24,4,4,True
2020-12-05,7.8773,24,4,4,True
2020-12-06,7.3595,24,4,4,True
2020-12-07,7.4873,24,4,4,True
2020-12-08,8.4003,24,4,4,True
2020-12-09,8.2258,24,4,4,True
2020-12-10,8.8504,24,4,4,True
2020-12-11,9.4110,24,4,4,True
2020-12-12,10.0403,24,4,4,True
2020-12-13,9.9052,24,4,4,True
2020-12-14,10.0023,24,4,4,True
2020-12-15,10.5395,24,4,4,True
2020-12-16,10.1056,24,4,4,True
2020-12-17,9.6701,24,4,4,True
2020-12-18,9.7809,24,4,4,True
2020-12-19,9.8502,24,4,4,True
2020-12-20,10.4895,24,4,4,True
2020-12-21,9.9468,24,4,4,True
2020-12-22,10.4385,24,4,4,True
2020-12-23,10.4629,24,4,4,True
2020-12-24,10.5600,24,4,4,True
2020-12-25,9.2479,24,4,4,True
2020-12-26,7.9613,24,4,4,True
2020-12-27,7.2809,24,4,4,True
2020-12-28,7.9200,24,4,4,True
2020-12-29,6.3926,24,4,4,True
2020-12-30,6.4011,24,4,4,True
2020-12-31,8.1728,24,4,4,True
2021-01-01,8.2062,24,4,4,True
2021-01-02,7.5835,24,4,4,True
2021-01-03,7.0836,24,4,4,True
2021-01-04,7.3272,24,4,4,True
2021-01-05,7.2435,24,4,4,True
2021-01-06,7.1142,24,4,4,True
2021-01-07,6.2462,24,4,4,True
2021-01-08,5.7227,24,4,4,True
2021-01-09,5.7101,24,4,4,True
2021-01-10,5.7860,24,4,4,True
2021-01-11,5.1598,24,4,4,True
2021-01-12,5.1571,24,4,4,True
2021-01-13,7.0432,24,4,4,True
2021-01-14,8.1591,24,4,4,True
2021-01-15,8.5040,24,4,4,True
2021-01-16,7.3242,24,4,4,True
2021-01-17,7.9904,24,4,4,True
2021-01-18,6.8726,24,4,4,True
2021-01-19,6.1257,24,4,4,True
2021-01-20,7.0219,24,4,4,True
2021-01-21,8.0903,24,4,4,True
2021-01-22,8.2611,24,4,4,True
2021-01-23,7.8929,24,4,4,True
2021-01-24,7.2428,24,4,4,True
2021-01-25,7.8210,24,4,4,True
2021-01-26,7.1757,24,4,4,True
2021-01-27,8.4078,24,4,4,True
2021-01-28,9.7953,24,4,4,True
2021-01-29,10.2160,24,4,4,True
2021-01-30,10.2600,24,4,4,True
2021-01-31,9.9703,24,4,4,True
2021-02-01,10.2631,24,4,4,True
2021-02-02,10.6609,24,4,4,True
2021-02-03,10.9618,24,4,4,True
2021-02-04,10.8387,24,4,4,True
2021-02-05,11.2157,24,4,4,True
2021-02-06,11.4013,24,4,4,True
2021-02-07,10.2720,24,4,4,True
2021-02-08,9.9215,24,4,4,True
2021-02-09,10.0720,24,4,4,True
2021-02-10,9.8088,24,4,4,True
2021-02-11,10.3138,24,4,4,True
2021-02-12,10.5955,24,4,4,True
2021-02-13,10.2335,24,4,4,True
2021-02-14,9.6455,24,4,4,True
2021-02-15,9.3574,24,4,4,True
2021-02-16,9.9242,24,4,4,True
2021-02-17,10.4533,24,4,4,True
2021-02-18,10.8528,24,4,4,True
2021-02-19,11.2508,24,4,4,True
2021-02-20,11.2500,24,4,4,True
2021-02-21,10.9701,24,4,4,True
2021-02-22,11.1032,24,4,4,True
2021-02-23,11.4647,24,4,4,True
2021-02-24,12.2901,24,4,4,True
2021-02-25,12.0937,24,4,4,True
2021-02-26,11.2460,24,4,4,True
2021-02-27,10.7926,24,4,4,True
2021-02-28,10.0995,24,4,4,True
2021-03-01,10.8247,24,4,4,True
2021-03-02,11.3442,24,4,4,True
2021-03-03,11.1059,24,4,4,True
2021-03-04,10.9476,24,4,4,True
2021-03-05,10.9925,24,4,4,True
2021-03-06,10.5114,24,4,4,True
2021-03-07,10.7216,24,4,4,True
2021-03-08,11.1549,24,4,4,True
2021-03-09,10.4860,24,4,4,True
2021-03-10,9.5322,24,4,4,True
2021-03-11,11.1602,24,4,4,True
2021-03-12,11.6726,24,4,4,True
2021-03-13,10.7550,24,4,4,True
2021-03-14,10.8492,24,4,4,True
2021-03-15,10.4671,24,4,4,True
2021-03-16,10.8497,24,4,4,True
2021-03-17,11.3354,24,4,4,True
2021-03-18,10.1961,24,4,4,True
2021-03-19,9.5550,24,4,4,True
2021-03-20,8.6927,24,4,4,True
2021-03-21,8.6591,24,4,4,True
2021-03-22,9.1962,24,4,4,True
2021-03-23,9.4666,24,4,4,True
2021-03-24,9.8035,24,4,4,True
2021-03-25,10.8892,24,4,4,True
2021-03-26,10.8774,24,4,4,True
2021-03-27,11.4638,24,4,4,True
2021-03-28,10.9512,22,4,4,True
2021-03-29,11.4000,24,4,4,True
2021-03-30,12.5517,24,4,4,True
2021-03-31,13.1352,24,4,4,True
2021-04-01,13.3890,24,4,4,True
2021-04-02,13.3910,24,4,4,True
2021-04-03,13.5794,24,4,4,True
2021-04-04,12.3094,24,4,4,True
2021-04-05,12.0652,24,4,4,True
2021-04-06,11.9898,24,4,4,True
2021-04-07,10.1653,24,4,4,True
2021-04-08,9.5339,24,4,4,True
2021-04-09,10.8810,24,4,4,True
2021-04-10,12.0915,24,4,4,True
2021-04-11,12.5274,24,4,4,True
2021-04-12,11.2276,24,4,4,True
2021-04-13,10.0575,24,4,4,True
2021-04-14,10.0277,24,4,4,True
2021-04-15,9.9807,24,4,4,True
2021-04-16,9.6992,24,4,4,True
2021-04-17,9.3347,24,4,4,True
2021-04-18,9.8046,24,4,4,True
2021-04-19,10.3704,24,4,4,True
2021-04-20,11.0048,24,4,4,True
2021-04-21,12.0267,24,4,4,True
2021-04-22,12.5893,24,4,4,True
2021-04-23,12.5935,24,4,4,True
2021-04-24,13.0882,24,4,4,True
2021-04-25,13.4592,24,4,4,True
2021-04-26,12.9840,24,4,4,True
2021-04-27,12.8250,24,4,4,True
2021-04-28,13.2207,24,4,4,True
2021-04-29,12.9538,24,4,4,True
2021-04-30,12.6240,24,4,4,True
2021-05-01,12.3381,24,4,4,True
2021-05-02,11.9472,24,4,4,True
2021-05-03,11.7563,24,4,4,True
2021-05-04,12.1492,24,4,4,True
2021-05-05,12.8833,24,4,4,True
2021-05-06,12.9342,24,4,4,True
2021-05-07,13.6445,24,4,4,True
2021-05-08,14.2242,24,4,4,True
2021-05-09,14.9916,24,4,4,True
2021-05-10,14.8998,24,4,4,True
2021-05-11,14.0548,24,4,4,True
2021-05-12,12.9758,24,4,4,True
2021-05-13,12.7998,24,4,4,True
2021-05-14,13.0378,24,4,4,True
2021-05-15,13.3039,24,4,4,True
2021-05-16,13.7669,24,4,4,True
2021-05-17,13.5445,24,4,4,True
2021-05-18,13.1726,24,4,4,True
2021-05-19,13.1344,24,4,4,True
2021-05-20,13.0276,24,4,4,True
2021-05-21,13.3882,24,4,4,True
2021-05-22,13.2747,24,4,4,True
2021-05-23,13.2569,24,4,4,True
2021-05-24,13.1064,24,4,4,True
2021-05-25,13.3030,24,4,4,True
2021-05-26,13.1934,24,4,4,True
2021-05-27,13.5968,24,4,4,True
2021-05-28,14.6383,24,4,4,True
2021-05-29,15.6155,24,4,4,True
2021-05-30,15.9136,24,4,4,True
2021-05-31,16.5709,24,4,4,True
2021-06-01,17.0543,24,4,4,True
2021-06-02,17.0513,24,4,4,True
2021-06-03,17.2098,24,4,4,True
2021-06-04,17.0255,24,4,4,True
2021-06-05,16.3756,24,4,4,True
2021-06-06,16.1572,24,4,4,True
2021-06-07,16.2743,24,4,4,True
2021-06-08,16.5917,24,4,4,True
2021-06-09,17.0769,24,4,4,True
2021-06-10,17.6706,24,4,4,True
2021-06-11,18.0236,24,4,4,True
2021-06-12,18.1820,24,4,4,True
2021-06-13,18.4694,24,4,4,True
2021-06-14,18.9598,24,4,4,True
2021-06-15,19.4841,24,4,4,True
2021-06-16,19.8084,24,4,4,True
2021-06-17,19.7011,24,4,4,True
2021-06-18,19.0609,24,4,4,True
2021-06-19,19.3849,24,4,4,True
2021-06-20,19.2393,24,4,4,True
2021-06-21,18.7735,24,4,4,True
2021-06-22,18.0097,24,4,4,True
2021-06-23,17.5488,24,4,4,True
2021-06-24,17.0205,24,4,4,True
2021-06-25,17.1532,24,4,4,True
2021-06-26,17.4546,24,4,4,True
2021-06-27,17.8433,24,4,4,True
2021-06-28,17.2684,24,4,4,True
2021-06-29,17.0284,24,4,4,True
2021-06-30,16.7646,24,4,4,True
2021-07-01,16.9380,24,4,4,True
2021-07-02,17.8640,24,4,4,True
2021-07-03,18.7675,24,4,4,True
2021-07-04,19.0233,24,4,4,True
2021-07-05,19.1006,24,4,4,True
2021-07-06,19.2561,24,4,4,True
2021-07-07,18.2583,24,4,4,True
2021-07-08,17.3527,24,4,4,True
2021-07-09,17.1831,24,4,4,True
2021-07-10,17.3743,24,4,4,True
2021-07-11,17.7321,24,4,4,True
2021-07-12,17.9274,24,4,4,True
2021-07-13,16.8737,24,4,4,True
2021-07-14,16.5930,24,4,4,True
2021-07-15,16.6941,24,4,4,True
2021-07-16,16.8736,24,4,4,True
2021-07-17,17.5072,24,4,4,True
2021-07-18,18.1573,24,4,4,True
2021-07-19,18.8291,24,4,4,True
2021-07-20,19.2363,24,4,4,True
2021-07-21,19.8319,24,4,4,True
2021-07-22,20.1765,24,4,4,True
2021-07-23,20.6417,24,4,4,True
2021-07-24,20.1095,24,4,4,True
2021-07-25,18.9756,24,4,4,True
2021-07-26,18.8132,24,4,4,True
2021-07-27,18.4823,24,4,4,True
2021-07-28,18.4882,24,4,4,True
2021-07-29,18.5892,24,4,4,True
2021-07-30,18.8102,24,4,4,True
2021-07-31,17.8065,24,4,4,True
2021-08-01,17.0978,24,4,4,True
2021-08-02,16.8130,24,4,4,True
2021-08-03,17.0532,24,4,4,True
2021-08-04,17.4915,24,4,4,True
2021-08-05,17.9422,24,4,4,True
2021-08-06,18.3000,24,4,4,True
2021-08-07,17.9205,24,4,4,True
2021-08-08,17.4417,24,4,4,True
2021-08-09,17.4754,24,4,4,True
2021-08-10,18.1424,24,4,4,True
2021-08-11,19.0025,24,4,4,True
2021-08-12,19.7955,24,4,4,True
2021-08-13,20.3437,24,4,4,True
2021-08-14,20.4539,24,4,4,True
2021-08-15,20.9384,24,4,4,True
2021-08-16,19.8193,24,4,4,True
2021-08-17,18.6130,24,4,4,True
2021-08-18,17.6539,24,4,4,True
2021-08-19,17.4578,24,4,4,True
2021-08-20,17.1939,24,4,4,True
2021-08-21,17.8224,24,4,4,True
2021-08-22,18.2078,24,4,4,True
2021-08-23,17.9918,24,4,4,True
2021-08-24,17.3813,24,4,4,True
2021-08-25,17.2327,24,4,4,True
2021-08-26,17.4051,24,4,4,True
2021-08-27,17.4121,24,4,4,True
2021-08-28,16.4072,24,4,4,True
2021-08-29,15.6899,24,4,4,True
2021-08-30,15.5450,24,4,4,True
2021-08-31,15.4564,24,4,4,True
2021-09-01,15.5708,24,4,4,True
2021-09-02,16.1880,24,4,4,True
2021-09-03,16.9403,24,4,4,True
2021-09-04,17.6361,24,4,4,True
2021-09-05,17.5220,24,4,4,True
2021-09-06,17.7242,24,4,4,True
2021-09-07,18.8252,24,4,4,True
2021-09-08,19.9499,24,4,4,True
2021-09-09,19.9875,24,4,4,True
2021-09-10,19.4464,24,4,4,True
2021-09-11,18.9875,24,4,4,True
2021-09-12,18.5565,24,4,4,True
2021-09-13,18.5376,24,4,4,True
2021-09-14,19.4572,24,4,4,True
2021-09-15,19.6169,24,4,4,True
2021-09-16,19.1382,24,4,4,True
2021-09-17,18.3417,24,4,4,True
2021-09-18,17.5914,24,4,4,True
2021-09-19,17.0979,24,4,4,True
2021-09-20,17.0245,24,4,4,True
2021-09-21,16.9472,24,4,4,True
2021-09-22,16.7150,24,4,4,True
2021-09-23,16.5612,24,4,4,True
2021-09-24,16.7517,24,4,4,True
2021-09-25,17.2386,24,4,4,True
2021-09-26,17.5351,24,4,4,True
2021-09-27,17.1544,24,4,4,True
2021-09-28,16.9640,24,4,4,True
2021-09-29,16.7776,24,4,4,True
2021-09-30,16.5711,24,4,4,True
2021-10-01,15.3200,24,4,4,True
2021-10-02,15.5050,24,4,4,True
2021-10-03,16.3855,24,4,4,True
2021-10-04,15.3768,24,4,4,True
2021-10-05,14.7173,24,4,4,True
2021-10-06,14.8800,24,4,4,True
2021-10-07,14.1887,24,4,4,True
2021-10-08,13.4623,24,4,4,True
2021-10-09,13.0270,24,4,4,True
2021-10-10,13.8238,24,4,4,True
2021-10-11,13.1865,24,4,4,True
2021-10-12,12.4517,24,4,4,True
2021-10-13,12.0675,24,4,4,True
2021-10-14,11.6015,24,4,4,True
2021-10-15,11.5637,24,4,4,True
2021-10-16,12.1300,24,4,4,True
2021-10-17,12.0390,24,4,4,True
2021-10-18,12.3245,24,4,4,True
2021-10-19,13.1318,24,4,4,True
2021-10-20,14.5288,24,4,4,True
2021-10-21,15.0971,24,4,4,True
2021-10-22,14.1717,24,4,4,True
2021-10-23,13.0872,24,4,4,True
2021-10-24,11.4920,24,4,4,True
2021-10-25,10.9278,24,4,4,True
2021-10-26,11.7767,24,4,4,True
2021-10-27,11.7505,24,4,4,True
2021-10-28,11.4303,24,4,4,True
2021-10-29,12.3562,24,4,4,True
2021-10-30,13.1263,24,4,4,True
2021-10-31,13.6685,24,4,4,True
2021-11-01,13.9940,24,4,4,True
2021-11-02,13.3701,24,4,4,True
2021-11-03,12.7478,24,4,4,True
2021-11-04,11.8748,24,4,4,True
2021-11-05,10.9498,24,4,4,True
2021-11-06,10.1033,24,4,4,True
2021-11-07,10.0220,24,4,4,True
2021-11-08,10.5781,24,4,4,True
2021-11-09,10.2290,24,4,4,True
2021-11-10,9.0755,24,4,4,True
2021-11-11,9.6475,24,4,4,True
2021-11-12,10.1648,24,4,4,True
2021-11-13,10.8752,24,4,4,True
2021-11-14,11.5655,24,4,4,True
2021-11-15,11.4410,24,4,4,True
2021-11-16,11.1031,24,4,4,True
2021-11-17,10.6415,24,4,4,True
2021-11-18,10.4181,24,4,4,True
2021-11-19,9.5077,24,4,4,True
2021-11-20,8.7799,24,4,4,True
2021-11-21,8.8647,24,4,4,True
2021-11-22,9.2365,24,4,4,True
2021-11-23,8.3264,24,4,4,True
2021-11-24,8.6374,24,4,4,True
2021-11-25,9.3435,24,4,4,True
2021-11-26,9.0148,24,4,4,True
2021-11-27,8.7743,24,4,4,True
2021-11-28,8.3867,24,4,4,True
2021-11-29,7.7896,24,4,4,True
2021-11-30,6.9898,24,4,4,True
2021-12-01,7.4280,24,4,4,True
2021-12-02,8.4096,24,4,4,True
2021-12-03,8.3973,24,4,4,True
2021-12-04,9.4460,24,4,4,True
2021-12-05,9.3805,24,4,4,True
2021-12-06,9.0014,24,4,4,True
2021-12-07,9.3352,24,4,4,True
2021-12-08,9.2255,24,4,4,True
2021-12-09,8.0127,24,4,4,True
2021-12-10,8.7927,24,4,4,True
2021-12-11,8.3111,24,4,4,True
2021-12-12,8.7367,24,4,4,True
2021-12-13,9.0115,24,4,4,True
2021-12-14,8.5441,24,4,4,True
2021-12-15,8.4034,24,4,4,True
2021-12-16,8.1644,24,4,4,True
2021-12-17,7.9216,24,4,4,True
2021-12-18,8.0062,24,4,4,True
2021-12-19,7.7338,24,4,4,True
2021-12-20,7.4100,24,4,4,True
2021-12-21,6.7895,24,4,4,True
2021-12-22,7.1335,24,4,4,True
2021-12-23,8.3381,24,4,4,True
2021-12-24,9.0455,24,4,4,True
2021-12-25,9.1362,24,4,4,True
2021-12-26,9.1732,24,4,4,True
2021-12-27,9.8869,24,4,4,True
2021-12-28,10.6422,24,4,4,True
2021-12-29,11.1922,24,4,4,True
2021-12-30,11.0248,24,4,4,True
2021-12-31,9.7540,24,4,4,True
2022-01-01,9.1073,24,4,4,True
2022-01-02,8.9677,24,4,4,True
2022-01-03,9.3700,24,4,4,True
2022-01-04,9.4747,24,4,4,True
2022-01-05,9.4057,24,4,4,True
2022-01-06,7.4587,24,4,4,True
2022-01-07,6.7030,24,4,4,True
2022-01-08,8.1912,24,4,4,True
2022-01-09,8.9652,24,4,4,True
2022-01-10,9.1117,24,4,4,True
2022-01-11,8.6529,24,4,4,True
2022-01-12,7.9010,24,4,4,True
2022-01-13,7.3860,24,4,4,True
2022-01-14,7.2958,24,4,4,True
2022-01-15,6.7232,24,4,4,True
2022-01-16,6.4164,24,4,4,True
2022-01-17,6.6877,24,4,4,True
2022-01-18,6.8090,24,4,4,True
2022-01-19,7.1672,24,4,4,True
2022-01-20,7.8929,24,4,4,True
2022-01-21,7.0088,24,4,4,True
2022-01-22,6.0508,24,4,4,True
2022-01-23,5.7235,24,4,4,True
2022-01-24,5.9729,24,4,4,True
2022-01-25,6.1566,24,4,4,True
2022-01-26,5.9900,24,4,4,True
2022-01-27,5.7859,24,4,4,True
2022-01-28,5.7047,24,4,4,True
2022-01-29,6.0183,24,4,4,True
2022-01-30,5.9170,24,4,4,True
2022-01-31,6.5532,24,4,4,True
2022-02-01,6.8306,24,4,4,True
2022-02-02,7.8495,24,4,4,True
2022-02-03,7.8654,24,4,4,True
2022-02-04,8.5473,24,4,4,True
2022-02-05,8.8144,24,4,4,True
2022-02-06,7.4584,24,4,4,True
2022-02-07,8.4710,24,4,4,True
2022-02-08,8.1305,24,4,4,True
2022-02-09,7.5833,24,4,4,True
2022-02-10,7.8233,24,4,4,True
2022-02-11,8.8846,24,4,4,True
2022-02-12,7.6894,24,4,4,True
2022-02-13,8.1108,24,4,4,True
2022-02-14,9.2241,24,4,4,True
2022-02-15,8.9186,24,4,4,True
2022-02-16,9.2833,24,4,4,True
2022-02-17,10.3118,24,4,4,True
2022-02-18,10.7653,24,4,4,True
2022-02-19,10.4110,24,4,4,True
2022-02-20,9.2790,24,4,4,True
2022-02-21,9.9541,24,4,4,True
2022-02-22,10.0406,24,4,4,True
2022-02-23,10.1983,24,4,4,True
2022-02-24,9.8614,24,4,4,True
2022-02-25,9.6916,24,4,4,True
2022-02-26,8.1383,24,4,4,True
2022-02-27,8.0259,24,4,4,True
2022-02-28,8.8537,24,4,4,True
2022-03-01,9.0180,24,4,4,True
2022-03-02,9.4758,24,4,4,True
2022-03-03,10.0519,24,4,4,True
2022-03-04,10.2009,24,4,4,True
2022-03-05,9.7368,24,4,4,True
2022-03-06,9.4821,24,4,4,True
2022-03-07,8.6159,24,4,4,True
2022-03-08,8.8903,24,4,4,True
2022-03-09,9.5308,24,4,4,True
2022-03-10,10.4535,24,4,4,True
2022-03-11,10.5833,24,4,4,True
2022-03-12,10.4355,24,4,4,True
2022-03-13,10.1363,24,4,4,True
2022-03-14,9.7052,24,4,4,True
2022-03-15,11.0421,24,4,4,True
2022-03-16,11.6057,24,4,4,True
2022-03-17,11.8669,24,4,4,True
2022-03-18,11.3212,24,4,4,True
2022-03-19,11.0868,24,4,4,True
2022-03-20,11.3509,24,4,4,True
2022-03-21,11.7963,24,4,4,True
2022-03-22,11.1392,24,4,4,True
2022-03-23,10.8399,24,4,4,True
2022-03-24,10.8187,24,4,4,True
2022-03-25,10.9682,24,4,4,True
2022-03-26,10.6874,24,4,4,True
2022-03-27,10.9432,22,4,4,True
2022-03-28,11.2081,24,4,4,True
2022-03-29,11.3972,24,4,4,True
2022-03-30,12.0396,24,4,4,True
2022-03-31,11.7878,24,4,4,True
2022-04-01,10.0509,24,4,4,True
2022-04-02,8.4911,24,4,4,True
2022-04-03,7.4703,24,4,4,True
2022-04-04,7.2776,24,4,4,True
2022-04-05,7.9095,24,4,4,True
2022-04-06,9.2546,24,4,4,True
2022-04-07,10.5867,24,4,4,True
2022-04-08,12.0119,24,4,4,True
2022-04-09,11.8322,24,4,4,True
2022-04-10,10.8409,24,4,4,True
2022-04-11,12.1388,24,4,4,True
2022-04-12,12.5263,24,4,4,True
2022-04-13,12.6793,24,4,4,True
2022-04-14,12.8146,24,4,4,True
2022-04-15,13.5393,24,4,4,True
2022-04-16,14.3129,24,4,4,True
2022-04-17,14.4939,24,4,4,True
2022-04-18,14.0940,24,4,4,True
2022-04-19,12.8411,24,4,4,True
2022-04-20,12.1697,24,4,4,True
2022-04-21,11.9920,24,4,4,True
2022-04-22,12.6688,24,4,4,True
2022-04-23,12.6378,24,4,4,True
2022-04-24,12.3107,24,4,4,True
2022-04-25,12.5105,24,4,4,True
2022-04-26,12.8688,24,4,4,True
2022-04-27,13.5389,24,4,4,True
2022-04-28,14.0787,24,4,4,True
2022-04-29,14.4261,24,4,4,True
2022-04-30,14.6717,24,4,4,True
2022-05-01,14.5739,24,4,4,True
2022-05-02,14.5122,24,4,4,True
2022-05-03,14.2865,24,4,4,True
2022-05-04,14.3794,24,4,4,True
2022-05-05,14.4672,24,4,4,True
2022-05-06,14.3723,24,4,4,True
2022-05-07,14.4511,24,4,4,True
2022-05-08,15.0172,24,4,4,True
2022-05-09,15.2323,24,4,4,True
2022-05-10,15.3027,24,4,4,True
2022-05-11,15.6767,24,4,4,True
2022-05-12,15.9673,24,4,4,True
2022-05-13,16.0447,24,4,4,True
2022-05-14,16.3822,24,4,4,True
2022-05-15,16.9747,24,4,4,True
2022-05-16,17.2802,24,4,4,True
2022-05-17,17.4357,24,4,4,True
2022-05-18,18.0017,24,4,4,True
2022-05-19,18.5040,24,4,4,True
2022-05-20,18.6825,24,4,4,True
2022-05-21,18.7428,24,4,4,True
2022-05-22,18.9292,24,4,4,True
2022-05-23,18.3771,24,4,4,True
2022-05-24,16.9996,24,4,4,True
2022-05-25,15.6016,24,4,4,True
2022-05-26,15.1040,24,4,4,True
2022-05-27,15.7017,24,4,4,True
2022-05-28,16.0317,24,4,4,True
2022-05-29,15.6838,24,4,4,True
2022-05-30,15.2717,24,4,4,True
2022-05-31,15.8628,24,4,4,True
2022-06-01,16.6332,24,4,4,True
2022-06-02,17.5875,24,4,4,True
2022-06-03,18.3950,24,4,4,True
2022-06-04,18.5705,24,4,4,True
2022-06-05,18.3842,24,4,4,True
2022-06-06,18.1563,24,4,4,True
2022-06-07,18.0285,24,4,4,True
2022-06-08,17.3189,24,4,4,True
2022-06-09,16.7844,24,4,4,True
2022-06-10,16.8368,24,4,4,True
2022-06-11,17.3920,24,4,4,True
2022-06-12,18.2227,24,4,4,True
2022-06-13,18.9083,24,4,4,True
2022-06-14,19.8520,24,4,4,True
2022-06-15,20.4967,24,4,4,True
2022-06-16,20.9265,24,4,4,True
2022-06-17,21.0198,24,4,4,True
2022-06-18,21.1004,24,4,4,True
2022-06-19,21.1720,24,4,4,True
2022-06-20,20.6355,24,4,4,True
2022-06-21,20.3478,24,4,4,True
2022-06-22,20.0243,24,4,4,True
2022-06-23,19.6337,24,4,4,True
2022-06-24,19.1084,24,4,4,True
2022-06-25,18.4802,24,4,4,True
2022-06-26,17.5955,24,4,4,True
2022-06-27,17.3209,24,4,4,True
2022-06-28,17.5498,24,4,4,True
2022-06-29,17.4397,24,4,4,True
2022-06-30,17.2821,24,4,4,True
2022-07-01,16.5235,24,4,4,True
2022-07-02,16.3695,24,4,4,True
2022-07-03,17.4953,24,4,4,True
2022-07-04,17.9305,24,4,4,True
2022-07-05,18.5040,24,4,4,True
2022-07-06,18.4565,24,4,4,True
2022-07-07,18.8122,24,4,4,True
2022-07-08,18.7944,24,4,4,True
2022-07-09,18.4990,24,4,4,True
2022-07-10,18.6596,24,4,4,True
2022-07-11,18.8113,24,4,4,True
2022-07-12,19.3700,24,4,4,True
2022-07-13,19.1510,24,4,4,True
2022-07-14,19.2471,24,4,4,True
2022-07-15,19.7825,24,4,4,True
2022-07-16,19.7784,24,4,4,True
2022-07-17,19.8597,24,4,4,True
2022-07-18,19.9718,24,4,4,True
2022-07-19,20.8354,24,4,4,True
2022-07-20,21.0379,24,4,4,True
2022-07-21,20.4459,24,4,4,True
2022-07-22,20.6068,24,4,4,True
2022-07-23,19.9261,24,4,4,True
2022-07-24,19.6129,24,4,4,True
2022-07-25,20.4519,24,4,4,True
2022-07-26,19.7409,24,4,4,True
2022-07-27,18.9271,24,4,4,True
2022-07-28,18.7726,24,4,4,True
2022-07-29,19.0835,24,4,4,True
2022-07-30,19.4801,24,4,4,True
2022-07-31,19.3621,24,4,4,True
2022-08-01,19.7298,24,4,4,True
2022-08-02,19.9142,24,4,4,True
2022-08-03,19.9372,24,4,4,True
2022-08-04,21.0268,24,4,4,True
2022-08-05,21.3777,24,4,4,True
2022-08-06,21.2893,24,4,4,True
2022-08-07,20.8253,24,4,4,True
2022-08-08,19.7895,24,4,4,True
2022-08-09,19.4493,24,4,4,True
2022-08-10,19.3145,24,4,4,True
2022-08-11,19.8330,24,4,4,True
2022-08-12,20.8492,24,4,4,True
2022-08-13,21.5925,24,4,4,True
2022-08-14,21.6852,24,4,4,True
2022-08-15,20.7984,24,4,4,True
2022-08-16,19.8499,24,4,4,True
2022-08-17,19.2213,24,4,4,True
2022-08-18,19.1827,24,4,4,True
2022-08-19,18.9399,24,4,4,True
2022-08-20,18.8083,24,4,4,True
2022-08-21,19.2986,24,4,4,True
2022-08-22,19.6199,24,4,4,True
2022-08-23,20.0113,24,4,4,True
2022-08-24,19.8925,24,4,4,True
2022-08-25,20.5145,24,4,4,True
2022-08-26,20.9187,24,4,4,True
2022-08-27,20.7607,24,4,4,True
2022-08-28,19.8529,24,4,4,True
2022-08-29,19.6772,24,4,4,True
2022-08-30,19.7002,24,4,4,True
2022-08-31,19.9102,24,4,4,True
2022-09-01,20.1313,24,4,4,True
2022-09-02,19.9390,24,4,4,True
2022-09-03,19.8450,24,4,4,True
2022-09-04,19.4771,24,4,4,True
2022-09-05,20.2386,24,4,4,True
2022-09-06,20.7885,24,4,4,True
2022-09-07,20.3052,24,4,4,True
2022-09-08,18.8697,24,4,4,True
2022-09-09,18.7685,24,4,4,True
2022-09-10,17.7133,24,4,4,True
2022-09-11,17.5113,24,4,4,True
2022-09-12,18.2842,24,4,4,True
2022-09-13,19.3552,24,4,4,True
2022-09-14,19.8517,24,4,4,True
2022-09-15,19.6238,24,4,4,True
2022-09-16,19.4138,24,4,4,True
2022-09-17,17.5450,24,4,4,True
2022-09-18,15.3100,24,4,4,True
2022-09-19,14.1755,24,4,4,True
2022-09-20,13.7556,24,4,4,True
2022-09-21,13.6836,24,4,4,True
2022-09-22,13.4392,24,4,4,True
2022-09-23,13.7088,24,4,4,True
2022-09-24,14.4662,24,4,4,True
2022-09-25,14.6128,24,4,4,True
2022-09-26,13.8917,24,4,4,True
2022-09-27,14.2277,24,4,4,True
2022-09-28,14.7943,24,4,4,True
2022-09-29,14.9398,24,4,4,True
2022-09-30,14.3455,24,4,4,True
2022-10-01,14.1047,24,4,4,True
2022-10-02,14.5520,24,4,4,True
2022-10-03,14.9068,24,4,4,True
2022-10-04,14.6825,24,4,4,True
2022-10-05,14.4502,24,4,4,True
2022-10-06,15.2783,24,4,4,True
2022-10-07,15.0035,24,4,4,True
2022-10-08,15.4584,24,4,4,True
2022-10-09,15.3420,24,4,4,True
2022-10-10,15.6275,24,4,4,True
2022-10-11,15.9507,24,4,4,True
2022-10-12,15.9318,24,4,4,True
2022-10-13,15.4166,24,4,4,True
2022-10-14,15.8760,24,4,4,True
2022-10-15,15.6990,24,4,4,True
2022-10-16,15.9904,24,4,4,True
2022-10-17,16.4262,24,4,4,True
2022-10-18,16.9273,24,4,4,True
2022-10-19,17.2537,24,4,4,True
2022-10-20,17.4973,24,4,4,True
2022-10-21,17.4608,24,4,4,True
2022-10-22,16.6336,24,4,4,True
2022-10-23,16.6546,24,4,4,True
2022-10-24,16.1125,24,4,4,True
2022-10-25,15.3280,24,4,4,True
2022-10-26,15.2038,24,4,4,True
2022-10-27,15.5320,24,4,4,True
2022-10-28,15.9993,24,4,4,True
2022-10-29,16.4689,24,4,4,True
2022-10-30,16.1324,24,4,4,True
2022-10-31,15.6872,24,4,4,True
2022-11-01,15.7787,24,4,4,True
2022-11-02,15.3908,24,4,4,True
2022-11-03,14.4602,24,4,4,True
2022-11-04,13.8607,24,4,4,True
2022-11-05,12.7728,24,4,4,True
2022-11-06,11.7209,24,4,4,True
2022-11-07,11.4083,24,4,4,True
2022-11-08,12.1595,24,4,4,True
2022-11-09,13.0040,24,4,4,True
2022-11-10,12.6281,24,4,4,True
2022-11-11,11.8050,24,4,4,True
2022-11-12,12.6117,24,4,4,True
2022-11-13,12.5132,24,4,4,True
2022-11-14,12.1637,24,4,4,True
2022-11-15,12.3210,24,4,4,True
2022-11-16,12.6733,24,4,4,True
2022-11-17,12.9719,24,4,4,True
2022-11-18,12.7981,24,4,4,True
2022-11-19,12.0123,24,4,4,True
2022-11-20,10.9770,24,4,4,True
2022-11-21,11.0716,24,4,4,True
2022-11-22,10.6588,24,4,4,True
2022-11-23,10.8831,24,4,4,True
2022-11-24,10.7911,24,4,4,True
2022-11-25,10.7047,24,4,4,True
2022-11-26,10.1914,24,4,4,True
2022-11-27,9.3061,24,4,4,True
2022-11-28,9.7472,24,4,4,True
2022-11-29,10.0229,24,4,4,True
2022-11-30,9.1836,24,4,4,True
2022-12-01,8.4968,24,4,4,True
2022-12-02,8.3618,24,4,4,True
2022-12-03,8.2002,24,4,4,True
2022-12-04,7.9168,24,4,4,True
2022-12-05,7.0163,24,4,4,True
2022-12-06,7.3093,24,4,4,True
2022-12-07,7.6729,24,4,4,True
2022-12-08,7.2013,24,4,4,True
2022-12-09,7.8812,24,4,4,True
2022-12-10,7.0471,24,4,4,True
2022-12-11,4.7822,24,4,4,True
2022-12-12,4.2129,24,4,4,True
2022-12-13,6.0843,24,4,4,True
2022-12-14,7.5135,24,4,4,True
2022-12-15,8.2786,24,4,4,True
2022-12-16,8.8404,24,4,4,True
2022-12-17,7.7858,24,4,4,True
2022-12-18,7.7249,24,4,4,True
2022-12-19,8.7486,24,4,4,True
2022-12-20,9.7827,24,4,4,True
2022-12-21,10.3703,24,4,4,True
2022-12-22,10.1792,24,4,4,True
2022-12-23,10.6986,24,4,4,True
2022-12-24,10.1884,24,4,4,True
2022-12-25,9.4412,24,4,4,True
2022-12-26,9.4258,24,4,4,True
2022-12-27,10.0269,24,4,4,True
2022-12-28,9.7328,24,4,4,True
2022-12-29,10.0484,24,4,4,True
2022-12-30,10.3273,24,4,4,True
2022-12-31,10.6423,24,4,4,True
2023-01-01,10.9587,24,4,4,True
2023-01-02,11.2027,24,4,4,True
2023-01-03,10.7920,24,4,4,True
2023-01-04,9.6219,24,4,4,True
2023-01-05,9.6210,24,4,4,True
2023-01-06,9.0928,24,4,4,True
2023-01-07,8.6120,24,4,4,True
2023-01-08,9.3136,24,4,4,True
2023-01-09,9.3332,24,4,4,True
2023-01-10,9.1530,24,4,4,True
2023-01-11,8.8267,24,4,4,True
2023-01-12,8.3690,24,4,4,True
2023-01-13,8.6255,24,4,4,True
2023-01-14,8.3847,24,4,4,True
2023-01-15,8.0927,24,4,4,True
2023-01-16,7.9367,24,4,4,True
2023-01-17,8.5504,24,4,4,True
2023-01-18,7.3994,24,4,4,True
2023-01-19,7.2340,24,4,4,True
2023-01-20,5.9635,24,4,4,True
2023-01-21,6.4644,24,4,4,True
2023-01-22,6.3283,24,4,4,True
2023-01-23,6.1681,24,4,4,True
2023-01-24,6.5397,24,4,4,True
2023-01-25,6.0500,24,4,4,True
2023-01-26,6.4223,24,4,4,True
2023-01-27,6.4182,24,4,4,True
2023-01-28,6.6391,24,4,4,True
2023-01-29,6.7541,24,4,4,True
2023-01-30,6.7553,24,4,4,True
2023-01-31,6.8744,24,4,4,True
2023-02-01,7.8710,24,4,4,True
2023-02-02,7.6380,24,4,4,True
2023-02-03,6.6659,24,4,4,True
2023-02-04,6.1079,24,4,4,True
2023-02-05,6.7163,24,4,4,True
2023-02-06,6.9623,24,4,4,True
2023-02-07,6.1858,24,4,4,True
2023-02-08,6.2716,24,4,4,True
2023-02-09,6.0117,24,4,4,True
2023-02-10,5.4203,24,4,4,True
2023-02-11,5.0262,24,4,4,True
2023-02-12,5.1861,24,4,4,True
2023-02-13,5.5203,24,4,4,True
2023-02-14,6.0929,24,4,4,True
2023-02-15,7.1992,24,4,4,True
2023-02-16,7.1767,24,4,4,True
2023-02-17,7.2770,24,4,4,True
2023-02-18,7.6380,24,4,4,True
2023-02-19,7.9696,24,4,4,True
2023-02-20,8.1770,24,4,4,True
2023-02-21,8.8050,24,4,4,True
2023-02-22,9.8021,24,4,4,True
2023-02-23,9.6446,24,4,4,True
2023-02-24,8.7026,24,4,4,True
2023-02-25,7.6755,24,4,4,True
2023-02-26,7.6001,24,4,4,True
2023-02-27,6.2800,24,4,4,True
2023-02-28,5.5198,24,4,4,True
2023-03-01,5.1382,24,4,4,True
2023-03-02,5.4006,24,4,4,True
2023-03-03,6.0883,24,4,4,True
2023-03-04,6.2496,24,4,4,True
2023-03-05,6.2031,24,4,4,True
2023-03-06,6.0652,24,4,4,True
2023-03-07,5.6043,24,4,4,True
2023-03-08,6.9488,24,4,4,True
2023-03-09,9.2885,24,4,4,True
2023-03-10,10.5504,24,4,4,True
2023-03-11,11.2886,24,4,4,True
2023-03-12,11.8374,24,4,4,True
2023-03-13,12.0307,24,4,4,True
2023-03-14,11.7188,24,4,4,True
2023-03-15,11.2122,24,4,4,True
2023-03-16,10.9022,24,4,4,True
2023-03-17,11.3402,24,4,4,True
2023-03-18,11.7887,24,4,4,True
2023-03-19,12.4023,24,4,4,True
2023-03-20,12.0322,24,4,4,True
2023-03-21,11.3130,24,4,4,True
2023-03-22,11.1391,24,4,4,True
2023-03-23,12.2552,24,4,4,True
2023-03-24,12.6443,24,4,4,True
2023-03-25,12.1043,24,4,4,True
2023-03-26,12.3564,22,4,4,True
2023-03-27,12.0595,24,4,4,True
2023-03-28,11.4070,24,4,4,True
2023-03-29,12.1753,24,4,4,True
2023-03-30,13.3365,24,4,4,True
2023-03-31,13.3742,24,4,4,True
2023-04-01,12.4688,24,4,4,True
2023-04-02,11.5592,24,4,4,True
2023-04-03,11.6907,24,4,4,True
2023-04-04,11.0289,24,4,4,True
2023-04-05,10.9468,24,4,4,True
2023-04-06,11.0967,24,4,4,True
2023-04-07,11.3684,24,4,4,True
2023-04-08,11.5881,24,4,4,True
2023-04-09,11.6565,24,4,4,True
2023-04-10,12.7274,24,4,4,True
2023-04-11,13.7452,24,4,4,True
2023-04-12,12.7976,24,4,4,True
2023-04-13,11.2328,24,4,4,True
2023-04-14,10.9888,24,4,4,True
2023-04-15,11.8440,24,4,4,True
2023-04-16,11.7713,24,4,4,True
2023-04-17,11.6361,24,4,4,True
2023-04-18,11.7099,24,4,4,True
2023-04-19,12.1543,24,4,4,True
2023-04-20,12.6403,24,4,4,True
2023-04-21,13.0488,24,4,4,True
2023-04-22,13.4985,24,4,4,True
2023-04-23,12.7065,24,4,4,True
2023-04-24,12.6369,24,4,4,True
2023-04-25,13.2406,24,4,4,True
2023-04-26,13.8470,24,4,4,True
2023-04-27,14.6173,24,4,4,True
2023-04-28,15.4262,24,4,4,True
2023-04-29,15.6613,24,4,4,True
2023-04-30,15.3480,24,4,4,True
2023-05-01,14.8791,24,4,4,True
2023-05-02,14.1533,24,4,4,True
2023-05-03,14.1136,24,4,4,True
2023-05-04,14.9643,24,4,4,True
2023-05-05,15.3597,24,4,4,True
2023-05-06,15.5744,24,4,4,True
2023-05-07,16.0291,24,4,4,True
2023-05-08,15.7120,24,4,4,True
2023-05-09,15.0643,24,4,4,True
2023-05-10,14.7365,24,4,4,True
2023-05-11,14.0199,24,4,4,True
2023-05-12,13.7180,24,4,4,True
2023-05-13,13.6296,24,4,4,True
2023-05-14,13.9328,24,4,4,True
2023-05-15,14.3715,24,4,4,True
2023-05-16,14.1209,24,4,4,True
2023-05-17,13.3038,24,4,4,True
2023-05-18,13.0321,24,4,4,True
2023-05-19,13.0754,24,4,4,True
2023-05-20,13.5262,24,4,4,True
2023-05-21,14.0639,24,4,4,True
2023-05-22,14.2793,24,4,4,True
2023-05-23,14.9116,24,4,4,True
2023-05-24,15.5141,24,4,4,True
2023-05-25,15.3858,24,4,4,True
2023-05-26,15.0778,24,4,4,True
2023-05-27,15.7882,24,4,4,True
2023-05-28,16.2951,24,4,4,True
2023-05-29,16.3974,24,4,4,True
2023-05-30,16.6355,24,4,4,True
2023-05-31,17.0740,24,4,4,True
2023-06-01,17.0543,24,4,4,True
2023-06-02,16.9242,24,4,4,True
2023-06-03,17.1513,24,4,4,True
2023-06-04,16.7860,24,4,4,True
2023-06-05,17.2258,24,4,4,True
2023-06-06,17.4954,24,4,4,True
2023-06-07,17.6132,24,4,4,True
2023-06-08,18.3030,24,4,4,True
2023-06-09,18.5951,24,4,4,True
2023-06-10,18.2989,24,4,4,True
2023-06-11,18.7062,24,4,4,True
2023-06-12,18.5347,24,4,4,True
2023-06-13,18.3138,24,4,4,True
2023-06-14,19.1283,24,4,4,True
2023-06-15,18.8181,24,4,4,True
2023-06-16,18.5516,24,4,4,True
2023-06-17,18.7518,24,4,4,True
2023-06-18,19.1995,24,4,4,True
2023-06-19,19.2530,24,4,4,True
2023-06-20,19.0669,24,4,4,True
2023-06-21,19.5514,24,4,4,True
2023-06-22,19.9827,24,4,4,True
2023-06-23,19.7011,24,4,4,True
2023-06-24,19.5227,24,4,4,True
2023-06-25,19.6210,24,4,4,True
2023-06-26,19.9381,24,4,4,True
2023-06-27,19.4859,24,4,4,True
2023-06-28,19.1858,24,4,4,True
2023-06-29,18.8647,24,4,4,True
2023-06-30,18.4991,24,4,4,True
2023-07-01,18.1860,24,4,4,True
2023-07-02,18.5376,24,4,4,True
2023-07-03,18.5635,24,4,4,True
2023-07-04,18.4783,24,4,4,True
2023-07-05,18.3505,24,4,4,True
2023-07-06,18.6547,24,4,4,True
2023-07-07,19.3007,24,4,4,True
2023-07-08,19.4058,24,4,4,True
2023-07-09,20.0334,24,4,4,True
2023-07-10,20.6289,24,4,4,True
2023-07-11,21.1413,24,4,4,True
2023-07-12,20.7657,24,4,4,True
2023-07-13,19.9173,24,4,4,True
2023-07-14,19.0214,24,4,4,True
2023-07-15,19.9301,24,4,4,True
2023-07-16,19.4404,24,4,4,True
2023-07-17,19.0461,24,4,4,True
2023-07-18,19.5763,24,4,4,True
2023-07-19,19.8579,24,4,4,True
2023-07-20,19.2234,24,4,4,True
2023-07-21,19.0746,24,4,4,True
2023-07-22,18.6982,24,4,4,True
2023-07-23,18.4822,24,4,4,True
2023-07-24,19.0310,24,4,4,True
2023-07-25,18.5249,24,4,4,True
2023-07-26,18.0206,24,4,4,True
2023-07-27,18.2257,24,4,4,True
2023-07-28,18.8865,24,4,4,True
2023-07-29,19.0202,24,4,4,True
2023-07-30,19.4246,24,4,4,True
2023-07-31,18.5457,24,4,4,True
2023-08-01,18.6745,24,4,4,True
2023-08-02,18.9063,24,4,4,True
2023-08-03,18.9410,24,4,4,True
2023-08-04,18.0839,24,4,4,True
2023-08-05,17.1693,24,4,4,True
2023-08-06,17.2515,24,4,4,True
2023-08-07,16.7854,24,4,4,True
2023-08-08,16.4558,24,4,4,True
2023-08-09,16.4490,24,4,4,True
2023-08-10,17.4081,24,4,4,True
2023-08-11,18.0167,24,4,4,True
2023-08-12,18.3613,24,4,4,True
2023-08-13,18.9499,24,4,4,True
2023-08-14,19.5941,24,4,4,True
2023-08-15,20.1016,24,4,4,True
2023-08-16,20.2773,24,4,4,True
2023-08-17,20.4103,24,4,4,True
2023-08-18,20.1403,24,4,4,True
2023-08-19,20.4350,24,4,4,True
2023-08-20,20.7615,24,4,4,True
2023-08-21,21.0547,24,4,4,True
2023-08-22,21.3378,24,4,4,True
2023-08-23,21.7538,24,4,4,True
2023-08-24,22.1720,24,4,4,True
2023-08-25,22.2927,24,4,4,True
2023-08-26,20.7757,24,4,4,True
2023-08-27,19.2184,24,4,4,True
2023-08-28,18.2535,24,4,4,True
2023-08-29,17.6441,24,4,4,True
2023-08-30,17.3040,24,4,4,True
2023-08-31,17.2862,24,4,4,True
2023-09-01,17.3526,24,4,4,True
2023-09-02,18.0355,24,4,4,True
2023-09-03,18.1335,24,4,4,True
2023-09-04,18.5764,24,4,4,True
2023-09-05,18.9955,24,4,4,True
2023-09-06,19.2600,24,4,4,True
2023-09-07,18.9934,24,4,4,True
2023-09-08,19.0667,24,4,4,True
2023-09-09,18.9005,24,4,4,True
2023-09-10,19.0580,24,4,4,True
2023-09-11,19.2907,24,4,4,True
2023-09-12,19.4235,24,4,4,True
2023-09-13,19.2451,24,4,4,True
2023-09-14,18.6834,24,4,4,True
2023-09-15,18.1910,24,4,4,True
2023-09-16,18.5863,24,4,4,True
2023-09-17,19.1749,24,4,4,True
2023-09-18,19.2185,24,4,4,True
2023-09-19,18.5565,24,4,4,True
2023-09-20,18.0968,24,4,4,True
2023-09-21,18.3298,24,4,4,True
2023-09-22,17.1167,24,4,4,True
2023-09-23,16.2367,24,4,4,True
2023-09-24,15.7399,24,4,4,True
2023-09-25,15.3688,24,4,4,True
2023-09-26,15.4096,24,4,4,True
2023-09-27,16.0530,24,4,4,True
2023-09-28,16.8579,24,4,4,True
2023-09-29,17.2249,24,4,4,True
2023-09-30,17.3606,24,4,4,True
2023-10-01,17.3259,24,4,4,True
2023-10-02,17.4418,24,4,4,True
2023-10-03,17.9828,24,4,4,True
2023-10-04,17.9236,24,4,4,True
2023-10-05,16.3070,24,4,4,True
2023-10-06,15.4345,24,4,4,True
2023-10-07,14.9655,24,4,4,True
2023-10-08,14.3263,24,4,4,True
2023-10-09,14.4014,24,4,4,True
2023-10-10,14.7704,24,4,4,True
2023-10-11,14.8879,24,4,4,True
2023-10-12,15.0553,24,4,4,True
2023-10-13,15.5133,24,4,4,True
2023-10-14,16.2296,24,4,4,True
2023-10-15,15.6204,24,4,4,True
2023-10-16,14.6098,24,4,4,True
2023-10-17,15.0691,24,4,4,True
2023-10-18,16.0805,24,4,4,True
2023-10-19,16.7547,24,4,4,True
2023-10-20,16.2743,24,4,4,True
2023-10-21,15.0244,24,4,4,True
2023-10-22,13.6185,24,4,4,True
2023-10-23,13.7857,24,4,4,True
2023-10-24,14.2396,24,4,4,True
2023-10-25,14.3415,24,4,4,True
2023-10-26,14.8799,24,4,4,True
2023-10-27,15.1190,24,4,4,True
2023-10-28,14.4293,24,4,4,True
2023-10-29,14.8560,24,4,4,True
2023-10-30,14.8990,24,4,4,True
2023-10-31,14.2596,24,4,4,True
2023-11-01,13.5453,24,4,4,True
2023-11-02,13.5527,24,4,4,True
2023-11-03,12.8772,24,4,4,True
2023-11-04,12.4660,24,4,4,True
2023-11-05,12.7659,24,4,4,True
2023-11-06,13.2218,24,4,4,True
2023-11-07,12.8684,24,4,4,True
2023-11-08,12.7810,24,4,4,True
2023-11-09,13.0103,24,4,4,True
2023-11-10,13.0663,24,4,4,True
2023-11-11,12.9177,24,4,4,True
2023-11-12,13.6938,24,4,4,True
2023-11-13,13.9320,24,4,4,True
2023-11-14,14.5170,24,4,4,True
2023-11-15,14.6407,24,4,4,True
2023-11-16,14.0440,24,4,4,True
2023-11-17,14.0020,24,4,4,True
2023-11-18,13.3259,24,4,4,True
2023-11-19,13.0018,24,4,4,True
2023-11-20,13.4123,24,4,4,True
2023-11-21,13.2981,24,4,4,True
2023-11-22,13.0231,24,4,4,True
2023-11-23,11.6966,24,4,4,True
2023-11-24,11.5098,24,4,4,True
2023-11-25,11.4652,24,4,4,True
2023-11-26,9.9539,24,4,4,True
2023-11-27,9.6658,24,4,4,True
2023-11-28,10.9924,24,4,4,True
2023-11-29,10.7392,24,4,4,True
2023-11-30,11.2137,24,4,4,True
2023-12-01,11.0245,24,4,4,True
2023-12-02,9.6638,24,4,4,True
2023-12-03,9.2580,24,4,4,True
2023-12-04,9.8010,24,4,4,True
2023-12-05,10.3263,24,4,4,True
2023-12-06,10.0259,24,4,4,True
2023-12-07,9.4275,24,4,4,True
2023-12-08,10.0042,24,4,4,True
2023-12-09,10.1135,24,4,4,True
2023-12-10,11.1051,24,4,4,True
2023-12-11,11.8223,24,4,4,True
2023-12-12,11.7011,24,4,4,True
2023-12-13,11.2803,24,4,4,True
2023-12-14,10.0953,24,4,4,True
2023-12-15,10.7004,24,4,4,True
2023-12-16,10.3864,24,4,4,True
2023-12-17,9.2529,24,4,4,True
2023-12-18,8.6187,24,4,4,True
2023-12-19,9.0641,24,4,4,True
2023-12-20,9.9173,24,4,4,True
2023-12-21,10.3312,24,4,4,True
2023-12-22,11.1233,24,4,4,True
2023-12-23,11.1448,24,4,4,True
2023-12-24,11.2028,24,4,4,True
2023-12-25,10.8359,24,4,4,True
2023-12-26,9.7480,24,4,4,True
2023-12-27,9.2116,24,4,4,True
2023-12-28,9.7955,24,4,4,True
2023-12-29,10.2646,24,4,4,True
2023-12-30,10.9823,24,4,4,True
2023-12-31,10.4243,24,4,4,True
2024-01-01,9.9972,24,4,4,True
2024-01-02,9.8637,24,4,4,True
2024-01-03,10.3996,24,4,4,True
2024-01-04,10.3048,24,4,4,True
2024-01-05,10.3304,24,4,4,True
2024-01-06,9.7451,24,4,4,True
2024-01-07,8.9962,24,4,4,True
2024-01-08,8.3670,24,4,4,True
2024-01-09,7.3141,24,4,4,True
2024-01-10,6.9164,24,4,4,True
2024-01-11,7.3649,24,4,4,True
2024-01-12,7.3712,24,4,4,True
2024-01-13,6.9889,24,4,4,True
2024-01-14,7.0356,24,4,4,True
2024-01-15,8.8538,24,4,4,True
2024-01-16,9.7625,24,4,4,True
2024-01-17,10.0956,24,4,4,True
2024-01-18,10.1250,24,4,4,True
2024-01-19,8.6495,24,4,4,True
2024-01-20,6.6079,24,4,4,True
2024-01-21,6.4343,24,4,4,True
2024-01-22,7.3910,24,4,4,True
2024-01-23,9.2822,24,4,4,True
2024-01-24,9.6438,24,4,4,True
2024-01-25,9.8125,24,4,4,True
2024-01-26,10.3855,24,4,4,True
2024-01-27,10.2681,24,4,4,True
2024-01-28,9.7055,24,4,4,True
2024-01-29,10.4596,24,4,4,True
2024-01-30,10.8328,24,4,4,True
2024-01-31,10.3956,24,4,4,True
2024-02-01,9.7962,24,4,4,True
2024-02-02,10.3152,24,4,4,True
2024-02-03,9.3330,24,4,4,True
2024-02-04,9.1283,24,4,4,True
2024-02-05,8.7410,24,4,4,True
2024-02-06,8.9442,24,4,4,True
2024-02-07,9.2667,24,4,4,True
2024-02-08,10.2740,24,4,4,True
2024-02-09,11.0197,24,4,4,True
2024-02-10,10.8888,24,4,4,True
2024-02-11,9.9256,24,4,4,True
2024-02-12,9.4768,24,4,4,True
2024-02-13,9.7562,24,4,4,True
2024-02-14,9.8762,24,4,4,True
2024-02-15,10.9257,24,4,4,True
2024-02-16,11.4379,24,4,4,True
2024-02-17,10.9884,24,4,4,True
2024-02-18,10.3526,24,4,4,True
2024-02-19,11.1162,24,4,4,True
2024-02-20,11.1995,24,4,4,True
2024-02-21,10.5511,24,4,4,True
2024-02-22,11.2794,24,4,4,True
2024-02-23,10.2464,24,4,4,True
2024-02-24,9.3712,24,4,4,True
2024-02-25,9.2447,24,4,4,True
2024-02-26,9.6245,24,4,4,True
2024-02-27,9.7103,24,4,4,True
2024-02-28,9.6011,24,4,4,True
2024-02-29,9.8609,24,4,4,True
2024-03-01,10.3568,24,4,4,True
2024-03-02,10.5790,24,4,4,True
2024-03-03,9.8547,24,4,4,True
2024-03-04,9.1987,24,4,4,True
2024-03-05,9.8015,24,4,4,True
2024-03-06,10.1817,24,4,4,True
2024-03-07,10.2828,24,4,4,True
2024-03-08,10.6800,24,4,4,True
2024-03-09,10.6566,24,4,4,True
2024-03-10,10.2912,24,4,4,True
2024-03-11,10.2253,24,4,4,True
2024-03-12,10.2942,24,4,4,True
2024-03-13,10.7308,24,4,4,True
2024-03-14,11.4742,24,4,4,True
2024-03-15,12.3813,24,4,4,True
2024-03-16,12.8263,24,4,4,True
2024-03-17,13.2013,24,4,4,True
2024-03-18,13.8154,24,4,4,True
2024-03-19,13.7399,24,4,4,True
2024-03-20,13.8332,24,4,4,True
2024-03-21,14.1591,24,4,4,True
2024-03-22,14.3215,24,4,4,True
2024-03-23,14.1776,24,4,4,True
2024-03-24,13.0028,24,4,4,True
2024-03-25,12.1058,24,4,4,True
2024-03-26,11.9172,24,4,4,True
2024-03-27,11.0766,24,4,4,True
2024-03-28,11.8020,24,4,4,True
2024-03-29,12.4961,24,4,4,True
2024-03-30,12.3827,24,4,4,True
2024-03-31,12.4675,22,4,4,True
2024-04-01,11.8650,24,4,4,True
2024-04-02,12.0304,24,4,4,True
2024-04-03,13.0504,24,4,4,True
2024-04-04,13.5009,24,4,4,True
2024-04-05,14.5732,24,4,4,True
2024-04-06,14.5041,24,4,4,True
2024-04-07,14.3104,24,4,4,True
2024-04-08,14.7810,24,4,4,True
2024-04-09,13.8355,24,4,4,True
2024-04-10,12.8813,24,4,4,True
2024-04-11,12.7538,24,4,4,True
2024-04-12,13.4282,24,4,4,True
2024-04-13,14.1818,24,4,4,True
2024-04-14,14.9612,24,4,4,True
2024-04-15,15.0411,24,4,4,True
2024-04-16,13.6165,24,4,4,True
2024-04-17,12.8513,24,4,4,True
2024-04-18,12.3723,24,4,4,True
2024-04-19,11.5324,24,4,4,True
2024-04-20,11.6965,24,4,4,True
2024-04-21,11.4272,24,4,4,True
2024-04-22,10.8580,24,4,4,True
2024-04-23,10.5833,24,4,4,True
2024-04-24,10.0789,24,4,4,True
2024-04-25,11.0254,24,4,4,True
2024-04-26,12.0069,24,4,4,True
2024-04-27,12.6842,24,4,4,True
2024-04-28,12.8933,24,4,4,True
2024-04-29,13.0030,24,4,4,True
2024-04-30,13.1343,24,4,4,True
2024-05-01,13.1151,24,4,4,True
2024-05-02,12.1535,24,4,4,True
2024-05-03,11.9178,24,4,4,True
2024-05-04,12.9003,24,4,4,True
2024-05-05,13.8389,24,4,4,True
2024-05-06,14.9217,24,4,4,True
2024-05-07,14.0269,24,4,4,True
2024-05-08,14.1844,24,4,4,True
2024-05-09,14.4300,24,4,4,True
2024-05-10,14.8676,24,4,4,True
2024-05-11,15.4770,24,4,4,True
2024-05-12,15.8730,24,4,4,True
2024-05-13,15.8352,24,4,4,True
2024-05-14,15.6055,24,4,4,True
2024-05-15,14.6277,24,4,4,True
2024-05-16,14.4032,24,4,4,True
2024-05-17,14.2635,24,4,4,True
2024-05-18,14.7482,24,4,4,True
2024-05-19,14.9966,24,4,4,True
2024-05-20,15.6087,24,4,4,True
2024-05-21,15.2823,24,4,4,True
2024-05-22,15.0473,24,4,4,True
2024-05-23,15.2652,24,4,4,True
2024-05-24,15.6235,24,4,4,True
2024-05-25,15.4422,24,4,4,True
2024-05-26,15.9914,24,4,4,True
2024-05-27,15.7639,24,4,4,True
2024-05-28,15.2652,24,4,4,True
2024-05-29,15.6432,24,4,4,True
2024-05-30,16.2605,24,4,4,True
2024-05-31,15.6343,24,4,4,True
2024-06-01,15.5152,24,4,4,True
2024-06-02,15.5599,24,4,4,True
2024-06-03,15.5240,24,4,4,True
2024-06-04,15.7515,24,4,4,True
2024-06-05,16.3556,24,4,4,True
2024-06-06,17.2187,24,4,4,True
2024-06-07,17.7818,24,4,4,True
2024-06-08,18.2038,24,4,4,True
2024-06-09,18.0740,24,4,4,True
2024-06-10,17.0691,24,4,4,True
2024-06-11,16.4243,24,4,4,True
2024-06-12,16.0847,24,4,4,True
2024-06-13,15.5449,24,4,4,True
2024-06-14,16.2465,24,4,4,True
2024-06-15,16.4323,24,4,4,True
2024-06-16,16.0498,24,4,4,True
2024-06-17,17.0948,24,4,4,True
2024-06-18,18.0761,24,4,4,True
2024-06-19,18.3010,24,4,4,True
2024-06-20,17.6163,24,4,4,True
2024-06-21,17.6243,24,4,4,True
2024-06-22,17.1911,24,4,4,True
2024-06-23,16.9323,24,4,4,True
2024-06-24,16.9878,24,4,4,True
2024-06-25,17.7183,24,4,4,True
2024-06-26,18.5991,24,4,4,True
2024-06-27,19.4543,24,4,4,True
2024-06-28,19.9937,24,4,4,True
2024-06-29,19.7825,24,4,4,True
2024-06-30,18.3109,24,4,4,True
2024-07-01,18.0721,24,4,4,True
2024-07-02,17.4836,24,4,4,True
2024-07-03,17.1345,24,4,4,True
2024-07-04,17.5509,24,4,4,True
2024-07-05,17.8204,24,4,4,True
2024-07-06,18.2018,24,4,4,True
2024-07-07,17.3041,24,4,4,True
2024-07-08,17.1810,24,4,4,True
2024-07-09,18.5824,24,4,4,True
2024-07-10,19.1927,24,4,4,True
2024-07-11,19.7280,24,4,4,True
2024-07-12,19.8458,24,4,4,True
2024-07-13,17.9344,24,4,4,True
2024-07-14,17.5785,24,4,4,True
2024-07-15,18.6159,24,4,4,True
2024-07-16,18.9460,24,4,4,True
2024-07-17,18.7062,24,4,4,True
2024-07-18,18.9549,24,4,4,True
2024-07-19,20.0155,24,4,4,True
2024-07-20,20.5850,24,4,4,True
2024-07-21,19.6943,24,4,4,True
2024-07-22,18.6229,24,4,4,True
2024-07-23,18.4911,24,4,4,True
2024-07-24,19.2195,24,4,4,True
2024-07-25,19.6764,24,4,4,True
2024-07-26,19.6784,24,4,4,True
2024-07-27,20.0313,24,4,4,True
2024-07-28,20.6507,24,4,4,True
2024-07-29,21.1066,24,4,4,True
2024-07-30,21.5698,24,4,4,True
2024-07-31,21.8862,24,4,4,True
2024-08-01,21.7588,24,4,4,True
2024-08-02,20.7935,24,4,4,True
2024-08-03,20.0194,24,4,4,True
2024-08-04,19.3612,24,4,4,True
2024-08-05,19.2214,24,4,4,True
2024-08-06,19.8420,24,4,4,True
2024-08-07,20.3994,24,4,4,True
2024-08-08,20.4370,24,4,4,True
2024-08-09,20.3010,24,4,4,True
2024-08-10,20.0720,24,4,4,True
2024-08-11,20.3121,24,4,4,True
2024-08-12,20.9691,24,4,4,True
2024-08-13,21.0110,24,4,4,True
2024-08-14,20.4500,24,4,4,True
2024-08-15,19.6535,24,4,4,True
2024-08-16,19.8430,24,4,4,True
2024-08-17,19.8500,24,4,4,True
2024-08-18,19.7576,24,4,4,True
2024-08-19,18.3555,24,4,4,True
2024-08-20,17.7104,24,4,4,True
2024-08-21,18.3694,24,4,4,True
2024-08-22,17.5923,24,4,4,True
2024-08-23,18.2702,24,4,4,True
2024-08-24,18.7477,24,4,4,True
2024-08-25,18.9301,24,4,4,True
2024-08-26,18.0018,24,4,4,True
2024-08-27,17.0365,24,4,4,True
2024-08-28,17.5320,24,4,4,True
2024-08-29,18.5794,24,4,4,True
2024-08-30,19.0104,24,4,4,True
2024-08-31,19.7855,24,4,4,True
2024-09-01,19.9043,24,4,4,True
2024-09-02,19.5842,24,4,4,True
2024-09-03,19.5118,24,4,4,True
2024-09-04,18.7597,24,4,4,True
2024-09-05,17.7620,24,4,4,True
2024-09-06,17.1584,24,4,4,True
2024-09-07,17.2694,24,4,4,True
2024-09-08,16.9828,24,4,4,True
2024-09-09,16.8736,24,4,4,True
2024-09-10,16.9451,24,4,4,True
2024-09-11,16.8598,24,4,4,True
2024-09-12,16.3261,24,4,4,True
2024-09-13,15.2743,24,4,4,True
2024-09-14,14.1935,24,4,4,True
2024-09-15,13.5433,24,4,4,True
2024-09-16,13.4349,24,4,4,True
2024-09-17,13.8095,24,4,4,True
2024-09-18,14.4370,24,4,4,True
2024-09-19,14.7392,24,4,4,True
2024-09-20,15.1787,24,4,4,True
2024-09-21,15.8024,24,4,4,True
2024-09-22,16.2714,24,4,4,True
2024-09-23,16.2347,24,4,4,True
2024-09-24,16.0618,24,4,4,True
2024-09-25,15.7108,24,4,4,True
2024-09-26,16.3022,24,4,4,True
2024-09-27,16.0818,24,4,4,True
2024-09-28,15.2714,24,4,4,True
2024-09-29,14.2485,24,4,4,True
2024-09-30,14.4361,24,4,4,True
2024-10-01,15.1835,24,4,4,True
2024-10-02,15.5767,24,4,4,True
2024-10-03,15.2147,24,4,4,True
2024-10-04,14.4093,24,4,4,True
2024-10-05,13.5695,24,4,4,True
2024-10-06,14.0008,24,4,4,True
2024-10-07,14.8542,24,4,4,True
2024-10-08,15.4136,24,4,4,True
2024-10-09,15.6374,24,4,4,True
2024-10-10,15.6464,24,4,4,True
2024-10-11,15.2048,24,4,4,True
2024-10-12,15.0044,24,4,4,True
2024-10-13,15.2226,24,4,4,True
2024-10-14,15.7678,24,4,4,True
2024-10-15,16.3519,24,4,4,True
2024-10-16,16.7458,24,4,4,True
2024-10-17,16.7487,24,4,4,True
2024-10-18,15.6613,24,4,4,True
2024-10-19,15.3252,24,4,4,True
2024-10-20,15.2107,24,4,4,True
2024-10-21,15.3440,24,4,4,True
2024-10-22,15.7946,24,4,4,True
2024-10-23,15.4365,24,4,4,True
2024-10-24,14.9379,24,4,4,True
2024-10-25,15.1749,24,4,4,True
2024-10-26,15.0723,24,4,4,True
2024-10-27,14.6987,24,4,4,True
2024-10-28,14.3396,24,4,4,True
2024-10-29,14.5678,24,4,4,True
2024-10-30,14.8960,24,4,4,True
2024-10-31,14.9547,24,4,4,True
2024-11-01,14.9428,24,4,4,True
2024-11-02,14.4193,24,4,4,True
2024-11-03,14.0210,24,4,4,True
2024-11-04,14.2686,24,4,4,True
2024-11-05,14.9825,24,4,4,True
2024-11-06,15.2196,24,4,4,True
2024-11-07,14.8362,24,4,4,True
2024-11-08,14.3634,24,4,4,True
2024-11-09,14.3655,24,4,4,True
2024-11-10,14.5780,24,4,4,True
2024-11-11,14.1618,24,4,4,True
2024-11-12,13.4813,24,4,4,True
2024-11-13,12.2120,24,4,4,True
2024-11-14,11.1437,24,4,4,True
2024-11-15,10.1608,24,4,4,True
2024-11-16,9.5922,24,4,4,True
2024-11-17,9.6970,24,4,4,True
2024-11-18,9.6876,24,4,4,True
2024-11-19,9.8393,24,4,4,True
2024-11-20,10.6923,24,4,4,True
2024-11-21,11.1943,24,4,4,True
2024-11-22,11.1414,24,4,4,True
2024-11-23,9.8773,24,4,4,True
2024-11-24,10.5126,24,4,4,True
2024-11-25,12.0635,24,4,4,True
2024-11-26,11.8566,24,4,4,True
2024-11-27,11.2035,24,4,4,True
2024-11-28,10.4169,24,4,4,True
2024-11-29,10.0770,24,4,4,True
2024-11-30,9.9061,24,4,4,True
2024-12-01,10.0851,24,4,4,True
2024-12-02,10.4008,24,4,4,True
2024-12-03,10.6812,24,4,4,True
2024-12-04,10.1061,24,4,4,True
2024-12-05,8.8713,24,4,4,True
2024-12-06,10.2048,24,4,4,True
2024-12-07,11.2351,24,4,4,True
2024-12-08,9.8460,24,4,4,True
2024-12-09,9.2705,24,4,4,True
2024-12-10,8.9797,24,4,4,True
2024-12-11,8.7608,24,4,4,True
2024-12-12,8.5092,24,4,4,True
2024-12-13,8.9155,24,4,4,True
2024-12-14,9.0356,24,4,4,True
2024-12-15,9.0747,24,4,4,True
2024-12-16,7.7273,24,4,4,True
2024-12-17,6.9689,24,4,4,True
2024-12-18,7.5898,24,4,4,True
2024-12-19,8.6218,24,4,4,True
2024-12-20,8.3473,24,4,4,True
2024-12-21,8.5398,24,4,4,True
2024-12-22,9.8729,24,4,4,True
2024-12-23,9.3042,24,4,4,True
2024-12-24,9.0134,24,4,4,True
2024-12-25,9.5677,24,4,4,True
2024-12-26,9.5780,24,4,4,True
2024-12-27,9.0848,24,4,4,True
2024-12-28,7.6826,24,4,4,True
2024-12-29,7.1498,24,4,4,True
2024-12-30,7.3766,24,4,4,True
2024-12-31,6.9637,24,4,4,True
2025-01-01,7.3430,24,4,4,True
2025-01-02,7.3595,24,4,4,True
2025-01-03,8.4386,24,4,4,True
2025-01-04,9.2892,24,4,4,True
2025-01-05,9.8981,24,4,4,True
2025-01-06,9.8640,24,4,4,True
2025-01-07,9.3114,24,4,4,True
2025-01-08,9.4628,24,4,4,True
2025-01-09,9.6270,24,4,4,True
2025-01-10,10.1710,24,4,4,True
2025-01-11,10.8826,24,4,4,True
2025-01-12,8.7980,24,4,4,True
2025-01-13,6.8759,24,4,4,True
2025-01-14,5.8859,24,4,4,True
2025-01-15,5.4695,24,4,4,True
2025-01-16,5.6996,24,4,4,True
2025-01-17,5.7455,24,4,4,True
2025-01-18,5.4942,24,4,4,True
2025-01-19,5.6065,24,4,4,True
2025-01-20,5.7963,24,4,4,True
2025-01-21,6.6600,24,4,4,True
2025-01-22,8.2065,24,4,4,True
2025-01-23,9.1294,24,4,4,True
2025-01-24,8.3428,24,4,4,True
2025-01-25,9.0252,24,4,4,True
2025-01-26,8.5867,24,4,4,True
2025-01-27,9.0136,24,4,4,True
2025-01-28,8.1755,24,4,4,True
2025-01-29,7.6754,24,4,4,True
2025-01-30,8.5500,24,4,4,True
2025-01-31,8.8651,24,4,4,True
2025-02-01,8.5443,24,4,4,True
2025-02-02,7.8370,24,4,4,True
2025-02-03,7.7552,24,4,4,True
2025-02-04,7.6321,24,4,4,True
2025-02-05,7.6756,24,4,4,True
2025-02-06,7.4303,24,4,4,True
2025-02-07,7.4575,24,4,4,True
2025-02-08,8.2071,24,4,4,True
2025-02-09,7.7427,24,4,4,True
2025-02-10,9.0007,24,4,4,True
2025-02-11,9.8892,24,4,4,True
2025-02-12,9.9343,24,4,4,True
2025-02-13,10.4650,24,4,4,True
2025-02-14,10.7034,24,4,4,True
2025-02-15,9.8359,24,4,4,True
2025-02-16,9.4134,24,4,4,True
2025-02-17,10.3139,24,4,4,True
2025-02-18,10.0498,24,4,4,True
2025-02-19,10.7030,24,4,4,True
2025-02-20,11.0794,24,4,4,True
2025-02-21,11.1315,24,4,4,True
2025-02-22,11.0961,24,4,4,True
2025-02-23,10.2505,24,4,4,True
2025-02-24,9.9370,24,4,4,True
2025-02-25,10.7708,24,4,4,True
2025-02-26,10.1043,24,4,4,True
2025-02-27,9.5023,24,4,4,True
2025-02-28,9.3236,24,4,4,True
2025-03-01,8.5478,24,4,4,True
2025-03-02,8.2377,24,4,4,True
2025-03-03,8.5268,24,4,4,True
2025-03-04,9.5752,24,4,4,True
2025-03-05,9.8223,24,4,4,True
2025-03-06,10.6387,24,4,4,True
2025-03-07,11.2864,24,4,4,True
2025-03-08,11.7584,24,4,4,True
2025-03-09,12.0457,24,4,4,True
2025-03-10,11.3969,24,4,4,True
2025-03-11,11.0105,24,4,4,True
2025-03-12,11.3090,24,4,4,True
2025-03-13,10.2964,24,4,4,True
2025-03-14,9.3197,24,4,4,True
2025-03-15,8.5418,24,4,4,True
2025-03-16,8.2310,24,4,4,True
2025-03-17,8.2345,24,4,4,True
2025-03-18,8.7818,24,4,4,True
2025-03-19,10.6701,24,4,4,True
2025-03-20,11.5320,24,4,4,True
2025-03-21,11.6767,24,4,4,True
2025-03-22,11.5996,24,4,4,True
2025-03-23,11.6647,24,4,4,True
2025-03-24,11.8343,24,4,4,True
2025-03-25,12.2260,24,4,4,True
2025-03-26,12.1626,24,4,4,True
2025-03-27,11.7333,24,4,4,True
2025-03-28,11.8304,24,4,4,True
2025-03-29,11.4247,24,4,4,True
2025-03-30,10.6707,22,4,4,True
2025-03-31,10.9002,24,4,4,True
2025-04-01,11.2477,24,4,4,True
2025-04-02,11.4886,24,4,4,True
2025-04-03,11.7322,24,4,4,True
2025-04-04,11.9648,24,4,4,True
2025-04-05,12.2554,24,4,4,True
2025-04-06,13.1942,24,4,4,True
2025-04-07,13.8585,24,4,4,True
2025-04-08,13.3631,24,4,4,True
2025-04-09,13.2870,24,4,4,True
2025-04-10,13.2727,24,4,4,True
2025-04-11,13.5865,24,4,4,True
2025-04-12,14.2054,24,4,4,True
2025-04-13,14.3494,24,4,4,True
2025-04-14,13.9566,24,4,4,True
2025-04-15,13.7067,24,4,4,True
2025-04-16,12.6864,24,4,4,True
2025-04-17,12.1897,24,4,4,True
2025-04-18,12.1487,24,4,4,True
2025-04-19,13.0892,24,4,4,True
2025-04-20,11.8233,24,4,4,True
2025-04-21,12.1532,24,4,4,True
2025-04-22,12.6200,24,4,4,True
2025-04-23,12.0598,24,4,4,True
2025-04-24,12.5363,24,4,4,True
2025-04-25,13.0297,24,4,4,True
2025-04-26,13.4172,24,4,4,True
2025-04-27,13.5614,24,4,4,True
2025-04-28,14.0028,24,4,4,True
2025-04-29,14.6157,24,4,4,True
2025-04-30,14.9288,24,4,4,True
2025-05-01,14.9387,24,4,4,True
2025-05-02,14.9608,24,4,4,True
2025-05-03,15.1887,24,4,4,True
2025-05-04,15.6722,24,4,4,True
2025-05-05,15.3589,24,4,4,True
2025-05-06,14.0377,24,4,4,True
2025-05-07,13.5484,24,4,4,True
2025-05-08,13.5704,24,4,4,True
2025-05-09,13.8877,24,4,4,True
2025-05-10,14.7343,24,4,4,True
2025-05-11,15.0515,24,4,4,True
2025-05-12,14.7264,24,4,4,True
2025-05-13,14.7095,24,4,4,True
2025-05-14,14.9337,24,4,4,True
2025-05-15,15.4903,24,4,4,True
2025-05-16,15.3030,24,4,4,True
2025-05-17,15.2624,24,4,4,True
2025-05-18,15.1947,24,4,4,True
2025-05-19,15.8681,24,4,4,True
2025-05-20,16.0260,24,4,4,True
2025-05-21,16.2188,24,4,4,True
2025-05-22,15.6008,24,4,4,True
2025-05-23,15.0731,24,4,4,True
2025-05-24,15.2873,24,4,4,True
2025-05-25,15.3619,24,4,4,True
2025-05-26,15.7290,24,4,4,True
2025-05-27,15.4385,24,4,4,True
2025-05-28,15.5418,24,4,4,True
2025-05-29,16.1870,24,4,4,True
2025-05-30,16.9669,24,4,4,True
2025-05-31,18.0463,24,4,4,True
2025-06-01,18.1088,24,4,4,True
2025-06-02,17.3100,24,4,4,True
2025-06-03,17.0930,24,4,4,True
2025-06-04,17.0067,24,4,4,True
2025-06-05,16.9888,24,4,4,True
2025-06-06,17.3982,24,4,4,True
2025-06-07,17.7085,24,4,4,True
2025-06-08,17.2068,24,4,4,True
2025-06-09,16.8718,24,4,4,True
2025-06-10,17.0651,24,4,4,True
2025-06-11,18.0979,24,4,4,True
2025-06-12,18.8609,24,4,4,True
2025-06-13,19.5545,24,4,4,True
2025-06-14,19.6427,24,4,4,True
2025-06-15,18.7241,24,4,4,True
2025-06-16,18.0740,24,4,4,True
2025-06-17,17.8323,24,4,4,True
2025-06-18,18.0027,24,4,4,True
2025-06-19,18.3236,24,4,4,True
2025-06-20,19.0045,24,4,4,True
2025-06-21,19.5951,24,4,4,True
2025-06-22,20.1453,24,4,4,True
2025-06-23,20.3308,24,4,4,True
2025-06-24,20.4085,24,4,4,True
2025-06-25,20.8700,24,4,4,True
2025-06-26,20.6474,24,4,4,True
2025-06-27,20.1663,24,4,4,True
2025-06-28,20.1704,24,4,4,True
2025-06-29,20.6500,22,4,4,True
2025-06-30,21.1537,24,4,4,True
2025-07-01,21.7471,24,4,4,True
2025-07-02,21.8692,24,4,4,True
2025-07-03,21.3101,24,4,4,True
2025-07-04,21.1909,24,4,4,True
2025-07-05,21.1263,24,4,4,True
2025-07-06,19.8410,24,4,4,True
2025-07-07,19.0232,24,4,4,True
2025-07-08,18.1048,24,4,4,True
2025-07-09,17.4299,24,4,4,True
2025-07-10,17.3387,24,4,4,True
2025-07-11,17.6252,24,4,4,True
2025-07-12,18.4952,24,4,4,True
2025-07-13,18.8895,24,4,4,True
2025-07-14,19.4840,24,4,4,True
2025-07-15,19.6447,24,4,4,True
2025-07-16,19.1838,24,4,4,True
2025-07-17,18.9875,24,4,4,True
2025-07-18,19.8518,24,4,4,True
2025-07-19,19.9529,24,4,4,True
2025-07-20,19.4483,24,4,4,True
2025-07-21,19.1521,24,4,4,True
2025-07-22,18.4358,24,4,4,True
2025-07-23,18.4446,24,4,4,True
2025-07-24,18.0057,24,4,4,True
2025-07-25,17.7669,24,4,4,True
2025-07-26,18.1900,24,4,4,True
2025-07-27,18.5527,24,4,4,True
2025-07-28,18.4585,24,4,4,True
2025-07-29,17.9859,24,4,4,True
2025-07-30,18.0543,24,4,4,True
2025-07-31,18.5357,24,4,4,True
2025-08-01,18.8241,24,4,4,True
2025-08-02,18.7893,24,4,4,True
2025-08-03,17.7420,24,4,4,True
2025-08-04,17.3437,24,4,4,True
2025-08-05,18.0414,24,4,4,True
2025-08-06,18.2326,24,4,4,True
2025-08-07,17.8412,24,4,4,True
2025-08-08,18.7974,24,4,4,True
2025-08-09,19.5375,24,4,4,True
2025-08-10,20.3577,24,4,4,True
2025-08-11,21.0291,24,4,4,True
2025-08-12,21.9767,24,4,4,True
2025-08-13,22.5301,24,4,4,True
2025-08-14,21.8367,24,4,4,True
2025-08-15,21.6474,24,4,4,True
2025-08-16,21.7062,24,4,4,True
2025-08-17,22.0943,24,4,4,True
2025-08-18,22.0245,24,4,4,True
2025-08-19,21.2395,24,4,4,True
2025-08-20,20.2059,24,4,4,True
2025-08-21,19.5396,24,4,4,True
2025-08-22,19.2542,24,4,4,True
2025-08-23,18.8468,24,4,4,True
2025-08-24,18.2673,24,4,4,True
2025-08-25,18.3920,24,4,4,True
2025-08-26,19.1362,24,4,4,True
2025-08-27,19.5236,24,4,4,True
2025-08-28,19.4197,24,4,4,True
2025-08-29,18.1207,24,4,4,True
2025-08-30,18.0671,24,4,4,True
2025-08-31,18.7140,24,4,4,True
2025-09-01,18.1335,24,4,4,True
2025-09-02,17.5954,24,4,4,True
2025-09-03,17.5489,24,4,4,True
2025-09-04,18.4210,24,4,4,True
2025-09-05,17.6985,24,4,4,True
2025-09-06,17.0284,24,4,4,True
2025-09-07,18.2494,24,4,4,True
2025-09-08,19.0945,24,4,4,True
2025-09-09,18.1020,24,4,4,True
2025-09-10,16.9362,24,4,4,True
2025-09-11,17.0037,24,4,4,True
2025-09-12,17.3348,24,4,4,True
2025-09-13,17.3357,24,4,4,True
2025-09-14,17.1841,24,4,4,True
2025-09-15,17.6807,24,4,4,True
2025-09-16,17.7788,24,4,4,True
2025-09-17,16.7238,24,4,4,True
2025-09-18,16.0697,24,4,4,True
2025-09-19,16.6625,24,4,4,True
2025-09-20,17.9790,24,4,4,True
2025-09-21,17.9145,24,4,4,True
2025-09-22,16.2326,24,4,4,True
2025-09-23,15.1339,24,4,4,True
2025-09-24,14.0798,24,4,4,True
2025-09-25,13.9980,24,4,4,True
2025-09-26,13.7968,24,4,4,True
2025-09-27,13.1142,24,4,4,True
2025-09-28,13.4633,24,4,4,True
2025-09-29,14.3355,24,4,4,True
2025-09-30,14.1696,24,4,4,True
2025-10-01,13.6936,24,4,4,True
2025-10-02,13.1914,24,4,4,True
2025-10-03,13.0892,24,4,4,True
2025-10-04,14.2455,24,4,4,True
2025-10-05,14.4622,24,4,4,True
2025-10-06,13.2233,24,4,4,True
2025-10-07,12.5705,24,4,4,True
2025-10-08,12.7808,24,4,4,True
2025-10-09,13.9047,24,4,4,True
2025-10-10,14.0940,24,4,4,True
2025-10-11,13.4020,24,4,4,True
2025-10-12,13.2898,24,4,4,True
2025-10-13,13.3068,24,4,4,True
2025-10-14,13.3742,24,4,4,True
2025-10-15,13.4222,24,4,4,True
2025-10-16,13.0440,24,4,4,True
2025-10-17,12.5492,24,4,4,True
2025-10-18,12.1330,24,4,4,True
2025-10-19,12.7336,24,4,4,True
2025-10-20,13.8408,24,4,4,True
2025-10-21,14.2857,24,4,4,True
2025-10-22,14.8861,24,4,4,True
2025-10-23,15.1180,24,4,4,True
2025-10-24,14.1899,24,4,4,True
2025-10-25,13.9330,24,4,4,True
2025-10-26,13.6518,24,4,4,True
2025-10-27,13.1676,24,4,4,True
2025-10-28,13.0593,24,4,4,True
2025-10-29,12.5111,24,4,4,True
2025-10-30,13.2157,24,4,4,True
2025-10-31,12.8150,24,4,4,True
2025-11-01,13.5825,24,4,4,True
2025-11-02,13.6990,24,4,4,True
2025-11-03,13.3461,24,4,4,True
2025-11-04,12.4750,24,4,4,True
2025-11-05,13.2897,24,4,4,True
2025-11-06,13.9590,24,4,4,True
2025-11-07,13.6770,24,4,4,True
2025-11-08,13.6640,24,4,4,True
2025-11-09,13.3953,24,4,4,True
2025-11-10,12.3640,24,4,4,True
2025-11-11,11.9547,24,4,4,True
2025-11-12,12.7268,24,4,4,True
2025-11-13,13.9605,24,4,4,True
2025-11-14,14.7325,24,4,4,True
2025-11-15,14.2836,24,4,4,True
2025-11-16,13.8510,24,4,4,True
2025-11-17,13.0079,24,4,4,True
2025-11-18,10.8836,24,4,4,True
2025-11-19,8.9810,24,4,4,True
2025-11-20,8.4909,24,4,4,True
2025-11-21,7.8719,24,4,4,True
2025-11-22,7.0939,24,4,4,True
2025-11-23,7.2272,24,4,4,True
2025-11-24,9.1464,24,4,4,True
2025-11-25,9.8437,24,4,4,True
2025-11-26,8.7716,24,4,4,True
2025-11-27,7.4083,24,4,4,True
2025-11-28,6.8300,24,4,4,True
2025-11-29,6.7750,24,4,4,True
2025-11-30,7.7677,24,4,4,True
2025-12-01,7.4696,24,4,4,True
2025-12-02,7.4034,24,4,4,True
2025-12-03,7.6359,24,4,4,True
2025-12-04,7.8991,24,4,4,True
2025-12-05,8.3815,24,4,4,True
2025-12-06,9.0248,24,4,4,True
2025-12-07,9.8729,24,4,4,True
2025-12-08,9.8804,24,4,4,True
2025-12-09,10.0439,24,4,4,True
2025-12-10,10.7860,24,4,4,True
2025-12-11,11.0727,24,4,4,True
2025-12-12,10.5742,24,4,4,True
2025-12-13,10.3355,24,4,4,True
2025-12-14,9.6087,24,4,4,True
2025-12-15,9.1753,24,4,4,True
2025-12-16,9.5376,24,4,4,True
2025-12-17,9.9662,24,4,4,True
2025-12-18,9.7810,24,4,4,True
2025-12-19,10.2823,24,4,4,True
2025-12-20,10.4834,24,4,4,True
2025-12-21,10.3468,24,4,4,True
2025-12-22,9.5572,24,4,4,True
2025-12-23,8.7515,24,4,4,True
2025-12-24,8.5673,24,4,4,True
2025-12-25,7.8021,24,4,4,True
2025-12-26,7.3785,24,4,4,True
2025-12-27,8.1422,24,4,4,True
2025-12-28,8.4739,24,4,4,True
2025-12-29,7.6442,24,4,4,True
2025-12-30,7.0289,24,4,4,True
2025-12-31,6.5260,24,4,4,True
