date,mean_c,n_hours,n_quarters,qual_codes,eligible
2010-01-01,8.0846,24,4,4,True
2010-01-02,7.4792,24,4,4,True
2010-01-03,6.6567,24,4,4,True
2010-01-04,6.5605,24,4,4,True
2010-01-05,6.2975,24,4,4,True
2010-01-06,6.0577,24,4,4,True
2010-01-07,5.9701,24,4,4,True
2010-01-08,5.6747,24,4,4,True
2010-01-09,4.4742,24,4,4,True
2010-01-10,3.7339,24,4,4,True
2010-01-11,2.6472,24,4,4,True
2010-01-12,2.0400,24,4,4,True
2010-01-13,2.5133,24,4,4,True
2010-01-14,3.5914,24,4,4,True
2010-01-15,5.9688,24,4,4,True
2010-01-16,6.8940,24,4,4,True
2010-01-17,6.9986,24,4,4,True
2010-01-18,7.2973,24,4,4,True
2010-01-19,7.2686,24,4,4,True
2010-01-20,7.0974,24,4,4,True
2010-01-21,7.3483,24,4,4,True
2010-01-22,7.5962,24,4,4,True
2010-01-23,7.2823,24,4,4,True
2010-01-24,6.9154,24,4,4,True
2010-01-25,6.5809,24,4,4,True
2010-01-26,6.5938,24,4,4,True
2010-01-27,6.5809,24,4,4,True
2010-01-28,6.0137,24,4,4,True
2010-01-29,6.0211,24,4,4,True
2010-01-30,5.8071,24,4,4,True
2010-01-31,6.0293,24,4,4,True
2010-02-01,5.9790,24,4,4,True
2010-02-02,5.6793,24,4,4,True
2010-02-03,5.6058,24,4,4,True
2010-02-04,5.7844,24,4,4,True
2010-02-05,6.2217,24,4,4,True
2010-02-06,6.2228,24,4,4,True
2010-02-07,7.0971,24,4,4,True
2010-02-08,7.3208,24,4,4,True
2010-02-09,7.3547,24,4,4,True
2010-02-10,6.5513,24,4,4,True
2010-02-11,5.6395,24,4,4,True
2010-02-12,4.6294,24,4,4,True
2010-02-13,3.9103,24,4,4,True
2010-02-14,3.1969,24,4,4,True
2010-02-15,3.2309,24,4,4,True
2010-02-16,3.7562,24,4,4,True
2010-02-17,4.4992,24,4,4,True
2010-02-18,5.2344,24,4,4,True
2010-02-19,5.6075,24,4,4,True
2010-02-20,6.8193,24,4,4,True
2010-02-21,6.9447,24,4,4,True
2010-02-22,7.0553,24,4,4,True
2010-02-23,7.2734,24,4,4,True
2010-02-24,7.5157,24,4,4,True
2010-02-25,7.7651,24,4,4,True
2010-02-26,8.3358,24,4,4,True
2010-02-27,8.5158,24,4,4,True
2010-02-28,8.8883,24,4,4,True
2010-03-01,8.7977,24,4,4,True
2010-03-02,9.1797,24,4,4,True
2010-03-03,8.8700,24,4,4,True
2010-03-04,8.8058,24,4,4,True
2010-03-05,8.9093,24,4,4,True
2010-03-06,8.5715,24,4,4,True
2010-03-07,8.3471,24,4,4,True
2010-03-08,7.2402,24,4,4,True
2010-03-09,6.4766,24,4,4,True
2010-03-10,5.7063,24,4,4,True
2010-03-11,4.6682,24,4,4,True
2010-03-12,4.8457,24,4,4,True
2010-03-13,5.2968,24,4,4,True
2010-03-14,5.4886,24,4,4,True
2010-03-15,6.3991,24,4,4,True
2010-03-16,7.2131,24,4,4,True
2010-03-17,8.2019,24,4,4,True
2010-03-18,8.8098,24,4,4,True
2010-03-19,9.6397,24,4,4,True
2010-03-20,10.2337,24,4,4,True
2010-03-21,10.5217,24,4,4,True
2010-03-22,10.6376,24,4,4,True
2010-03-23,10.6019,24,4,4,True
2010-03-24,11.1704,24,4,4,True
2010-03-25,11.7075,24,4,4,True
2010-03-26,12.0651,24,4,4,True
2010-03-27,11.4163,24,4,4,True
2010-03-28,11.4461,22,4,4,True
2010-03-29,11.4732,24,4,4,True
2010-03-30,11.3197,24,4,4,True
2010-03-31,11.5612,24,4,4,True
2010-04-01,11.4270,24,4,4,True
2010-04-02,11.6189,24,4,4,True
2010-04-03,11.2818,24,4,4,True
2010-04-04,11.0124,24,4,4,True
2010-04-05,10.8343,24,4,4,True
2010-04-06,10.7911,24,4,4,True
2010-04-07,10.8722,24,4,4,True
2010-04-08,10.9029,24,4,4,True
2010-04-09,10.5628,24,4,4,True
2010-04-10,11.1563,24,4,4,True
2010-04-11,11.9938,24,4,4,True
2010-04-12,12.6456,24,4,4,True
2010-04-13,12.8256,24,4,4,True
2010-04-14,12.8522,24,4,4,True
2010-04-15,12.1406,24,4,4,True
2010-04-16,12.1161,24,4,4,True
2010-04-17,12.1907,24,4,4,True
2010-04-18,12.6134,24,4,4,True
2010-04-19,13.4680,24,4,4,True
2010-04-20,14.2584,24,4,4,True
2010-04-21,14.7337,24,4,4,True
2010-04-22,14.4315,24,4,4,True
2010-04-23,13.8846,24,4,4,True
2010-04-24,12.3550,24,4,4,True
2010-04-25,12.8397,24,4,4,True
2010-04-26,14.0106,24,4,4,True
2010-04-27,14.5880,24,4,4,True
2010-04-28,14.8311,24,4,4,True
2010-04-29,14.8795,24,4,4,True
2010-04-30,14.5539,24,4,4,True
2010-05-01,13.6884,24,4,4,True
2010-05-02,12.1151,24,4,4,True
2010-05-03,11.2574,24,4,4,True
2010-05-04,9.7496,24,4,4,True
2010-05-05,8.1043,24,4,4,True
2010-05-06,8.3889,24,4,4,True
2010-05-07,9.4976,24,4,4,True
2010-05-08,10.6832,24,4,4,True
2010-05-09,11.4135,24,4,4,True
2010-05-10,11.5085,24,4,4,True
2010-05-11,11.5419,24,4,4,True
2010-05-12,11.0828,24,4,4,True
2010-05-13,10.5650,24,4,4,True
2010-05-14,9.6117,24,4,4,True
2010-05-15,9.2003,24,4,4,True
2010-05-16,9.5138,24,4,4,True
2010-05-17,10.1638,24,4,4,True
2010-05-18,11.4645,24,4,4,True
2010-05-19,12.4822,24,4,4,True
2010-05-20,12.8797,24,4,4,True
2010-05-21,13.2810,24,4,4,True
2010-05-22,14.1275,24,4,4,True
2010-05-23,14.7744,24,4,4,True
2010-05-24,15.1420,24,4,4,True
2010-05-25,15.4369,24,4,4,True
2010-05-26,15.6012,24,4,4,True
2010-05-27,14.6186,24,4,4,True
2010-05-28,13.5175,24,4,4,True
2010-05-29,13.0066,24,4,4,True
2010-05-30,13.3251,24,4,4,True
2010-05-31,14.4669,24,4,4,True
2010-06-01,14.1578,24,4,4,True
2010-06-02,14.3248,24,4,4,True
2010-06-03,14.9029,24,4,4,True
2010-06-04,15.5438,24,4,4,True
2010-06-05,16.2785,24,4,4,True
2010-06-06,16.3241,24,4,4,True
2010-06-07,16.0913,24,4,4,True
2010-06-08,15.0205,24,4,4,True
2010-06-09,15.2224,24,4,4,True
2010-06-10,14.6734,24,4,4,True
2010-06-11,13.8019,24,4,4,True
2010-06-12,13.0277,24,4,4,True
2010-06-13,13.4426,24,4,4,True
2010-06-14,13.8266,24,4,4,True
2010-06-15,13.0788,24,4,4,True
2010-06-16,12.3719,24,4,4,True
2010-06-17,12.5566,24,4,4,True
2010-06-18,12.9084,24,4,4,True
2010-06-19,12.7600,24,4,4,True
2010-06-20,12.4227,24,4,4,True
2010-06-21,12.0808,24,4,4,True
2010-06-22,12.7593,24,4,4,True
2010-06-23,14.2391,24,4,4,True
2010-06-24,15.3803,24,4,4,True
2010-06-25,16.3449,24,4,4,True
2010-06-26,17.1390,24,4,4,True
2010-06-27,17.9045,24,4,4,True
2010-06-28,18.0067,24,4,4,True
2010-06-29,17.6965,24,4,4,True
2010-06-30,17.8856,24,4,4,True
2010-07-01,18.3534,24,4,4,True
2010-07-02,19.2257,24,4,4,True
2010-07-03,19.1907,24,4,4,True
2010-07-04,18.3553,24,4,4,True
2010-07-05,17.4248,24,4,4,True
2010-07-06,18.1205,24,4,4,True
2010-07-07,19.2677,24,4,4,True
2010-07-08,19.9572,24,4,4,True
2010-07-09,20.1376,24,4,4,True
2010-07-10,20.7319,24,4,4,True
2010-07-11,20.4539,24,4,4,True
2010-07-12,19.9255,24,4,4,True
2010-07-13,20.3347,24,4,4,True
2010-07-14,20.4098,24,4,4,True
2010-07-15,20.2235,24,4,4,True
2010-07-16,20.5432,24,4,4,True
2010-07-17,20.3390,24,4,4,True
2010-07-18,20.5269,24,4,4,True
2010-07-19,20.9077,24,4,4,True
2010-07-20,21.6068,24,4,4,True
2010-07-21,20.9727,24,4,4,True
2010-07-22,20.5354,24,4,4,True
2010-07-23,19.9292,24,4,4,True
2010-07-24,17.8591,24,4,4,True
2010-07-25,17.6230,24,4,4,True
2010-07-26,18.1671,24,4,4,True
2010-07-27,18.9525,24,4,4,True
2010-07-28,19.9162,24,4,4,True
2010-07-29,20.7015,24,4,4,True
2010-07-30,21.1454,24,4,4,True
2010-07-31,21.9743,24,4,4,True
2010-08-01,21.7406,24,4,4,True
2010-08-02,21.0657,24,4,4,True
2010-08-03,20.6865,24,4,4,True
2010-08-04,19.9502,24,4,4,True
2010-08-05,19.5477,24,4,4,True
2010-08-06,19.7623,24,4,4,True
2010-08-07,20.4013,24,4,4,True
2010-08-08,21.2561,24,4,4,True
2010-08-09,21.3394,24,4,4,True
2010-08-10,21.7135,24,4,4,True
2010-08-11,21.7826,24,4,4,True
2010-08-12,21.7501,24,4,4,True
2010-08-13,21.0242,24,4,4,True
2010-08-14,20.6559,24,4,4,True
2010-08-15,20.6170,24,4,4,True
2010-08-16,20.3891,24,4,4,True
2010-08-17,20.3637,24,4,4,True
2010-08-18,20.6892,24,4,4,True
2010-08-19,20.9910,24,4,4,True
2010-08-20,21.9590,24,4,4,True
2010-08-21,22.5276,24,4,4,True
2010-08-22,23.0894,24,4,4,True
2010-08-23,23.8541,24,4,4,True
2010-08-24,22.8909,24,4,4,True
2010-08-25,22.9125,24,4,4,True
2010-08-26,23.6947,24,4,4,True
2010-08-27,24.1240,24,4,4,True
2010-08-28,23.2807,24,4,4,True
2010-08-29,22.4870,24,4,4,True
2010-08-30,21.9146,24,4,4,True
2010-08-31,21.1755,24,4,4,True
2010-09-01,20.9211,24,4,4,True
2010-09-02,21.4075,24,4,4,True
2010-09-03,22.3774,24,4,4,True
2010-09-04,21.8639,24,4,4,True
2010-09-05,21.6880,24,4,4,True
2010-09-06,21.3879,24,4,4,True
2010-09-07,21.1868,24,4,4,True
2010-09-08,20.7938,24,4,4,True
2010-09-09,20.5325,24,4,4,True
2010-09-10,20.6353,24,4,4,True
2010-09-11,20.4278,24,4,4,True
2010-09-12,20.3826,24,4,4,True
2010-09-13,20.5843,24,4,4,True
2010-09-14,20.2450,24,4,4,True
2010-09-15,20.3074,24,4,4,True
2010-09-16,19.7222,24,4,4,True
2010-09-17,19.1064,24,4,4,True
2010-09-18,18.7755,24,4,4,True
2010-09-19,18.5298,24,4,4,True
2010-09-20,18.1056,24,4,4,True
2010-09-21,18.1296,24,4,4,True
2010-09-22,18.2712,24,4,4,True
2010-09-23,18.2345,24,4,4,True
2010-09-24,18.1177,24,4,4,True
2010-09-25,17.4627,24,4,4,True
2010-09-26,16.8121,24,4,4,True
2010-09-27,16.5062,24,4,4,True
2010-09-28,16.6126,24,4,4,True
2010-09-29,16.2261,24,4,4,True
2010-09-30,15.7395,24,4,4,True
2010-10-01,15.4560,24,4,4,True
2010-10-02,15.8317,24,4,4,True
2010-10-03,16.6324,24,4,4,True
2010-10-04,16.4688,24,4,4,True
2010-10-05,16.0890,24,4,4,True
2010-10-06,16.2190,24,4,4,True
2010-10-07,16.5967,24,4,4,True
2010-10-08,17.0470,24,4,4,True
2010-10-09,17.1969,24,4,4,True
2010-10-10,16.6337,24,4,4,True
2010-10-11,16.1919,24,4,4,True
2010-10-12,14.5789,24,4,4,True
2010-10-13,14.2760,24,4,4,True
2010-10-14,14.0204,24,4,4,True
2010-10-15,13.7501,24,4,4,True
2010-10-16,13.1844,24,4,4,True
2010-10-17,13.1513,24,4,4,True
2010-10-18,12.5151,24,4,4,True
2010-10-19,12.0737,24,4,4,True
2010-10-20,12.4446,24,4,4,True
2010-10-21,11.9238,24,4,4,True
2010-10-22,11.4261,24,4,4,True
2010-10-23,11.8083,24,4,4,True
2010-10-24,11.9709,24,4,4,True
2010-10-25,11.4509,24,4,4,True
2010-10-26,10.8492,24,4,4,True
2010-10-27,10.6146,24,4,4,True
2010-10-28,10.8984,24,4,4,True
2010-10-29,11.0740,24,4,4,True
2010-10-30,11.2186,24,4,4,True
2010-10-31,10.2402,24,4,4,True
2010-11-01,10.2080,24,4,4,True
2010-11-02,10.2078,24,4,4,True
2010-11-03,10.4355,24,4,4,True
2010-11-04,10.6428,24,4,4,True
2010-11-05,11.0196,24,4,4,True
2010-11-06,11.6235,24,4,4,True
2010-11-07,11.6090,24,4,4,True
2010-11-08,10.8125,24,4,4,True
2010-11-09,10.8185,24,4,4,True
2010-11-10,10.2272,24,4,4,True
2010-11-11,9.5035,24,4,4,True
2010-11-12,9.8987,24,4,4,True
2010-11-13,9.6539,24,4,4,True
2010-11-14,10.3182,24,4,4,True
2010-11-15,10.4846,24,4,4,True
2010-11-16,10.3019,24,4,4,True
2010-11-17,9.5470,24,4,4,True
2010-11-18,8.8145,24,4,4,True
2010-11-19,8.1686,24,4,4,True
2010-11-20,8.2960,24,4,4,True
2010-11-21,8.1020,24,4,4,True
2010-11-22,7.9742,24,4,4,True
2010-11-23,7.9647,24,4,4,True
2010-11-24,7.9480,24,4,4,True
2010-11-25,7.8970,24,4,4,True
2010-11-26,7.5063,24,4,4,True
2010-11-27,6.6843,24,4,4,True
2010-11-28,6.2725,24,4,4,True
2010-11-29,5.6255,24,4,4,True
2010-11-30,5.4193,24,4,4,True
2010-12-01,4.9523,24,4,4,True
2010-12-02,4.8041,24,4,4,True
2010-12-03,4.6920,24,4,4,True
2010-12-04,4.7789,24,4,4,True
2010-12-05,5.1204,24,4,4,True
2010-12-06,5.8692,24,4,4,True
2010-12-07,5.8619,24,4,4,True
2010-12-08,7.2959,24,4,4,True
2010-12-09,7.9460,24,4,4,True
2010-12-10,7.5367,24,4,4,True
2010-12-11,6.8615,24,4,4,True
2010-12-12,6.2770,24,4,4,True
2010-12-13,5.4233,24,4,4,True
2010-12-14,4.5738,24,4,4,True
2010-12-15,4.3085,24,4,4,True
2010-12-16,3.9823,24,4,4,True
2010-12-17,4.3565,24,4,4,True
2010-12-18,3.7513,24,4,4,True
2010-12-19,3.6106,24,4,4,True
2010-12-20,3.7861,24,4,4,True
2010-12-21,3.9012,24,4,4,True
2010-12-22,4.0253,24,4,4,True
2010-12-23,4.1127,24,4,4,True
2010-12-24,4.6430,24,4,4,True
2010-12-25,4.8965,24,4,4,True
2010-12-26,4.4441,24,4,4,True
2010-12-27,3.8869,24,4,4,True
2010-12-28,4.1251,24,4,4,True
2010-12-29,3.8428,24,4,4,True
2010-12-30,4.0816,24,4,4,True
2010-12-31,4.5474,24,4,4,True
2011-01-01,5.0264,24,4,4,True
2011-01-02,5.3745,24,4,4,True
2011-01-03,5.3948,24,4,4,True
2011-01-04,5.5050,24,4,4,True
2011-01-05,5.5592,24,4,4,True
2011-01-06,6.2106,24,4,4,True
2011-01-07,6.4825,24,4,4,True
2011-01-08,6.3944,24,4,4,True
2011-01-09,6.3641,24,4,4,True
2011-01-10,5.9278,24,4,4,True
2011-01-11,6.5888,24,4,4,True
2011-01-12,6.9900,24,4,4,True
2011-01-13,7.4861,24,4,4,True
2011-01-14,7.6125,24,4,4,True
2011-01-15,7.7483,24,4,4,True
2011-01-16,7.7095,24,4,4,True
2011-01-17,7.4627,24,4,4,True
2011-01-18,7.3477,24,4,4,True
2011-01-19,7.1779,24,4,4,True
2011-01-20,6.2585,24,4,4,True
2011-01-21,5.6598,24,4,4,True
2011-01-22,5.0113,24,4,4,True
2011-01-23,4.8686,24,4,4,True
2011-01-24,4.3834,24,4,4,True
2011-01-25,3.9912,24,4,4,True
2011-01-26,3.6228,24,4,4,True
2011-01-27,3.2429,24,4,4,True
2011-01-28,3.4185,24,4,4,True
2011-01-29,3.6200,24,4,4,True
2011-01-30,3.6507,24,4,4,True
2011-01-31,3.6859,24,4,4,True
2011-02-01,3.4225,24,4,4,True
2011-02-02,3.7526,24,4,4,True
2011-02-03,4.6998,24,4,4,True
2011-02-04,5.4510,24,4,4,True
2011-02-05,5.6044,24,4,4,True
2011-02-06,5.3811,24,4,4,True
2011-02-07,5.5326,24,4,4,True
2011-02-08,6.0904,24,4,4,True
2011-02-09,6.3149,24,4,4,True
2011-02-10,6.4073,24,4,4,True
2011-02-11,6.8124,24,4,4,True
2011-02-12,6.8246,24,4,4,True
2011-02-13,7.2686,24,4,4,True
2011-02-14,7.3006,24,4,4,True
2011-02-15,7.5932,24,4,4,True
2011-02-16,8.1227,24,4,4,True
2011-02-17,7.6238,24,4,4,True
2011-02-18,8.3134,24,4,4,True
2011-02-19,7.9727,24,4,4,True
2011-02-20,8.5742,24,4,4,True
2011-02-21,8.0790,24,4,4,True
2011-02-22,8.2271,24,4,4,True
2011-02-23,8.3962,24,4,4,True
2011-02-24,8.3556,24,4,4,True
2011-02-25,9.0207,24,4,4,True
2011-02-26,9.1303,24,4,4,True
2011-02-27,9.2178,24,4,4,True
2011-02-28,8.3817,24,4,4,True
2011-03-01,7.2062,24,4,4,True
2011-03-02,6.2148,24,4,4,True
2011-03-03,6.3310,24,4,4,True
2011-03-04,6.5588,24,4,4,True
2011-03-05,7.0313,24,4,4,True
2011-03-06,7.5761,24,4,4,True
2011-03-07,8.0423,24,4,4,True
2011-03-08,8.6660,24,4,4,True
2011-03-09,9.1244,24,4,4,True
2011-03-10,9.0308,24,4,4,True
2011-03-11,9.2723,24,4,4,True
2011-03-12,9.3459,24,4,4,True
2011-03-13,10.0916,24,4,4,True
2011-03-14,10.5390,24,4,4,True
2011-03-15,10.7508,24,4,4,True
2011-03-16,10.9374,24,4,4,True
2011-03-17,9.8942,24,4,4,True
2011-03-18,9.3857,24,4,4,True
2011-03-19,9.7304,24,4,4,True
2011-03-20,10.4753,24,4,4,True
2011-03-21,10.7231,24,4,4,True
2011-03-22,10.9570,24,4,4,True
2011-03-23,10.7207,24,4,4,True
2011-03-24,10.4728,24,4,4,True
2011-03-25,10.4041,24,4,4,True
2011-03-26,11.0120,24,4,4,True
2011-03-27,11.3855,22,4,4,True
2011-03-28,11.4175,24,4,4,True
2011-03-29,11.1950,24,4,4,True
2011-03-30,11.0669,24,4,4,True
2011-03-31,11.2968,24,4,4,True
2011-04-01,12.0290,24,4,4,True
2011-04-02,12.2539,24,4,4,True
2011-04-03,12.5183,24,4,4,True
2011-04-04,12.0919,24,4,4,True
2011-04-05,11.0071,24,4,4,True
2011-04-06,10.9544,24,4,4,True
2011-04-07,12.2889,24,4,4,True
2011-04-08,13.4029,24,4,4,True
2011-04-09,14.0327,24,4,4,True
2011-04-10,13.6958,24,4,4,True
2011-04-11,13.0410,24,4,4,True
2011-04-12,11.9223,24,4,4,True
2011-04-13,11.8340,24,4,4,True
2011-04-14,12.0078,24,4,4,True
2011-04-15,12.4817,24,4,4,True
2011-04-16,12.7700,24,4,4,True
2011-04-17,13.0388,24,4,4,True
2011-04-18,13.4766,24,4,4,True
2011-04-19,13.5559,24,4,4,True
2011-04-20,14.1187,24,4,4,True
2011-04-21,14.2616,24,4,4,True
2011-04-22,13.9567,24,4,4,True
2011-04-23,13.4843,24,4,4,True
2011-04-24,13.3536,24,4,4,True
2011-04-25,12.8070,24,4,4,True
2011-04-26,13.2833,24,4,4,True
2011-04-27,13.7061,24,4,4,True
2011-04-28,14.1773,24,4,4,True
2011-04-29,14.4989,24,4,4,True
2011-04-30,14.5707,24,4,4,True
2011-05-01,14.7580,24,4,4,True
2011-05-02,15.0144,24,4,4,True
2011-05-03,14.6176,24,4,4,True
2011-05-04,13.5772,24,4,4,True
2011-05-05,13.9253,24,4,4,True
2011-05-06,15.0975,24,4,4,True
2011-05-07,14.9139,24,4,4,True
2011-05-08,14.9465,24,4,4,True
2011-05-09,14.7002,24,4,4,True
2011-05-10,14.7819,24,4,4,True
2011-05-11,16.1083,24,4,4,True
2011-05-12,16.7981,24,4,4,True
2011-05-13,17.1929,24,4,4,True
2011-05-14,15.7011,24,4,4,True
2011-05-15,15.0021,24,4,4,True
2011-05-16,14.5887,24,4,4,True
2011-05-17,15.1386,24,4,4,True
2011-05-18,16.2210,24,4,4,True
2011-05-19,17.1164,24,4,4,True
2011-05-20,17.5703,24,4,4,True
2011-05-21,17.6853,24,4,4,True
2011-05-22,16.6424,24,4,4,True
2011-05-23,17.2080,24,4,4,True
2011-05-24,17.5590,24,4,4,True
2011-05-25,18.0817,24,4,4,True
2011-05-26,17.9909,24,4,4,True
2011-05-27,17.7401,24,4,4,True
2011-05-28,17.6616,24,4,4,True
2011-05-29,16.9170,24,4,4,True
2011-05-30,17.1157,24,4,4,True
2011-05-31,17.2416,24,4,4,True
2011-06-01,16.2293,24,4,4,True
2011-06-02,14.1027,24,4,4,True
2011-06-03,13.4247,24,4,4,True
2011-06-04,13.0095,24,4,4,True
2011-06-05,13.8532,24,4,4,True
2011-06-06,14.3418,24,4,4,True
2011-06-07,14.2539,24,4,4,True
2011-06-08,13.9108,24,4,4,True
2011-06-09,13.7680,24,4,4,True
2011-06-10,13.5895,24,4,4,True
2011-06-11,13.9425,24,4,4,True
2011-06-12,14.1847,24,4,4,True
2011-06-13,15.1121,24,4,4,True
2011-06-14,16.3285,24,4,4,True
2011-06-15,17.7793,24,4,4,True
2011-06-16,17.7054,24,4,4,True
2011-06-17,18.2752,24,4,4,True
2011-06-18,17.4626,24,4,4,True
2011-06-19,17.0048,24,4,4,True
2011-06-20,17.5343,24,4,4,True
2011-06-21,18.1173,24,4,4,True
2011-06-22,18.1285,24,4,4,True
2011-06-23,17.8513,24,4,4,True
2011-06-24,16.8397,24,4,4,True
2011-06-25,17.0291,24,4,4,True
2011-06-26,18.2057,24,4,4,True
2011-06-27,19.5295,24,4,4,True
2011-06-28,20.3785,24,4,4,True
2011-06-29,20.5790,24,4,4,True
2011-06-30,20.8871,24,4,4,True
2011-07-01,20.3150,24,4,4,True
2011-07-02,20.0000,24,4,4,True
2011-07-03,20.2368,24,4,4,True
2011-07-04,20.3214,24,4,4,True
2011-07-05,20.9935,24,4,4,True
2011-07-06,20.6092,24,4,4,True
2011-07-07,20.4937,24,4,4,True
2011-07-08,20.6781,24,4,4,True
2011-07-09,20.8277,24,4,4,True
2011-07-10,21.1656,24,4,4,True
2011-07-11,21.8001,24,4,4,True
2011-07-12,21.8527,24,4,4,True
2011-07-13,21.1951,24,4,4,True
2011-07-14,18.9817,24,4,4,True
2011-07-15,17.1063,24,4,4,True
2011-07-16,18.1899,24,4,4,True
2011-07-17,18.3317,24,4,4,True
2011-07-18,18.5774,24,4,4,True
2011-07-19,18.6081,24,4,4,True
2011-07-20,17.8836,24,4,4,True
2011-07-21,17.6608,24,4,4,True
2011-07-22,17.4675,24,4,4,True
2011-07-23,17.6261,24,4,4,True
2011-07-24,16.7249,24,4,4,True
2011-07-25,16.5732,24,4,4,True
2011-07-26,16.1183,24,4,4,True
2011-07-27,14.8471,24,4,4,True
2011-07-28,15.0959,24,4,4,True
2011-07-29,15.7731,24,4,4,True
2011-07-30,16.4453,24,4,4,True
2011-07-31,17.6863,24,4,4,True
2011-08-01,18.5062,24,4,4,True
2011-08-02,19.2896,24,4,4,True
2011-08-03,19.4533,24,4,4,True
2011-08-04,20.2983,24,4,4,True
2011-08-05,20.5866,24,4,4,True
2011-08-06,20.8790,24,4,4,True
2011-08-07,20.7191,24,4,4,True
2011-08-08,20.4571,24,4,4,True
2011-08-09,20.0139,24,4,4,True
2011-08-10,19.9000,24,4,4,True
2011-08-11,19.7588,24,4,4,True
2011-08-12,20.3464,24,4,4,True
2011-08-13,20.9880,24,4,4,True
2011-08-14,21.2052,24,4,4,True
2011-08-15,21.3299,24,4,4,True
2011-08-16,22.2184,24,4,4,True
2011-08-17,22.5167,24,4,4,True
2011-08-18,22.4504,24,4,4,True
2011-08-19,22.9590,24,4,4,True
2011-08-20,23.9833,24,4,4,True
2011-08-21,24.2898,24,4,4,True
2011-08-22,24.1493,24,4,4,True
2011-08-23,23.9468,24,4,4,True
2011-08-24,24.0624,24,4,4,True
2011-08-25,24.1174,24,4,4,True
2011-08-26,22.6559,24,4,4,True
2011-08-27,21.2211,24,4,4,True
2011-08-28,21.1318,24,4,4,True
2011-08-29,21.0208,24,4,4,True
2011-08-30,21.2235,24,4,4,True
2011-08-31,21.2122,24,4,4,True
2011-09-01,21.6300,24,4,4,True
2011-09-02,22.3613,24,4,4,True
2011-09-03,22.3134,24,4,4,True
2011-09-04,21.8666,24,4,4,True
2011-09-05,20.9364,24,4,4,True
2011-09-06,20.5417,24,4,4,True
2011-09-07,19.8107,24,4,4,True
2011-09-08,19.7975,24,4,4,True
2011-09-09,20.1144,24,4,4,True
2011-09-10,21.1718,24,4,4,True
2011-09-11,21.2357,24,4,4,True
2011-09-12,21.5441,24,4,4,True
2011-09-13,21.9827,24,4,4,True
2011-09-14,22.2044,24,4,4,True
2011-09-15,21.9059,24,4,4,True
2011-09-16,22.1172,24,4,4,True
2011-09-17,22.1873,24,4,4,True
2011-09-18,20.7857,24,4,4,True
2011-09-19,19.4612,24,4,4,True
2011-09-20,19.4289,24,4,4,True
2011-09-21,19.1423,24,4,4,True
2011-09-22,18.8936,24,4,4,True
2011-09-23,18.9252,24,4,4,True
2011-09-24,18.9033,24,4,4,True
2011-09-25,18.6101,24,4,4,True
2011-09-26,18.9064,24,4,4,True
2011-09-27,19.2879,24,4,4,True
2011-09-28,19.6260,24,4,4,True
2011-09-29,19.5287,24,4,4,True
2011-09-30,19.2502,24,4,4,True
2011-10-01,19.2215,24,4,4,True
2011-10-02,18.9560,24,4,4,True
2011-10-03,19.1690,24,4,4,True
2011-10-04,19.1790,24,4,4,True
2011-10-05,19.0312,24,4,4,True
2011-10-06,18.7102,24,4,4,True
2011-10-07,18.5021,24,4,4,True
2011-10-08,17.2544,24,4,4,True
2011-10-09,17.0205,24,4,4,True
2011-10-10,17.2166,24,4,4,True
2011-10-11,17.1948,24,4,4,True
2011-10-12,17.0510,24,4,4,True
2011-10-13,17.0858,24,4,4,True
2011-10-14,16.6255,24,4,4,True
2011-10-15,16.2174,24,4,4,True
2011-10-16,16.1015,24,4,4,True
2011-10-17,15.9553,24,4,4,True
2011-10-18,15.5753,24,4,4,True
2011-10-19,15.6971,24,4,4,True
2011-10-20,14.6417,24,4,4,True
2011-10-21,13.6952,24,4,4,True
2011-10-22,13.2187,24,4,4,True
2011-10-23,13.7562,24,4,4,True
2011-10-24,13.7117,24,4,4,True
2011-10-25,13.6528,24,4,4,True
2011-10-26,12.5890,24,4,4,True
2011-10-27,12.7043,24,4,4,True
2011-10-28,12.6914,24,4,4,True
2011-10-29,12.6310,24,4,4,True
2011-10-30,12.8377,24,4,4,True
2011-10-31,12.8425,24,4,4,True
2011-11-01,12.9997,24,4,4,True
2011-11-02,13.4353,24,4,4,True
2011-11-03,13.8998,24,4,4,True
2011-11-04,13.3570,24,4,4,True
2011-11-05,12.4718,24,4,4,True
2011-11-06,11.3254,24,4,4,True
2011-11-07,10.9469,24,4,4,True
2011-11-08,10.8431,24,4,4,True
2011-11-09,10.6098,24,4,4,True
2011-11-10,10.3160,24,4,4,True
2011-11-11,10.2832,24,4,4,True
2011-11-12,10.5911,24,4,4,True
2011-11-13,11.0080,24,4,4,True
2011-11-14,10.9074,24,4,4,True
2011-11-15,11.0400,24,4,4,True
2011-11-16,11.0522,24,4,4,True
2011-11-17,11.2327,24,4,4,True
2011-11-18,11.0682,24,4,4,True
2011-11-19,11.2266,24,4,4,True
2011-11-20,11.2471,24,4,4,True
2011-11-21,10.6830,24,4,4,True
2011-11-22,10.2599,24,4,4,True
2011-11-23,9.8065,24,4,4,True
2011-11-24,9.4565,24,4,4,True
2011-11-25,9.6650,24,4,4,True
2011-11-26,9.8703,24,4,4,True
2011-11-27,9.6067,24,4,4,True
2011-11-28,9.4403,24,4,4,True
2011-11-29,8.9932,24,4,4,True
2011-11-30,8.6867,24,4,4,True
2011-12-01,8.2103,24,4,4,True
2011-12-02,7.9425,24,4,4,True
2011-12-03,7.6810,24,4,4,True
2011-12-04,7.8389,24,4,4,True
2011-12-05,8.1301,24,4,4,True
2011-12-06,8.1124,24,4,4,True
2011-12-07,8.7225,24,4,4,True
2011-12-08,9.4441,24,4,4,True
2011-12-09,9.1106,24,4,4,True
2011-12-10,9.1341,24,4,4,True
2011-12-11,8.7675,24,4,4,True
2011-12-12,8.9507,24,4,4,True
2011-12-13,8.0799,24,4,4,True
2011-12-14,7.6253,24,4,4,True
2011-12-15,7.1802,24,4,4,True
2011-12-16,7.2084,24,4,4,True
2011-12-17,7.1340,24,4,4,True
2011-12-18,6.8627,24,4,4,True
2011-12-19,6.5975,24,4,4,True
2011-12-20,7.0478,24,4,4,True
2011-12-21,7.5299,24,4,4,True
2011-12-22,8.7636,24,4,4,True
2011-12-23,8.7897,24,4,4,True
2011-12-24,8.4003,24,4,4,True
2011-12-25,7.5305,24,4,4,True
2011-12-26,6.8458,24,4,4,True
2011-12-27,6.0487,24,4,4,True
2011-12-28,5.3288,24,4,4,True
2011-12-29,5.5435,24,4,4,True
2011-12-30,5.7800,24,4,4,True
2011-12-31,6.9207,24,4,4,True
2012-01-01,7.8577,24,4,4,True
2012-01-02,8.6562,24,4,4,True
2012-01-03,8.2892,24,4,4,True
2012-01-04,7.9294,24,4,4,True
2012-01-05,7.6414,24,4,4,True
2012-01-06,7.8272,24,4,4,True
2012-01-07,8.1937,24,4,4,True
2012-01-08,7.9690,24,4,4,True
2012-01-09,7.6340,24,4,4,True
2012-01-10,7.1654,24,4,4,True
2012-01-11,6.9034,24,4,4,True
2012-01-12,6.2610,24,4,4,True
2012-01-13,5.4418,24,4,4,True
2012-01-14,4.9695,24,4,4,True
2012-01-15,4.9748,24,4,4,True
2012-01-16,4.8938,24,4,4,True
2012-01-17,5.2946,24,4,4,True
2012-01-18,5.1022,24,4,4,True
2012-01-19,5.1745,24,4,4,True
2012-01-20,5.9780,24,4,4,True
2012-01-21,6.2022,24,4,4,True
2012-01-22,7.0122,24,4,4,True
2012-01-23,7.7307,24,4,4,True
2012-01-24,8.0698,24,4,4,True
2012-01-25,7.8775,24,4,4,True
2012-01-26,7.9319,24,4,4,True
2012-01-27,8.2009,24,4,4,True
2012-01-28,7.4173,24,4,4,True
2012-01-29,6.5873,24,4,4,True
2012-01-30,6.0544,24,4,4,True
2012-01-31,5.9841,24,4,4,True
2012-02-01,5.7059,24,4,4,True
2012-02-02,4.9153,24,4,4,True
2012-02-03,3.8387,24,4,4,True
2012-02-04,2.9954,24,4,4,True
2012-02-05,2.0707,24,4,4,True
2012-02-06,2.0170,24,4,4,True
2012-02-07,1.4037,24,4,4,True
2012-02-08,0.7984,24,4,4,True
2012-02-09,0.8701,24,4,4,True
2012-02-10,1.3885,24,4,4,True
2012-02-11,1.3030,24,4,4,True
2012-02-12,1.0928,24,4,4,True
2012-02-13,0.8337,24,4,4,True
2012-02-14,1.5052,24,4,4,True
2012-02-15,1.9580,24,4,4,True
2012-02-16,2.5232,24,4,4,True
2012-02-17,3.1977,24,4,4,True
2012-02-18,4.6066,24,4,4,True
2012-02-19,5.7470,24,4,4,True
2012-02-20,6.2999,24,4,4,True
2012-02-21,6.5082,24,4,4,True
2012-02-22,6.3949,24,4,4,True
2012-02-23,6.4110,24,4,4,True
2012-02-24,6.7597,24,4,4,True
2012-02-25,6.8298,24,4,4,True
2012-02-26,7.7054,24,4,4,True
2012-02-27,8.6124,24,4,4,True
2012-02-28,8.3514,24,4,4,True
2012-02-29,8.2291,24,4,4,True
2012-03-01,8.2627,24,4,4,True
2012-03-02,8.5915,24,4,4,True
2012-03-03,8.8460,24,4,4,True
2012-03-04,8.7963,24,4,4,True
2012-03-05,8.6844,24,4,4,True
2012-03-06,8.1504,24,4,4,True
2012-03-07,8.1491,24,4,4,True
2012-03-08,8.2154,24,4,4,True
2012-03-09,8.0879,24,4,4,True
2012-03-10,8.3681,24,4,4,True
2012-03-11,8.7272,24,4,4,True
2012-03-12,9.2159,24,4,4,True
2012-03-13,9.4781,24,4,4,True
2012-03-14,10.0085,24,4,4,True
2012-03-15,10.7682,24,4,4,True
2012-03-16,11.4156,24,4,4,True
2012-03-17,11.9788,24,4,4,True
2012-03-18,11.6492,24,4,4,True
2012-03-19,11.2353,24,4,4,True
2012-03-20,10.6722,24,4,4,True
2012-03-21,9.5127,24,4,4,True
2012-03-22,9.0570,24,4,4,True
2012-03-23,9.0323,24,4,4,True
2012-03-24,9.8604,24,4,4,True
2012-03-25,10.8595,22,4,4,True
2012-03-26,11.2992,24,4,4,True
2012-03-27,11.7507,24,4,4,True
2012-03-28,12.0445,24,4,4,True
2012-03-29,12.2628,24,4,4,True
2012-03-30,12.5607,24,4,4,True
2012-03-31,12.8884,24,4,4,True
2012-04-01,12.9088,24,4,4,True
2012-04-02,13.0798,24,4,4,True
2012-04-03,12.6381,24,4,4,True
2012-04-04,12.2059,24,4,4,True
2012-04-05,11.5107,24,4,4,True
2012-04-06,11.4520,24,4,4,True
2012-04-07,11.2548,24,4,4,True
2012-04-08,11.4279,24,4,4,True
2012-04-09,11.7930,24,4,4,True
2012-04-10,11.4847,24,4,4,True
2012-04-11,11.5288,24,4,4,True
2012-04-12,11.4013,24,4,4,True
2012-04-13,10.9460,24,4,4,True
2012-04-14,10.6945,24,4,4,True
2012-04-15,10.4425,24,4,4,True
2012-04-16,9.3739,24,4,4,True
2012-04-17,8.9873,24,4,4,True
2012-04-18,9.4231,24,4,4,True
2012-04-19,10.2073,24,4,4,True
2012-04-20,10.7342,24,4,4,True
2012-04-21,10.9393,24,4,4,True
2012-04-22,11.1144,24,4,4,True
2012-04-23,11.2175,24,4,4,True
2012-04-24,10.4447,24,4,4,True
2012-04-25,10.1968,24,4,4,True
2012-04-26,10.6046,24,4,4,True
2012-04-27,11.5872,24,4,4,True
2012-04-28,12.5706,24,4,4,True
2012-04-29,10.8779,24,4,4,True
2012-04-30,10.0965,24,4,4,True
2012-05-01,10.0472,24,4,4,True
2012-05-02,10.5989,24,4,4,True
2012-05-03,11.9015,24,4,4,True
2012-05-04,12.3205,24,4,4,True
2012-05-05,12.5600,24,4,4,True
2012-05-06,12.4412,24,4,4,True
2012-05-07,12.8611,24,4,4,True
2012-05-08,13.2865,24,4,4,True
2012-05-09,14.0967,24,4,4,True
2012-05-10,14.7206,24,4,4,True
2012-05-11,15.1317,24,4,4,True
2012-05-12,14.5022,24,4,4,True
2012-05-13,13.6947,24,4,4,True
2012-05-14,13.2123,24,4,4,True
2012-05-15,12.8232,24,4,4,True
2012-05-16,13.0552,24,4,4,True
2012-05-17,13.1088,24,4,4,True
2012-05-18,12.9548,24,4,4,True
2012-05-19,13.0147,24,4,4,True
2012-05-20,12.3620,24,4,4,True
2012-05-21,11.2867,24,4,4,True
2012-05-22,10.1813,24,4,4,True
2012-05-23,10.8396,24,4,4,True
2012-05-24,12.3778,24,4,4,True
2012-05-25,14.3611,24,4,4,True
2012-05-26,15.2285,24,4,4,True
2012-05-27,14.9397,24,4,4,True
2012-05-28,14.4315,24,4,4,True
2012-05-29,15.0971,24,4,4,True
2012-05-30,15.8525,24,4,4,True
2012-05-31,16.2422,24,4,4,True
2012-06-01,16.5686,24,4,4,True
2012-06-02,17.0866,24,4,4,True
2012-06-03,16.6476,24,4,4,True
2012-06-04,15.1876,24,4,4,True
2012-06-05,14.7385,24,4,4,True
2012-06-06,15.1364,24,4,4,True
2012-06-07,16.1478,24,4,4,True
2012-06-08,15.7102,24,4,4,True
2012-06-09,15.2444,24,4,4,True
2012-06-10,14.5181,24,4,4,True
2012-06-11,14.5247,24,4,4,True
2012-06-12,14.5527,24,4,4,True
2012-06-13,14.4827,24,4,4,True
2012-06-14,14.9896,24,4,4,True
2012-06-15,15.7509,24,4,4,True
2012-06-16,17.1513,24,4,4,True
2012-06-17,18.9800,24,4,4,True
2012-06-18,19.1056,24,4,4,True
2012-06-19,18.9488,24,4,4,True
2012-06-20,18.5478,24,4,4,True
2012-06-21,17.5279,24,4,4,True
2012-06-22,17.7727,24,4,4,True
2012-06-23,18.3783,24,4,4,True
2012-06-24,18.8146,24,4,4,True
2012-06-25,19.4799,24,4,4,True
2012-06-26,20.3371,24,4,4,True
2012-06-27,21.3708,24,4,4,True
2012-06-28,22.4079,24,4,4,True
2012-06-29,22.4538,24,4,4,True
2012-06-30,22.8712,24,4,4,True
2012-07-01,21.2115,24,4,4,True
2012-07-02,20.5516,24,4,4,True
2012-07-03,19.8510,24,4,4,True
2012-07-04,19.8090,24,4,4,True
2012-07-05,19.3692,24,4,4,True
2012-07-06,19.1837,24,4,4,True
2012-07-07,19.1465,24,4,4,True
2012-07-08,18.2980,24,4,4,True
2012-07-09,18.8867,24,4,4,True
2012-07-10,19.3316,24,4,4,True
2012-07-11,19.1125,24,4,4,True
2012-07-12,19.3300,24,4,4,True
2012-07-13,19.6030,24,4,4,True
2012-07-14,18.9135,24,4,4,True
2012-07-15,19.0117,24,4,4,True
2012-07-16,19.8839,24,4,4,True
2012-07-17,20.6864,24,4,4,True
2012-07-18,21.3784,24,4,4,True
2012-07-19,22.0817,24,4,4,True
2012-07-20,21.0897,24,4,4,True
2012-07-21,21.2329,24,4,4,True
2012-07-22,21.4991,24,4,4,True
2012-07-23,21.7353,24,4,4,True
2012-07-24,21.5551,24,4,4,True
2012-07-25,22.1484,24,4,4,True
2012-07-26,23.0442,24,4,4,True
2012-07-27,22.9240,24,4,4,True
2012-07-28,22.8710,24,4,4,True
2012-07-29,23.1582,24,4,4,True
2012-07-30,23.5373,24,4,4,True
2012-07-31,23.9287,24,4,4,True
2012-08-01,23.3585,24,4,4,True
2012-08-02,23.4990,24,4,4,True
2012-08-03,23.5505,24,4,4,True
2012-08-04,23.3349,24,4,4,True
2012-08-05,23.0527,24,4,4,True
2012-08-06,22.0035,24,4,4,True
2012-08-07,21.6258,24,4,4,True
2012-08-08,21.2805,24,4,4,True
2012-08-09,21.9585,24,4,4,True
2012-08-10,22.4933,24,4,4,True
2012-08-11,23.3676,24,4,4,True
2012-08-12,23.4568,24,4,4,True
2012-08-13,23.3667,24,4,4,True
2012-08-14,24.2240,24,4,4,True
2012-08-15,23.8938,24,4,4,True
2012-08-16,23.6740,24,4,4,True
2012-08-17,24.1816,24,4,4,True
2012-08-18,24.2950,24,4,4,True
2012-08-19,24.1542,24,4,4,True
2012-08-20,25.2532,24,4,4,True
2012-08-21,26.2116,24,4,4,True
2012-08-22,26.2599,24,4,4,True
2012-08-23,26.2420,24,4,4,True
2012-08-24,26.0523,24,4,4,True
2012-08-25,24.7840,24,4,4,True
2012-08-26,23.4263,24,4,4,True
2012-08-27,23.7081,24,4,4,True
2012-08-28,23.7893,24,4,4,True
2012-08-29,23.8274,24,4,4,True
2012-08-30,22.9165,24,4,4,True
2012-08-31,21.8640,24,4,4,True
2012-09-01,21.1028,24,4,4,True
2012-09-02,20.0018,24,4,4,True
2012-09-03,19.8104,24,4,4,True
2012-09-04,19.9442,24,4,4,True
2012-09-05,20.7353,24,4,4,True
2012-09-06,21.2132,24,4,4,True
2012-09-07,21.3045,24,4,4,True
2012-09-08,21.3761,24,4,4,True
2012-09-09,21.4787,24,4,4,True
2012-09-10,21.9920,24,4,4,True
2012-09-11,22.3599,24,4,4,True
2012-09-12,22.0301,24,4,4,True
2012-09-13,20.2664,24,4,4,True
2012-09-14,20.3125,24,4,4,True
2012-09-15,20.2987,24,4,4,True
2012-09-16,20.1687,24,4,4,True
2012-09-17,20.4097,24,4,4,True
2012-09-18,20.0087,24,4,4,True
2012-09-19,19.4573,24,4,4,True
2012-09-20,18.7142,24,4,4,True
2012-09-21,18.7003,24,4,4,True
2012-09-22,19.5733,24,4,4,True
2012-09-23,19.2075,24,4,4,True
2012-09-24,19.3107,24,4,4,True
2012-09-25,19.3147,24,4,4,True
2012-09-26,18.2020,24,4,4,True
2012-09-27,17.9500,24,4,4,True
2012-09-28,17.7560,24,4,4,True
2012-09-29,17.3050,24,4,4,True
2012-09-30,16.7130,24,4,4,True
2012-10-01,15.9213,24,4,4,True
2012-10-02,15.5929,24,4,4,True
2012-10-03,15.7749,24,4,4,True
2012-10-04,15.9800,24,4,4,True
2012-10-05,16.2202,24,4,4,True
2012-10-06,16.7912,24,4,4,True
2012-10-07,17.0492,24,4,4,True
2012-10-08,17.5903,24,4,4,True
2012-10-09,18.5268,24,4,4,True
2012-10-10,18.5268,24,4,4,True
2012-10-11,18.2900,24,4,4,True
2012-10-12,17.8273,24,4,4,True
2012-10-13,17.3160,24,4,4,True
2012-10-14,16.0518,24,4,4,True
2012-10-15,15.9911,24,4,4,True
2012-10-16,15.2062,24,4,4,True
2012-10-17,15.0222,24,4,4,True
2012-10-18,15.2151,24,4,4,True
2012-10-19,16.1777,24,4,4,True
2012-10-20,14.6769,24,4,4,True
2012-10-21,12.8642,24,4,4,True
2012-10-22,12.8973,24,4,4,True
2012-10-23,13.3135,24,4,4,True
2012-10-24,13.5656,24,4,4,True
2012-10-25,13.4250,24,4,4,True
2012-10-26,13.3481,24,4,4,True
2012-10-27,12.8923,24,4,4,True
2012-10-28,11.3141,24,4,4,True
2012-10-29,9.5316,24,4,4,True
2012-10-30,8.5917,24,4,4,True
2012-10-31,8.1644,24,4,4,True
2012-11-01,7.9634,24,4,4,True
2012-11-02,8.8817,24,4,4,True
2012-11-03,9.6080,24,4,4,True
2012-11-04,9.8825,24,4,4,True
2012-11-05,10.2670,24,4,4,True
2012-11-06,10.3690,24,4,4,True
2012-11-07,9.7887,24,4,4,True
2012-11-08,9.4205,24,4,4,True
2012-11-09,9.8226,24,4,4,True
2012-11-10,9.6471,24,4,4,True
2012-11-11,9.2456,24,4,4,True
2012-11-12,9.3917,24,4,4,True
2012-11-13,9.8292,24,4,4,True
2012-11-14,9.9484,24,4,4,True
2012-11-15,9.9362,24,4,4,True
2012-11-16,9.9717,24,4,4,True
2012-11-17,10.0860,24,4,4,True
2012-11-18,9.8702,24,4,4,True
2012-11-19,9.9603,24,4,4,True
2012-11-20,9.5020,24,4,4,True
2012-11-21,9.8619,24,4,4,True
2012-11-22,9.8856,24,4,4,True
2012-11-23,9.5620,24,4,4,True
2012-11-24,9.9099,24,4,4,True
2012-11-25,9.7685,24,4,4,True
2012-11-26,9.5265,24,4,4,True
2012-11-27,9.2437,24,4,4,True
2012-11-28,8.7287,24,4,4,True
2012-11-29,8.4668,24,4,4,True
2012-11-30,7.6150,24,4,4,True
2012-12-01,6.8204,24,4,4,True
2012-12-02,6.1326,24,4,4,True
2012-12-03,6.7918,24,4,4,True
2012-12-04,6.3702,24,4,4,True
2012-12-05,7.1971,24,4,4,True
2012-12-06,7.4792,24,4,4,True
2012-12-07,7.2894,24,4,4,True
2012-12-08,7.1205,24,4,4,True
2012-12-09,7.4395,24,4,4,True
2012-12-10,7.0312,24,4,4,True
2012-12-11,6.6051,24,4,4,True
2012-12-12,5.6908,24,4,4,True
2012-12-13,5.7803,24,4,4,True
2012-12-14,5.7154,24,4,4,True
2012-12-15,5.6607,24,4,4,True
2012-12-16,6.4918,24,4,4,True
2012-12-17,7.7516,24,4,4,True
2012-12-18,7.7673,24,4,4,True
2012-12-19,7.8050,24,4,4,True
2012-12-20,7.9523,24,4,4,True
2012-12-21,7.9709,24,4,4,True
2012-12-22,8.2340,24,4,4,True
2012-12-23,8.3001,24,4,4,True
2012-12-24,8.4146,24,4,4,True
2012-12-25,8.0439,24,4,4,True
2012-12-26,7.5637,24,4,4,True
2012-12-27,7.6307,24,4,4,True
2012-12-28,8.3483,24,4,4,True
2012-12-29,7.9082,24,4,4,True
2012-12-30,7.7874,24,4,4,True
2012-12-31,7.4508,24,4,4,True
2013-01-01,7.3890,24,4,4,True
2013-01-02,7.0732,24,4,4,True
2013-01-03,6.5151,24,4,4,True
2013-01-04,6.5702,24,4,4,True
2013-01-05,6.8300,24,4,4,True
2013-01-06,6.6825,24,4,4,True
2013-01-07,6.5272,24,4,4,True
2013-01-08,6.4108,24,4,4,True
2013-01-09,6.3610,24,4,4,True
2013-01-10,6.3799,24,4,4,True
2013-01-11,6.5680,24,4,4,True
2013-01-12,6.2378,24,4,4,True
2013-01-13,6.5134,24,4,4,True
2013-01-14,6.4044,24,4,4,True
2013-01-15,6.1775,24,4,4,True
2013-01-16,6.3771,24,4,4,True
2013-01-17,6.9130,24,4,4,True
2013-01-18,6.4890,24,4,4,True
2013-01-19,6.5782,24,4,4,True
2013-01-20,7.2308,24,4,4,True
2013-01-21,7.1793,24,4,4,True
2013-01-22,6.8438,24,4,4,True
2013-01-23,6.3409,24,4,4,True
2013-01-24,6.2455,24,4,4,True
2013-01-25,6.2189,24,4,4,True
2013-01-26,6.0649,24,4,4,True
2013-01-27,6.5478,24,4,4,True
2013-01-28,7.1356,24,4,4,True
2013-01-29,7.5818,24,4,4,True
2013-01-30,7.4046,24,4,4,True
2013-01-31,7.9257,24,4,4,True
2013-02-01,8.6537,24,4,4,True
2013-02-02,8.8154,24,4,4,True
2013-02-03,7.0678,24,4,4,True
2013-02-04,6.3578,24,4,4,True
2013-02-05,7.1345,24,4,4,True
2013-02-06,7.6590,24,4,4,True
2013-02-07,6.4845,24,4,4,True
2013-02-08,5.8947,24,4,4,True
2013-02-09,5.9117,24,4,4,True
2013-02-10,6.2528,24,4,4,True
2013-02-11,6.9171,24,4,4,True
2013-02-12,6.6980,24,4,4,True
2013-02-13,6.7990,24,4,4,True
2013-02-14,7.4728,24,4,4,True
2013-02-15,8.1000,24,4,4,True
2013-02-16,8.2185,24,4,4,True
2013-02-17,7.8395,24,4,4,True
2013-02-18,7.4454,24,4,4,True
2013-02-19,7.9243,24,4,4,True
2013-02-20,8.1726,24,4,4,True
2013-02-21,7.8654,24,4,4,True
2013-02-22,7.4233,24,4,4,True
2013-02-23,7.0300,24,4,4,True
2013-02-24,5.5772,24,4,4,True
2013-02-25,4.4919,24,4,4,True
2013-02-26,4.3601,24,4,4,True
2013-02-27,4.9151,24,4,4,True
2013-02-28,5.4863,24,4,4,True
2013-03-01,5.9930,24,4,4,True
2013-03-02,6.4653,24,4,4,True
2013-03-03,6.7690,24,4,4,True
2013-03-04,7.5448,24,4,4,True
2013-03-05,8.4595,24,4,4,True
2013-03-06,9.4468,24,4,4,True
2013-03-07,9.7715,24,4,4,True
2013-03-08,9.7950,24,4,4,True
2013-03-09,9.6303,24,4,4,True
2013-03-10,9.2517,24,4,4,True
2013-03-11,9.0568,24,4,4,True
2013-03-12,9.1983,24,4,4,True
2013-03-13,8.3458,24,4,4,True
2013-03-14,6.8462,24,4,4,True
2013-03-15,5.7506,24,4,4,True
2013-03-16,6.0213,24,4,4,True
2013-03-17,6.9077,24,4,4,True
2013-03-18,7.6328,24,4,4,True
2013-03-19,8.5330,24,4,4,True
2013-03-20,9.1195,24,4,4,True
2013-03-21,9.2789,24,4,4,True
2013-03-22,9.4485,24,4,4,True
2013-03-23,9.7660,24,4,4,True
2013-03-24,10.8546,24,4,4,True
2013-03-25,10.5403,24,4,4,True
2013-03-26,10.1383,24,4,4,True
2013-03-27,10.1463,24,4,4,True
2013-03-28,10.1915,24,4,4,True
2013-03-29,10.4237,24,4,4,True
2013-03-30,10.6290,24,4,4,True
2013-03-31,9.9265,22,4,4,True
2013-04-01,9.6570,24,4,4,True
2013-04-02,9.4308,24,4,4,True
2013-04-03,9.7296,24,4,4,True
2013-04-04,9.9757,24,4,4,True
2013-04-05,9.5357,24,4,4,True
2013-04-06,8.4292,24,4,4,True
2013-04-07,7.9000,24,4,4,True
2013-04-08,8.2838,24,4,4,True
2013-04-09,9.1926,24,4,4,True
2013-04-10,9.6062,24,4,4,True
2013-04-11,10.6714,24,4,4,True
2013-04-12,11.7297,24,4,4,True
2013-04-13,11.9240,24,4,4,True
2013-04-14,12.1674,24,4,4,True
2013-04-15,12.4686,24,4,4,True
2013-04-16,12.3562,24,4,4,True
2013-04-17,12.2387,24,4,4,True
2013-04-18,12.2665,24,4,4,True
2013-04-19,10.7414,24,4,4,True
2013-04-20,9.5088,24,4,4,True
2013-04-21,9.4110,24,4,4,True
2013-04-22,10.2433,24,4,4,True
2013-04-23,10.9271,24,4,4,True
2013-04-24,11.7488,24,4,4,True
2013-04-25,12.2012,24,4,4,True
2013-04-26,12.3249,24,4,4,True
2013-04-27,11.1786,24,4,4,True
2013-04-28,9.3871,24,4,4,True
2013-04-29,8.1917,24,4,4,True
2013-04-30,8.2213,24,4,4,True
2013-05-01,9.4514,24,4,4,True
2013-05-02,10.6131,24,4,4,True
2013-05-03,10.4223,24,4,4,True
2013-05-04,10.7569,24,4,4,True
2013-05-05,11.9313,24,4,4,True
2013-05-06,12.5577,24,4,4,True
2013-05-07,12.7303,24,4,4,True
2013-05-08,12.8762,24,4,4,True
2013-05-09,12.0202,24,4,4,True
2013-05-10,11.2006,24,4,4,True
2013-05-11,10.2271,24,4,4,True
2013-05-12,10.1854,24,4,4,True
2013-05-13,10.6635,24,4,4,True
2013-05-14,11.5805,24,4,4,True
2013-05-15,11.9130,24,4,4,True
2013-05-16,10.1307,24,4,4,True
2013-05-17,9.4960,24,4,4,True
2013-05-18,10.1042,24,4,4,True
2013-05-19,10.4863,24,4,4,True
2013-05-20,11.2531,24,4,4,True
2013-05-21,11.1538,24,4,4,True
2013-05-22,10.5192,24,4,4,True
2013-05-23,9.8177,24,4,4,True
2013-05-24,9.5675,24,4,4,True
2013-05-25,9.6662,24,4,4,True
2013-05-26,9.8928,24,4,4,True
2013-05-27,10.8978,24,4,4,True
2013-05-28,11.4379,24,4,4,True
2013-05-29,10.9283,24,4,4,True
2013-05-30,10.0965,24,4,4,True
2013-05-31,10.0970,24,4,4,True
2013-06-01,10.4275,24,4,4,True
2013-06-02,10.3977,24,4,4,True
2013-06-03,11.0791,24,4,4,True
2013-06-04,12.0353,24,4,4,True
2013-06-05,12.6908,24,4,4,True
2013-06-06,13.4111,24,4,4,True
2013-06-07,13.3140,24,4,4,True
2013-06-08,12.6008,24,4,4,True
2013-06-09,11.5410,24,4,4,True
2013-06-10,11.1627,24,4,4,True
2013-06-11,11.9389,24,4,4,True
2013-06-12,13.1641,24,4,4,True
2013-06-13,13.7580,24,4,4,True
2013-06-14,12.6830,24,4,4,True
2013-06-15,12.6625,24,4,4,True
2013-06-16,12.6292,24,4,4,True
2013-06-17,13.5973,24,4,4,True
2013-06-18,12.5957,24,4,4,True
2013-06-19,11.4175,24,4,4,True
2013-06-20,11.3950,24,4,4,True
2013-06-21,11.6635,24,4,4,True
2013-06-22,11.8724,24,4,4,True
2013-06-23,13.0269,24,4,4,True
2013-06-24,12.0575,24,4,4,True
2013-06-25,11.9655,24,4,4,True
2013-06-26,12.8255,24,4,4,True
2013-06-27,13.6272,24,4,4,True
2013-06-28,13.7478,24,4,4,True
2013-06-29,13.5115,24,4,4,True
2013-06-30,13.7370,24,4,4,True
2013-07-01,14.8645,24,4,4,True
2013-07-02,15.5537,24,4,4,True
2013-07-03,15.4525,24,4,4,True
2013-07-04,15.0334,24,4,4,True
2013-07-05,15.5581,24,4,4,True
2013-07-06,16.4835,24,4,4,True
2013-07-07,17.0895,24,4,4,True
2013-07-08,17.6548,24,4,4,True
2013-07-09,17.9798,24,4,4,True
2013-07-10,17.9997,24,4,4,True
2013-07-11,17.9828,24,4,4,True
2013-07-12,17.7432,24,4,4,True
2013-07-13,17.3543,24,4,4,True
2013-07-14,17.4834,24,4,4,True
2013-07-15,17.6121,24,4,4,True
2013-07-16,17.7728,24,4,4,True
2013-07-17,17.4427,24,4,4,True
2013-07-18,17.0311,24,4,4,True
2013-07-19,17.1878,24,4,4,True
2013-07-20,17.7042,24,4,4,True
2013-07-21,18.8193,24,4,4,True
2013-07-22,19.3465,24,4,4,True
2013-07-23,18.8053,24,4,4,True
2013-07-24,18.8906,24,4,4,True
2013-07-25,18.9183,24,4,4,True
2013-07-26,19.3299,24,4,4,True
2013-07-27,20.5712,24,4,4,True
2013-07-28,20.6676,24,4,4,True
2013-07-29,20.2132,24,4,4,True
2013-07-30,19.8891,24,4,4,True
2013-07-31,20.0772,24,4,4,True
2013-08-01,20.6787,24,4,4,True
2013-08-02,21.4432,24,4,4,True
2013-08-03,21.9201,24,4,4,True
2013-08-04,22.3870,24,4,4,True
2013-08-05,22.4493,24,4,4,True
2013-08-06,22.1294,24,4,4,True
2013-08-07,21.0210,24,4,4,True
2013-08-08,20.0989,24,4,4,True
2013-08-09,19.3801,24,4,4,True
2013-08-10,19.3141,24,4,4,True
2013-08-11,19.7706,24,4,4,True
2013-08-12,20.4390,24,4,4,True
2013-08-13,21.2727,24,4,4,True
2013-08-14,21.4477,24,4,4,True
2013-08-15,21.4643,24,4,4,True
2013-08-16,21.3140,24,4,4,True
2013-08-17,21.4731,24,4,4,True
2013-08-18,21.5437,24,4,4,True
2013-08-19,21.0371,24,4,4,True
2013-08-20,20.9255,24,4,4,True
2013-08-21,20.6968,24,4,4,True
2013-08-22,20.8090,24,4,4,True
2013-08-23,20.8140,24,4,4,True
2013-08-24,20.3903,24,4,4,True
2013-08-25,20.2254,24,4,4,True
2013-08-26,20.4632,24,4,4,True
2013-08-27,20.0900,24,4,4,True
2013-08-28,19.8531,24,4,4,True
2013-08-29,20.0755,24,4,4,True
2013-08-30,19.9536,24,4,4,True
2013-08-31,19.9276,24,4,4,True
2013-09-01,20.0607,24,4,4,True
2013-09-02,20.1865,24,4,4,True
2013-09-03,20.0657,24,4,4,True
2013-09-04,20.5410,24,4,4,True
2013-09-05,21.0197,24,4,4,True
2013-09-06,21.1096,24,4,4,True
2013-09-07,20.3321,24,4,4,True
2013-09-08,19.5772,24,4,4,True
2013-09-09,18.7865,24,4,4,True
2013-09-10,17.5805,24,4,4,True
2013-09-11,16.7130,24,4,4,True
2013-09-12,16.7822,24,4,4,True
2013-09-13,16.7050,24,4,4,True
2013-09-14,16.8521,24,4,4,True
2013-09-15,17.1701,24,4,4,True
2013-09-16,16.8348,24,4,4,True
2013-09-17,16.9320,24,4,4,True
2013-09-18,17.2782,24,4,4,True
2013-09-19,17.1107,24,4,4,True
2013-09-20,17.1512,24,4,4,True
2013-09-21,17.4951,24,4,4,True
2013-09-22,17.5375,24,4,4,True
2013-09-23,17.8262,24,4,4,True
2013-09-24,18.3038,24,4,4,True
2013-09-25,18.8598,24,4,4,True
2013-09-26,18.9678,24,4,4,True
2013-09-27,19.0967,24,4,4,True
2013-09-28,19.2451,24,4,4,True
2013-09-29,19.6386,24,4,4,True
2013-09-30,19.3920,24,4,4,True
2013-10-01,19.4138,24,4,4,True
2013-10-02,19.7062,24,4,4,True
2013-10-03,19.1372,24,4,4,True
2013-10-04,18.4090,24,4,4,True
2013-10-05,18.1544,24,4,4,True
2013-10-06,17.1255,24,4,4,True
2013-10-07,15.9899,24,4,4,True
2013-10-08,15.5982,24,4,4,True
2013-10-09,15.6404,24,4,4,True
2013-10-10,15.0612,24,4,4,True
2013-10-11,14.4748,24,4,4,True
2013-10-12,14.1661,24,4,4,True
2013-10-13,14.3219,24,4,4,True
2013-10-14,14.3217,24,4,4,True
2013-10-15,14.2265,24,4,4,True
2013-10-16,14.4649,24,4,4,True
2013-10-17,14.5379,24,4,4,True
2013-10-18,14.7434,24,4,4,True
2013-10-19,15.2290,24,4,4,True
2013-10-20,15.8123,24,4,4,True
2013-10-21,15.8390,24,4,4,True
2013-10-22,15.6830,24,4,4,True
2013-10-23,15.7792,24,4,4,True
2013-10-24,15.5714,24,4,4,True
2013-10-25,16.0199,24,4,4,True
2013-10-26,16.6205,24,4,4,True
2013-10-27,16.4122,24,4,4,True
2013-10-28,15.7696,24,4,4,True
2013-10-29,15.4613,24,4,4,True
2013-10-30,14.4981,24,4,4,True
2013-10-31,13.8254,24,4,4,True
2013-11-01,13.1340,24,4,4,True
2013-11-02,13.8533,24,4,4,True
2013-11-03,13.6045,24,4,4,True
2013-11-04,12.8120,24,4,4,True
2013-11-05,12.2060,24,4,4,True
2013-11-06,11.8991,24,4,4,True
2013-11-07,12.2996,24,4,4,True
2013-11-08,12.3209,24,4,4,True
2013-11-09,11.9588,24,4,4,True
2013-11-10,11.7800,24,4,4,True
2013-11-11,11.2950,24,4,4,True
2013-11-12,10.4795,24,4,4,True
2013-11-13,10.6600,24,4,4,True
2013-11-14,10.7820,24,4,4,True
2013-11-15,9.7425,24,4,4,True
2013-11-16,8.1153,24,4,4,True
2013-11-17,7.7206,24,4,4,True
2013-11-18,8.3308,24,4,4,True
2013-11-19,8.9259,24,4,4,True
2013-11-20,8.8928,24,4,4,True
2013-11-21,8.0699,24,4,4,True
2013-11-22,7.3805,24,4,4,True
2013-11-23,7.1772,24,4,4,True
2013-11-24,7.0617,24,4,4,True
2013-11-25,7.1678,24,4,4,True
2013-11-26,7.0596,24,4,4,True
2013-11-27,6.7667,24,4,4,True
2013-11-28,6.1233,24,4,4,True
2013-11-29,5.3186,24,4,4,True
2013-11-30,5.2513,24,4,4,True
2013-12-01,5.5348,24,4,4,True
2013-12-02,5.9670,24,4,4,True
2013-12-03,6.0225,24,4,4,True
2013-12-04,5.7764,24,4,4,True
2013-12-05,5.7719,24,4,4,True
2013-12-06,6.6746,24,4,4,True
2013-12-07,6.8333,24,4,4,True
2013-12-08,6.4519,24,4,4,True
2013-12-09,5.4611,24,4,4,True
2013-12-10,5.1230,24,4,4,True
2013-12-11,5.3762,24,4,4,True
2013-12-12,5.2994,24,4,4,True
2013-12-13,5.0632,16,3,4,False
2013-12-14,,0,0,,False
2013-12-15,,0,0,,False
2013-12-16,,0,0,,False
2013-12-17,,0,0,,False
2013-12-18,,0,0,,False
2013-12-19,,0,0,,False
2013-12-20,,0,0,,False
2013-12-21,,0,0,,False
2013-12-22,,0,0,,False
2013-12-23,,0,0,,False
2013-12-24,,0,0,,False
2013-12-25,,0,0,,False
2013-12-26,,0,0,,False
2013-12-27,,0,0,,False
2013-12-28,,0,0,,False
2013-12-29,,0,0,,False
2013-12-30,,0,0,,False
2013-12-31,,0,0,,False
2014-01-01,,0,0,,False
2014-01-02,,0,0,,False
2014-01-03,,0,0,,False
2014-01-04,,0,0,,False
2014-01-05,,0,0,,False
2014-01-06,,0,0,,False
2014-01-07,,0,0,,False
2014-01-08,,0,0,,False
2014-01-09,,0,0,,False
2014-01-10,,0,0,,False
2014-01-11,,0,0,,False
2014-01-12,,0,0,,False
2014-01-13,,0,0,,False
2014-01-14,,0,0,,False
2014-01-15,,0,0,,False
2014-01-16,,0,0,,False
2014-01-17,,0,0,,False
2014-01-18,,0,0,,False
2014-01-19,,0,0,,False
2014-01-20,,0,0,,False
2014-01-21,,0,0,,False
2014-01-22,,0,0,,False
2014-01-23,,0,0,,False
2014-01-24,,0,0,,False
2014-01-25,,0,0,,False
2014-01-26,,0,0,,False
2014-01-27,,0,0,,False
2014-01-28,,0,0,,False
2014-01-29,,0,0,,False
2014-01-30,,0,0,,False
2014-01-31,,0,0,,False
2014-02-01,,0,0,,False
2014-02-02,,0,0,,False
2014-02-03,,0,0,,False
2014-02-04,,0,0,,False
2014-02-05,,0,0,,False
2014-02-06,,0,0,,False
2014-02-07,,0,0,,False
2014-02-08,,0,0,,False
2014-02-09,,0,0,,False
2014-02-10,,0,0,,False
2014-02-11,,0,0,,False
2014-02-12,,0,0,,False
2014-02-13,,0,0,,False
2014-02-14,,0,0,,False
2014-02-15,,0,0,,False
2014-02-16,,0,0,,False
2014-02-17,,0,0,,False
2014-02-18,,0,0,,False
2014-02-19,,0,0,,False
2014-02-20,,0,0,,False
2014-02-21,,0,0,,False
2014-02-22,,0,0,,False
2014-02-23,,0,0,,False
2014-02-24,,0,0,,False
2014-02-25,,0,0,,False
2014-02-26,,0,0,,False
2014-02-27,,0,0,,False
2014-02-28,,0,0,,False
2014-03-01,,0,0,,False
2014-03-02,,0,0,,False
2014-03-03,,0,0,,False
2014-03-04,,0,0,,False
2014-03-05,,0,0,,False
2014-03-06,,0,0,,False
2014-03-07,,0,0,,False
2014-03-08,,0,0,,False
2014-03-09,,0,0,,False
2014-03-10,,0,0,,False
2014-03-11,,0,0,,False
2014-03-12,,0,0,,False
2014-03-13,,0,0,,False
2014-03-14,,0,0,,False
2014-03-15,,0,0,,False
2014-03-16,,0,0,,False
2014-03-17,,0,0,,False
2014-03-18,,0,0,,False
2014-03-19,,0,0,,False
2014-03-20,,0,0,,False
2014-03-21,,0,0,,False
2014-03-22,,0,0,,False
2014-03-23,,0,0,,False
2014-03-24,,0,0,,False
2014-03-25,,0,0,,False
2014-03-26,,0,0,,False
2014-03-27,,0,0,,False
2014-03-28,,0,0,,False
2014-03-29,,0,0,,False
2014-03-30,,0,0,,False
2014-03-31,,0,0,,False
2014-04-01,,0,0,,False
2014-04-02,,0,0,,False
2014-04-03,,0,0,,False
2014-04-04,,0,0,,False
2014-04-05,,0,0,,False
2014-04-06,,0,0,,False
2014-04-07,,0,0,,False
2014-04-08,,0,0,,False
2014-04-09,,0,0,,False
2014-04-10,,0,0,,False
2014-04-11,,0,0,,False
2014-04-12,,0,0,,False
2014-04-13,,0,0,,False
2014-04-14,,0,0,,False
2014-04-15,,0,0,,False
2014-04-16,,0,0,,False
2014-04-17,,0,0,,False
2014-04-18,,0,0,,False
2014-04-19,,0,0,,False
2014-04-20,,0,0,,False
2014-04-21,,0,0,,False
2014-04-22,,0,0,,False
2014-04-23,,0,0,,False
2014-04-24,,0,0,,False
2014-04-25,,0,0,,False
2014-04-26,,0,0,,False
2014-04-27,,0,0,,False
2014-04-28,,0,0,,False
2014-04-29,,0,0,,False
2014-04-30,,0,0,,False
2014-05-01,,0,0,,False
2014-05-02,,0,0,,False
2014-05-03,,0,0,,False
2014-05-04,,0,0,,False
2014-05-05,,0,0,,False
2014-05-06,,0,0,,False
2014-05-07,,0,0,,False
2014-05-08,,0,0,,False
2014-05-09,,0,0,,False
2014-05-10,,0,0,,False
2014-05-11,,0,0,,False
2014-05-12,,0,0,,False
2014-05-13,,0,0,,False
2014-05-14,,0,0,,False
2014-05-15,,0,0,,False
2014-05-16,,0,0,,False
2014-05-17,,0,0,,False
2014-05-18,,0,0,,False
2014-05-19,,0,0,,False
2014-05-20,,0,0,,False
2014-05-21,,0,0,,False
2014-05-22,,0,0,,False
2014-05-23,,0,0,,False
2014-05-24,,0,0,,False
2014-05-25,,0,0,,False
2014-05-26,,0,0,,False
2014-05-27,,0,0,,False
2014-05-28,,0,0,,False
2014-05-29,,0,0,,False
2014-05-30,,0,0,,False
2014-05-31,,0,0,,False
2014-06-01,,0,0,,False
2014-06-02,,0,0,,False
2014-06-03,,0,0,,False
2014-06-04,,0,0,,False
2014-06-05,,0,0,,False
2014-06-06,,0,0,,False
2014-06-07,,0,0,,False
2014-06-08,,0,0,,False
2014-06-09,,0,0,,False
2014-06-10,,0,0,,False
2014-06-11,,0,0,,False
2014-06-12,,0,0,,False
2014-06-13,,0,0,,False
2014-06-14,,0,0,,False
2014-06-15,,0,0,,False
2014-06-16,,0,0,,False
2014-06-17,,0,0,,False
2014-06-18,,0,0,,False
2014-06-19,,0,0,,False
2014-06-20,,0,0,,False
2014-06-21,,0,0,,False
2014-06-22,,0,0,,False
2014-06-23,,0,0,,False
2014-06-24,,0,0,,False
2014-06-25,,0,0,,False
2014-06-26,,0,0,,False
2014-06-27,,0,0,,False
2014-06-28,,0,0,,False
2014-06-29,,0,0,,False
2014-06-30,,0,0,,False
2014-07-01,,0,0,,False
2014-07-02,,0,0,,False
2014-07-03,,0,0,,False
2014-07-04,,0,0,,False
2014-07-05,,0,0,,False
2014-07-06,,0,0,,False
2014-07-07,,0,0,,False
2014-07-08,,0,0,,False
2014-07-09,,0,0,,False
2014-07-10,,0,0,,False
2014-07-11,,0,0,,False
2014-07-12,,0,0,,False
2014-07-13,,0,0,,False
2014-07-14,,0,0,,False
2014-07-15,,0,0,,False
2014-07-16,,0,0,,False
2014-07-17,,0,0,,False
2014-07-18,,0,0,,False
2014-07-19,,0,0,,False
2014-07-20,,0,0,,False
2014-07-21,,0,0,,False
2014-07-22,,0,0,,False
2014-07-23,,0,0,,False
2014-07-24,,0,0,,False
2014-07-25,,0,0,,False
2014-07-26,,0,0,,False
2014-07-27,,0,0,,False
2014-07-28,,0,0,,False
2014-07-29,,0,0,,False
2014-07-30,,0,0,,False
2014-07-31,,0,0,,False
2014-08-01,,0,0,,False
2014-08-02,,0,0,,False
2014-08-03,,0,0,,False
2014-08-04,,0,0,,False
2014-08-05,,0,0,,False
2014-08-06,,0,0,,False
2014-08-07,,0,0,,False
2014-08-08,,0,0,,False
2014-08-09,,0,0,,False
2014-08-10,,0,0,,False
2014-08-11,,0,0,,False
2014-08-12,,0,0,,False
2014-08-13,,0,0,,False
2014-08-14,,0,0,,False
2014-08-15,,0,0,,False
2014-08-16,,0,0,,False
2014-08-17,,0,0,,False
2014-08-18,,0,0,,False
2014-08-19,,0,0,,False
2014-08-20,,0,0,,False
2014-08-21,,0,0,,False
2014-08-22,,0,0,,False
2014-08-23,,0,0,,False
2014-08-24,,0,0,,False
2014-08-25,,0,0,,False
2014-08-26,,0,0,,False
2014-08-27,,0,0,,False
2014-08-28,,0,0,,False
2014-08-29,,0,0,,False
2014-08-30,,0,0,,False
2014-08-31,,0,0,,False
2014-09-01,,0,0,,False
2014-09-02,,0,0,,False
2014-09-03,,0,0,,False
2014-09-04,,0,0,,False
2014-09-05,,0,0,,False
2014-09-06,,0,0,,False
2014-09-07,,0,0,,False
2014-09-08,,0,0,,False
2014-09-09,,0,0,,False
2014-09-10,,0,0,,False
2014-09-11,,0,0,,False
2014-09-12,,0,0,,False
2014-09-13,,0,0,,False
2014-09-14,,0,0,,False
2014-09-15,,0,0,,False
2014-09-16,,0,0,,False
2014-09-17,,0,0,,False
2014-09-18,,0,0,,False
2014-09-19,,0,0,,False
2014-09-20,,0,0,,False
2014-09-21,,0,0,,False
2014-09-22,,0,0,,False
2014-09-23,,0,0,,False
2014-09-24,,0,0,,False
2014-09-25,,0,0,,False
2014-09-26,,0,0,,False
2014-09-27,,0,0,,False
2014-09-28,,0,0,,False
2014-09-29,,0,0,,False
2014-09-30,,0,0,,False
2014-10-01,,0,0,,False
2014-10-02,18.6623,9,2,4,False
2014-10-03,18.0570,24,4,4,True
2014-10-04,18.1552,24,4,4,True
2014-10-05,18.2813,24,4,4,True
2014-10-06,17.4823,24,4,4,True
2014-10-07,17.8401,24,4,4,True
2014-10-08,18.1393,24,4,4,True
2014-10-09,18.5041,24,4,4,True
2014-10-10,18.0741,24,4,4,True
2014-10-11,17.6092,24,4,4,True
2014-10-12,17.6598,24,4,4,True
2014-10-13,17.3605,24,4,4,True
2014-10-14,16.2413,24,4,4,True
2014-10-15,15.5964,24,4,4,True
2014-10-16,15.5443,24,4,4,True
2014-10-17,15.6815,24,4,4,True
2014-10-18,15.9480,24,4,4,True
2014-10-19,16.6661,24,4,4,True
2014-10-20,16.9320,24,4,4,True
2014-10-21,17.1275,24,4,4,True
2014-10-22,16.5443,24,4,4,True
2014-10-23,15.2740,24,4,4,True
2014-10-24,14.9064,24,4,4,True
2014-10-25,15.2192,24,4,4,True
2014-10-26,15.1595,24,4,4,True
2014-10-27,14.9156,24,4,4,True
2014-10-28,14.7672,24,4,4,True
2014-10-29,14.8388,24,4,4,True
2014-10-30,14.7713,24,4,4,True
2014-10-31,14.5887,24,4,4,True
2014-11-01,14.6515,24,4,4,True
2014-11-02,15.0092,24,4,4,True
2014-11-03,14.9776,24,4,4,True
2014-11-04,14.1555,24,4,4,True
2014-11-05,13.3892,24,4,4,True
2014-11-06,12.8861,24,4,4,True
2014-11-07,12.1430,24,4,4,True
2014-11-08,12.1846,24,4,4,True
2014-11-09,11.1688,24,4,4,True
2014-11-10,10.8567,24,4,4,True
2014-11-11,10.2870,24,4,4,True
2014-11-12,10.3177,24,4,4,True
2014-11-13,10.0456,24,4,4,True
2014-11-14,10.4698,24,4,4,True
2014-11-15,10.1933,24,4,4,True
2014-11-16,9.7705,24,4,4,True
2014-11-17,9.9983,24,4,4,True
2014-11-18,10.1725,24,4,4,True
2014-11-19,9.9975,24,4,4,True
2014-11-20,10.2714,24,4,4,True
2014-11-21,10.7995,24,4,4,True
2014-11-22,11.3703,24,4,4,True
2014-11-23,12.0583,24,4,4,True
2014-11-24,12.2545,24,4,4,True
2014-11-25,11.6242,24,4,4,True
2014-11-26,11.4895,24,4,4,True
2014-11-27,11.3963,24,4,4,True
2014-11-28,11.4516,24,4,4,True
2014-11-29,12.1684,24,4,4,True
2014-11-30,12.2082,24,4,4,True
2014-12-01,11.1846,24,4,4,True
2014-12-02,9.5187,24,4,4,True
2014-12-03,8.4043,24,4,4,True
2014-12-04,7.7866,24,4,4,True
2014-12-05,7.5636,24,4,4,True
2014-12-06,7.5390,24,4,4,True
2014-12-07,7.3828,24,4,4,True
2014-12-08,7.4580,24,4,4,True
2014-12-09,7.1434,24,4,4,True
2014-12-10,6.7640,24,4,4,True
2014-12-11,7.2715,24,4,4,True
2014-12-12,6.7843,24,4,4,True
2014-12-13,7.1655,24,4,4,True
2014-12-14,7.0888,24,4,4,True
2014-12-15,7.1110,24,4,4,True
2014-12-16,6.8012,24,4,4,True
2014-12-17,7.4014,24,4,4,True
2014-12-18,8.6321,24,4,4,True
2014-12-19,9.1128,24,4,4,True
2014-12-20,9.2364,24,4,4,True
2014-12-21,9.1168,24,4,4,True
2014-12-22,8.5557,24,4,4,True
2014-12-23,7.9772,24,4,4,True
2014-12-24,6.9973,24,4,4,True
2014-12-25,6.2121,24,4,4,True
2014-12-26,6.2941,24,4,4,True
2014-12-27,6.4297,24,4,4,True
2014-12-28,7.1624,24,4,4,True
2014-12-29,6.9564,24,4,4,True
2014-12-30,6.1360,24,4,4,True
2014-12-31,5.2243,24,4,4,True
2015-01-01,4.3963,24,4,4,True
2015-01-02,3.9263,24,4,4,True
2015-01-03,3.8212,24,4,4,True
2015-01-04,4.3263,24,4,4,True
2015-01-05,4.8622,24,4,4,True
2015-01-06,5.6659,24,4,4,True
2015-01-07,6.8917,24,4,4,True
2015-01-08,6.4484,24,4,4,True
2015-01-09,6.6071,24,4,4,True
2015-01-10,6.7003,24,4,4,True
2015-01-11,6.9879,24,4,4,True
2015-01-12,6.4550,24,4,4,True
2015-01-13,6.7847,24,4,4,True
2015-01-14,7.1937,24,4,4,True
2015-01-15,6.7241,24,4,4,True
2015-01-16,6.4234,24,4,4,True
2015-01-17,6.4603,24,4,4,True
2015-01-18,6.1603,24,4,4,True
2015-01-19,6.2348,24,4,4,True
2015-01-20,6.0373,24,4,4,True
2015-01-21,5.3566,24,4,4,True
2015-01-22,5.4247,24,4,4,True
2015-01-23,5.1932,24,4,4,True
2015-01-24,4.7963,24,4,4,True
2015-01-25,4.7715,24,4,4,True
2015-01-26,5.1006,24,4,4,True
2015-01-27,5.3692,24,4,4,True
2015-01-28,5.5680,24,4,4,True
2015-01-29,6.4317,24,4,4,True
2015-01-30,6.9601,24,4,4,True
2015-01-31,6.9194,24,4,4,True
2015-02-01,6.4361,24,4,4,True
2015-02-02,5.8862,24,4,4,True
2015-02-03,5.5617,24,4,4,True
2015-02-04,5.3820,24,4,4,True
2015-02-05,4.6974,24,4,4,True
2015-02-06,4.2065,24,4,4,True
2015-02-07,4.1560,24,4,4,True
2015-02-08,4.2945,24,4,4,True
2015-02-09,4.3717,24,4,4,True
2015-02-10,4.6463,24,4,4,True
2015-02-11,4.9807,24,4,4,True
2015-02-12,5.3443,24,4,4,True
2015-02-13,5.5359,24,4,4,True
2015-02-14,6.2584,24,4,4,True
2015-02-15,6.8851,24,4,4,True
2015-02-16,7.4198,24,4,4,True
2015-02-17,7.8063,24,4,4,True
2015-02-18,7.9877,24,4,4,True
2015-02-19,7.7607,24,4,4,True
2015-02-20,7.7962,24,4,4,True
2015-02-21,7.7969,24,4,4,True
2015-02-22,7.5041,24,4,4,True
2015-02-23,7.2693,24,4,4,True
2015-02-24,7.3377,24,4,4,True
2015-02-25,7.0143,24,4,4,True
2015-02-26,7.5457,24,4,4,True
2015-02-27,7.9595,24,4,4,True
2015-02-28,7.2674,24,4,4,True
2015-03-01,7.9515,24,4,4,True
2015-03-02,9.0840,24,4,4,True
2015-03-03,9.0355,24,4,4,True
2015-03-04,9.1839,24,4,4,True
2015-03-05,8.0195,24,4,4,True
2015-03-06,7.5574,24,4,4,True
2015-03-07,7.4990,24,4,4,True
2015-03-08,8.2984,24,4,4,True
2015-03-09,9.0423,24,4,4,True
2015-03-10,9.2718,24,4,4,True
2015-03-11,9.5203,24,4,4,True
2015-03-12,9.8195,24,4,4,True
2015-03-13,10.1691,24,4,4,True
2015-03-14,9.2949,24,4,4,True
2015-03-15,8.1125,24,4,4,True
2015-03-16,7.7465,24,4,4,True
2015-03-17,8.1268,24,4,4,True
2015-03-18,8.7753,24,4,4,True
2015-03-19,9.4279,24,4,4,True
2015-03-20,9.5848,24,4,4,True
2015-03-21,9.9706,24,4,4,True
2015-03-22,9.1600,24,4,4,True
2015-03-23,8.9697,24,4,4,True
2015-03-24,9.5930,24,4,4,True
2015-03-25,9.5112,24,4,4,True
2015-03-26,8.7777,24,4,4,True
2015-03-27,8.6100,24,4,4,True
2015-03-28,9.7068,24,4,4,True
2015-03-29,10.2534,22,4,4,True
2015-03-30,10.3783,24,4,4,True
2015-03-31,10.7235,24,4,4,True
2015-04-01,10.9162,24,4,4,True
2015-04-02,10.1913,24,4,4,True
2015-04-03,9.9440,24,4,4,True
2015-04-04,10.2452,24,4,4,True
2015-04-05,10.6579,24,4,4,True
2015-04-06,10.5493,24,4,4,True
2015-04-07,10.4572,24,4,4,True
2015-04-08,10.6865,24,4,4,True
2015-04-09,11.1325,24,4,4,True
2015-04-10,11.4721,24,4,4,True
2015-04-11,11.8239,24,4,4,True
2015-04-12,12.1924,24,4,4,True
2015-04-13,12.7833,24,4,4,True
2015-04-14,13.2979,24,4,4,True
2015-04-15,13.2484,24,4,4,True
2015-04-16,12.7455,24,4,4,True
2015-04-17,12.1857,24,4,4,True
2015-04-18,12.0834,24,4,4,True
2015-04-19,11.6890,24,4,4,True
2015-04-20,11.3588,24,4,4,True
2015-04-21,11.8283,24,4,4,True
2015-04-22,12.3980,24,4,4,True
2015-04-23,12.5254,24,4,4,True
2015-04-24,12.1308,24,4,4,True
2015-04-25,12.4532,24,4,4,True
2015-04-26,12.8993,24,4,4,True
2015-04-27,12.0909,24,4,4,True
2015-04-28,10.8205,24,4,4,True
2015-04-29,10.9037,24,4,4,True
2015-04-30,11.4745,24,4,4,True
2015-05-01,11.6854,24,4,4,True
2015-05-02,12.4593,24,4,4,True
2015-05-03,12.9788,24,4,4,True
2015-05-04,12.7067,24,4,4,True
2015-05-05,12.2070,24,4,4,True
2015-05-06,11.1245,24,4,4,True
2015-05-07,11.3022,24,4,4,True
2015-05-08,12.2171,24,4,4,True
2015-05-09,12.7717,24,4,4,True
2015-05-10,12.8187,24,4,4,True
2015-05-11,14.2267,24,4,4,True
2015-05-12,14.9469,24,4,4,True
2015-05-13,15.2025,24,4,4,True
2015-05-14,14.6067,24,4,4,True
2015-05-15,13.1231,24,4,4,True
2015-05-16,11.6819,24,4,4,True
2015-05-17,11.5690,24,4,4,True
2015-05-18,12.7534,24,4,4,True
2015-05-19,13.3009,24,4,4,True
2015-05-20,13.2244,24,4,4,True
2015-05-21,11.6827,24,4,4,True
2015-05-22,11.7493,24,4,4,True
2015-05-23,12.2136,24,4,4,True
2015-05-24,12.9128,24,4,4,True
2015-05-25,13.1431,24,4,4,True
2015-05-26,13.4660,24,4,4,True
2015-05-27,14.0070,24,4,4,True
2015-05-28,14.6994,24,4,4,True
2015-05-29,15.6059,24,4,4,True
2015-05-30,15.2812,24,4,4,True
2015-05-31,14.4484,24,4,4,True
2015-06-01,14.7456,24,4,4,True
2015-06-02,16.4025,24,4,4,True
2015-06-03,16.8683,24,4,4,True
2015-06-04,17.7726,24,4,4,True
2015-06-05,18.2205,24,4,4,True
2015-06-06,18.2247,24,4,4,True
2015-06-07,17.9937,24,4,4,True
2015-06-08,17.3999,24,4,4,True
2015-06-09,17.9740,24,4,4,True
2015-06-10,17.0054,24,4,4,True
2015-06-11,15.9315,24,4,4,True
2015-06-12,15.2285,24,4,4,True
2015-06-13,15.1435,24,4,4,True
2015-06-14,15.0640,24,4,4,True
2015-06-15,15.2492,24,4,4,True
2015-06-16,15.0215,24,4,4,True
2015-06-17,14.5240,24,4,4,True
2015-06-18,14.2898,24,4,4,True
2015-06-19,14.9991,24,4,4,True
2015-06-20,16.2078,24,4,4,True
2015-06-21,17.1984,24,4,4,True
2015-06-22,18.5230,24,4,4,True
2015-06-23,19.2029,24,4,4,True
2015-06-24,19.5570,24,4,4,True
2015-06-25,19.7097,24,4,4,True
2015-06-26,19.6861,24,4,4,True
2015-06-27,19.5725,24,4,4,True
2015-06-28,20.2383,24,4,4,True
2015-06-29,20.9851,24,4,4,True
2015-06-30,21.2071,24,4,4,True
2015-07-01,21.9992,24,4,4,True
2015-07-02,22.2302,24,4,4,True
2015-07-03,23.2358,24,4,4,True
2015-07-04,23.3900,24,4,4,True
2015-07-05,23.3352,24,4,4,True
2015-07-06,23.8175,24,4,4,True
2015-07-07,23.9642,24,4,4,True
2015-07-08,23.0260,24,4,4,True
2015-07-09,22.7588,24,4,4,True
2015-07-10,22.8813,24,4,4,True
2015-07-11,22.3207,24,4,4,True
2015-07-12,22.2508,24,4,4,True
2015-07-13,22.4423,24,4,4,True
2015-07-14,22.8632,24,4,4,True
2015-07-15,23.5318,24,4,4,True
2015-07-16,23.4920,24,4,4,True
2015-07-17,24.2710,24,4,4,True
2015-07-18,24.8860,24,4,4,True
2015-07-19,24.3934,24,4,4,True
2015-07-20,24.5906,24,4,4,True
2015-07-21,24.9208,24,4,4,True
2015-07-22,24.0151,24,4,4,True
2015-07-23,23.7538,24,4,4,True
2015-07-24,23.6215,24,4,4,True
2015-07-25,23.2388,24,4,4,True
2015-07-26,22.6166,24,4,4,True
2015-07-27,22.5474,24,4,4,True
2015-07-28,22.3824,24,4,4,True
2015-07-29,22.2784,24,4,4,True
2015-07-30,21.0360,24,4,4,True
2015-07-31,19.8469,24,4,4,True
2015-08-01,17.5477,24,4,4,True
2015-08-02,16.9808,24,4,4,True
2015-08-03,18.2582,24,4,4,True
2015-08-04,19.3856,24,4,4,True
2015-08-05,21.0217,24,4,4,True
2015-08-06,22.0723,24,4,4,True
2015-08-07,22.3938,24,4,4,True
2015-08-08,21.6994,24,4,4,True
2015-08-09,20.8610,24,4,4,True
2015-08-10,20.6292,24,4,4,True
2015-08-11,20.5254,24,4,4,True
2015-08-12,21.0591,24,4,4,True
2015-08-13,21.7168,24,4,4,True
2015-08-14,21.1015,24,4,4,True
2015-08-15,20.7094,24,4,4,True
2015-08-16,20.5050,24,4,4,True
2015-08-17,19.6966,24,4,4,True
2015-08-18,19.4208,24,4,4,True
2015-08-19,19.5480,24,4,4,True
2015-08-20,19.9025,24,4,4,True
2015-08-21,20.4363,24,4,4,True
2015-08-22,20.7553,24,4,4,True
2015-08-23,20.4810,24,4,4,True
2015-08-24,20.0859,24,4,4,True
2015-08-25,20.2647,24,4,4,True
2015-08-26,20.9631,24,4,4,True
2015-08-27,21.4559,24,4,4,True
2015-08-28,21.8922,24,4,4,True
2015-08-29,22.5517,24,4,4,True
2015-08-30,22.5952,24,4,4,True
2015-08-31,23.2124,24,4,4,True
2015-09-01,23.0861,24,4,4,True
2015-09-02,23.1698,24,4,4,True
2015-09-03,22.3118,24,4,4,True
2015-09-04,21.4286,24,4,4,True
2015-09-05,20.0502,24,4,4,True
2015-09-06,19.1799,24,4,4,True
2015-09-07,18.2215,24,4,4,True
2015-09-08,18.4227,24,4,4,True
2015-09-09,18.3742,24,4,4,True
2015-09-10,18.4168,24,4,4,True
2015-09-11,18.9085,24,4,4,True
2015-09-12,19.1015,24,4,4,True
2015-09-13,19.6329,24,4,4,True
2015-09-14,18.9885,24,4,4,True
2015-09-15,18.7231,24,4,4,True
2015-09-16,19.2275,24,4,4,True
2015-09-17,18.8697,24,4,4,True
2015-09-18,17.8846,24,4,4,True
2015-09-19,17.6935,24,4,4,True
2015-09-20,16.8643,24,4,4,True
2015-09-21,16.6091,24,4,4,True
2015-09-22,16.5472,24,4,4,True
2015-09-23,16.3011,24,4,4,True
2015-09-24,16.4327,24,4,4,True
2015-09-25,16.5438,24,4,4,True
2015-09-26,16.7312,24,4,4,True
2015-09-27,16.6166,24,4,4,True
2015-09-28,16.6975,24,4,4,True
2015-09-29,16.7585,24,4,4,True
2015-09-30,16.3932,24,4,4,True
2015-10-01,16.3957,24,4,4,True
2015-10-02,16.9836,24,4,4,True
2015-10-03,16.6077,24,4,4,True
2015-10-04,15.8866,24,4,4,True
2015-10-05,16.2690,24,4,4,True
2015-10-06,16.8121,24,4,4,True
2015-10-07,16.3874,24,4,4,True
2015-10-08,15.7675,24,4,4,True
2015-10-09,15.3216,24,4,4,True
2015-10-10,14.7734,24,4,4,True
2015-10-11,14.6715,24,4,4,True
2015-10-12,15.2006,24,4,4,True
2015-10-13,14.9217,24,4,4,True
2015-10-14,14.0396,24,4,4,True
2015-10-15,13.2863,24,4,4,True
2015-10-16,13.2904,24,4,4,True
2015-10-17,12.6926,24,4,4,True
2015-10-18,12.8331,24,4,4,True
2015-10-19,13.1172,24,4,4,True
2015-10-20,12.8198,24,4,4,True
2015-10-21,12.3915,24,4,4,True
2015-10-22,12.3026,24,4,4,True
2015-10-23,13.0746,24,4,4,True
2015-10-24,13.0956,24,4,4,True
2015-10-25,13.7450,24,4,4,True
2015-10-26,13.8434,24,4,4,True
2015-10-27,14.0844,24,4,4,True
2015-10-28,13.9156,24,4,4,True
2015-10-29,13.3386,24,4,4,True
2015-10-30,13.5270,24,4,4,True
2015-10-31,13.8132,24,4,4,True
2015-11-01,13.5723,24,4,4,True
2015-11-02,13.2785,24,4,4,True
2015-11-03,13.5606,24,4,4,True
2015-11-04,12.9616,24,4,4,True
2015-11-05,12.3029,24,4,4,True
2015-11-06,12.5861,24,4,4,True
2015-11-07,12.4477,24,4,4,True
2015-11-08,12.5318,24,4,4,True
2015-11-09,13.0095,24,4,4,True
2015-11-10,13.3951,24,4,4,True
2015-11-11,12.8601,24,4,4,True
2015-11-12,12.8935,24,4,4,True
2015-11-13,12.7095,24,4,4,True
2015-11-14,12.8500,24,4,4,True
2015-11-15,12.2844,24,4,4,True
2015-11-16,11.6127,24,4,4,True
2015-11-17,11.2487,24,4,4,True
2015-11-18,11.8455,24,4,4,True
2015-11-19,12.1814,24,4,4,True
2015-11-20,12.2544,24,4,4,True
2015-11-21,11.6561,24,4,4,True
2015-11-22,10.2976,24,4,4,True
2015-11-23,9.3010,24,4,4,True
2015-11-24,8.7629,24,4,4,True
2015-11-25,9.0375,24,4,4,True
2015-11-26,8.4392,24,4,4,True
2015-11-27,8.9654,24,4,4,True
2015-11-28,8.9292,24,4,4,True
2015-11-29,8.7110,24,4,4,True
2015-11-30,8.3774,24,4,4,True
2015-12-01,7.7645,24,4,4,True
2015-12-02,7.2065,24,4,4,True
2015-12-03,6.7250,24,4,4,True
2015-12-04,6.7458,24,4,4,True
2015-12-05,7.1315,24,4,4,True
2015-12-06,7.7324,24,4,4,True
2015-12-07,8.4324,24,4,4,True
2015-12-08,8.9878,24,4,4,True
2015-12-09,9.0280,24,4,4,True
2015-12-10,7.6348,24,4,4,True
2015-12-11,7.5085,24,4,4,True
2015-12-12,7.6472,24,4,4,True
2015-12-13,7.3520,24,4,4,True
2015-12-14,6.7472,24,4,4,True
2015-12-15,6.5608,24,4,4,True
2015-12-16,6.2109,24,4,4,True
2015-12-17,6.5599,24,4,4,True
2015-12-18,6.9920,24,4,4,True
2015-12-19,7.2964,24,4,4,True
2015-12-20,8.1583,24,4,4,True
2015-12-21,8.3894,24,4,4,True
2015-12-22,8.3740,24,4,4,True
2015-12-23,7.8560,24,4,4,True
2015-12-24,7.9060,24,4,4,True
2015-12-25,7.6144,24,4,4,True
2015-12-26,7.6374,24,4,4,True
2015-12-27,7.1905,24,4,4,True
2015-12-28,7.2449,24,4,4,True
2015-12-29,7.0519,24,4,4,True
2015-12-30,6.7333,24,4,4,True
2015-12-31,7.0332,24,4,4,True
2016-01-01,6.7358,24,4,4,True
2016-01-02,7.1540,24,4,4,True
2016-01-03,7.1261,24,4,4,True
2016-01-04,7.9429,24,4,4,True
2016-01-05,8.1688,24,4,4,True
2016-01-06,7.9273,24,4,4,True
2016-01-07,8.2577,24,4,4,True
2016-01-08,8.2726,24,4,4,True
2016-01-09,8.4267,24,4,4,True
2016-01-10,8.9103,24,4,4,True
2016-01-11,9.2456,24,4,4,True
2016-01-12,9.0592,24,4,4,True
2016-01-13,8.5484,24,4,4,True
2016-01-14,8.2290,24,4,4,True
2016-01-15,7.7174,24,4,4,True
2016-01-16,6.9154,24,4,4,True
2016-01-17,6.4547,24,4,4,True
2016-01-18,6.3823,24,4,4,True
2016-01-19,6.1670,24,4,4,True
2016-01-20,6.4835,24,4,4,True
2016-01-21,7.0803,24,4,4,True
2016-01-22,7.1212,24,4,4,True
2016-01-23,7.2850,24,4,4,True
2016-01-24,7.2538,24,4,4,True
2016-01-25,8.4459,24,4,4,True
2016-01-26,8.4177,24,4,4,True
2016-01-27,8.4466,24,4,4,True
2016-01-28,8.3968,24,4,4,True
2016-01-29,8.6678,24,4,4,True
2016-01-30,8.6145,24,4,4,True
2016-01-31,8.8005,24,4,4,True
2016-02-01,9.5438,24,4,4,True
2016-02-02,9.8496,24,4,4,True
2016-02-03,9.8856,24,4,4,True
2016-02-04,9.4279,24,4,4,True
2016-02-05,9.0859,24,4,4,True
2016-02-06,8.7610,24,4,4,True
2016-02-07,8.3835,24,4,4,True
2016-02-08,8.0067,24,4,4,True
2016-02-09,7.7623,24,4,4,True
2016-02-10,7.9367,24,4,4,True
2016-02-11,8.1654,24,4,4,True
2016-02-12,8.4883,24,4,4,True
2016-02-13,9.3162,24,4,4,True
2016-02-14,10.0310,24,4,4,True
2016-02-15,9.0980,24,4,4,True
2016-02-16,7.6890,24,4,4,True
2016-02-17,6.7263,24,4,4,True
2016-02-18,6.2760,24,4,4,True
2016-02-19,6.4840,24,4,4,True
2016-02-20,6.8840,24,4,4,True
2016-02-21,7.4939,24,4,4,True
2016-02-22,7.3709,24,4,4,True
2016-02-23,7.9435,24,4,4,True
2016-02-24,8.6937,24,4,4,True
2016-02-25,9.3159,24,4,4,True
2016-02-26,9.4123,24,4,4,True
2016-02-27,8.8580,24,4,4,True
2016-02-28,8.5186,24,4,4,True
2016-02-29,7.9981,24,4,4,True
2016-03-01,7.7183,24,4,4,True
2016-03-02,7.8844,24,4,4,True
2016-03-03,8.0002,24,4,4,True
2016-03-04,8.4018,24,4,4,True
2016-03-05,8.7901,24,4,4,True
2016-03-06,8.5568,24,4,4,True
2016-03-07,8.0125,24,4,4,True
2016-03-08,8.0007,24,4,4,True
2016-03-09,8.0698,24,4,4,True
2016-03-10,7.7811,24,4,4,True
2016-03-11,7.9101,24,4,4,True
2016-03-12,8.4858,24,4,4,True
2016-03-13,8.5326,24,4,4,True
2016-03-14,9.0931,24,4,4,True
2016-03-15,9.4238,24,4,4,True
2016-03-16,9.3136,24,4,4,True
2016-03-17,9.1220,24,4,4,True
2016-03-18,8.7130,24,4,4,True
2016-03-19,8.8185,24,4,4,True
2016-03-20,9.6602,24,4,4,True
2016-03-21,10.3366,24,4,4,True
2016-03-22,10.6453,24,4,4,True
2016-03-23,10.4800,24,4,4,True
2016-03-24,10.3225,24,4,4,True
2016-03-25,10.1697,24,4,4,True
2016-03-26,10.9607,24,4,4,True
2016-03-27,11.1568,22,4,4,True
2016-03-28,11.7712,24,4,4,True
2016-03-29,11.5937,24,4,4,True
2016-03-30,11.4028,24,4,4,True
2016-03-31,11.3406,24,4,4,True
2016-04-01,10.9547,24,4,4,True
2016-04-02,10.1668,24,4,4,True
2016-04-03,10.4792,24,4,4,True
2016-04-04,11.1193,24,4,4,True
2016-04-05,11.6635,24,4,4,True
2016-04-06,11.4854,24,4,4,True
2016-04-07,10.7003,24,4,4,True
2016-04-08,10.5557,24,4,4,True
2016-04-09,10.0750,24,4,4,True
2016-04-10,10.1048,24,4,4,True
2016-04-11,11.1003,24,4,4,True
2016-04-12,12.3324,24,4,4,True
2016-04-13,12.5997,24,4,4,True
2016-04-14,12.5341,24,4,4,True
2016-04-15,12.9074,24,4,4,True
2016-04-16,13.7878,24,4,4,True
2016-04-17,13.9910,24,4,4,True
2016-04-18,13.0590,24,4,4,True
2016-04-19,11.9972,24,4,4,True
2016-04-20,11.6660,24,4,4,True
2016-04-21,11.9791,24,4,4,True
2016-04-22,11.8213,24,4,4,True
2016-04-23,11.2896,24,4,4,True
2016-04-24,11.4974,24,4,4,True
2016-04-25,11.2439,24,4,4,True
2016-04-26,11.0792,24,4,4,True
2016-04-27,11.5338,24,4,4,True
2016-04-28,11.6199,24,4,4,True
2016-04-29,11.5458,24,4,4,True
2016-04-30,11.5548,24,4,4,True
2016-05-01,11.8988,24,4,4,True
2016-05-02,12.3085,24,4,4,True
2016-05-03,12.2731,24,4,4,True
2016-05-04,12.8752,24,4,4,True
2016-05-05,13.4005,24,4,4,True
2016-05-06,13.9993,23,4,4,True
2016-05-07,14.7441,24,4,4,True
2016-05-08,14.2547,24,4,4,True
2016-05-09,13.6155,24,4,4,True
2016-05-10,12.3077,24,4,4,True
2016-05-11,11.6201,24,4,4,True
2016-05-12,11.7663,24,4,4,True
2016-05-13,12.0260,24,4,4,True
2016-05-14,11.9445,24,4,4,True
2016-05-15,12.1110,24,4,4,True
2016-05-16,12.3760,24,4,4,True
2016-05-17,13.2809,24,4,4,True
2016-05-18,13.9885,24,4,4,True
2016-05-19,13.9040,24,4,4,True
2016-05-20,13.6652,24,4,4,True
2016-05-21,14.4035,24,4,4,True
2016-05-22,15.1550,24,4,4,True
2016-05-23,14.1684,24,4,4,True
2016-05-24,13.0673,24,4,4,True
2016-05-25,13.5234,24,4,4,True
2016-05-26,14.5793,24,4,4,True
2016-05-27,15.3834,24,4,4,True
2016-05-28,15.7643,24,4,4,True
2016-05-29,15.8201,24,4,4,True
2016-05-30,15.1318,24,4,4,True
2016-05-31,13.8450,24,4,4,True
2016-06-01,12.9838,24,4,4,True
2016-06-02,13.0855,24,4,4,True
2016-06-03,13.8830,24,4,4,True
2016-06-04,15.1633,24,4,4,True
2016-06-05,16.3524,24,4,4,True
2016-06-06,16.5094,24,4,4,True
2016-06-07,16.2257,24,4,4,True
2016-06-08,16.1575,24,4,4,True
2016-06-09,17.2225,24,4,4,True
2016-06-10,17.5260,24,4,4,True
2016-06-11,16.8628,24,4,4,True
2016-06-12,15.6066,24,4,4,True
2016-06-13,15.4741,24,4,4,True
2016-06-14,15.9718,24,4,4,True
2016-06-15,16.4913,24,4,4,True
2016-06-16,16.7193,24,4,4,True
2016-06-17,16.2768,24,4,4,True
2016-06-18,16.0206,24,4,4,True
2016-06-19,15.5476,24,4,4,True
2016-06-20,15.8061,24,4,4,True
2016-06-21,16.5563,24,4,4,True
2016-06-22,17.7680,24,4,4,True
2016-06-23,19.5399,24,4,4,True
2016-06-24,20.4674,24,4,4,True
2016-06-25,20.3340,24,4,4,True
2016-06-26,19.0105,24,4,4,True
2016-06-27,18.1760,24,4,4,True
2016-06-28,18.3783,24,4,4,True
2016-06-29,18.6964,24,4,4,True
2016-06-30,19.1045,24,4,4,True
2016-07-01,19.6798,24,4,4,True
2016-07-02,18.7122,24,4,4,True
2016-07-03,18.5439,24,4,4,True
2016-07-04,19.0308,24,4,4,True
2016-07-05,19.3048,24,4,4,True
2016-07-06,20.2374,24,4,4,True
2016-07-07,20.0730,24,4,4,True
2016-07-08,20.8662,24,4,4,True
2016-07-09,21.8646,24,4,4,True
2016-07-10,22.8354,24,4,4,True
2016-07-11,22.2140,24,4,4,True
2016-07-12,21.1382,24,4,4,True
2016-07-13,20.2188,24,4,4,True
2016-07-14,18.3484,24,4,4,True
2016-07-15,18.0045,24,4,4,True
2016-07-16,18.5597,24,4,4,True
2016-07-17,19.5213,24,4,4,True
2016-07-18,20.5108,24,4,4,True
2016-07-19,21.4347,24,4,4,True
2016-07-20,21.8625,24,4,4,True
2016-07-21,22.7907,24,4,4,True
2016-07-22,22.5711,24,4,4,True
2016-07-23,22.1127,24,4,4,True
2016-07-24,21.2258,24,4,4,True
2016-07-25,21.2247,24,4,4,True
2016-07-26,21.6819,24,4,4,True
2016-07-27,21.9828,24,4,4,True
2016-07-28,22.3472,24,4,4,True
2016-07-29,22.7466,24,4,4,True
2016-07-30,23.8039,24,4,4,True
2016-07-31,23.2208,24,4,4,True
2016-08-01,22.5469,24,4,4,True
2016-08-02,22.6616,24,4,4,True
2016-08-03,22.8102,21,4,4,True
2016-08-04,23.1524,24,4,4,True
2016-08-05,22.7962,24,4,4,True
2016-08-06,22.5297,24,4,4,True
2016-08-07,22.9681,24,4,4,True
2016-08-08,23.6410,24,4,4,True
2016-08-09,23.1773,24,4,4,True
2016-08-10,22.4792,24,4,4,True
2016-08-11,22.0487,24,4,4,True
2016-08-12,22.2038,24,4,4,True
2016-08-13,22.6032,24,4,4,True
2016-08-14,22.5097,24,4,4,True
2016-08-15,23.0932,24,4,4,True
2016-08-16,23.7409,24,4,4,True
2016-08-17,23.8051,24,4,4,True
2016-08-18,23.4878,24,4,4,True
2016-08-19,23.4702,24,4,4,True
2016-08-20,22.9310,24,4,4,True
2016-08-21,22.3990,24,4,4,True
2016-08-22,22.4782,24,4,4,True
2016-08-23,22.5115,24,4,4,True
2016-08-24,23.0254,24,4,4,True
2016-08-25,23.2710,24,4,4,True
2016-08-26,22.9489,24,4,4,True
2016-08-27,23.4368,24,4,4,True
2016-08-28,23.6318,24,4,4,True
2016-08-29,23.1500,24,4,4,True
2016-08-30,23.2753,24,4,4,True
2016-08-31,23.5280,24,4,4,True
2016-09-01,24.2249,24,4,4,True
2016-09-02,23.9816,24,4,4,True
2016-09-03,24.0064,24,4,4,True
2016-09-04,23.8838,24,4,4,True
2016-09-05,23.8431,24,4,4,True
2016-09-06,24.0498,24,4,4,True
2016-09-07,24.0335,24,4,4,True
2016-09-08,22.9631,24,4,4,True
2016-09-09,23.1396,24,4,4,True
2016-09-10,23.4915,24,4,4,True
2016-09-11,23.4977,24,4,4,True
2016-09-12,23.5644,24,4,4,True
2016-09-13,23.5661,24,4,4,True
2016-09-14,22.0196,24,4,4,True
2016-09-15,21.7873,24,4,4,True
2016-09-16,21.0946,24,4,4,True
2016-09-17,20.6386,24,4,4,True
2016-09-18,19.3572,24,4,4,True
2016-09-19,18.7091,24,4,4,True
2016-09-20,18.4148,24,4,4,True
2016-09-21,18.2436,24,4,4,True
2016-09-22,18.0272,24,4,4,True
2016-09-23,18.1444,24,4,4,True
2016-09-24,18.4277,24,4,4,True
2016-09-25,18.1801,24,4,4,True
2016-09-26,18.3684,24,4,4,True
2016-09-27,18.4367,24,4,4,True
2016-09-28,19.1105,24,4,4,True
2016-09-29,18.7815,24,4,4,True
2016-09-30,19.3345,24,4,4,True
2016-10-01,19.0708,24,4,4,True
2016-10-02,19.0103,24,4,4,True
2016-10-03,18.5714,24,4,4,True
2016-10-04,18.7230,24,4,4,True
2016-10-05,19.0847,24,4,4,True
2016-10-06,19.0034,24,4,4,True
2016-10-07,18.2286,24,4,4,True
2016-10-08,17.7956,24,4,4,True
2016-10-09,17.2811,24,4,4,True
2016-10-10,16.4677,24,4,4,True
2016-10-11,16.0249,24,4,4,True
2016-10-12,15.1068,24,4,4,True
2016-10-13,15.7979,24,4,4,True
2016-10-14,16.0329,24,4,4,True
2016-10-15,14.9732,24,4,4,True
2016-10-16,14.8877,24,4,4,True
2016-10-17,15.1000,24,4,4,True
2016-10-18,15.5150,24,4,4,True
2016-10-19,14.9376,24,4,4,True
2016-10-20,14.6058,24,4,4,True
2016-10-21,13.8462,24,4,4,True
2016-10-22,13.4940,24,4,4,True
2016-10-23,14.3879,24,4,4,True
2016-10-24,15.1490,24,4,4,True
2016-10-25,14.8840,24,4,4,True
2016-10-26,14.4719,24,4,4,True
2016-10-27,14.4334,24,4,4,True
2016-10-28,13.9145,24,4,4,True
2016-10-29,13.7563,24,4,4,True
2016-10-30,13.4600,24,4,4,True
2016-10-31,13.5854,24,4,4,True
2016-11-01,13.7846,24,4,4,True
2016-11-02,13.6686,24,4,4,True
2016-11-03,13.3130,24,4,4,True
2016-11-04,12.5243,24,4,4,True
2016-11-05,12.6855,24,4,4,True
2016-11-06,12.1302,24,4,4,True
2016-11-07,11.2431,24,4,4,True
2016-11-08,10.7494,24,4,4,True
2016-11-09,10.8905,24,4,4,True
2016-11-10,10.8846,24,4,4,True
2016-11-11,10.5925,24,4,4,True
2016-11-12,10.5150,24,4,4,True
2016-11-13,10.8444,24,4,4,True
2016-11-14,11.0249,24,4,4,True
2016-11-15,10.6945,24,4,4,True
2016-11-16,10.3946,24,4,4,True
2016-11-17,10.4792,24,4,4,True
2016-11-18,10.0553,24,4,4,True
2016-11-19,10.2262,24,4,4,True
2016-11-20,9.9874,24,4,4,True
2016-11-21,10.0421,24,4,4,True
2016-11-22,10.1609,24,4,4,True
2016-11-23,10.3242,24,4,4,True
2016-11-24,9.6975,24,4,4,True
2016-11-25,9.0137,24,4,4,True
2016-11-26,8.6604,24,4,4,True
2016-11-27,8.5162,24,4,4,True
2016-11-28,7.6934,24,4,4,True
2016-11-29,7.5232,24,4,4,True
2016-11-30,7.5598,24,4,4,True
2016-12-01,7.5955,24,4,4,True
2016-12-02,7.6165,24,4,4,True
2016-12-03,7.3959,24,4,4,True
2016-12-04,7.6437,24,4,4,True
2016-12-05,7.9976,24,4,4,True
2016-12-06,7.1563,24,4,4,True
2016-12-07,6.6269,24,4,4,True
2016-12-08,6.5413,24,4,4,True
2016-12-09,6.5385,24,4,4,True
2016-12-10,6.1663,24,4,4,True
2016-12-11,6.0180,24,4,4,True
2016-12-12,6.4792,24,4,4,True
2016-12-13,6.3330,24,4,4,True
2016-12-14,6.1198,24,4,4,True
2016-12-15,5.5738,24,4,4,True
2016-12-16,6.0867,24,4,4,True
2016-12-17,6.2623,24,4,4,True
2016-12-18,5.7023,24,4,4,True
2016-12-19,5.2236,24,4,4,True
2016-12-20,5.7648,24,4,4,True
2016-12-21,5.1035,24,4,4,True
2016-12-22,4.6061,24,4,4,True
2016-12-23,5.7909,24,4,4,True
2016-12-24,6.2779,24,4,4,True
2016-12-25,6.6905,24,4,4,True
2016-12-26,6.7688,24,4,4,True
2016-12-27,7.0182,24,4,4,True
2016-12-28,6.6663,24,4,4,True
2016-12-29,5.9961,24,4,4,True
2016-12-30,6.4320,24,4,4,True
2016-12-31,6.6621,24,4,4,True
2017-01-01,6.4124,24,4,4,True
2017-01-02,6.0140,24,4,4,True
2017-01-03,5.7678,24,4,4,True
2017-01-04,5.1070,24,4,4,True
2017-01-05,4.2421,24,4,4,True
2017-01-06,3.5428,24,4,4,True
2017-01-07,2.9656,24,4,4,True
2017-01-08,2.8868,24,4,4,True
2017-01-09,3.5423,24,4,4,True
2017-01-10,3.8490,24,4,4,True
2017-01-11,4.0814,24,4,4,True
2017-01-12,4.6593,24,4,4,True
2017-01-13,5.2983,24,4,4,True
2017-01-14,5.7075,24,4,4,True
2017-01-15,6.0094,24,4,4,True
2017-01-16,6.1574,24,4,4,True
2017-01-17,5.7624,24,4,4,True
2017-01-18,5.1534,24,4,4,True
2017-01-19,4.3419,24,4,4,True
2017-01-20,3.8451,24,4,4,True
2017-01-21,3.8252,24,4,4,True
2017-01-22,3.6525,24,4,4,True
2017-01-23,3.8402,24,4,4,True
2017-01-24,3.8055,24,4,4,True
2017-01-25,3.5405,24,4,4,True
2017-01-26,4.0567,24,4,4,True
2017-01-27,5.1632,24,4,4,True
2017-01-28,5.8208,24,4,4,True
2017-01-29,5.4760,24,4,4,True
2017-01-30,5.7991,24,4,4,True
2017-01-31,6.4586,24,4,4,True
2017-02-01,7.0834,24,4,4,True
2017-02-02,7.4208,24,4,4,True
2017-02-03,7.4517,24,4,4,True
2017-02-04,7.3366,24,4,4,True
2017-02-05,7.4247,24,4,4,True
2017-02-06,7.4420,24,4,4,True
2017-02-07,7.7010,24,4,4,True
2017-02-08,7.7164,24,4,4,True
2017-02-09,7.0607,24,4,4,True
2017-02-10,6.8308,24,4,4,True
2017-02-11,6.4434,24,4,4,True
2017-02-12,6.4515,24,4,4,True
2017-02-13,7.1273,24,4,4,True
2017-02-14,7.9943,24,4,4,True
2017-02-15,9.3419,24,4,4,True
2017-02-16,9.7470,24,4,4,True
2017-02-17,8.8510,24,4,4,True
2017-02-18,8.3200,24,4,4,True
2017-02-19,8.2685,24,4,4,True
2017-02-20,8.2833,24,4,4,True
2017-02-21,8.5852,24,4,4,True
2017-02-22,9.1207,24,4,4,True
2017-02-23,9.1505,24,4,4,True
2017-02-24,9.2209,24,4,4,True
2017-02-25,8.8944,24,4,4,True
2017-02-26,8.6720,24,4,4,True
2017-02-27,9.1126,24,4,4,True
2017-02-28,9.2074,24,4,4,True
2017-03-01,8.9903,24,4,4,True
2017-03-02,9.5594,24,4,4,True
2017-03-03,9.3026,24,4,4,True
2017-03-04,9.4368,24,4,4,True
2017-03-05,9.2618,24,4,4,True
2017-03-06,9.5771,24,4,4,True
2017-03-07,9.2690,24,4,4,True
2017-03-08,9.9009,24,4,4,True
2017-03-09,9.7515,24,4,4,True
2017-03-10,10.4755,24,4,4,True
2017-03-11,10.4964,24,4,4,True
2017-03-12,10.4192,24,4,4,True
2017-03-13,10.4161,24,4,4,True
2017-03-14,10.6680,24,4,4,True
2017-03-15,10.4539,24,4,4,True
2017-03-16,10.9965,24,4,4,True
2017-03-17,11.6427,24,4,4,True
2017-03-18,11.6635,24,4,4,True
2017-03-19,11.6779,24,4,4,True
2017-03-20,11.2065,24,4,4,True
2017-03-21,10.9186,24,4,4,True
2017-03-22,11.1298,24,4,4,True
2017-03-23,11.1833,24,4,4,True
2017-03-24,10.3710,24,4,4,True
2017-03-25,9.8810,24,4,4,True
2017-03-26,9.5231,22,4,4,True
2017-03-27,9.7794,24,4,4,True
2017-03-28,10.5107,24,4,4,True
2017-03-29,11.1657,24,4,4,True
2017-03-30,12.0274,24,4,4,True
2017-03-31,12.8874,24,4,4,True
2017-04-01,13.2601,24,4,4,True
2017-04-02,12.6903,24,4,4,True
2017-04-03,12.0352,24,4,4,True
2017-04-04,11.9073,24,4,4,True
2017-04-05,12.2404,24,4,4,True
2017-04-06,12.8377,24,4,4,True
2017-04-07,13.0910,24,4,4,True
2017-04-08,13.3926,24,4,4,True
2017-04-09,13.8143,24,4,4,True
2017-04-10,14.2966,24,4,4,True
2017-04-11,14.6990,24,4,4,True
2017-04-12,14.6297,24,4,4,True
2017-04-13,14.2790,24,4,4,True
2017-04-14,14.2719,24,4,4,True
2017-04-15,14.0177,24,4,4,True
2017-04-16,13.9641,24,4,4,True
2017-04-17,13.6597,24,4,4,True
2017-04-18,13.5571,24,4,4,True
2017-04-19,13.7571,24,4,4,True
2017-04-20,13.4958,24,4,4,True
2017-04-21,13.1119,24,4,4,True
2017-04-22,13.1510,24,4,4,True
2017-04-23,13.3659,24,4,4,True
2017-04-24,14.0633,24,4,4,True
2017-04-25,14.6235,24,4,4,True
2017-04-26,14.3703,24,4,4,True
2017-04-27,13.5142,24,4,4,True
2017-04-28,12.0733,24,4,4,True
2017-04-29,11.4735,24,4,4,True
2017-04-30,11.8604,24,4,4,True
2017-05-01,12.1916,24,4,4,True
2017-05-02,12.8006,24,4,4,True
2017-05-03,13.0379,24,4,4,True
2017-05-04,13.3428,24,4,4,True
2017-05-05,13.4540,24,4,4,True
2017-05-06,14.1227,24,4,4,True
2017-05-07,14.5561,24,4,4,True
2017-05-08,14.7275,24,4,4,True
2017-05-09,14.8398,24,4,4,True
2017-05-10,14.6598,24,4,4,True
2017-05-11,14.8276,24,4,4,True
2017-05-12,14.6522,24,4,4,True
2017-05-13,13.9066,24,4,4,True
2017-05-14,14.2110,24,4,4,True
2017-05-15,15.0118,24,4,4,True
2017-05-16,16.1032,24,4,4,True
2017-05-17,16.8392,24,4,4,True
2017-05-18,16.6088,24,4,4,True
2017-05-19,15.3420,24,4,4,True
2017-05-20,13.7342,24,4,4,True
2017-05-21,13.8666,24,4,4,True
2017-05-22,14.2467,24,4,4,True
2017-05-23,14.8327,24,4,4,True
2017-05-24,15.3893,24,4,4,True
2017-05-25,15.6934,24,4,4,True
2017-05-26,17.3977,24,4,4,True
2017-05-27,18.2693,24,4,4,True
2017-05-28,18.1800,24,4,4,True
2017-05-29,17.9176,24,4,4,True
2017-05-30,17.5737,24,4,4,True
2017-05-31,16.5235,24,4,4,True
2017-06-01,16.2637,24,4,4,True
2017-06-02,17.0470,24,4,4,True
2017-06-03,16.9670,24,4,4,True
2017-06-04,15.3583,24,4,4,True
2017-06-05,13.9467,24,4,4,True
2017-06-06,13.9900,24,4,4,True
2017-06-07,14.2019,24,4,4,True
2017-06-08,14.7079,24,4,4,True
2017-06-09,16.0854,24,4,4,True
2017-06-10,17.5663,24,4,4,True
2017-06-11,18.0333,24,4,4,True
2017-06-12,19.5472,24,4,4,True
2017-06-13,20.9146,24,4,4,True
2017-06-14,21.7653,24,4,4,True
2017-06-15,21.4421,24,4,4,True
2017-06-16,21.6435,24,4,4,True
2017-06-17,21.4744,24,4,4,True
2017-06-18,21.5216,24,4,4,True
2017-06-19,22.0858,24,4,4,True
2017-06-20,23.2121,24,4,4,True
2017-06-21,24.1311,24,4,4,True
2017-06-22,24.9442,24,4,4,True
2017-06-23,24.2169,24,4,4,True
2017-06-24,23.4696,24,4,4,True
2017-06-25,23.2175,24,4,4,True
2017-06-26,22.5058,24,4,4,True
2017-06-27,21.4920,24,4,4,True
2017-06-28,20.6925,24,4,4,True
2017-06-29,20.0445,24,4,4,True
2017-06-30,19.0460,24,4,4,True
2017-07-01,18.3534,24,4,4,True
2017-07-02,17.3130,24,4,4,True
2017-07-03,17.1470,24,4,4,True
2017-07-04,17.8714,24,4,4,True
2017-07-05,19.0422,24,4,4,True
2017-07-06,20.5357,24,4,4,True
2017-07-07,22.3216,24,4,4,True
2017-07-08,22.6588,24,4,4,True
2017-07-09,22.8970,24,4,4,True
2017-07-10,22.5582,24,4,4,True
2017-07-11,22.3121,24,4,4,True
2017-07-12,21.8610,24,4,4,True
2017-07-13,22.0199,24,4,4,True
2017-07-14,21.9846,24,4,4,True
2017-07-15,22.2868,24,4,4,True
2017-07-16,22.9133,24,4,4,True
2017-07-17,23.6273,24,4,4,True
2017-07-18,23.1605,24,4,4,True
2017-07-19,23.5713,24,4,4,True
2017-07-20,23.4087,24,4,4,True
2017-07-21,23.2992,24,4,4,True
2017-07-22,23.1189,24,4,4,True
2017-07-23,22.5461,24,4,4,True
2017-07-24,21.8685,24,4,4,True
2017-07-25,21.3741,24,4,4,True
2017-07-26,21.5360,24,4,4,True
2017-07-27,22.0633,24,4,4,True
2017-07-28,22.6380,24,4,4,True
2017-07-29,22.8451,24,4,4,True
2017-07-30,23.6934,24,4,4,True
2017-07-31,23.6475,24,4,4,True
2017-08-01,24.1490,24,4,4,True
2017-08-02,24.6471,24,4,4,True
2017-08-03,25.1809,24,4,4,True
2017-08-04,25.6010,24,4,4,True
2017-08-05,24.8518,24,4,4,True
2017-08-06,24.0437,24,4,4,True
2017-08-07,24.1388,24,4,4,True
2017-08-08,22.6505,24,4,4,True
2017-08-09,21.4366,24,4,4,True
2017-08-10,20.2575,24,4,4,True
2017-08-11,19.6358,24,4,4,True
2017-08-12,20.0571,24,4,4,True
2017-08-13,20.4298,24,4,4,True
2017-08-14,21.2136,24,4,4,True
2017-08-15,21.0909,24,4,4,True
2017-08-16,21.8663,24,4,4,True
2017-08-17,22.8540,24,4,4,True
2017-08-18,23.3100,24,4,4,True
2017-08-19,23.1559,24,4,4,True
2017-08-20,22.2453,24,4,4,True
2017-08-21,22.3612,24,4,4,True
2017-08-22,22.9180,24,4,4,True
2017-08-23,23.3738,24,4,4,True
2017-08-24,23.8291,24,4,4,True
2017-08-25,23.6335,24,4,4,True
2017-08-26,23.7227,24,4,4,True
2017-08-27,24.1483,24,4,4,True
2017-08-28,24.6074,24,4,4,True
2017-08-29,24.8755,24,4,4,True
2017-08-30,24.6116,24,4,4,True
2017-08-31,23.4101,24,4,4,True
2017-09-01,22.9198,24,4,4,True
2017-09-02,22.2502,24,4,4,True
2017-09-03,21.3486,24,4,4,True
2017-09-04,22.0454,24,4,4,True
2017-09-05,22.4851,24,4,4,True
2017-09-06,22.1195,24,4,4,True
2017-09-07,20.9692,24,4,4,True
2017-09-08,21.1296,24,4,4,True
2017-09-09,20.2081,24,4,4,True
2017-09-10,19.5775,24,4,4,True
2017-09-11,19.7110,24,4,4,True
2017-09-12,19.2362,24,4,4,True
2017-09-13,19.0998,24,4,4,True
2017-09-14,18.5844,24,4,4,True
2017-09-15,17.8532,24,4,4,True
2017-09-16,17.2712,24,4,4,True
2017-09-17,16.5491,24,4,4,True
2017-09-18,16.7855,24,4,4,True
2017-09-19,16.4190,24,4,4,True
2017-09-20,16.0353,24,4,4,True
2017-09-21,15.9335,24,4,4,True
2017-09-22,16.3455,24,4,4,True
2017-09-23,16.7035,24,4,4,True
2017-09-24,17.0012,24,4,4,True
2017-09-25,16.8280,24,4,4,True
2017-09-26,17.1680,24,4,4,True
2017-09-27,17.0170,24,4,4,True
2017-09-28,17.8422,24,4,4,True
2017-09-29,18.3506,24,4,4,True
2017-09-30,17.9453,24,4,4,True
2017-10-01,17.2791,24,4,4,True
2017-10-02,17.6886,24,4,4,True
2017-10-03,17.5380,24,4,4,True
2017-10-04,17.1947,24,4,4,True
2017-10-05,16.9436,24,4,4,True
2017-10-06,17.0582,24,4,4,True
2017-10-07,16.4487,24,4,4,True
2017-10-08,16.2390,24,4,4,True
2017-10-09,16.3802,24,4,4,True
2017-10-10,16.5569,24,4,4,True
2017-10-11,16.3763,24,4,4,True
2017-10-12,16.7745,24,4,4,True
2017-10-13,16.2242,24,4,4,True
2017-10-14,16.4370,24,4,4,True
2017-10-15,16.8617,24,4,4,True
2017-10-16,17.1203,24,4,4,True
2017-10-17,17.1484,24,4,4,True
2017-10-18,17.1831,24,4,4,True
2017-10-19,16.9501,24,4,4,True
2017-10-20,16.5928,24,4,4,True
2017-10-21,16.1313,24,4,4,True
2017-10-22,15.4315,24,4,4,True
2017-10-23,14.8908,24,4,4,True
2017-10-24,14.4727,24,4,4,True
2017-10-25,14.3028,24,4,4,True
2017-10-26,14.5017,24,4,4,True
2017-10-27,14.4842,24,4,4,True
2017-10-28,14.6923,24,4,4,True
2017-10-29,13.5081,24,4,4,True
2017-10-30,13.8900,24,4,4,True
2017-10-31,12.9713,24,4,4,True
2017-11-01,12.6070,24,4,4,True
2017-11-02,13.5143,24,4,4,True
2017-11-03,13.4663,24,4,4,True
2017-11-04,13.1675,24,4,4,True
2017-11-05,13.0732,24,4,4,True
2017-11-06,11.9305,24,4,4,True
2017-11-07,10.8305,24,4,4,True
2017-11-08,10.1208,24,4,4,True
2017-11-09,9.5276,24,4,4,True
2017-11-10,8.8061,24,4,4,True
2017-11-11,8.8772,24,4,4,True
2017-11-12,9.7267,24,4,4,True
2017-11-13,10.0106,24,4,4,True
2017-11-14,9.6188,24,4,4,True
2017-11-15,8.5028,24,4,4,True
2017-11-16,7.6699,24,4,4,True
2017-11-17,7.2837,24,4,4,True
2017-11-18,7.0413,24,4,4,True
2017-11-19,6.7319,24,4,4,True
2017-11-20,6.7544,24,4,4,True
2017-11-21,7.3589,24,4,4,True
2017-11-22,7.5690,24,4,4,True
2017-11-23,8.5765,24,4,4,True
2017-11-24,8.8033,24,4,4,True
2017-11-25,8.4309,24,4,4,True
2017-11-26,7.5730,24,4,4,True
2017-11-27,7.1765,24,4,4,True
2017-11-28,7.2554,24,4,4,True
2017-11-29,7.6893,24,4,4,True
2017-11-30,7.1203,24,4,4,True
2017-12-01,6.6084,24,4,4,True
2017-12-02,5.8223,24,4,4,True
2017-12-03,5.4385,24,4,4,True
2017-12-04,5.2259,24,4,4,True
2017-12-05,5.0691,24,4,4,True
2017-12-06,4.7537,24,4,4,True
2017-12-07,4.0924,24,4,4,True
2017-12-08,4.4897,24,4,4,True
2017-12-09,4.3323,24,4,4,True
2017-12-10,5.6841,24,4,4,True
2017-12-11,7.1705,24,4,4,True
2017-12-12,7.6401,24,4,4,True
2017-12-13,6.9405,24,4,4,True
2017-12-14,7.1215,24,4,4,True
2017-12-15,6.9764,24,4,4,True
2017-12-16,7.5754,24,4,4,True
2017-12-17,7.1961,24,4,4,True
2017-12-18,7.0575,24,4,4,True
2017-12-19,6.6305,24,4,4,True
2017-12-20,6.8182,24,4,4,True
2017-12-21,6.9671,24,4,4,True
2017-12-22,7.1247,24,4,4,True
2017-12-23,7.5082,24,4,4,True
2017-12-24,7.9532,24,4,4,True
2017-12-25,7.7664,24,4,4,True
2017-12-26,7.7967,24,4,4,True
2017-12-27,7.1432,24,4,4,True
2017-12-28,6.3345,24,4,4,True
2017-12-29,6.6645,24,4,4,True
2017-12-30,7.4384,24,4,4,True
2017-12-31,7.9335,24,4,4,True
2018-01-01,7.7677,24,4,4,True
2018-01-02,7.8620,24,4,4,True
2018-01-03,8.9305,24,4,4,True
2018-01-04,9.7574,24,4,4,True
2018-01-05,9.5131,24,4,4,True
2018-01-06,8.7100,24,4,4,True
2018-01-07,8.6221,24,4,4,True
2018-01-08,8.3163,24,4,4,True
2018-01-09,8.2135,24,4,4,True
2018-01-10,7.8773,24,4,4,True
2018-01-11,7.4802,24,4,4,True
2018-01-12,7.5806,24,4,4,True
2018-01-13,7.3063,24,4,4,True
2018-01-14,7.2235,24,4,4,True
2018-01-15,6.7940,24,4,4,True
2018-01-16,7.3436,24,4,4,True
2018-01-17,8.1716,24,4,4,True
2018-01-18,8.3104,24,4,4,True
2018-01-19,8.7409,24,4,4,True
2018-01-20,8.1924,24,4,4,True
2018-01-21,8.4886,24,4,4,True
2018-01-22,9.0170,24,4,4,True
2018-01-23,9.0941,24,4,4,True
2018-01-24,9.1117,24,4,4,True
2018-01-25,8.8352,24,4,4,True
2018-01-26,8.0344,24,4,4,True
2018-01-27,7.9366,24,4,4,True
2018-01-28,7.4865,24,4,4,True
2018-01-29,7.1878,24,4,4,True
2018-01-30,6.9406,24,4,4,True
2018-01-31,7.0825,24,4,4,True
2018-02-01,7.2098,24,4,4,True
2018-02-02,7.3063,24,4,4,True
2018-02-03,7.0627,24,4,4,True
2018-02-04,6.6538,24,4,4,True
2018-02-05,6.4510,24,4,4,True
2018-02-06,6.5852,24,4,4,True
2018-02-07,6.3334,24,4,4,True
2018-02-08,5.7562,24,4,4,True
2018-02-09,5.0952,24,4,4,True
2018-02-10,4.8655,24,4,4,True
2018-02-11,5.1686,24,4,4,True
2018-02-12,6.3384,24,4,4,True
2018-02-13,6.8121,24,4,4,True
2018-02-14,6.1405,24,4,4,True
2018-02-15,7.3544,24,4,4,True
2018-02-16,8.7118,24,4,4,True
2018-02-17,8.8610,24,4,4,True
2018-02-18,8.5444,24,4,4,True
2018-02-19,8.1440,24,4,4,True
2018-02-20,8.5413,24,4,4,True
2018-02-21,8.4553,24,4,4,True
2018-02-22,7.8386,24,4,4,True
2018-02-23,7.2958,24,4,4,True
2018-02-24,6.7488,24,4,4,True
2018-02-25,7.1389,24,4,4,True
2018-02-26,7.5915,24,4,4,True
2018-02-27,7.3941,24,4,4,True
2018-02-28,5.8980,24,4,4,True
2018-03-01,5.4821,24,4,4,True
2018-03-02,7.0569,24,4,4,True
2018-03-03,8.7079,24,4,4,True
2018-03-04,8.6756,24,4,4,True
2018-03-05,8.5507,24,4,4,True
2018-03-06,8.5033,24,4,4,True
2018-03-07,8.5843,24,4,4,True
2018-03-08,8.9269,24,4,4,True
2018-03-09,9.1193,24,4,4,True
2018-03-10,9.6206,24,4,4,True
2018-03-11,10.4006,24,4,4,True
2018-03-12,10.5261,24,4,4,True
2018-03-13,9.6585,24,4,4,True
2018-03-14,9.3636,24,4,4,True
2018-03-15,9.4559,24,4,4,True
2018-03-16,9.6130,24,4,4,True
2018-03-17,9.5623,24,4,4,True
2018-03-18,8.7975,24,4,4,True
2018-03-19,8.3210,24,4,4,True
2018-03-20,7.6757,24,4,4,True
2018-03-21,7.0315,24,4,4,True
2018-03-22,6.6055,24,4,4,True
2018-03-23,7.2673,24,4,4,True
2018-03-24,7.9099,24,4,4,True
2018-03-25,8.5435,22,4,4,True
2018-03-26,8.7629,24,4,4,True
2018-03-27,8.6015,24,4,4,True
2018-03-28,8.9181,24,4,4,True
2018-03-29,10.2245,24,4,4,True
2018-03-30,10.3467,24,4,4,True
2018-03-31,9.5080,24,4,4,True
2018-04-01,8.9546,24,4,4,True
2018-04-02,9.1260,24,4,4,True
2018-04-03,10.4475,24,4,4,True
2018-04-04,11.8912,24,4,4,True
2018-04-05,12.3163,24,4,4,True
2018-04-06,11.9788,24,4,4,True
2018-04-07,11.9101,24,4,4,True
2018-04-08,11.5290,24,4,4,True
2018-04-09,10.0580,24,4,4,True
2018-04-10,9.9762,24,4,4,True
2018-04-11,10.3059,24,4,4,True
2018-04-12,9.9008,24,4,4,True
2018-04-13,10.0069,24,4,4,True
2018-04-14,9.9982,24,4,4,True
2018-04-15,10.5361,24,4,4,True
2018-04-16,11.1779,24,4,4,True
2018-04-17,11.7352,24,4,4,True
2018-04-18,12.1550,24,4,4,True
2018-04-19,13.4111,24,4,4,True
2018-04-20,13.6854,24,4,4,True
2018-04-21,13.3929,24,4,4,True
2018-04-22,13.2829,24,4,4,True
2018-04-23,12.8280,24,4,4,True
2018-04-24,12.2089,24,4,4,True
2018-04-25,12.1525,24,4,4,True
2018-04-26,11.8798,24,4,4,True
2018-04-27,11.5886,24,4,4,True
2018-04-28,11.7827,24,4,4,True
2018-04-29,11.3904,24,4,4,True
2018-04-30,10.2600,24,4,4,True
2018-05-01,10.0042,24,4,4,True
2018-05-02,10.3014,24,4,4,True
2018-05-03,10.4477,24,4,4,True
2018-05-04,9.7337,24,4,4,True
2018-05-05,9.7814,24,4,4,True
2018-05-06,10.8715,24,4,4,True
2018-05-07,12.3688,24,4,4,True
2018-05-08,12.7597,24,4,4,True
2018-05-09,11.5594,24,4,4,True
2018-05-10,11.8575,24,4,4,True
2018-05-11,11.6140,24,4,4,True
2018-05-12,11.7992,24,4,4,True
2018-05-13,10.7328,24,4,4,True
2018-05-14,9.8149,24,4,4,True
2018-05-15,9.4486,24,4,4,True
2018-05-16,9.8335,24,4,4,True
2018-05-17,11.1922,24,4,4,True
2018-05-18,12.3222,24,4,4,True
2018-05-19,13.1241,24,4,4,True
2018-05-20,13.4350,24,4,4,True
2018-05-21,13.3439,24,4,4,True
2018-05-22,13.5375,24,4,4,True
2018-05-23,13.2887,24,4,4,True
2018-05-24,13.6666,24,4,4,True
2018-05-25,13.6449,24,4,4,True
2018-05-26,13.4200,24,4,4,True
2018-05-27,13.6207,24,4,4,True
2018-05-28,12.6498,24,4,4,True
2018-05-29,11.8613,24,4,4,True
2018-05-30,12.4941,24,4,4,True
2018-05-31,12.9974,24,4,4,True
2018-06-01,13.5165,24,4,4,True
2018-06-02,13.6178,24,4,4,True
2018-06-03,13.5004,24,4,4,True
2018-06-04,13.0239,24,4,4,True
2018-06-05,13.4723,24,4,4,True
2018-06-06,13.0481,24,4,4,True
2018-06-07,12.6751,24,4,4,True
2018-06-08,13.7860,24,4,4,True
2018-06-09,14.2075,24,4,4,True
2018-06-10,14.1259,24,4,4,True
2018-06-11,13.0810,24,4,4,True
2018-06-12,12.8161,24,4,4,True
2018-06-13,12.8079,24,4,4,True
2018-06-14,12.5910,24,4,4,True
2018-06-15,13.0332,24,4,4,True
2018-06-16,12.8563,24,4,4,True
2018-06-17,12.7968,24,4,4,True
2018-06-18,13.7450,24,4,4,True
2018-06-19,14.3120,24,4,4,True
2018-06-20,15.4233,24,4,4,True
2018-06-21,16.1501,24,4,4,True
2018-06-22,16.9540,24,4,4,True
2018-06-23,16.6078,24,4,4,True
2018-06-24,16.5611,24,4,4,True
2018-06-25,16.6165,24,4,4,True
2018-06-26,16.9300,24,4,4,True
2018-06-27,17.4565,24,4,4,True
2018-06-28,17.7758,24,4,4,True
2018-06-29,17.5081,24,4,4,True
2018-06-30,17.9827,24,4,4,True
2018-07-01,18.6299,24,4,4,True
2018-07-02,19.1393,24,4,4,True
2018-07-03,19.2940,24,4,4,True
2018-07-04,19.1293,24,4,4,True
2018-07-05,18.8121,24,4,4,True
2018-07-06,18.4892,24,4,4,True
2018-07-07,18.0285,24,4,4,True
2018-07-08,18.5020,24,4,4,True
2018-07-09,19.1921,24,4,4,True
2018-07-10,19.9585,24,4,4,True
2018-07-11,20.2502,24,4,4,True
2018-07-12,20.0764,24,4,4,True
2018-07-13,20.1580,24,4,4,True
2018-07-14,19.8553,24,4,4,True
2018-07-15,20.5962,24,4,4,True
2018-07-16,19.9729,24,4,4,True
2018-07-17,18.8063,24,4,4,True
2018-07-18,18.5893,24,4,4,True
2018-07-19,19.2383,24,4,4,True
2018-07-20,19.4930,24,4,4,True
2018-07-21,19.3255,24,4,4,True
2018-07-22,18.3435,24,4,4,True
2018-07-23,18.5775,24,4,4,True
2018-07-24,19.3290,24,4,4,True
2018-07-25,20.6406,24,4,4,True
2018-07-26,21.5517,24,4,4,True
2018-07-27,22.3569,24,4,4,True
2018-07-28,22.1892,24,4,4,True
2018-07-29,22.4359,24,4,4,True
2018-07-30,22.8260,24,4,4,True
2018-07-31,22.6337,24,4,4,True
2018-08-01,22.4630,9,2,4,False
2018-08-02,,0,0,,False
2018-08-03,,0,0,,False
2018-08-04,,0,0,,False
2018-08-05,,0,0,,False
2018-08-06,,0,0,,False
2018-08-07,,0,0,,False
2018-08-08,,0,0,,False
2018-08-09,,0,0,,False
2018-08-10,,0,0,,False
2018-08-11,,0,0,,False
2018-08-12,,0,0,,False
2018-08-13,,0,0,,False
2018-08-14,,0,0,,False
2018-08-15,,0,0,,False
2018-08-16,,0,0,,False
2018-08-17,,0,0,,False
2018-08-18,,0,0,,False
2018-08-19,,0,0,,False
2018-08-20,,0,0,,False
2018-08-21,,0,0,,False
2018-08-22,,0,0,,False
2018-08-23,,0,0,,False
2018-08-24,,0,0,,False
2018-08-25,,0,0,,False
2018-08-26,,0,0,,False
2018-08-27,,0,0,,False
2018-08-28,,0,0,,False
2018-08-29,,0,0,,False
2018-08-30,,0,0,,False
2018-08-31,,0,0,,False
2018-09-01,,0,0,,False
2018-09-02,,0,0,,False
2018-09-03,,0,0,,False
2018-09-04,,0,0,,False
2018-09-05,,0,0,,False
2018-09-06,,0,0,,False
2018-09-07,,0,0,,False
2018-09-08,,0,0,,False
2018-09-09,,0,0,,False
2018-09-10,,0,0,,False
2018-09-11,,0,0,,False
2018-09-12,,0,0,,False
2018-09-13,,0,0,,False
2018-09-14,,0,0,,False
2018-09-15,,0,0,,False
2018-09-16,,0,0,,False
2018-09-17,,0,0,,False
2018-09-18,,0,0,,False
2018-09-19,,0,0,,False
2018-09-20,,0,0,,False
2018-09-21,,0,0,,False
2018-09-22,,0,0,,False
2018-09-23,,0,0,,False
2018-09-24,,0,0,,False
2018-09-25,,0,0,,False
2018-09-26,,0,0,,False
2018-09-27,,0,0,,False
2018-09-28,,0,0,,False
2018-09-29,,0,0,,False
2018-09-30,,0,0,,False
2018-10-01,,0,0,,False
2018-10-02,,0,0,,False
2018-10-03,,0,0,,False
2018-10-04,,0,0,,False
2018-10-05,,0,0,,False
2018-10-06,,0,0,,False
2018-10-07,,0,0,,False
2018-10-08,,0,0,,False
2018-10-09,,0,0,,False
2018-10-10,,0,0,,False
2018-10-11,,0,0,,False
2018-10-12,,0,0,,False
2018-10-13,,0,0,,False
2018-10-14,,0,0,,False
2018-10-15,,0,0,,False
2018-10-16,,0,0,,False
2018-10-17,,0,0,,False
2018-10-18,,0,0,,False
2018-10-19,,0,0,,False
2018-10-20,,0,0,,False
2018-10-21,,0,0,,False
2018-10-22,,0,0,,False
2018-10-23,,0,0,,False
2018-10-24,,0,0,,False
2018-10-25,,0,0,,False
2018-10-26,,0,0,,False
2018-10-27,,0,0,,False
2018-10-28,,0,0,,False
2018-10-29,,0,0,,False
2018-10-30,,0,0,,False
2018-10-31,,0,0,,False
2018-11-01,,0,0,,False
2018-11-02,,0,0,,False
2018-11-03,,0,0,,False
2018-11-04,,0,0,,False
2018-11-05,,0,0,,False
2018-11-06,,0,0,,False
2018-11-07,,0,0,,False
2018-11-08,,0,0,,False
2018-11-09,,0,0,,False
2018-11-10,,0,0,,False
2018-11-11,,0,0,,False
2018-11-12,,0,0,,False
2018-11-13,,0,0,,False
2018-11-14,,0,0,,False
2018-11-15,,0,0,,False
2018-11-16,,0,0,,False
2018-11-17,,0,0,,False
2018-11-18,,0,0,,False
2018-11-19,,0,0,,False
2018-11-20,,0,0,,False
2018-11-21,,0,0,,False
2018-11-22,,0,0,,False
2018-11-23,,0,0,,False
2018-11-24,,0,0,,False
2018-11-25,,0,0,,False
2018-11-26,,0,0,,False
2018-11-27,,0,0,,False
2018-11-28,,0,0,,False
2018-11-29,,0,0,,False
2018-11-30,,0,0,,False
2018-12-01,,0,0,,False
2018-12-02,,0,0,,False
2018-12-03,,0,0,,False
2018-12-04,,0,0,,False
2018-12-05,,0,0,,False
2018-12-06,,0,0,,False
2018-12-07,,0,0,,False
2018-12-08,,0,0,,False
2018-12-09,,0,0,,False
2018-12-10,,0,0,,False
2018-12-11,,0,0,,False
2018-12-12,,0,0,,False
2018-12-13,,0,0,,False
2018-12-14,,0,0,,False
2018-12-15,,0,0,,False
2018-12-16,,0,0,,False
2018-12-17,,0,0,,False
2018-12-18,,0,0,,False
2018-12-19,,0,0,,False
2018-12-20,,0,0,,False
2018-12-21,,0,0,,False
2018-12-22,,0,0,,False
2018-12-23,,0,0,,False
2018-12-24,,0,0,,False
2018-12-25,,0,0,,False
2018-12-26,,0,0,,False
2018-12-27,,0,0,,False
2018-12-28,,0,0,,False
2018-12-29,,0,0,,False
2018-12-30,,0,0,,False
2018-12-31,,0,0,,False
2019-01-01,,0,0,,False
2019-01-02,,0,0,,False
2019-01-03,,0,0,,False
2019-01-04,,0,0,,False
2019-01-05,,0,0,,False
2019-01-06,,0,0,,False
2019-01-07,,0,0,,False
2019-01-08,,0,0,,False
2019-01-09,,0,0,,False
2019-01-10,,0,0,,False
2019-01-11,,0,0,,False
2019-01-12,,0,0,,False
2019-01-13,,0,0,,False
2019-01-14,,0,0,,False
2019-01-15,,0,0,,False
2019-01-16,,0,0,,False
2019-01-17,,0,0,,False
2019-01-18,,0,0,,False
2019-01-19,,0,0,,False
2019-01-20,,0,0,,False
2019-01-21,,0,0,,False
2019-01-22,,0,0,,False
2019-01-23,,0,0,,False
2019-01-24,,0,0,,False
2019-01-25,,0,0,,False
2019-01-26,,0,0,,False
2019-01-27,,0,0,,False
2019-01-28,,0,0,,False
2019-01-29,,0,0,,False
2019-01-30,,0,0,,False
2019-01-31,,0,0,,False
2019-02-01,,0,0,,False
2019-02-02,,0,0,,False
2019-02-03,,0,0,,False
2019-02-04,,0,0,,False
2019-02-05,,0,0,,False
2019-02-06,,0,0,,False
2019-02-07,,0,0,,False
2019-02-08,,0,0,,False
2019-02-09,,0,0,,False
2019-02-10,,0,0,,False
2019-02-11,,0,0,,False
2019-02-12,,0,0,,False
2019-02-13,,0,0,,False
2019-02-14,,0,0,,False
2019-02-15,,0,0,,False
2019-02-16,,0,0,,False
2019-02-17,,0,0,,False
2019-02-18,,0,0,,False
2019-02-19,,0,0,,False
2019-02-20,,0,0,,False
2019-02-21,,0,0,,False
2019-02-22,,0,0,,False
2019-02-23,,0,0,,False
2019-02-24,,0,0,,False
2019-02-25,,0,0,,False
2019-02-26,,0,0,,False
2019-02-27,,0,0,,False
2019-02-28,,0,0,,False
2019-03-01,,0,0,,False
2019-03-02,,0,0,,False
2019-03-03,,0,0,,False
2019-03-04,,0,0,,False
2019-03-05,,0,0,,False
2019-03-06,,0,0,,False
2019-03-07,,0,0,,False
2019-03-08,,0,0,,False
2019-03-09,,0,0,,False
2019-03-10,,0,0,,False
2019-03-11,,0,0,,False
2019-03-12,,0,0,,False
2019-03-13,,0,0,,False
2019-03-14,,0,0,,False
2019-03-15,,0,0,,False
2019-03-16,,0,0,,False
2019-03-17,,0,0,,False
2019-03-18,,0,0,,False
2019-03-19,,0,0,,False
2019-03-20,,0,0,,False
2019-03-21,,0,0,,False
2019-03-22,,0,0,,False
2019-03-23,,0,0,,False
2019-03-24,,0,0,,False
2019-03-25,,0,0,,False
2019-03-26,,0,0,,False
2019-03-27,,0,0,,False
2019-03-28,,0,0,,False
2019-03-29,,0,0,,False
2019-03-30,,0,0,,False
2019-03-31,,0,0,,False
2019-04-01,,0,0,,False
2019-04-02,,0,0,,False
2019-04-03,,0,0,,False
2019-04-04,,0,0,,False
2019-04-05,,0,0,,False
2019-04-06,,0,0,,False
2019-04-07,,0,0,,False
2019-04-08,,0,0,,False
2019-04-09,,0,0,,False
2019-04-10,,0,0,,False
2019-04-11,,0,0,,False
2019-04-12,,0,0,,False
2019-04-13,,0,0,,False
2019-04-14,,0,0,,False
2019-04-15,,0,0,,False
2019-04-16,,0,0,,False
2019-04-17,,0,0,,False
2019-04-18,,0,0,,False
2019-04-19,,0,0,,False
2019-04-20,,0,0,,False
2019-04-21,,0,0,,False
2019-04-22,,0,0,,False
2019-04-23,,0,0,,False
2019-04-24,,0,0,,False
2019-04-25,,0,0,,False
2019-04-26,,0,0,,False
2019-04-27,,0,0,,False
2019-04-28,,0,0,,False
2019-04-29,,0,0,,False
2019-04-30,,0,0,,False
2019-05-01,,0,0,,False
2019-05-02,,0,0,,False
2019-05-03,,0,0,,False
2019-05-04,,0,0,,False
2019-05-05,,0,0,,False
2019-05-06,,0,0,,False
2019-05-07,,0,0,,False
2019-05-08,,0,0,,False
2019-05-09,,0,0,,False
2019-05-10,,0,0,,False
2019-05-11,,0,0,,False
2019-05-12,,0,0,,False
2019-05-13,,0,0,,False
2019-05-14,,0,0,,False
2019-05-15,,0,0,,False
2019-05-16,,0,0,,False
2019-05-17,,0,0,,False
2019-05-18,,0,0,,False
2019-05-19,,0,0,,False
2019-05-20,,0,0,,False
2019-05-21,,0,0,,False
2019-05-22,,0,0,,False
2019-05-23,,0,0,,False
2019-05-24,,0,0,,False
2019-05-25,,0,0,,False
2019-05-26,,0,0,,False
2019-05-27,,0,0,,False
2019-05-28,,0,0,,False
2019-05-29,,0,0,,False
2019-05-30,,0,0,,False
2019-05-31,,0,0,,False
2019-06-01,,0,0,,False
2019-06-02,,0,0,,False
2019-06-03,,0,0,,False
2019-06-04,,0,0,,False
2019-06-05,,0,0,,False
2019-06-06,,0,0,,False
2019-06-07,,0,0,,False
2019-06-08,,0,0,,False
2019-06-09,,0,0,,False
2019-06-10,,0,0,,False
2019-06-11,,0,0,,False
2019-06-12,,0,0,,False
2019-06-13,,0,0,,False
2019-06-14,,0,0,,False
2019-06-15,,0,0,,False
2019-06-16,,0,0,,False
2019-06-17,,0,0,,False
2019-06-18,,0,0,,False
2019-06-19,,0,0,,False
2019-06-20,,0,0,,False
2019-06-21,,0,0,,False
2019-06-22,,0,0,,False
2019-06-23,,0,0,,False
2019-06-24,,0,0,,False
2019-06-25,,0,0,,False
2019-06-26,,0,0,,False
2019-06-27,,0,0,,False
2019-06-28,,0,0,,False
2019-06-29,,0,0,,False
2019-06-30,,0,0,,False
2019-07-01,,0,0,,False
2019-07-02,,0,0,,False
2019-07-03,,0,0,,False
2019-07-04,,0,0,,False
2019-07-05,,0,0,,False
2019-07-06,,0,0,,False
2019-07-07,,0,0,,False
2019-07-08,,0,0,,False
2019-07-09,,0,0,,False
2019-07-10,,0,0,,False
2019-07-11,,0,0,,False
2019-07-12,,0,0,,False
2019-07-13,,0,0,,False
2019-07-14,,0,0,,False
2019-07-15,,0,0,,False
2019-07-16,,0,0,,False
2019-07-17,,0,0,,False
2019-07-18,,0,0,,False
2019-07-19,,0,0,,False
2019-07-20,,0,0,,False
2019-07-21,,0,0,,False
2019-07-22,,0,0,,False
2019-07-23,,0,0,,False
2019-07-24,,0,0,,False
2019-07-25,,0,0,,False
2019-07-26,,0,0,,False
2019-07-27,,0,0,,False
2019-07-28,,0,0,,False
2019-07-29,,0,0,,False
2019-07-30,,0,0,,False
2019-07-31,,0,0,,False
2019-08-01,,0,0,,False
2019-08-02,,0,0,,False
2019-08-03,,0,0,,False
2019-08-04,,0,0,,False
2019-08-05,,0,0,,False
2019-08-06,,0,0,,False
2019-08-07,,0,0,,False
2019-08-08,,0,0,,False
2019-08-09,,0,0,,False
2019-08-10,,0,0,,False
2019-08-11,,0,0,,False
2019-08-12,,0,0,,False
2019-08-13,,0,0,,False
2019-08-14,,0,0,,False
2019-08-15,,0,0,,False
2019-08-16,,0,0,,False
2019-08-17,,0,0,,False
2019-08-18,,0,0,,False
2019-08-19,,0,0,,False
2019-08-20,,0,0,,False
2019-08-21,,0,0,,False
2019-08-22,,0,0,,False
2019-08-23,,0,0,,False
2019-08-24,,0,0,,False
2019-08-25,,0,0,,False
2019-08-26,,0,0,,False
2019-08-27,,0,0,,False
2019-08-28,,0,0,,False
2019-08-29,,0,0,,False
2019-08-30,,0,0,,False
2019-08-31,,0,0,,False
2019-09-01,,0,0,,False
2019-09-02,,0,0,,False
2019-09-03,,0,0,,False
2019-09-04,,0,0,,False
2019-09-05,,0,0,,False
2019-09-06,,0,0,,False
2019-09-07,,0,0,,False
2019-09-08,,0,0,,False
2019-09-09,,0,0,,False
2019-09-10,,0,0,,False
2019-09-11,,0,0,,False
2019-09-12,,0,0,,False
2019-09-13,,0,0,,False
2019-09-14,,0,0,,False
2019-09-15,,0,0,,False
2019-09-16,,0,0,,False
2019-09-17,,0,0,,False
2019-09-18,,0,0,,False
2019-09-19,,0,0,,False
2019-09-20,,0,0,,False
2019-09-21,,0,0,,False
2019-09-22,,0,0,,False
2019-09-23,,0,0,,False
2019-09-24,,0,0,,False
2019-09-25,,0,0,,False
2019-09-26,,0,0,,False
2019-09-27,,0,0,,False
2019-09-28,,0,0,,False
2019-09-29,,0,0,,False
2019-09-30,,0,0,,False
2019-10-01,,0,0,,False
2019-10-02,,0,0,,False
2019-10-03,,0,0,,False
2019-10-04,,0,0,,False
2019-10-05,,0,0,,False
2019-10-06,,0,0,,False
2019-10-07,,0,0,,False
2019-10-08,,0,0,,False
2019-10-09,,0,0,,False
2019-10-10,,0,0,,False
2019-10-11,,0,0,,False
2019-10-12,,0,0,,False
2019-10-13,,0,0,,False
2019-10-14,,0,0,,False
2019-10-15,,0,0,,False
2019-10-16,,0,0,,False
2019-10-17,,0,0,,False
2019-10-18,,0,0,,False
2019-10-19,,0,0,,False
2019-10-20,,0,0,,False
2019-10-21,,0,0,,False
2019-10-22,,0,0,,False
2019-10-23,,0,0,,False
2019-10-24,,0,0,,False
2019-10-25,,0,0,,False
2019-10-26,,0,0,,False
2019-10-27,,0,0,,False
2019-10-28,,0,0,,False
2019-10-29,,0,0,,False
2019-10-30,,0,0,,False
2019-10-31,,0,0,,False
2019-11-01,,0,0,,False
2019-11-02,,0,0,,False
2019-11-03,,0,0,,False
2019-11-04,,0,0,,False
2019-11-05,,0,0,,False
2019-11-06,,0,0,,False
2019-11-07,,0,0,,False
2019-11-08,,0,0,,False
2019-11-09,,0,0,,False
2019-11-10,,0,0,,False
2019-11-11,,0,0,,False
2019-11-12,,0,0,,False
2019-11-13,,0,0,,False
2019-11-14,,0,0,,False
2019-11-15,,0,0,,False
2019-11-16,,0,0,,False
2019-11-17,,0,0,,False
2019-11-18,,0,0,,False
2019-11-19,,0,0,,False
2019-11-20,,0,0,,False
2019-11-21,,0,0,,False
2019-11-22,,0,0,,False
2019-11-23,,0,0,,False
2019-11-24,,0,0,,False
2019-11-25,,0,0,,False
2019-11-26,,0,0,,False
2019-11-27,,0,0,,False
2019-11-28,,0,0,,False
2019-11-29,,0,0,,False
2019-11-30,,0,0,,False
2019-12-01,,0,0,,False
2019-12-02,,0,0,,False
2019-12-03,,0,0,,False
2019-12-04,,0,0,,False
2019-12-05,,0,0,,False
2019-12-06,,0,0,,False
2019-12-07,,0,0,,False
2019-12-08,,0,0,,False
2019-12-09,,0,0,,False
2019-12-10,,0,0,,False
2019-12-11,,0,0,,False
2019-12-12,,0,0,,False
2019-12-13,,0,0,,False
2019-12-14,,0,0,,False
2019-12-15,,0,0,,False
2019-12-16,,0,0,,False
2019-12-17,,0,0,,False
2019-12-18,,0,0,,False
2019-12-19,,0,0,,False
2019-12-20,,0,0,,False
2019-12-21,,0,0,,False
2019-12-22,,0,0,,False
2019-12-23,,0,0,,False
2019-12-24,,0,0,,False
2019-12-25,,0,0,,False
2019-12-26,,0,0,,False
2019-12-27,,0,0,,False
2019-12-28,,0,0,,False
2019-12-29,,0,0,,False
2019-12-30,,0,0,,False
2019-12-31,,0,0,,False
2020-01-01,,0,0,,False
2020-01-02,,0,0,,False
2020-01-03,,0,0,,False
2020-01-04,,0,0,,False
2020-01-05,,0,0,,False
2020-01-06,,0,0,,False
2020-01-07,,0,0,,False
2020-01-08,,0,0,,False
2020-01-09,,0,0,,False
2020-01-10,,0,0,,False
2020-01-11,,0,0,,False
2020-01-12,,0,0,,False
2020-01-13,,0,0,,False
2020-01-14,,0,0,,False
2020-01-15,,0,0,,False
2020-01-16,,0,0,,False
2020-01-17,,0,0,,False
2020-01-18,,0,0,,False
2020-01-19,,0,0,,False
2020-01-20,,0,0,,False
2020-01-21,,0,0,,False
2020-01-22,,0,0,,False
2020-01-23,,0,0,,False
2020-01-24,,0,0,,False
2020-01-25,,0,0,,False
2020-01-26,,0,0,,False
2020-01-27,,0,0,,False
2020-01-28,,0,0,,False
2020-01-29,,0,0,,False
2020-01-30,,0,0,,False
2020-01-31,,0,0,,False
2020-02-01,,0,0,,False
2020-02-02,,0,0,,False
2020-02-03,,0,0,,False
2020-02-04,,0,0,,False
2020-02-05,,0,0,,False
2020-02-06,,0,0,,False
2020-02-07,,0,0,,False
2020-02-08,,0,0,,False
2020-02-09,,0,0,,False
2020-02-10,,0,0,,False
2020-02-11,,0,0,,False
2020-02-12,,0,0,,False
2020-02-13,,0,0,,False
2020-02-14,,0,0,,False
2020-02-15,,0,0,,False
2020-02-16,,0,0,,False
2020-02-17,,0,0,,False
2020-02-18,,0,0,,False
2020-02-19,,0,0,,False
2020-02-20,,0,0,,False
2020-02-21,,0,0,,False
2020-02-22,,0,0,,False
2020-02-23,,0,0,,False
2020-02-24,,0,0,,False
2020-02-25,,0,0,,False
2020-02-26,,0,0,,False
2020-02-27,,0,0,,False
2020-02-28,,0,0,,False
2020-02-29,,0,0,,False
2020-03-01,,0,0,,False
2020-03-02,,0,0,,False
2020-03-03,,0,0,,False
2020-03-04,,0,0,,False
2020-03-05,,0,0,,False
2020-03-06,,0,0,,False
2020-03-07,,0,0,,False
2020-03-08,,0,0,,False
2020-03-09,,0,0,,False
2020-03-10,,0,0,,False
2020-03-11,,0,0,,False
2020-03-12,,0,0,,False
2020-03-13,,0,0,,False
2020-03-14,,0,0,,False
2020-03-15,,0,0,,False
2020-03-16,,0,0,,False
2020-03-17,,0,0,,False
2020-03-18,,0,0,,False
2020-03-19,,0,0,,False
2020-03-20,,0,0,,False
2020-03-21,,0,0,,False
2020-03-22,,0,0,,False
2020-03-23,,0,0,,False
2020-03-24,,0,0,,False
2020-03-25,,0,0,,False
2020-03-26,,0,0,,False
2020-03-27,,0,0,,False
2020-03-28,,0,0,,False
2020-03-29,,0,0,,False
2020-03-30,,0,0,,False
2020-03-31,,0,0,,False
2020-04-01,,0,0,,False
2020-04-02,,0,0,,False
2020-04-03,,0,0,,False
2020-04-04,,0,0,,False
2020-04-05,,0,0,,False
2020-04-06,,0,0,,False
2020-04-07,,0,0,,False
2020-04-08,,0,0,,False
2020-04-09,,0,0,,False
2020-04-10,,0,0,,False
2020-04-11,,0,0,,False
2020-04-12,,0,0,,False
2020-04-13,,0,0,,False
2020-04-14,,0,0,,False
2020-04-15,,0,0,,False
2020-04-16,,0,0,,False
2020-04-17,,0,0,,False
2020-04-18,,0,0,,False
2020-04-19,,0,0,,False
2020-04-20,,0,0,,False
2020-04-21,,0,0,,False
2020-04-22,,0,0,,False
2020-04-23,,0,0,,False
2020-04-24,,0,0,,False
2020-04-25,,0,0,,False
2020-04-26,,0,0,,False
2020-04-27,,0,0,,False
2020-04-28,,0,0,,False
2020-04-29,,0,0,,False
2020-04-30,,0,0,,False
2020-05-01,,0,0,,False
2020-05-02,,0,0,,False
2020-05-03,,0,0,,False
2020-05-04,,0,0,,False
2020-05-05,,0,0,,False
2020-05-06,,0,0,,False
2020-05-07,,0,0,,False
2020-05-08,,0,0,,False
2020-05-09,,0,0,,False
2020-05-10,,0,0,,False
2020-05-11,,0,0,,False
2020-05-12,,0,0,,False
2020-05-13,,0,0,,False
2020-05-14,,0,0,,False
2020-05-15,,0,0,,False
2020-05-16,,0,0,,False
2020-05-17,,0,0,,False
2020-05-18,,0,0,,False
2020-05-19,,0,0,,False
2020-05-20,,0,0,,False
2020-05-21,,0,0,,False
2020-05-22,,0,0,,False
2020-05-23,,0,0,,False
2020-05-24,,0,0,,False
2020-05-25,,0,0,,False
2020-05-26,,0,0,,False
2020-05-27,,0,0,,False
2020-05-28,,0,0,,False
2020-05-29,,0,0,,False
2020-05-30,,0,0,,False
2020-05-31,,0,0,,False
2020-06-01,,0,0,,False
2020-06-02,,0,0,,False
2020-06-03,,0,0,,False
2020-06-04,,0,0,,False
2020-06-05,,0,0,,False
2020-06-06,,0,0,,False
2020-06-07,,0,0,,False
2020-06-08,,0,0,,False
2020-06-09,,0,0,,False
2020-06-10,,0,0,,False
2020-06-11,,0,0,,False
2020-06-12,,0,0,,False
2020-06-13,,0,0,,False
2020-06-14,,0,0,,False
2020-06-15,,0,0,,False
2020-06-16,,0,0,,False
2020-06-17,,0,0,,False
2020-06-18,,0,0,,False
2020-06-19,,0,0,,False
2020-06-20,,0,0,,False
2020-06-21,,0,0,,False
2020-06-22,,0,0,,False
2020-06-23,,0,0,,False
2020-06-24,,0,0,,False
2020-06-25,,0,0,,False
2020-06-26,,0,0,,False
2020-06-27,,0,0,,False
2020-06-28,,0,0,,False
2020-06-29,,0,0,,False
2020-06-30,,0,0,,False
2020-07-01,,0,0,,False
2020-07-02,,0,0,,False
2020-07-03,,0,0,,False
2020-07-04,,0,0,,False
2020-07-05,,0,0,,False
2020-07-06,,0,0,,False
2020-07-07,,0,0,,False
2020-07-08,,0,0,,False
2020-07-09,,0,0,,False
2020-07-10,,0,0,,False
2020-07-11,,0,0,,False
2020-07-12,,0,0,,False
2020-07-13,,0,0,,False
2020-07-14,,0,0,,False
2020-07-15,,0,0,,False
2020-07-16,,0,0,,False
2020-07-17,,0,0,,False
2020-07-18,,0,0,,False
2020-07-19,,0,0,,False
2020-07-20,,0,0,,False
2020-07-21,,0,0,,False
2020-07-22,,0,0,,False
2020-07-23,,0,0,,False
2020-07-24,,0,0,,False
2020-07-25,,0,0,,False
2020-07-26,,0,0,,False
2020-07-27,,0,0,,False
2020-07-28,,0,0,,False
2020-07-29,,0,0,,False
2020-07-30,,0,0,,False
2020-07-31,,0,0,,False
2020-08-01,,0,0,,False
2020-08-02,,0,0,,False
2020-08-03,,0,0,,False
2020-08-04,,0,0,,False
2020-08-05,,0,0,,False
2020-08-06,,0,0,,False
2020-08-07,,0,0,,False
2020-08-08,,0,0,,False
2020-08-09,,0,0,,False
2020-08-10,,0,0,,False
2020-08-11,,0,0,,False
2020-08-12,,0,0,,False
2020-08-13,,0,0,,False
2020-08-14,,0,0,,False
2020-08-15,,0,0,,False
2020-08-16,,0,0,,False
2020-08-17,,0,0,,False
2020-08-18,,0,0,,False
2020-08-19,,0,0,,False
2020-08-20,,0,0,,False
2020-08-21,,0,0,,False
2020-08-22,,0,0,,False
2020-08-23,,0,0,,False
2020-08-24,,0,0,,False
2020-08-25,,0,0,,False
2020-08-26,,0,0,,False
2020-08-27,,0,0,,False
2020-08-28,,0,0,,False
2020-08-29,,0,0,,False
2020-08-30,,0,0,,False
2020-08-31,,0,0,,False
2020-09-01,,0,0,,False
2020-09-02,,0,0,,False
2020-09-03,,0,0,,False
2020-09-04,,0,0,,False
2020-09-05,,0,0,,False
2020-09-06,,0,0,,False
2020-09-07,,0,0,,False
2020-09-08,,0,0,,False
2020-09-09,,0,0,,False
2020-09-10,,0,0,,False
2020-09-11,,0,0,,False
2020-09-12,,0,0,,False
2020-09-13,,0,0,,False
2020-09-14,,0,0,,False
2020-09-15,,0,0,,False
2020-09-16,,0,0,,False
2020-09-17,,0,0,,False
2020-09-18,,0,0,,False
2020-09-19,,0,0,,False
2020-09-20,,0,0,,False
2020-09-21,,0,0,,False
2020-09-22,,0,0,,False
2020-09-23,,0,0,,False
2020-09-24,,0,0,,False
2020-09-25,,0,0,,False
2020-09-26,,0,0,,False
2020-09-27,,0,0,,False
2020-09-28,,0,0,,False
2020-09-29,,0,0,,False
2020-09-30,,0,0,,False
2020-10-01,,0,0,,False
2020-10-02,,0,0,,False
2020-10-03,,0,0,,False
2020-10-04,,0,0,,False
2020-10-05,,0,0,,False
2020-10-06,,0,0,,False
2020-10-07,,0,0,,False
2020-10-08,,0,0,,False
2020-10-09,,0,0,,False
2020-10-10,,0,0,,False
2020-10-11,,0,0,,False
2020-10-12,,0,0,,False
2020-10-13,,0,0,,False
2020-10-14,,0,0,,False
2020-10-15,,0,0,,False
2020-10-16,,0,0,,False
2020-10-17,,0,0,,False
2020-10-18,,0,0,,False
2020-10-19,,0,0,,False
2020-10-20,,0,0,,False
2020-10-21,,0,0,,False
2020-10-22,,0,0,,False
2020-10-23,,0,0,,False
2020-10-24,,0,0,,False
2020-10-25,,0,0,,False
2020-10-26,,0,0,,False
2020-10-27,,0,0,,False
2020-10-28,,0,0,,False
2020-10-29,,0,0,,False
2020-10-30,,0,0,,False
2020-10-31,,0,0,,False
2020-11-01,,0,0,,False
2020-11-02,,0,0,,False
2020-11-03,,0,0,,False
2020-11-04,,0,0,,False
2020-11-05,,0,0,,False
2020-11-06,,0,0,,False
2020-11-07,,0,0,,False
2020-11-08,,0,0,,False
2020-11-09,,0,0,,False
2020-11-10,,0,0,,False
2020-11-11,,0,0,,False
2020-11-12,,0,0,,False
2020-11-13,,0,0,,False
2020-11-14,,0,0,,False
2020-11-15,,0,0,,False
2020-11-16,,0,0,,False
2020-11-17,,0,0,,False
2020-11-18,,0,0,,False
2020-11-19,,0,0,,False
2020-11-20,,0,0,,False
2020-11-21,,0,0,,False
2020-11-22,,0,0,,False
2020-11-23,,0,0,,False
2020-11-24,,0,0,,False
2020-11-25,,0,0,,False
2020-11-26,,0,0,,False
2020-11-27,,0,0,,False
2020-11-28,,0,0,,False
2020-11-29,,0,0,,False
2020-11-30,,0,0,,False
2020-12-01,,0,0,,False
2020-12-02,,0,0,,False
2020-12-03,,0,0,,False
2020-12-04,,0,0,,False
2020-12-05,,0,0,,False
2020-12-06,,0,0,,False
2020-12-07,,0,0,,False
2020-12-08,,0,0,,False
2020-12-09,,0,0,,False
2020-12-10,,0,0,,False
2020-12-11,,0,0,,False
2020-12-12,,0,0,,False
2020-12-13,,0,0,,False
2020-12-14,,0,0,,False
2020-12-15,,0,0,,False
2020-12-16,,0,0,,False
2020-12-17,,0,0,,False
2020-12-18,,0,0,,False
2020-12-19,,0,0,,False
2020-12-20,,0,0,,False
2020-12-21,,0,0,,False
2020-12-22,,0,0,,False
2020-12-23,,0,0,,False
2020-12-24,,0,0,,False
2020-12-25,,0,0,,False
2020-12-26,,0,0,,False
2020-12-27,,0,0,,False
2020-12-28,,0,0,,False
2020-12-29,,0,0,,False
2020-12-30,,0,0,,False
2020-12-31,,0,0,,False
2021-01-01,,0,0,,False
2021-01-02,,0,0,,False
2021-01-03,,0,0,,False
2021-01-04,,0,0,,False
2021-01-05,,0,0,,False
2021-01-06,5.0791,8,2,4,False
2021-01-07,4.3975,24,4,4,True
2021-01-08,4.1475,24,4,4,True
2021-01-09,3.7594,24,4,4,True
2021-01-10,3.3016,24,4,4,True
2021-01-11,3.0897,24,4,4,True
2021-01-12,3.2988,24,4,4,True
2021-01-13,4.3222,24,4,4,True
2021-01-14,4.7502,24,4,4,True
2021-01-15,5.4675,24,4,4,True
2021-01-16,6.2838,24,4,4,True
2021-01-17,6.8142,24,4,4,True
2021-01-18,6.6493,24,4,4,True
2021-01-19,6.8654,24,4,4,True
2021-01-20,6.4361,24,4,4,True
2021-01-21,6.1955,24,4,4,True
2021-01-22,6.1720,24,4,4,True
2021-01-23,7.0368,24,4,4,True
2021-01-24,7.2571,24,4,4,True
2021-01-25,7.4205,24,4,4,True
2021-01-26,7.6935,24,4,4,True
2021-01-27,8.0489,24,4,4,True
2021-01-28,9.0322,24,4,4,True
2021-01-29,8.9860,24,4,4,True
2021-01-30,8.9373,24,4,4,True
2021-01-31,8.7309,24,4,4,True
2021-02-01,9.0984,24,4,4,True
2021-02-02,9.3899,24,4,4,True
2021-02-03,9.4485,24,4,4,True
2021-02-04,9.2457,24,4,4,True
2021-02-05,9.7605,24,4,4,True
2021-02-06,9.7688,24,4,4,True
2021-02-07,9.4771,24,4,4,True
2021-02-08,9.0066,24,4,4,True
2021-02-09,8.1728,24,4,4,True
2021-02-10,7.8302,24,4,4,True
2021-02-11,7.9133,24,4,4,True
2021-02-12,7.9471,24,4,4,True
2021-02-13,8.2322,24,4,4,True
2021-02-14,8.5068,24,4,4,True
2021-02-15,8.5472,24,4,4,True
2021-02-16,8.6364,24,4,4,True
2021-02-17,8.8108,24,4,4,True
2021-02-18,9.2063,24,4,4,True
2021-02-19,9.5947,24,4,4,True
2021-02-20,9.5064,24,4,4,True
2021-02-21,9.5500,24,4,4,True
2021-02-22,9.4412,24,4,4,True
2021-02-23,9.8632,24,4,4,True
2021-02-24,10.5002,24,4,4,True
2021-02-25,10.5205,24,4,4,True
2021-02-26,10.4120,24,4,4,True
2021-02-27,10.5768,24,4,4,True
2021-02-28,10.2749,24,4,4,True
2021-03-01,10.4120,24,4,4,True
2021-03-02,10.1115,24,4,4,True
2021-03-03,9.6968,24,4,4,True
2021-03-04,9.7105,24,4,4,True
2021-03-05,10.0640,24,4,4,True
2021-03-06,10.3605,24,4,4,True
2021-03-07,10.4242,24,4,4,True
2021-03-08,10.0809,24,4,4,True
2021-03-09,9.7690,24,4,4,True
2021-03-10,9.5433,24,4,4,True
2021-03-11,10.1691,24,4,4,True
2021-03-12,10.1826,24,4,4,True
2021-03-13,10.4347,24,4,4,True
2021-03-14,10.7867,24,4,4,True
2021-03-15,10.1982,24,4,4,True
2021-03-16,10.1180,24,4,4,True
2021-03-17,10.1765,24,4,4,True
2021-03-18,10.1645,24,4,4,True
2021-03-19,9.9212,24,4,4,True
2021-03-20,9.5522,24,4,4,True
2021-03-21,8.7775,24,4,4,True
2021-03-22,8.4622,24,4,4,True
2021-03-23,8.7837,24,4,4,True
2021-03-24,9.8865,24,4,4,True
2021-03-25,10.5419,24,4,4,True
2021-03-26,10.8773,24,4,4,True
2021-03-27,11.5315,24,4,4,True
2021-03-28,11.8401,22,4,4,True
2021-03-29,12.1661,24,4,4,True
2021-03-30,12.4375,24,4,4,True
2021-03-31,13.0848,24,4,4,True
2021-04-01,13.6011,24,4,4,True
2021-04-02,13.7200,24,4,4,True
2021-04-03,13.7747,24,4,4,True
2021-04-04,13.3502,24,4,4,True
2021-04-05,12.9817,24,4,4,True
2021-04-06,12.2737,24,4,4,True
2021-04-07,12.2144,24,4,4,True
2021-04-08,11.9345,24,4,4,True
2021-04-09,11.5625,24,4,4,True
2021-04-10,11.5755,24,4,4,True
2021-04-11,11.3547,24,4,4,True
2021-04-12,11.5254,24,4,4,True
2021-04-13,11.3480,24,4,4,True
2021-04-14,11.4585,24,4,4,True
2021-04-15,11.8980,24,4,4,True
2021-04-16,11.9377,24,4,4,True
2021-04-17,12.2552,24,4,4,True
2021-04-18,12.5322,24,4,4,True
2021-04-19,13.0658,24,4,4,True
2021-04-20,13.2793,24,4,4,True
2021-04-21,13.7090,24,4,4,True
2021-04-22,13.9777,24,4,4,True
2021-04-23,14.6437,24,4,4,True
2021-04-24,15.0407,24,4,4,True
2021-04-25,14.7757,24,4,4,True
2021-04-26,14.5339,24,4,4,True
2021-04-27,14.5301,24,4,4,True
2021-04-28,13.7129,24,4,4,True
2021-04-29,12.9387,24,4,4,True
2021-04-30,12.1394,24,4,4,True
2021-05-01,11.2309,24,4,4,True
2021-05-02,11.0450,24,4,4,True
2021-05-03,11.7750,24,4,4,True
2021-05-04,12.4817,24,4,4,True
2021-05-05,13.1777,24,4,4,True
2021-05-06,13.9411,24,4,4,True
2021-05-07,14.6471,24,4,4,True
2021-05-08,15.2444,24,4,4,True
2021-05-09,15.1188,24,4,4,True
2021-05-10,15.3220,24,4,4,True
2021-05-11,13.8866,24,4,4,True
2021-05-12,12.4408,24,4,4,True
2021-05-13,12.5101,24,4,4,True
2021-05-14,12.7242,24,4,4,True
2021-05-15,13.0731,24,4,4,True
2021-05-16,13.1024,24,4,4,True
2021-05-17,13.0152,24,4,4,True
2021-05-18,13.3073,24,4,4,True
2021-05-19,13.8334,24,4,4,True
2021-05-20,14.2797,24,4,4,True
2021-05-21,14.8161,24,4,4,True
2021-05-22,14.6454,24,4,4,True
2021-05-23,14.2184,24,4,4,True
2021-05-24,13.3039,24,4,4,True
2021-05-25,13.0278,24,4,4,True
2021-05-26,13.2353,24,4,4,True
2021-05-27,13.9435,24,4,4,True
2021-05-28,14.7117,24,4,4,True
2021-05-29,15.7140,24,4,4,True
2021-05-30,16.7885,24,4,4,True
2021-05-31,17.1882,24,4,4,True
2021-06-01,17.6011,24,4,4,True
2021-06-02,17.5001,24,4,4,True
2021-06-03,17.4635,24,4,4,True
2021-06-04,16.5305,24,4,4,True
2021-06-05,16.2751,24,4,4,True
2021-06-06,16.2696,24,4,4,True
2021-06-07,16.8210,24,4,4,True
2021-06-08,17.9776,24,4,4,True
2021-06-09,18.7808,24,4,4,True
2021-06-10,19.6495,24,4,4,True
2021-06-11,20.3204,24,4,4,True
2021-06-12,20.7200,24,4,4,True
2021-06-13,21.5716,24,4,4,True
2021-06-14,21.8859,24,4,4,True
2021-06-15,22.3546,24,4,4,True
2021-06-16,22.7207,24,4,4,True
2021-06-17,21.7938,24,4,4,True
2021-06-18,21.3833,24,4,4,True
2021-06-19,20.8032,24,4,4,True
2021-06-20,20.1845,24,4,4,True
2021-06-21,20.2132,24,4,4,True
2021-06-22,20.2891,24,4,4,True
2021-06-23,19.7557,24,4,4,True
2021-06-24,19.2254,24,4,4,True
2021-06-25,18.9411,24,4,4,True
2021-06-26,18.9216,24,4,4,True
2021-06-27,18.4069,24,4,4,True
2021-06-28,19.2365,24,4,4,True
2021-06-29,19.6093,24,4,4,True
2021-06-30,19.9017,24,4,4,True
2021-07-01,20.2260,24,4,4,True
2021-07-02,20.8433,24,4,4,True
2021-07-03,20.7747,24,4,4,True
2021-07-04,21.1576,24,4,4,True
2021-07-05,22.1915,24,4,4,True
2021-07-06,21.6786,24,4,4,True
2021-07-07,21.6166,24,4,4,True
2021-07-08,21.4162,24,4,4,True
2021-07-09,21.9401,24,4,4,True
2021-07-10,21.8624,24,4,4,True
2021-07-11,22.2306,24,4,4,True
2021-07-12,21.0790,24,4,4,True
2021-07-13,20.0204,24,4,4,True
2021-07-14,19.7053,24,4,4,True
2021-07-15,19.5861,24,4,4,True
2021-07-16,20.0659,24,4,4,True
2021-07-17,21.2637,24,4,4,True
2021-07-18,21.7160,24,4,4,True
2021-07-19,22.9376,24,4,4,True
2021-07-20,23.5389,24,4,4,True
2021-07-21,24.1277,24,4,4,True
2021-07-22,24.7373,24,4,4,True
2021-07-23,24.9530,24,4,4,True
2021-07-24,24.5383,24,4,4,True
2021-07-25,23.9262,24,4,4,True
2021-07-26,23.6782,24,4,4,True
2021-07-27,23.7755,24,4,4,True
2021-07-28,23.2618,24,4,4,True
2021-07-29,23.4372,24,4,4,True
2021-07-30,22.5463,24,4,4,True
2021-07-31,21.4545,24,4,4,True
2021-08-01,20.8920,24,4,4,True
2021-08-02,20.1438,24,4,4,True
2021-08-03,19.2603,24,4,4,True
2021-08-04,19.4654,24,4,4,True
2021-08-05,20.0081,24,4,4,True
2021-08-06,19.8192,24,4,4,True
2021-08-07,19.6477,24,4,4,True
2021-08-08,19.6063,24,4,4,True
2021-08-09,20.2638,24,4,4,True
2021-08-10,20.9215,24,4,4,True
2021-08-11,21.9265,24,4,4,True
2021-08-12,23.0282,24,4,4,True
2021-08-13,23.0740,24,4,4,True
2021-08-14,24.4725,24,4,4,True
2021-08-15,24.4257,24,4,4,True
2021-08-16,23.3477,24,4,4,True
2021-08-17,23.0188,24,4,4,True
2021-08-18,22.6298,24,4,4,True
2021-08-19,22.6238,24,4,4,True
2021-08-20,22.7874,24,4,4,True
2021-08-21,22.6754,24,4,4,True
2021-08-22,22.8555,24,4,4,True
2021-08-23,22.4431,24,4,4,True
2021-08-24,22.3045,24,4,4,True
2021-08-25,22.6371,24,4,4,True
2021-08-26,23.0243,24,4,4,True
2021-08-27,22.9089,24,4,4,True
2021-08-28,22.5235,24,4,4,True
2021-08-29,22.0829,24,4,4,True
2021-08-30,22.0701,24,4,4,True
2021-08-31,22.3283,24,4,4,True
2021-09-01,21.8604,24,4,4,True
2021-09-02,21.1452,24,4,4,True
2021-09-03,21.9901,24,4,4,True
2021-09-04,22.1668,24,4,4,True
2021-09-05,22.3703,24,4,4,True
2021-09-06,22.6685,24,4,4,True
2021-09-07,22.9547,24,4,4,True
2021-09-08,22.6009,24,4,4,True
2021-09-09,22.3944,24,4,4,True
2021-09-10,22.7272,24,4,4,True
2021-09-11,22.4238,24,4,4,True
2021-09-12,22.1565,24,4,4,True
2021-09-13,21.8090,24,4,4,True
2021-09-14,21.7688,24,4,4,True
2021-09-15,21.7053,24,4,4,True
2021-09-16,20.8048,24,4,4,True
2021-09-17,21.0920,24,4,4,True
2021-09-18,19.9839,24,4,4,True
2021-09-19,19.5991,24,4,4,True
2021-09-20,19.0341,24,4,4,True
2021-09-21,17.9007,24,4,4,True
2021-09-22,17.5367,24,4,4,True
2021-09-23,17.5814,24,4,4,True
2021-09-24,17.5704,24,4,4,True
2021-09-25,17.9372,24,4,4,True
2021-09-26,18.3742,24,4,4,True
2021-09-27,18.4080,24,4,4,True
2021-09-28,18.7705,24,4,4,True
2021-09-29,18.8103,24,4,4,True
2021-09-30,18.7290,24,4,4,True
2021-10-01,17.9818,24,4,4,True
2021-10-02,18.3604,24,4,4,True
2021-10-03,18.0750,24,4,4,True
2021-10-04,17.2078,24,4,4,True
2021-10-05,16.1820,24,4,4,True
2021-10-06,15.1787,24,4,4,True
2021-10-07,14.3309,24,4,4,True
2021-10-08,14.2198,24,4,4,True
2021-10-09,14.3413,24,4,4,True
2021-10-10,14.6336,24,4,4,True
2021-10-11,14.3047,24,4,4,True
2021-10-12,14.1610,24,4,4,True
2021-10-13,14.1441,24,4,4,True
2021-10-14,13.7689,24,4,4,True
2021-10-15,13.8768,24,4,4,True
2021-10-16,14.5405,24,4,4,True
2021-10-17,14.0999,24,4,4,True
2021-10-18,14.4220,24,4,4,True
2021-10-19,14.7547,24,4,4,True
2021-10-20,15.3476,24,4,4,True
2021-10-21,15.2155,24,4,4,True
2021-10-22,14.5360,24,4,4,True
2021-10-23,14.3702,24,4,4,True
2021-10-24,13.7028,24,4,4,True
2021-10-25,13.6668,24,4,4,True
2021-10-26,13.9545,24,4,4,True
2021-10-27,13.5582,24,4,4,True
2021-10-28,13.3968,24,4,4,True
2021-10-29,13.3912,24,4,4,True
2021-10-30,13.7438,24,4,4,True
2021-10-31,14.0364,24,4,4,True
2021-11-01,13.7406,24,4,4,True
2021-11-02,13.1501,24,4,4,True
2021-11-03,12.8413,24,4,4,True
2021-11-04,12.6229,24,4,4,True
2021-11-05,11.9597,24,4,4,True
2021-11-06,11.6481,24,4,4,True
2021-11-07,10.8103,24,4,4,True
2021-11-08,11.0420,24,4,4,True
2021-11-09,10.3434,24,4,4,True
2021-11-10,9.5931,24,4,4,True
2021-11-11,9.8854,24,4,4,True
2021-11-12,10.1985,24,4,4,True
2021-11-13,10.3386,24,4,4,True
2021-11-14,10.3171,24,4,4,True
2021-11-15,10.0943,24,4,4,True
2021-11-16,10.4018,24,4,4,True
2021-11-17,9.9993,24,4,4,True
2021-11-18,9.8589,24,4,4,True
2021-11-19,9.1235,24,4,4,True
2021-11-20,8.9223,24,4,4,True
2021-11-21,8.9423,24,4,4,True
2021-11-22,8.8454,24,4,4,True
2021-11-23,8.0407,24,4,4,True
2021-11-24,8.0346,24,4,4,True
2021-11-25,8.2015,24,4,4,True
2021-11-26,8.1812,24,4,4,True
2021-11-27,8.2040,24,4,4,True
2021-11-28,7.8929,24,4,4,True
2021-11-29,7.3713,24,4,4,True
2021-11-30,7.0132,24,4,4,True
2021-12-01,6.9373,24,4,4,True
2021-12-02,6.9555,24,4,4,True
2021-12-03,6.8846,24,4,4,True
2021-12-04,7.3092,24,4,4,True
2021-12-05,7.2664,24,4,4,True
2021-12-06,7.3691,24,4,4,True
2021-12-07,7.3923,24,4,4,True
2021-12-08,7.7804,24,4,4,True
2021-12-09,7.8648,24,4,4,True
2021-12-10,7.9968,24,4,4,True
2021-12-11,8.1221,24,4,4,True
2021-12-12,8.4428,24,4,4,True
2021-12-13,8.2530,24,4,4,True
2021-12-14,7.4341,24,4,4,True
2021-12-15,6.9964,24,4,4,True
2021-12-16,6.7783,24,4,4,True
2021-12-17,6.6949,24,4,4,True
2021-12-18,6.5303,24,4,4,True
2021-12-19,6.2253,24,4,4,True
2021-12-20,5.9266,24,4,4,True
2021-12-21,5.7270,24,4,4,True
2021-12-22,5.8131,24,4,4,True
2021-12-23,6.1540,24,4,4,True
2021-12-24,6.6637,24,4,4,True
2021-12-25,6.9708,24,4,4,True
2021-12-26,7.2458,24,4,4,True
2021-12-27,7.8620,24,4,4,True
2021-12-28,8.2589,24,4,4,True
2021-12-29,9.0599,24,4,4,True
2021-12-30,9.1571,24,4,4,True
2021-12-31,8.6778,24,4,4,True
2022-01-01,7.6841,24,4,4,True
2022-01-02,7.3650,24,4,4,True
2022-01-03,7.2862,24,4,4,True
2022-01-04,7.3878,24,4,4,True
2022-01-05,7.4300,24,4,4,True
2022-01-06,7.1740,24,4,4,True
2022-01-07,6.7045,24,4,4,True
2022-01-08,6.3758,24,4,4,True
2022-01-09,6.1713,24,4,4,True
2022-01-10,8.1969,24,4,4,True
2022-01-11,8.3050,24,4,4,True
2022-01-12,7.5569,24,4,4,True
2022-01-13,6.4933,24,4,4,True
2022-01-14,5.9309,24,4,4,True
2022-01-15,5.4760,24,4,4,True
2022-01-16,5.3046,24,4,4,True
2022-01-17,5.0318,24,4,4,True
2022-01-18,4.9750,24,4,4,True
2022-01-19,5.1673,24,4,4,True
2022-01-20,5.6759,24,4,4,True
2022-01-21,6.0031,24,4,4,True
2022-01-22,6.0210,24,4,4,True
2022-01-23,5.7408,24,4,4,True
2022-01-24,5.3415,24,4,4,True
2022-01-25,5.0093,24,4,4,True
2022-01-26,5.0378,24,4,4,True
2022-01-27,5.1197,24,4,4,True
2022-01-28,4.9229,24,4,4,True
2022-01-29,4.9727,24,4,4,True
2022-01-30,4.9307,24,4,4,True
2022-01-31,5.3609,24,4,4,True
2022-02-01,5.6971,24,4,4,True
2022-02-02,6.4803,24,4,4,True
2022-02-03,7.1869,24,4,4,True
2022-02-04,7.7984,24,4,4,True
2022-02-05,8.2789,24,4,4,True
2022-02-06,7.6480,24,4,4,True
2022-02-07,7.8732,24,4,4,True
2022-02-08,7.8836,24,4,4,True
2022-02-09,7.7280,24,4,4,True
2022-02-10,8.1183,24,4,4,True
2022-02-11,8.4395,24,4,4,True
2022-02-12,8.0409,24,4,4,True
2022-02-13,8.1445,24,4,4,True
2022-02-14,8.5100,24,4,4,True
2022-02-15,8.4390,24,4,4,True
2022-02-16,8.8012,24,4,4,True
2022-02-17,9.2743,24,4,4,True
2022-02-18,9.6842,24,4,4,True
2022-02-19,9.8055,24,4,4,True
2022-02-20,9.6275,24,4,4,True
2022-02-21,9.5117,24,4,4,True
2022-02-22,9.1982,24,4,4,True
2022-02-23,9.2777,24,4,4,True
2022-02-24,9.3576,24,4,4,True
2022-02-25,9.2641,24,4,4,True
2022-02-26,8.6551,24,4,4,True
2022-02-27,8.6444,24,4,4,True
2022-02-28,8.9097,24,4,4,True
2022-03-01,8.6361,24,4,4,True
2022-03-02,8.4422,24,4,4,True
2022-03-03,9.4264,24,4,4,True
2022-03-04,9.3599,24,4,4,True
2022-03-05,9.3470,24,4,4,True
2022-03-06,9.5845,24,4,4,True
2022-03-07,9.0710,24,4,4,True
2022-03-08,8.9928,24,4,4,True
2022-03-09,9.2934,24,4,4,True
2022-03-10,9.6204,24,4,4,True
2022-03-11,9.7008,24,4,4,True
2022-03-12,9.9163,24,4,4,True
2022-03-13,9.6743,24,4,4,True
2022-03-14,9.4613,24,4,4,True
2022-03-15,9.5959,24,4,4,True
2022-03-16,9.5846,24,4,4,True
2022-03-17,10.2280,24,4,4,True
2022-03-18,10.0218,24,4,4,True
2022-03-19,9.6188,24,4,4,True
2022-03-20,9.9563,24,4,4,True
2022-03-21,10.4960,24,4,4,True
2022-03-22,10.5492,24,4,4,True
2022-03-23,10.7463,24,4,4,True
2022-03-24,10.9514,24,4,4,True
2022-03-25,11.0600,24,4,4,True
2022-03-26,11.1663,24,4,4,True
2022-03-27,11.5821,23,4,4,True
2022-03-28,11.6326,24,4,4,True
2022-03-29,11.6379,24,4,4,True
2022-03-30,11.3395,24,4,4,True
2022-03-31,10.9406,24,4,4,True
2022-04-01,9.7110,24,4,4,True
2022-04-02,8.2642,24,4,4,True
2022-04-03,7.3427,24,4,4,True
2022-04-04,7.2092,24,4,4,True
2022-04-05,7.9240,24,4,4,True
2022-04-06,8.6895,24,4,4,True
2022-04-07,9.8679,24,4,4,True
2022-04-08,10.7545,24,4,4,True
2022-04-09,11.5094,24,4,4,True
2022-04-10,12.0070,24,4,4,True
2022-04-11,11.8029,24,4,4,True
2022-04-12,11.7081,24,4,4,True
2022-04-13,11.9477,24,4,4,True
2022-04-14,11.7098,24,4,4,True
2022-04-15,11.5527,24,4,4,True
2022-04-16,12.5917,24,4,4,True
2022-04-17,13.2840,24,4,4,True
2022-04-18,13.5833,24,4,4,True
2022-04-19,12.8682,24,4,4,True
2022-04-20,11.3797,24,4,4,True
2022-04-21,10.1219,24,4,4,True
2022-04-22,9.9691,24,4,4,True
2022-04-23,10.4036,24,4,4,True
2022-04-24,10.8602,24,4,4,True
2022-04-25,11.4468,24,4,4,True
2022-04-26,12.0967,24,4,4,True
2022-04-27,12.8065,24,4,4,True
2022-04-28,12.9036,24,4,4,True
2022-04-29,12.8377,24,4,4,True
2022-04-30,13.0355,24,4,4,True
2022-05-01,13.6428,24,4,4,True
2022-05-02,13.4783,24,4,4,True
2022-05-03,12.8873,24,4,4,True
2022-05-04,12.0526,24,4,4,True
2022-05-05,11.8971,24,4,4,True
2022-05-06,11.8767,24,4,4,True
2022-05-07,12.3355,24,4,4,True
2022-05-08,13.4016,24,4,4,True
2022-05-09,14.4044,24,4,4,True
2022-05-10,14.5726,24,4,4,True
2022-05-11,15.0982,24,4,4,True
2022-05-12,15.3895,24,4,4,True
2022-05-13,14.8011,24,4,4,True
2022-05-14,14.8743,24,4,4,True
2022-05-15,15.2797,24,4,4,True
2022-05-16,15.6677,24,4,4,True
2022-05-17,15.5974,24,4,4,True
2022-05-18,15.8198,24,4,4,True
2022-05-19,16.3811,24,4,4,True
2022-05-20,16.2823,24,4,4,True
2022-05-21,16.1390,24,4,4,True
2022-05-22,16.1936,24,4,4,True
2022-05-23,15.6931,24,4,4,True
2022-05-24,14.3725,24,4,4,True
2022-05-25,13.6717,24,4,4,True
2022-05-26,13.2314,24,4,4,True
2022-05-27,14.0250,24,4,4,True
2022-05-28,15.0931,24,4,4,True
2022-05-29,16.3759,24,4,4,True
2022-05-30,17.0932,24,4,4,True
2022-05-31,17.6645,24,4,4,True
2022-06-01,17.8370,24,4,4,True
2022-06-02,18.1116,24,4,4,True
2022-06-03,18.9601,24,4,4,True
2022-06-04,19.0481,24,4,4,True
2022-06-05,18.6705,24,4,4,True
2022-06-06,17.7628,24,4,4,True
2022-06-07,17.2117,24,4,4,True
2022-06-08,17.2870,24,4,4,True
2022-06-09,17.7618,24,4,4,True
2022-06-10,17.9658,24,4,4,True
2022-06-11,18.6856,24,4,4,True
2022-06-12,19.6770,24,4,4,True
2022-06-13,20.7542,24,4,4,True
2022-06-14,21.3352,24,4,4,True
2022-06-15,21.6012,24,4,4,True
2022-06-16,22.3505,24,4,4,True
2022-06-17,22.8815,24,4,4,True
2022-06-18,23.2485,24,4,4,True
2022-06-19,23.6268,24,4,4,True
2022-06-20,23.8070,24,4,4,True
2022-06-21,23.6307,24,4,4,True
2022-06-22,23.8425,24,4,4,True
2022-06-23,23.6276,24,4,4,True
2022-06-24,22.9065,24,4,4,True
2022-06-25,22.0619,24,4,4,True
2022-06-26,21.0798,24,4,4,True
2022-06-27,20.0680,24,4,4,True
2022-06-28,20.2730,24,4,4,True
2022-06-29,19.9352,24,4,4,True
2022-06-30,18.9956,24,4,4,True
2022-07-01,18.9214,24,4,4,True
2022-07-02,19.8368,24,4,4,True
2022-07-03,20.8197,24,4,4,True
2022-07-04,21.2741,24,4,4,True
2022-07-05,22.1553,24,4,4,True
2022-07-06,22.0163,24,4,4,True
2022-07-07,22.5354,24,4,4,True
2022-07-08,22.9309,24,4,4,True
2022-07-09,23.4344,24,4,4,True
2022-07-10,23.9053,24,4,4,True
2022-07-11,24.2501,24,4,4,True
2022-07-12,25.0305,24,4,4,True
2022-07-13,25.7494,24,4,4,True
2022-07-14,26.3999,24,4,4,True
2022-07-15,26.6250,24,4,4,True
2022-07-16,26.7292,24,4,4,True
2022-07-17,26.9198,24,4,4,True
2022-07-18,26.5649,24,4,4,True
2022-07-19,25.9477,24,4,4,True
2022-07-20,26.5545,24,4,4,True
2022-07-21,26.6810,24,4,4,True
2022-07-22,26.4036,24,4,4,True
2022-07-23,25.5356,24,4,4,True
2022-07-24,25.9177,24,4,4,True
2022-07-25,25.5102,24,4,4,True
2022-07-26,24.5356,24,4,4,True
2022-07-27,24.6245,24,4,4,True
2022-07-28,24.3012,24,4,4,True
2022-07-29,23.9800,24,4,4,True
2022-07-30,24.0797,24,4,4,True
2022-07-31,24.5582,24,4,4,True
2022-08-01,25.2978,24,4,4,True
2022-08-02,25.6577,24,4,4,True
2022-08-03,25.5202,24,4,4,True
2022-08-04,26.5020,24,4,4,True
2022-08-05,26.4114,24,4,4,True
2022-08-06,26.1347,24,4,4,True
2022-08-07,26.3887,24,4,4,True
2022-08-08,26.3128,24,4,4,True
2022-08-09,26.2283,24,4,4,True
2022-08-10,26.4396,24,4,4,True
2022-08-11,26.9421,24,4,4,True
2022-08-12,27.2841,24,4,4,True
2022-08-13,27.3371,24,4,4,True
2022-08-14,26.4318,24,4,4,True
2022-08-15,25.8221,24,4,4,True
2022-08-16,25.3251,24,4,4,True
2022-08-17,24.5821,24,4,4,True
2022-08-18,23.8640,24,4,4,True
2022-08-19,23.7230,24,4,4,True
2022-08-20,23.8791,24,4,4,True
2022-08-21,23.9739,24,4,4,True
2022-08-22,23.5677,24,4,4,True
2022-08-23,24.1497,24,4,4,True
2022-08-24,24.3922,24,4,4,True
2022-08-25,24.4161,24,4,4,True
2022-08-26,24.1785,24,4,4,True
2022-08-27,24.3007,24,4,4,True
2022-08-28,24.5085,24,4,4,True
2022-08-29,24.1638,24,4,4,True
2022-08-30,24.2185,24,4,4,True
2022-08-31,23.9051,24,4,4,True
2022-09-01,23.9563,24,4,4,True
2022-09-02,23.7839,24,4,4,True
2022-09-03,23.8637,24,4,4,True
2022-09-04,23.5337,24,4,4,True
2022-09-05,23.9966,24,4,4,True
2022-09-06,24.3710,24,4,4,True
2022-09-07,24.0071,24,4,4,True
2022-09-08,23.1486,24,4,4,True
2022-09-09,22.3246,24,4,4,True
2022-09-10,21.9650,24,4,4,True
2022-09-11,22.5046,24,4,4,True
2022-09-12,22.4433,24,4,4,True
2022-09-13,22.3812,24,4,4,True
2022-09-14,22.4512,24,4,4,True
2022-09-15,22.7352,24,4,4,True
2022-09-16,22.6697,24,4,4,True
2022-09-17,21.4216,24,4,4,True
2022-09-18,20.3023,24,4,4,True
2022-09-19,19.8689,24,4,4,True
2022-09-20,19.7756,24,4,4,True
2022-09-21,19.6319,24,4,4,True
2022-09-22,19.5992,24,4,4,True
2022-09-23,19.3790,24,4,4,True
2022-09-24,19.0788,24,4,4,True
2022-09-25,18.3327,24,4,4,True
2022-09-26,18.0354,24,4,4,True
2022-09-27,17.6223,24,4,4,True
2022-09-28,17.3854,24,4,4,True
2022-09-29,17.0086,24,4,4,True
2022-09-30,16.5621,24,4,4,True
2022-10-01,16.4120,24,4,4,True
2022-10-02,16.7654,24,4,4,True
2022-10-03,16.5203,24,4,4,True
2022-10-04,16.1904,24,4,4,True
2022-10-05,16.6263,24,4,4,True
2022-10-06,17.0394,24,4,4,True
2022-10-07,17.0688,24,4,4,True
2022-10-08,17.3625,24,4,4,True
2022-10-09,17.4933,24,4,4,True
2022-10-10,17.5736,24,4,4,True
2022-10-11,17.7282,24,4,4,True
2022-10-12,17.9096,24,4,4,True
2022-10-13,18.0879,24,4,4,True
2022-10-14,18.4921,24,4,4,True
2022-10-15,18.1474,24,4,4,True
2022-10-16,18.5100,24,4,4,True
2022-10-17,18.7459,24,4,4,True
2022-10-18,19.0440,24,4,4,True
2022-10-19,18.7913,24,4,4,True
2022-10-20,18.6912,24,4,4,True
2022-10-21,18.3892,24,4,4,True
2022-10-22,17.6857,24,4,4,True
2022-10-23,16.4600,24,4,4,True
2022-10-24,15.6133,24,4,4,True
2022-10-25,15.1584,24,4,4,True
2022-10-26,15.1925,24,4,4,True
2022-10-27,15.3757,24,4,4,True
2022-10-28,15.5768,24,4,4,True
2022-10-29,15.5039,24,4,4,True
2022-10-30,15.3548,24,4,4,True
2022-10-31,15.5260,24,4,4,True
2022-11-01,15.6045,24,4,4,True
2022-11-02,15.4653,24,4,4,True
2022-11-03,14.6427,24,4,4,True
2022-11-04,14.2357,24,4,4,True
2022-11-05,13.7587,24,4,4,True
2022-11-06,13.0467,24,4,4,True
2022-11-07,13.1140,24,4,4,True
2022-11-08,13.5954,24,4,4,True
2022-11-09,13.3402,24,4,4,True
2022-11-10,12.6943,24,4,4,True
2022-11-11,12.1635,24,4,4,True
2022-11-12,12.8210,24,4,4,True
2022-11-13,12.3095,24,4,4,True
2022-11-14,12.3210,24,4,4,True
2022-11-15,12.4356,24,4,4,True
2022-11-16,12.4136,24,4,4,True
2022-11-17,12.3380,24,4,4,True
2022-11-18,12.1465,24,4,4,True
2022-11-19,11.4124,24,4,4,True
2022-11-20,10.6168,24,4,4,True
2022-11-21,11.1296,24,4,4,True
2022-11-22,10.6455,24,4,4,True
2022-11-23,10.2374,24,4,4,True
2022-11-24,9.6588,24,4,4,True
2022-11-25,9.2674,24,4,4,True
2022-11-26,8.7572,24,4,4,True
2022-11-27,8.4070,24,4,4,True
2022-11-28,8.7958,24,4,4,True
2022-11-29,8.7046,24,4,4,True
2022-11-30,8.4677,24,4,4,True
2022-12-01,8.6781,24,4,4,True
2022-12-02,8.5735,24,4,4,True
2022-12-03,8.2790,24,4,4,True
2022-12-04,7.7550,24,4,4,True
2022-12-05,7.0380,24,4,4,True
2022-12-06,7.2187,24,4,4,True
2022-12-07,7.4852,24,4,4,True
2022-12-08,7.0333,24,4,4,True
2022-12-09,7.2063,24,4,4,True
2022-12-10,7.0372,24,4,4,True
2022-12-11,6.4373,24,4,4,True
2022-12-12,6.8942,24,4,4,True
2022-12-13,7.3768,24,4,4,True
2022-12-14,7.5305,24,4,4,True
2022-12-15,7.4739,24,4,4,True
2022-12-16,7.8425,24,4,4,True
2022-12-17,8.5599,24,4,4,True
2022-12-18,8.6779,24,4,4,True
2022-12-19,9.0569,24,4,4,True
2022-12-20,9.1540,24,4,4,True
2022-12-21,9.1208,24,4,4,True
2022-12-22,8.5371,24,4,4,True
2022-12-23,8.1508,24,4,4,True
2022-12-24,8.0628,24,4,4,True
2022-12-25,8.4673,24,4,4,True
2022-12-26,8.8472,24,4,4,True
2022-12-27,9.1735,24,4,4,True
2022-12-28,8.8783,24,4,4,True
2022-12-29,8.8578,24,4,4,True
2022-12-30,9.1731,24,4,4,True
2022-12-31,9.1827,24,4,4,True
2023-01-01,9.2795,24,4,4,True
2023-01-02,9.3178,24,4,4,True
2023-01-03,9.0931,24,4,4,True
2023-01-04,8.4031,24,4,4,True
2023-01-05,8.5079,24,4,4,True
2023-01-06,8.3036,24,4,4,True
2023-01-07,8.1370,24,4,4,True
2023-01-08,8.6293,24,4,4,True
2023-01-09,8.5713,24,4,4,True
2023-01-10,7.9721,24,4,4,True
2023-01-11,7.2243,24,4,4,True
2023-01-12,7.1505,24,4,4,True
2023-01-13,7.4376,24,4,4,True
2023-01-14,7.3267,24,4,4,True
2023-01-15,7.2505,24,4,4,True
2023-01-16,6.7331,24,4,4,True
2023-01-17,6.7278,24,4,4,True
2023-01-18,7.1235,24,4,4,True
2023-01-19,7.0795,24,4,4,True
2023-01-20,6.7108,24,4,4,True
2023-01-21,6.2094,24,4,4,True
2023-01-22,5.5971,24,4,4,True
2023-01-23,4.9393,24,4,4,True
2023-01-24,4.7903,24,4,4,True
2023-01-25,4.4421,24,4,4,True
2023-01-26,4.4507,24,4,4,True
2023-01-27,4.2556,24,4,4,True
2023-01-28,4.3922,24,4,4,True
2023-01-29,4.5232,24,4,4,True
2023-01-30,4.6573,24,4,4,True
2023-01-31,4.8170,24,4,4,True
2023-02-01,5.5485,24,4,4,True
2023-02-02,5.4790,24,4,4,True
2023-02-03,5.5602,24,4,4,True
2023-02-04,5.6865,24,4,4,True
2023-02-05,6.0542,24,4,4,True
2023-02-06,6.3137,24,4,4,True
2023-02-07,5.8080,24,4,4,True
2023-02-08,5.8774,24,4,4,True
2023-02-09,5.7553,24,4,4,True
2023-02-10,5.8045,24,4,4,True
2023-02-11,5.7529,24,4,4,True
2023-02-12,5.9537,24,4,4,True
2023-02-13,6.2176,24,4,4,True
2023-02-14,6.4450,24,4,4,True
2023-02-15,6.8156,24,4,4,True
2023-02-16,6.5530,24,4,4,True
2023-02-17,6.6877,24,4,4,True
2023-02-18,7.2339,24,4,4,True
2023-02-19,7.8222,24,4,4,True
2023-02-20,8.1855,24,4,4,True
2023-02-21,8.5812,24,4,4,True
2023-02-22,8.9000,24,4,4,True
2023-02-23,8.7898,24,4,4,True
2023-02-24,9.1085,24,4,4,True
2023-02-25,8.5718,24,4,4,True
2023-02-26,8.8731,24,4,4,True
2023-02-27,7.4767,24,4,4,True
2023-02-28,7.3249,24,4,4,True
2023-03-01,6.8798,24,4,4,True
2023-03-02,6.3157,24,4,4,True
2023-03-03,6.6115,24,4,4,True
2023-03-04,6.5504,24,4,4,True
2023-03-05,6.8389,24,4,4,True
2023-03-06,6.7991,24,4,4,True
2023-03-07,6.8432,24,4,4,True
2023-03-08,8.0346,24,4,4,True
2023-03-09,9.1760,24,4,4,True
2023-03-10,9.4971,24,4,4,True
2023-03-11,10.1593,24,4,4,True
2023-03-12,11.3795,24,4,4,True
2023-03-13,11.8391,24,4,4,True
2023-03-14,11.1447,24,4,4,True
2023-03-15,10.9452,24,4,4,True
2023-03-16,10.7493,24,4,4,True
2023-03-17,10.7389,24,4,4,True
2023-03-18,11.2546,24,4,4,True
2023-03-19,11.7423,24,4,4,True
2023-03-20,12.4260,24,4,4,True
2023-03-21,12.2532,24,4,4,True
2023-03-22,12.4807,24,4,4,True
2023-03-23,12.9860,24,4,4,True
2023-03-24,12.8910,24,4,4,True
2023-03-25,13.0708,24,4,4,True
2023-03-26,12.9178,22,4,4,True
2023-03-27,13.0037,24,4,4,True
2023-03-28,12.8753,24,4,4,True
2023-03-29,12.9925,24,4,4,True
2023-03-30,13.5421,24,4,4,True
2023-03-31,13.4178,24,4,4,True
2023-04-01,13.2727,24,4,4,True
2023-04-02,12.8819,24,4,4,True
2023-04-03,12.1286,24,4,4,True
2023-04-04,10.8758,24,4,4,True
2023-04-05,11.0602,24,4,4,True
2023-04-06,11.4927,24,4,4,True
2023-04-07,12.2229,24,4,4,True
2023-04-08,12.6030,24,4,4,True
2023-04-09,12.8387,24,4,4,True
2023-04-10,13.5333,24,4,4,True
2023-04-11,14.0521,24,4,4,True
2023-04-12,13.5505,24,4,4,True
2023-04-13,13.0319,24,4,4,True
2023-04-14,12.7633,24,4,4,True
2023-04-15,12.4877,24,4,4,True
2023-04-16,12.1707,24,4,4,True
2023-04-17,12.6360,24,4,4,True
2023-04-18,13.2473,24,4,4,True
2023-04-19,13.9577,24,4,4,True
2023-04-20,14.5606,24,4,4,True
2023-04-21,15.3802,24,4,4,True
2023-04-22,14.7840,24,4,4,True
2023-04-23,14.8855,24,4,4,True
2023-04-24,15.0358,24,4,4,True
2023-04-25,14.3823,24,4,4,True
2023-04-26,13.9318,24,4,4,True
2023-04-27,14.9301,24,4,4,True
2023-04-28,15.5149,24,4,4,True
2023-04-29,15.7823,24,4,4,True
2023-04-30,15.7250,24,4,4,True
2023-05-01,14.5150,24,4,4,True
2023-05-02,14.2953,24,4,4,True
2023-05-03,14.9244,24,4,4,True
2023-05-04,15.8320,24,4,4,True
2023-05-05,16.5601,24,4,4,True
2023-05-06,17.2943,24,4,4,True
2023-05-07,17.3446,24,4,4,True
2023-05-08,17.2216,24,4,4,True
2023-05-09,15.9077,24,4,4,True
2023-05-10,15.0690,24,4,4,True
2023-05-11,14.8287,24,4,4,True
2023-05-12,14.5686,24,4,4,True
2023-05-13,14.5537,24,4,4,True
2023-05-14,13.6806,24,4,4,True
2023-05-15,12.4638,24,4,4,True
2023-05-16,12.0112,24,4,4,True
2023-05-17,11.9130,24,4,4,True
2023-05-18,11.7867,24,4,4,True
2023-05-19,11.9820,24,4,4,True
2023-05-20,11.8927,24,4,4,True
2023-05-21,11.9312,24,4,4,True
2023-05-22,12.5249,24,4,4,True
2023-05-23,13.4577,24,4,4,True
2023-05-24,14.0462,24,4,4,True
2023-05-25,14.1007,24,4,4,True
2023-05-26,13.0863,24,4,4,True
2023-05-27,13.4823,24,4,4,True
2023-05-28,14.8852,24,4,4,True
2023-05-29,15.1365,24,4,4,True
2023-05-30,14.8776,24,4,4,True
2023-05-31,14.8727,24,4,4,True
2023-06-01,15.2023,24,4,4,True
2023-06-02,15.3048,24,4,4,True
2023-06-03,15.6985,24,4,4,True
2023-06-04,15.5336,24,4,4,True
2023-06-05,15.8120,24,4,4,True
2023-06-06,16.3377,24,4,4,True
2023-06-07,16.3992,24,4,4,True
2023-06-08,16.6544,24,4,4,True
2023-06-09,16.5950,24,4,4,True
2023-06-10,16.8198,24,4,4,True
2023-06-11,17.2842,24,4,4,True
2023-06-12,17.4586,24,4,4,True
2023-06-13,16.8648,24,4,4,True
2023-06-14,16.2625,24,4,4,True
2023-06-15,15.2454,24,4,4,True
2023-06-16,15.6030,24,4,4,True
2023-06-17,16.9068,24,4,4,True
2023-06-18,17.5765,24,4,4,True
2023-06-19,17.1028,24,4,4,True
2023-06-20,16.3130,24,4,4,True
2023-06-21,16.3755,24,4,4,True
2023-06-22,16.8985,24,4,4,True
2023-06-23,17.4793,24,4,4,True
2023-06-24,18.4070,24,4,4,True
2023-06-25,19.3318,24,4,4,True
2023-06-26,19.6884,24,4,4,True
2023-06-27,20.0278,24,4,4,True
2023-06-28,19.9246,24,4,4,True
2023-06-29,19.1175,24,4,4,True
2023-06-30,18.7725,24,4,4,True
2023-07-01,18.2098,24,4,4,True
2023-07-02,18.1306,24,4,4,True
2023-07-03,18.7063,24,4,4,True
2023-07-04,18.9788,24,4,4,True
2023-07-05,19.5397,24,4,4,True
2023-07-06,20.4005,24,4,4,True
2023-07-07,21.0098,24,4,4,True
2023-07-08,21.4432,24,4,4,True
2023-07-09,21.7992,24,4,4,True
2023-07-10,23.1600,24,4,4,True
2023-07-11,23.4489,24,4,4,True
2023-07-12,22.8295,24,4,4,True
2023-07-13,22.1612,24,4,4,True
2023-07-14,22.3829,24,4,4,True
2023-07-15,22.2844,24,4,4,True
2023-07-16,22.6532,24,4,4,True
2023-07-17,22.7810,24,4,4,True
2023-07-18,23.5209,24,4,4,True
2023-07-19,23.8438,24,4,4,True
2023-07-20,23.4812,24,4,4,True
2023-07-21,23.0296,24,4,4,True
2023-07-22,23.0213,24,4,4,True
2023-07-23,23.6250,24,4,4,True
2023-07-24,23.2554,24,4,4,True
2023-07-25,22.0883,24,4,4,True
2023-07-26,21.9030,24,4,4,True
2023-07-27,22.5101,24,4,4,True
2023-07-28,22.5435,24,4,4,True
2023-07-29,22.5308,24,4,4,True
2023-07-30,22.7427,24,4,4,True
2023-07-31,22.7942,24,4,4,True
2023-08-01,22.3330,24,4,4,True
2023-08-02,22.7637,24,4,4,True
2023-08-03,22.6250,24,4,4,True
2023-08-04,21.7281,24,4,4,True
2023-08-05,21.2679,24,4,4,True
2023-08-06,21.0162,24,4,4,True
2023-08-07,21.1627,24,4,4,True
2023-08-08,20.9559,24,4,4,True
2023-08-09,21.2780,24,4,4,True
2023-08-10,21.9801,24,4,4,True
2023-08-11,22.8214,24,4,4,True
2023-08-12,23.3192,24,4,4,True
2023-08-13,24.1198,24,4,4,True
2023-08-14,24.4626,24,4,4,True
2023-08-15,24.0985,24,4,4,True
2023-08-16,24.1385,24,4,4,True
2023-08-17,24.2694,24,4,4,True
2023-08-18,24.2535,24,4,4,True
2023-08-19,24.8095,24,4,4,True
2023-08-20,25.6641,24,4,4,True
2023-08-21,26.0896,24,4,4,True
2023-08-22,26.5665,24,4,4,True
2023-08-23,26.9687,24,4,4,True
2023-08-24,26.9450,24,4,4,True
2023-08-25,25.9506,24,4,4,True
2023-08-26,24.6070,24,4,4,True
2023-08-27,23.7372,24,4,4,True
2023-08-28,22.2685,24,4,4,True
2023-08-29,17.9363,24,4,4,True
2023-08-30,16.7177,24,4,4,True
2023-08-31,17.2856,24,4,4,True
2023-09-01,18.2455,24,4,4,True
2023-09-02,18.7587,24,4,4,True
2023-09-03,19.5250,24,4,4,True
2023-09-04,19.4090,24,4,4,True
2023-09-05,20.3494,24,4,4,True
2023-09-06,20.8932,24,4,4,True
2023-09-07,21.0233,24,4,4,True
2023-09-08,21.3196,24,4,4,True
2023-09-09,21.6630,24,4,4,True
2023-09-10,22.1109,24,4,4,True
2023-09-11,22.7412,24,4,4,True
2023-09-12,22.5163,24,4,4,True
2023-09-13,22.5932,24,4,4,True
2023-09-14,22.7042,24,4,4,True
2023-09-15,22.3966,24,4,4,True
2023-09-16,22.4496,24,4,4,True
2023-09-17,22.5012,24,4,4,True
2023-09-18,22.5042,24,4,4,True
2023-09-19,22.3020,24,4,4,True
2023-09-20,21.7291,24,4,4,True
2023-09-21,21.1769,24,4,4,True
2023-09-22,20.4598,24,4,4,True
2023-09-23,19.8668,24,4,4,True
2023-09-24,19.6586,24,4,4,True
2023-09-25,19.4831,24,4,4,True
2023-09-26,19.4564,24,4,4,True
2023-09-27,19.6466,24,4,4,True
2023-09-28,19.8856,24,4,4,True
2023-09-29,20.0443,24,4,4,True
2023-09-30,20.2893,24,4,4,True
2023-10-01,20.3905,24,4,4,True
2023-10-02,20.2198,24,4,4,True
2023-10-03,20.2684,24,4,4,True
2023-10-04,20.4838,24,4,4,True
2023-10-05,19.9451,24,4,4,True
2023-10-06,19.9223,24,4,4,True
2023-10-07,19.7250,24,4,4,True
2023-10-08,19.3305,24,4,4,True
2023-10-09,19.5000,24,4,4,True
2023-10-10,19.4930,24,4,4,True
2023-10-11,19.2987,24,4,4,True
2023-10-12,19.4990,24,4,4,True
2023-10-13,19.3801,24,4,4,True
2023-10-14,19.1292,24,4,4,True
2023-10-15,18.5874,24,4,4,True
2023-10-16,17.9512,24,4,4,True
2023-10-17,18.2415,24,4,4,True
2023-10-18,18.4872,24,4,4,True
2023-10-19,18.3723,24,4,4,True
2023-10-20,17.7401,24,4,4,True
2023-10-21,16.8241,24,4,4,True
2023-10-22,15.8402,24,4,4,True
2023-10-23,15.6027,24,4,4,True
2023-10-24,14.8938,24,4,4,True
2023-10-25,14.2586,24,4,4,True
2023-10-26,14.2167,24,4,4,True
2023-10-27,13.8769,24,4,4,True
2023-10-28,13.5781,24,4,4,True
2023-10-29,13.7157,24,4,4,True
2023-10-30,13.5225,24,4,4,True
2023-10-31,12.9846,24,4,4,True
2023-11-01,12.4568,24,4,4,True
2023-11-02,12.5426,24,4,4,True
2023-11-03,11.5947,24,4,4,True
2023-11-04,11.0685,24,4,4,True
2023-11-05,10.7694,24,4,4,True
2023-11-06,10.6066,24,4,4,True
2023-11-07,10.5668,24,4,4,True
2023-11-08,10.6716,24,4,4,True
2023-11-09,10.7869,24,4,4,True
2023-11-10,10.6486,24,4,4,True
2023-11-11,10.5698,24,4,4,True
2023-11-12,11.0227,24,4,4,True
2023-11-13,11.3895,24,4,4,True
2023-11-14,12.2114,24,4,4,True
2023-11-15,12.8202,24,4,4,True
2023-11-16,12.3247,24,4,4,True
2023-11-17,12.3581,24,4,4,True
2023-11-18,12.0857,24,4,4,True
2023-11-19,12.2027,24,4,4,True
2023-11-20,12.1273,24,4,4,True
2023-11-21,11.9244,24,4,4,True
2023-11-22,11.0083,24,4,4,True
2023-11-23,9.9675,24,4,4,True
2023-11-24,9.5215,24,4,4,True
2023-11-25,9.2982,24,4,4,True
2023-11-26,8.3255,24,4,4,True
2023-11-27,8.1995,24,4,4,True
2023-11-28,8.7846,24,4,4,True
2023-11-29,8.7543,24,4,4,True
2023-11-30,9.5197,24,4,4,True
2023-12-01,9.8242,24,4,4,True
2023-12-02,9.3625,24,4,4,True
2023-12-03,8.1812,24,4,4,True
2023-12-04,7.8815,24,4,4,True
2023-12-05,7.7207,24,4,4,True
2023-12-06,7.5628,24,4,4,True
2023-12-07,7.7160,24,4,4,True
2023-12-08,8.0740,24,4,4,True
2023-12-09,7.8019,24,4,4,True
2023-12-10,8.5319,24,4,4,True
2023-12-11,9.1135,24,4,4,True
2023-12-12,9.3887,24,4,4,True
2023-12-13,9.3260,24,4,4,True
2023-12-14,9.1633,24,4,4,True
2023-12-15,9.2294,24,4,4,True
2023-12-16,8.7535,24,4,4,True
2023-12-17,8.1583,24,4,4,True
2023-12-18,7.6328,24,4,4,True
2023-12-19,6.7299,24,4,4,True
2023-12-20,6.5070,24,4,4,True
2023-12-21,6.8523,24,4,4,True
2023-12-22,8.1380,24,4,4,True
2023-12-23,8.8018,24,4,4,True
2023-12-24,9.2488,24,4,4,True
2023-12-25,9.0529,24,4,4,True
2023-12-26,8.2632,24,4,4,True
2023-12-27,7.7781,24,4,4,True
2023-12-28,7.0279,24,4,4,True
2023-12-29,6.3586,24,4,4,True
2023-12-30,6.3692,24,4,4,True
2023-12-31,6.1246,24,4,4,True
2024-01-01,6.2409,24,4,4,True
2024-01-02,6.5528,24,4,4,True
2024-01-03,7.1770,24,4,4,True
2024-01-04,7.1662,24,4,4,True
2024-01-05,7.2864,24,4,4,True
2024-01-06,7.3346,24,4,4,True
2024-01-07,7.2937,24,4,4,True
2024-01-08,6.8575,24,4,4,True
2024-01-09,6.2804,24,4,4,True
2024-01-10,5.7380,24,4,4,True
2024-01-11,5.7710,24,4,4,True
2024-01-12,5.2821,24,4,4,True
2024-01-13,5.0069,24,4,4,True
2024-01-14,5.3836,24,4,4,True
2024-01-15,5.9724,24,4,4,True
2024-01-16,6.6346,24,4,4,True
2024-01-17,8.1171,24,4,4,True
2024-01-18,8.4138,24,4,4,True
2024-01-19,8.0263,24,4,4,True
2024-01-20,7.4120,24,4,4,True
2024-01-21,6.7233,24,4,4,True
2024-01-22,6.0230,24,4,4,True
2024-01-23,6.2262,24,4,4,True
2024-01-24,6.1285,24,4,4,True
2024-01-25,6.6395,24,4,4,True
2024-01-26,7.7928,24,4,4,True
2024-01-27,8.5277,24,4,4,True
2024-01-28,8.5180,24,4,4,True
2024-01-29,8.9503,24,4,4,True
2024-01-30,9.0094,24,4,4,True
2024-01-31,8.8771,24,4,4,True
2024-02-01,8.3098,24,4,4,True
2024-02-02,8.7678,24,4,4,True
2024-02-03,8.4654,24,4,4,True
2024-02-04,8.6250,24,4,4,True
2024-02-05,8.5143,24,4,4,True
2024-02-06,8.7697,24,4,4,True
2024-02-07,8.7876,24,4,4,True
2024-02-08,9.5180,24,4,4,True
2024-02-09,9.5764,24,4,4,True
2024-02-10,9.4247,24,4,4,True
2024-02-11,9.0835,24,4,4,True
2024-02-12,9.0649,24,4,4,True
2024-02-13,9.4873,24,4,4,True
2024-02-14,9.5282,24,4,4,True
2024-02-15,9.8493,24,4,4,True
2024-02-16,10.1547,24,4,4,True
2024-02-17,10.2242,24,4,4,True
2024-02-18,9.9788,24,4,4,True
2024-02-19,9.9450,24,4,4,True
2024-02-20,9.8173,24,4,4,True
2024-02-21,9.8078,24,4,4,True
2024-02-22,10.2129,24,4,4,True
2024-02-23,9.9491,24,4,4,True
2024-02-24,9.6751,24,4,4,True
2024-02-25,9.2188,24,4,4,True
2024-02-26,9.2093,24,4,4,True
2024-02-27,8.7814,24,4,4,True
2024-02-28,8.7369,24,4,4,True
2024-02-29,8.7705,24,4,4,True
2024-03-01,8.8185,24,4,4,True
2024-03-02,9.1085,24,4,4,True
2024-03-03,8.7700,24,4,4,True
2024-03-04,8.2962,24,4,4,True
2024-03-05,8.3214,24,4,4,True
2024-03-06,8.9198,24,4,4,True
2024-03-07,9.3010,24,4,4,True
2024-03-08,9.4801,24,4,4,True
2024-03-09,9.4206,24,4,4,True
2024-03-10,9.7017,24,4,4,True
2024-03-11,9.3157,24,4,4,True
2024-03-12,9.3287,24,4,4,True
2024-03-13,9.6762,24,4,4,True
2024-03-14,10.4659,24,4,4,True
2024-03-15,11.1228,24,4,4,True
2024-03-16,11.5970,24,4,4,True
2024-03-17,12.4260,24,4,4,True
2024-03-18,12.6743,24,4,4,True
2024-03-19,12.7583,24,4,4,True
2024-03-20,12.9967,24,4,4,True
2024-03-21,13.2738,24,4,4,True
2024-03-22,13.3835,24,4,4,True
2024-03-23,13.5754,24,4,4,True
2024-03-24,13.0562,24,4,4,True
2024-03-25,12.1757,24,4,4,True
2024-03-26,11.5594,24,4,4,True
2024-03-27,11.0222,24,4,4,True
2024-03-28,10.9807,24,4,4,True
2024-03-29,11.1497,24,4,4,True
2024-03-30,11.6445,24,4,4,True
2024-03-31,11.6525,22,4,4,True
2024-04-01,11.2272,24,4,4,True
2024-04-02,11.1594,24,4,4,True
2024-04-03,11.6654,24,4,4,True
2024-04-04,12.2778,24,4,4,True
2024-04-05,13.1445,24,4,4,True
2024-04-06,13.3765,24,4,4,True
2024-04-07,13.8651,24,4,4,True
2024-04-08,13.9363,24,4,4,True
2024-04-09,13.8229,24,4,4,True
2024-04-10,12.9747,24,4,4,True
2024-04-11,12.3057,24,4,4,True
2024-04-12,12.3291,24,4,4,True
2024-04-13,13.3257,24,4,4,True
2024-04-14,14.4195,24,4,4,True
2024-04-15,14.6255,24,4,4,True
2024-04-16,14.3823,24,4,4,True
2024-04-17,13.1965,24,4,4,True
2024-04-18,12.0817,24,4,4,True
2024-04-19,11.9235,24,4,4,True
2024-04-20,12.1159,24,4,4,True
2024-04-21,12.2114,24,4,4,True
2024-04-22,12.3271,24,4,4,True
2024-04-23,12.2541,24,4,4,True
2024-04-24,12.0627,24,4,4,True
2024-04-25,12.3369,24,4,4,True
2024-04-26,12.3636,24,4,4,True
2024-04-27,12.1865,24,4,4,True
2024-04-28,12.4523,24,4,4,True
2024-04-29,12.2694,24,4,4,True
2024-04-30,11.3336,24,4,4,True
2024-05-01,11.4086,24,4,4,True
2024-05-02,11.6300,24,4,4,True
2024-05-03,11.3964,24,4,4,True
2024-05-04,11.8370,24,4,4,True
2024-05-05,12.7670,24,4,4,True
2024-05-06,13.5495,24,4,4,True
2024-05-07,13.3250,24,4,4,True
2024-05-08,12.1555,24,4,4,True
2024-05-09,12.5859,24,4,4,True
2024-05-10,13.6182,24,4,4,True
2024-05-11,14.6877,24,4,4,True
2024-05-12,15.2097,24,4,4,True
2024-05-13,15.3647,24,4,4,True
2024-05-14,14.3853,24,4,4,True
2024-05-15,13.4890,24,4,4,True
2024-05-16,12.0474,24,4,4,True
2024-05-17,11.7937,24,4,4,True
2024-05-18,12.4573,24,4,4,True
2024-05-19,13.0901,24,4,4,True
2024-05-20,13.1525,24,4,4,True
2024-05-21,12.9210,24,4,4,True
2024-05-22,13.1327,24,4,4,True
2024-05-23,13.6403,24,4,4,True
2024-05-24,13.4544,24,4,4,True
2024-05-25,13.4886,24,4,4,True
2024-05-26,13.6895,24,4,4,True
2024-05-27,13.8250,24,4,4,True
2024-05-28,14.1412,24,4,4,True
2024-05-29,14.6079,24,4,4,True
2024-05-30,15.4345,24,4,4,True
2024-05-31,15.3400,24,4,4,True
2024-06-01,15.0762,24,4,4,True
2024-06-02,15.1397,24,4,4,True
2024-06-03,15.2549,24,4,4,True
2024-06-04,15.6502,24,4,4,True
2024-06-05,16.5264,24,4,4,True
2024-06-06,17.6992,24,4,4,True
2024-06-07,18.0749,20,4,4,True
2024-06-08,18.3395,24,4,4,True
2024-06-09,17.2544,24,4,4,True
2024-06-10,16.0439,24,4,4,True
2024-06-11,14.8100,24,4,4,True
2024-06-12,14.5440,24,4,4,True
2024-06-13,14.6978,24,4,4,True
2024-06-14,15.0759,24,4,4,True
2024-06-15,15.6708,24,4,4,True
2024-06-16,16.5700,24,4,4,True
2024-06-17,17.0070,24,4,4,True
2024-06-18,17.7655,24,4,4,True
2024-06-19,18.2355,24,4,4,True
2024-06-20,18.2594,24,4,4,True
2024-06-21,16.1974,24,4,4,True
2024-06-22,14.8668,24,4,4,True
2024-06-23,15.3366,24,4,4,True
2024-06-24,15.8267,24,4,4,True
2024-06-25,17.0911,24,4,4,True
2024-06-26,18.5319,24,4,4,True
2024-06-27,19.9315,24,4,4,True
2024-06-28,20.6837,24,4,4,True
2024-06-29,20.1772,24,4,4,True
2024-06-30,19.1878,24,4,4,True
2024-07-01,18.1920,24,4,4,True
2024-07-02,17.6063,24,4,4,True
2024-07-03,17.6220,24,4,4,True
2024-07-04,18.3724,24,4,4,True
2024-07-05,19.2378,24,4,4,True
2024-07-06,19.2522,24,4,4,True
2024-07-07,19.2877,24,4,4,True
2024-07-08,18.7251,24,4,4,True
2024-07-09,18.5219,24,4,4,True
2024-07-10,19.4515,24,4,4,True
2024-07-11,21.1949,24,4,4,True
2024-07-12,21.3649,24,4,4,True
2024-07-13,21.0790,24,4,4,True
2024-07-14,21.3016,24,4,4,True
2024-07-15,20.9241,24,4,4,True
2024-07-16,20.5305,24,4,4,True
2024-07-17,20.7788,24,4,4,True
2024-07-18,21.8280,24,4,4,True
2024-07-19,22.8454,24,4,4,True
2024-07-20,23.5556,24,4,4,True
2024-07-21,23.2758,24,4,4,True
2024-07-22,22.3129,24,4,4,True
2024-07-23,22.4023,24,4,4,True
2024-07-24,22.3467,24,4,4,True
2024-07-25,22.8453,24,4,4,True
2024-07-26,23.3502,24,4,4,True
2024-07-27,24.0741,24,4,4,True
2024-07-28,24.9493,24,4,4,True
2024-07-29,24.7557,24,4,4,True
2024-07-30,25.3150,24,4,4,True
2024-07-31,25.5535,24,4,4,True
2024-08-01,25.2081,24,4,4,True
2024-08-02,24.6584,24,4,4,True
2024-08-03,24.0618,24,4,4,True
2024-08-04,24.1355,24,4,4,True
2024-08-05,24.2878,24,4,4,True
2024-08-06,24.2658,24,4,4,True
2024-08-07,24.6245,24,4,4,True
2024-08-08,24.4222,24,4,4,True
2024-08-09,24.8047,24,4,4,True
2024-08-10,25.3709,24,4,4,True
2024-08-11,25.4364,24,4,4,True
2024-08-12,25.2152,24,4,4,True
2024-08-13,25.4446,24,4,4,True
2024-08-14,24.0726,24,4,4,True
2024-08-15,21.3959,24,4,4,True
2024-08-16,20.3889,24,4,4,True
2024-08-17,20.3523,24,4,4,True
2024-08-18,20.9227,24,4,4,True
2024-08-19,21.0714,24,4,4,True
2024-08-20,21.4177,24,4,4,True
2024-08-21,22.3372,24,4,4,True
2024-08-22,22.4727,24,4,4,True
2024-08-23,22.4866,24,4,4,True
2024-08-24,22.9119,24,4,4,True
2024-08-25,22.8478,24,4,4,True
2024-08-26,22.3795,24,4,4,True
2024-08-27,22.2499,24,4,4,True
2024-08-28,23.0465,24,4,4,True
2024-08-29,23.1105,24,4,4,True
2024-08-30,23.7935,24,4,4,True
2024-08-31,23.6485,24,4,4,True
2024-09-01,23.1106,24,4,4,True
2024-09-02,23.0615,24,4,4,True
2024-09-03,22.8369,24,4,4,True
2024-09-04,21.5877,24,4,4,True
2024-09-05,17.6261,24,4,4,True
2024-09-06,16.0906,24,4,4,True
2024-09-07,15.8651,24,4,4,True
2024-09-08,15.3619,24,4,4,True
2024-09-09,15.6027,24,4,4,True
2024-09-10,15.8580,24,4,4,True
2024-09-11,16.0744,24,4,4,True
2024-09-12,16.3715,24,4,4,True
2024-09-13,16.2375,24,4,4,True
2024-09-14,15.5951,24,4,4,True
2024-09-15,15.1268,24,4,4,True
2024-09-16,15.2758,24,4,4,True
2024-09-17,15.2781,24,4,4,True
2024-09-18,15.6635,24,4,4,True
2024-09-19,16.0767,24,4,4,True
2024-09-20,16.1759,24,4,4,True
2024-09-21,16.5362,24,4,4,True
2024-09-22,16.7486,24,4,4,True
2024-09-23,16.8161,24,4,4,True
2024-09-24,16.6205,24,4,4,True
2024-09-25,16.4922,24,4,4,True
2024-09-26,16.5770,24,4,4,True
2024-09-27,16.5881,24,4,4,True
2024-09-28,16.1590,24,4,4,True
2024-09-29,15.8446,24,4,4,True
2024-09-30,16.2548,24,4,4,True
2024-10-01,16.3306,24,4,4,True
2024-10-02,16.4243,24,4,4,True
2024-10-03,15.7456,24,4,4,True
2024-10-04,15.4126,24,4,4,True
2024-10-05,14.7258,24,4,4,True
2024-10-06,15.0241,24,4,4,True
2024-10-07,15.1685,24,4,4,True
2024-10-08,15.5527,24,4,4,True
2024-10-09,15.8179,24,4,4,True
2024-10-10,16.0192,24,4,4,True
2024-10-11,15.0165,24,4,4,True
2024-10-12,14.5380,24,4,4,True
2024-10-13,14.3396,24,4,4,True
2024-10-14,14.3671,24,4,4,True
2024-10-15,14.9354,24,4,4,True
2024-10-16,15.4205,24,4,4,True
2024-10-17,15.2566,24,4,4,True
2024-10-18,13.8199,24,4,4,True
2024-10-19,12.4428,24,4,4,True
2024-10-20,12.4556,24,4,4,True
2024-10-21,12.9634,24,4,4,True
2024-10-22,13.5394,24,4,4,True
2024-10-23,13.8549,24,4,4,True
2024-10-24,13.9538,24,4,4,True
2024-10-25,13.9600,24,4,4,True
2024-10-26,13.6178,24,4,4,True
2024-10-27,12.6914,24,4,4,True
2024-10-28,12.0466,24,4,4,True
2024-10-29,11.8306,24,4,4,True
2024-10-30,12.3336,24,4,4,True
2024-10-31,12.8702,24,4,4,True
2024-11-01,12.9476,24,4,4,True
2024-11-02,12.9153,24,4,4,True
2024-11-03,12.8729,24,4,4,True
2024-11-04,13.1663,24,4,4,True
2024-11-05,13.3128,24,4,4,True
2024-11-06,13.0931,24,4,4,True
2024-11-07,13.1039,24,4,4,True
2024-11-08,13.3067,24,4,4,True
2024-11-09,13.2368,24,4,4,True
2024-11-10,13.0241,24,4,4,True
2024-11-11,12.4943,24,4,4,True
2024-11-12,12.1375,24,4,4,True
2024-11-13,11.6617,24,4,4,True
2024-11-14,11.1681,24,4,4,True
2024-11-15,10.6912,24,4,4,True
2024-11-16,10.1768,24,4,4,True
2024-11-17,9.7952,24,4,4,True
2024-11-18,9.9450,24,4,4,True
2024-11-19,9.5344,24,4,4,True
2024-11-20,9.9073,24,4,4,True
2024-11-21,10.3634,24,4,4,True
2024-11-22,11.0240,24,4,4,True
2024-11-23,10.2261,24,4,4,True
2024-11-24,9.6507,24,4,4,True
2024-11-25,9.7778,24,4,4,True
2024-11-26,9.5805,24,4,4,True
2024-11-27,10.5718,24,4,4,True
2024-11-28,10.0790,24,4,4,True
2024-11-29,9.2568,24,4,4,True
2024-11-30,8.7324,24,4,4,True
2024-12-01,8.6580,24,4,4,True
2024-12-02,8.6696,24,4,4,True
2024-12-03,9.0282,24,4,4,True
2024-12-04,9.2868,24,4,4,True
2024-12-05,9.3892,24,4,4,True
2024-12-06,9.9889,24,4,4,True
2024-12-07,9.6602,24,4,4,True
2024-12-08,9.4532,24,4,4,True
2024-12-09,8.4510,24,4,4,True
2024-12-10,8.3348,24,4,4,True
2024-12-11,8.0919,24,4,4,True
2024-12-12,7.9492,24,4,4,True
2024-12-13,7.7511,24,4,4,True
2024-12-14,7.2991,24,4,4,True
2024-12-15,7.3683,24,4,4,True
2024-12-16,7.2599,24,4,4,True
2024-12-17,7.2737,24,4,4,True
2024-12-18,6.9175,24,4,4,True
2024-12-19,7.1265,24,4,4,True
2024-12-20,7.8529,24,4,4,True
2024-12-21,8.0169,24,4,4,True
2024-12-22,7.8731,24,4,4,True
2024-12-23,8.2339,24,4,4,True
2024-12-24,8.1480,24,4,4,True
2024-12-25,8.3098,24,4,4,True
2024-12-26,8.7143,24,4,4,True
2024-12-27,8.5776,24,4,4,True
2024-12-28,7.8208,24,4,4,True
2024-12-29,6.8637,24,4,4,True
2024-12-30,6.3546,24,4,4,True
2024-12-31,6.1214,24,4,4,True
2025-01-01,6.0204,24,4,4,True
2025-01-02,5.9149,24,4,4,True
2025-01-03,5.9692,24,4,4,True
2025-01-04,6.5716,24,4,4,True
2025-01-05,7.9175,24,4,4,True
2025-01-06,8.7618,24,4,4,True
2025-01-07,8.2789,24,4,4,True
2025-01-08,8.0896,24,4,4,True
2025-01-09,8.1351,24,4,4,True
2025-01-10,8.3740,24,4,4,True
2025-01-11,8.8762,24,4,4,True
2025-01-12,9.1838,24,4,4,True
2025-01-13,7.7241,24,4,4,True
2025-01-14,6.1081,24,4,4,True
2025-01-15,5.2028,24,4,4,True
2025-01-16,5.0535,24,4,4,True
2025-01-17,5.1683,24,4,4,True
2025-01-18,5.0850,24,4,4,True
2025-01-19,5.4674,24,4,4,True
2025-01-20,5.2345,24,4,4,True
2025-01-21,5.3366,24,4,4,True
2025-01-22,6.0818,24,4,4,True
2025-01-23,6.5530,24,4,4,True
2025-01-24,6.7590,24,4,4,True
2025-01-25,7.5656,24,4,4,True
2025-01-26,7.6170,24,4,4,True
2025-01-27,7.9240,24,4,4,True
2025-01-28,7.8822,24,4,4,True
2025-01-29,8.2870,24,4,4,True
2025-01-30,8.2787,24,4,4,True
2025-01-31,7.9408,24,4,4,True
2025-02-01,7.7468,24,4,4,True
2025-02-02,7.5584,24,4,4,True
2025-02-03,7.3988,24,4,4,True
2025-02-04,7.2015,24,4,4,True
2025-02-05,6.9845,24,4,4,True
2025-02-06,6.7484,24,4,4,True
2025-02-07,6.6260,24,4,4,True
2025-02-08,6.6747,24,4,4,True
2025-02-09,6.4066,24,4,4,True
2025-02-10,6.8661,24,4,4,True
2025-02-11,7.6614,24,4,4,True
2025-02-12,8.4314,24,4,4,True
2025-02-13,9.0270,24,4,4,True
2025-02-14,9.0055,24,4,4,True
2025-02-15,9.3676,24,4,4,True
2025-02-16,9.5799,24,4,4,True
2025-02-17,9.9148,24,4,4,True
2025-02-18,9.7050,24,4,4,True
2025-02-19,10.1848,24,4,4,True
2025-02-20,10.4282,24,4,4,True
2025-02-21,10.1835,24,4,4,True
2025-02-22,10.2905,24,4,4,True
2025-02-23,10.3836,24,4,4,True
2025-02-24,10.3020,24,4,4,True
2025-02-25,10.3792,24,4,4,True
2025-02-26,9.9097,24,4,4,True
2025-02-27,9.4627,24,4,4,True
2025-02-28,9.4964,24,4,4,True
2025-03-01,9.3741,24,4,4,True
2025-03-02,9.2093,24,4,4,True
2025-03-03,9.4589,24,4,4,True
2025-03-04,9.8402,24,4,4,True
2025-03-05,9.9950,24,4,4,True
2025-03-06,10.4636,24,4,4,True
2025-03-07,10.9661,24,4,4,True
2025-03-08,11.3661,24,4,4,True
2025-03-09,11.5400,24,4,4,True
2025-03-10,11.6465,24,4,4,True
2025-03-11,11.6978,24,4,4,True
2025-03-12,11.5600,24,4,4,True
2025-03-13,10.5270,24,4,4,True
2025-03-14,10.1178,24,4,4,True
2025-03-15,9.4276,24,4,4,True
2025-03-16,9.0922,24,4,4,True
2025-03-17,9.2492,24,4,4,True
2025-03-18,9.5059,24,4,4,True
2025-03-19,10.4405,24,4,4,True
2025-03-20,10.7316,24,4,4,True
2025-03-21,11.2572,24,4,4,True
2025-03-22,11.2916,24,4,4,True
2025-03-23,10.7006,24,4,4,True
2025-03-24,11.0333,24,4,4,True
2025-03-25,10.9874,24,4,4,True
2025-03-26,10.5700,24,4,4,True
2025-03-27,10.2273,24,4,4,True
2025-03-28,10.3487,24,4,4,True
2025-03-29,10.1865,24,4,4,True
2025-03-30,10.3690,22,4,4,True
2025-03-31,10.4043,24,4,4,True
2025-04-01,10.9790,24,4,4,True
2025-04-02,11.8300,24,4,4,True
2025-04-03,12.1140,24,4,4,True
2025-04-04,11.9618,24,4,4,True
2025-04-05,12.0907,24,4,4,True
2025-04-06,12.5760,24,4,4,True
2025-04-07,13.2816,24,4,4,True
2025-04-08,13.5766,24,4,4,True
2025-04-09,14.2023,24,4,4,True
2025-04-10,14.4444,24,4,4,True
2025-04-11,14.2023,24,4,4,True
2025-04-12,14.2422,24,4,4,True
2025-04-13,13.8710,24,4,4,True
2025-04-14,13.6486,24,4,4,True
2025-04-15,12.7086,24,4,4,True
2025-04-16,11.7555,24,4,4,True
2025-04-17,10.6248,24,4,4,True
2025-04-18,10.8837,24,4,4,True
2025-04-19,11.5431,24,4,4,True
2025-04-20,11.8634,24,4,4,True
2025-04-21,11.4412,24,4,4,True
2025-04-22,11.6290,24,4,4,True
2025-04-23,11.7020,24,4,4,True
2025-04-24,11.7217,24,4,4,True
2025-04-25,12.7108,24,4,4,True
2025-04-26,13.5012,24,4,4,True
2025-04-27,13.3768,24,4,4,True
2025-04-28,12.4020,24,4,4,True
2025-04-29,12.9951,24,4,4,True
2025-04-30,14.1862,24,4,4,True
2025-05-01,14.6465,24,4,4,True
2025-05-02,14.4911,24,4,4,True
2025-05-03,14.1726,24,4,4,True
2025-05-04,14.1428,24,4,4,True
2025-05-05,13.3111,24,4,4,True
2025-05-06,12.3178,24,4,4,True
2025-05-07,11.9845,24,4,4,True
2025-05-08,12.2033,24,4,4,True
2025-05-09,12.6039,24,4,4,True
2025-05-10,13.4253,24,4,4,True
2025-05-11,14.1367,24,4,4,True
2025-05-12,13.9875,24,4,4,True
2025-05-13,13.9269,24,4,4,True
2025-05-14,14.3858,24,4,4,True
2025-05-15,14.3214,24,4,4,True
2025-05-16,14.7063,24,4,4,True
2025-05-17,15.0465,24,4,4,True
2025-05-18,15.7548,24,4,4,True
2025-05-19,15.9246,24,4,4,True
2025-05-20,15.1685,24,4,4,True
2025-05-21,13.7167,24,4,4,True
2025-05-22,13.7103,24,4,4,True
2025-05-23,14.1743,24,4,4,True
2025-05-24,14.1803,24,4,4,True
2025-05-25,14.5976,24,4,4,True
2025-05-26,15.1895,24,4,4,True
2025-05-27,15.5546,24,4,4,True
2025-05-28,15.5005,24,4,4,True
2025-05-29,16.4589,24,4,4,True
2025-05-30,17.6517,24,4,4,True
2025-05-31,18.6251,24,4,4,True
2025-06-01,18.6418,24,4,4,True
2025-06-02,17.5378,24,4,4,True
2025-06-03,15.5838,24,4,4,True
2025-06-04,14.9597,24,4,4,True
2025-06-05,15.4732,24,4,4,True
2025-06-06,15.6104,24,4,4,True
2025-06-07,15.9198,24,4,4,True
2025-06-08,15.5509,24,4,4,True
2025-06-09,15.7043,24,4,4,True
2025-06-10,16.6050,24,4,4,True
2025-06-11,18.1830,24,4,4,True
2025-06-12,19.6722,24,4,4,True
2025-06-13,20.3725,24,4,4,True
2025-06-14,20.1781,24,4,4,True
2025-06-15,19.8121,24,4,4,True
2025-06-16,19.0273,24,4,4,True
2025-06-17,18.6270,24,4,4,True
2025-06-18,19.4702,24,4,4,True
2025-06-19,20.5269,24,4,4,True
2025-06-20,21.7077,24,4,4,True
2025-06-21,22.7914,24,4,4,True
2025-06-22,23.3374,24,4,4,True
2025-06-23,23.7467,24,4,4,True
2025-06-24,24.1588,24,4,4,True
2025-06-25,24.1430,24,4,4,True
2025-06-26,23.5887,24,4,4,True
2025-06-27,23.7221,24,4,4,True
2025-06-28,24.1801,24,4,4,True
2025-06-29,24.6416,24,4,4,True
2025-06-30,25.2326,24,4,4,True
2025-07-01,25.7807,24,4,4,True
2025-07-02,25.1631,24,4,4,True
2025-07-03,25.2256,24,4,4,True
2025-07-04,25.5925,24,4,4,True
2025-07-05,25.0847,24,4,4,True
2025-07-06,24.1177,24,4,4,True
2025-07-07,23.3178,24,4,4,True
2025-07-08,23.0407,24,4,4,True
2025-07-09,22.9715,24,4,4,True
2025-07-10,23.0725,24,4,4,True
2025-07-11,23.3915,24,4,4,True
2025-07-12,23.0499,24,4,4,True
2025-07-13,23.4590,24,4,4,True
2025-07-14,24.3313,24,4,4,True
2025-07-15,23.9959,24,4,4,True
2025-07-16,23.7675,24,4,4,True
2025-07-17,24.3630,24,4,4,True
2025-07-18,24.4381,24,4,4,True
2025-07-19,24.2704,24,4,4,True
2025-07-20,23.7849,24,4,4,True
2025-07-21,23.7361,24,4,4,True
2025-07-22,23.6688,24,4,4,True
2025-07-23,22.7630,24,4,4,True
2025-07-24,22.2896,24,4,4,True
2025-07-25,22.4158,24,4,4,True
2025-07-26,22.2033,24,4,4,True
2025-07-27,22.1294,24,4,4,True
2025-07-28,21.9363,24,4,4,True
2025-07-29,21.8399,24,4,4,True
2025-07-30,22.1410,24,4,4,True
2025-07-31,22.5476,24,4,4,True
2025-08-01,22.5562,24,4,4,True
2025-08-02,22.7372,24,4,4,True
2025-08-03,22.8098,24,4,4,True
2025-08-04,23.0130,24,4,4,True
2025-08-05,23.5615,24,4,4,True
2025-08-06,23.8368,24,4,4,True
2025-08-07,24.0317,24,4,4,True
2025-08-08,24.8797,24,4,4,True
2025-08-09,25.6322,24,4,4,True
2025-08-10,26.2056,24,4,4,True
2025-08-11,26.6765,24,4,4,True
2025-08-12,27.1218,24,4,4,True
2025-08-13,26.8193,24,4,4,True
2025-08-14,26.4866,24,4,4,True
2025-08-15,26.7538,24,4,4,True
2025-08-16,26.8922,24,4,4,True
2025-08-17,26.6450,24,4,4,True
2025-08-18,25.6855,24,4,4,True
2025-08-19,25.2250,24,4,4,True
2025-08-20,24.3328,24,4,4,True
2025-08-21,23.2954,16,3,4,False
