run_date,offset_days,valid_date,air_mean_c,n_hours
2024-03-14,0,2024-03-14,12.6458,24
2024-03-14,1,2024-03-15,12.0208,24
2024-03-14,2,2024-03-16,12.2500,24
2024-03-14,3,2024-03-17,13.7000,24
2024-03-14,4,2024-03-18,15.0292,24
2024-03-14,5,2024-03-19,13.8125,24
2024-03-14,6,2024-03-20,13.3417,24
2024-03-14,7,2024-03-21,12.3083,24
2024-03-15,0,2024-03-15,12.9167,24
2024-03-15,1,2024-03-16,12.0125,24
2024-03-15,2,2024-03-17,14.3792,24
2024-03-15,3,2024-03-18,14.2333,24
2024-03-15,4,2024-03-19,13.1417,24
2024-03-15,5,2024-03-20,10.2417,24
2024-03-15,6,2024-03-21,8.0292,24
2024-03-15,7,2024-03-22,8.2375,24
2024-03-16,0,2024-03-16,12.7000,24
2024-03-16,1,2024-03-17,14.8333,24
2024-03-16,2,2024-03-18,13.7375,24
2024-03-16,3,2024-03-19,12.8917,24
2024-03-16,4,2024-03-20,11.5167,24
2024-03-16,5,2024-03-21,10.4625,24
2024-03-16,6,2024-03-22,11.2625,24
2024-03-16,7,2024-03-23,11.5750,24
2024-03-17,0,2024-03-17,14.9208,24
2024-03-17,1,2024-03-18,14.2792,24
2024-03-17,2,2024-03-19,13.1417,24
2024-03-17,3,2024-03-20,13.4583,24
2024-03-17,4,2024-03-21,13.6875,24
2024-03-17,5,2024-03-22,13.2542,24
2024-03-17,6,2024-03-23,9.3792,24
2024-03-17,7,2024-03-24,6.5917,24
2024-03-18,0,2024-03-18,14.2417,24
2024-03-18,1,2024-03-19,13.9083,24
2024-03-18,2,2024-03-20,14.1042,24
2024-03-18,3,2024-03-21,14.8375,24
2024-03-18,4,2024-03-22,14.6708,24
2024-03-18,5,2024-03-23,10.7417,24
2024-03-18,6,2024-03-24,8.1208,24
2024-03-18,7,2024-03-25,8.3750,24
2024-03-19,0,2024-03-19,13.8333,24
2024-03-19,1,2024-03-20,14.2042,24
2024-03-19,2,2024-03-21,14.3500,24
2024-03-19,3,2024-03-22,15.2583,24
2024-03-19,4,2024-03-23,11.3833,24
2024-03-19,5,2024-03-24,8.2458,24
2024-03-19,6,2024-03-25,7.1917,24
2024-03-19,7,2024-03-26,9.3875,24
2024-03-20,0,2024-03-20,14.4458,24
2024-03-20,1,2024-03-21,15.0708,24
2024-03-20,2,2024-03-22,15.3500,24
2024-03-20,3,2024-03-23,11.4167,24
2024-03-20,4,2024-03-24,9.2333,24
2024-03-20,5,2024-03-25,9.1250,24
2024-03-20,6,2024-03-26,7.0708,24
2024-03-20,7,2024-03-27,8.2625,24
2024-03-21,0,2024-03-21,14.7417,24
2024-03-21,1,2024-03-22,15.3625,24
2024-03-21,2,2024-03-23,10.9167,24
2024-03-21,3,2024-03-24,9.1583,24
2024-03-21,4,2024-03-25,9.1417,24
2024-03-21,5,2024-03-26,10.5500,24
2024-03-21,6,2024-03-27,6.0542,24
2024-03-21,7,2024-03-28,9.7542,24
2024-03-22,0,2024-03-22,15.5167,24
2024-03-22,1,2024-03-23,11.1667,24
2024-03-22,2,2024-03-24,9.9250,24
2024-03-22,3,2024-03-25,9.4250,24
2024-03-22,4,2024-03-26,9.4542,24
2024-03-22,5,2024-03-27,7.5500,24
2024-03-22,6,2024-03-28,11.6000,24
2024-03-22,7,2024-03-29,13.4583,24
2024-03-23,0,2024-03-23,11.5042,24
2024-03-23,1,2024-03-24,9.6958,24
2024-03-23,2,2024-03-25,9.1375,24
2024-03-23,3,2024-03-26,8.3167,24
2024-03-23,4,2024-03-27,8.2292,24
2024-03-23,5,2024-03-28,11.7500,24
2024-03-23,6,2024-03-29,14.7542,24
2024-03-23,7,2024-03-30,14.0958,24
2024-03-24,0,2024-03-24,10.1125,24
2024-03-24,1,2024-03-25,9.3708,24
2024-03-24,2,2024-03-26,7.2583,24
2024-03-24,3,2024-03-27,8.6875,24
2024-03-24,4,2024-03-28,13.3833,24
2024-03-24,5,2024-03-29,13.9542,24
2024-03-24,6,2024-03-30,13.0292,24
2024-03-24,7,2024-03-31,13.5125,24
2024-03-25,0,2024-03-25,9.3833,24
2024-03-25,1,2024-03-26,7.7792,24
2024-03-25,2,2024-03-27,7.8292,24
2024-03-25,3,2024-03-28,11.5042,24
2024-03-25,4,2024-03-29,15.5125,24
2024-03-25,5,2024-03-30,10.5208,24
2024-03-25,6,2024-03-31,10.8750,24
2024-03-25,7,2024-04-01,10.2583,24
2024-03-26,0,2024-03-26,7.8458,24
2024-03-26,1,2024-03-27,8.3458,24
2024-03-26,2,2024-03-28,10.7417,24
2024-03-26,3,2024-03-29,14.7458,24
2024-03-26,4,2024-03-30,11.0000,24
2024-03-26,5,2024-03-31,11.8625,24
2024-03-26,6,2024-04-01,11.4500,24
2024-03-26,7,2024-04-02,9.3292,24
2024-03-27,0,2024-03-27,8.6667,24
2024-03-27,1,2024-03-28,11.4125,24
2024-03-27,2,2024-03-29,14.2167,24
2024-03-27,3,2024-03-30,10.8333,24
2024-03-27,4,2024-03-31,11.2958,24
2024-03-27,5,2024-04-01,10.2208,24
2024-03-27,6,2024-04-02,10.4958,24
2024-03-27,7,2024-04-03,12.8500,24
2024-03-28,0,2024-03-28,11.1292,24
2024-03-28,1,2024-03-29,12.4458,24
2024-03-28,2,2024-03-30,9.3167,24
2024-03-28,3,2024-03-31,11.1125,24
2024-03-28,4,2024-04-01,9.5583,24
2024-03-28,5,2024-04-02,11.2542,24
2024-03-28,6,2024-04-03,13.6375,24
2024-03-28,7,2024-04-04,12.3250,24
2024-03-29,0,2024-03-29,13.5125,24
2024-03-29,1,2024-03-30,9.5542,24
2024-03-29,2,2024-03-31,11.2375,24
2024-03-29,3,2024-04-01,9.6250,24
2024-03-29,4,2024-04-02,11.1125,24
2024-03-29,5,2024-04-03,12.9750,24
2024-03-29,6,2024-04-04,12.9542,24
2024-03-29,7,2024-04-05,14.9833,24
2024-03-30,0,2024-03-30,10.8542,24
2024-03-30,1,2024-03-31,10.0958,24
2024-03-30,2,2024-04-01,9.3083,24
2024-03-30,3,2024-04-02,10.7000,24
2024-03-30,4,2024-04-03,13.1625,24
2024-03-30,5,2024-04-04,14.5542,24
2024-03-30,6,2024-04-05,15.1792,24
2024-03-30,7,2024-04-06,15.8750,24
2024-03-31,0,2024-03-31,11.1917,24
2024-03-31,1,2024-04-01,9.6083,24
2024-03-31,2,2024-04-02,10.9542,24
2024-03-31,3,2024-04-03,13.2792,24
2024-03-31,4,2024-04-04,14.7292,24
2024-03-31,5,2024-04-05,15.4125,24
2024-03-31,6,2024-04-06,16.1083,24
2024-03-31,7,2024-04-07,15.1125,24
2024-04-01,0,2024-04-01,9.3958,24
2024-04-01,1,2024-04-02,10.8625,24
2024-04-01,2,2024-04-03,13.5375,24
2024-04-01,3,2024-04-04,14.1333,24
2024-04-01,4,2024-04-05,15.0125,24
2024-04-01,5,2024-04-06,15.1958,24
2024-04-01,6,2024-04-07,15.4208,24
2024-04-01,7,2024-04-08,14.6333,24
2024-04-02,0,2024-04-02,11.4625,24
2024-04-02,1,2024-04-03,13.3792,24
2024-04-02,2,2024-04-04,14.7833,24
2024-04-02,3,2024-04-05,15.0500,24
2024-04-02,4,2024-04-06,15.4833,24
2024-04-02,5,2024-04-07,15.9667,24
2024-04-02,6,2024-04-08,14.8083,24
2024-04-02,7,2024-04-09,14.8542,24
2024-04-03,0,2024-04-03,13.3083,24
2024-04-03,1,2024-04-04,14.7417,24
2024-04-03,2,2024-04-05,15.3125,24
2024-04-03,3,2024-04-06,15.3708,24
2024-04-03,4,2024-04-07,16.7083,24
2024-04-03,5,2024-04-08,15.0375,24
2024-04-03,6,2024-04-09,11.3625,24
2024-04-03,7,2024-04-10,9.4667,24
2024-04-04,0,2024-04-04,15.3125,24
2024-04-04,1,2024-04-05,15.3500,24
2024-04-04,2,2024-04-06,15.2875,24
2024-04-04,3,2024-04-07,15.9042,24
2024-04-04,4,2024-04-08,14.9833,24
2024-04-04,5,2024-04-09,9.5542,24
2024-04-04,6,2024-04-10,8.8750,24
2024-04-04,7,2024-04-11,10.1792,24
2024-04-05,0,2024-04-05,15.5292,24
2024-04-05,1,2024-04-06,15.3583,24
2024-04-05,2,2024-04-07,16.1125,24
2024-04-05,3,2024-04-08,15.3458,24
2024-04-05,4,2024-04-09,9.4750,24
2024-04-05,5,2024-04-10,9.9667,24
2024-04-05,6,2024-04-11,12.1125,24
2024-04-05,7,2024-04-12,14.4250,24
2024-04-06,0,2024-04-06,15.6125,24
2024-04-06,1,2024-04-07,15.8042,24
2024-04-06,2,2024-04-08,15.2792,24
2024-04-06,3,2024-04-09,10.1000,24
2024-04-06,4,2024-04-10,9.9292,24
2024-04-06,5,2024-04-11,11.4292,24
2024-04-06,6,2024-04-12,14.7167,24
2024-04-06,7,2024-04-13,16.9625,24
2024-04-07,0,2024-04-07,15.6833,24
2024-04-07,1,2024-04-08,15.0333,24
2024-04-07,2,2024-04-09,9.4833,24
2024-04-07,3,2024-04-10,10.1917,24
2024-04-07,4,2024-04-11,11.4250,24
2024-04-07,5,2024-04-12,14.1042,24
2024-04-07,6,2024-04-13,16.6542,24
2024-04-07,7,2024-04-14,15.3208,24
2024-04-08,0,2024-04-08,14.9958,24
2024-04-08,1,2024-04-09,9.2083,24
2024-04-08,2,2024-04-10,10.1000,24
2024-04-08,3,2024-04-11,11.9458,24
2024-04-08,4,2024-04-12,14.8917,24
2024-04-08,5,2024-04-13,16.6667,24
2024-04-08,6,2024-04-14,18.5042,24
2024-04-08,7,2024-04-15,13.6792,24
2024-04-09,0,2024-04-09,9.4458,24
2024-04-09,1,2024-04-10,10.1708,24
2024-04-09,2,2024-04-11,11.4458,24
2024-04-09,3,2024-04-12,14.5708,24
2024-04-09,4,2024-04-13,16.2292,24
2024-04-09,5,2024-04-14,17.9333,24
2024-04-09,6,2024-04-15,12.3500,24
2024-04-09,7,2024-04-16,10.3917,24
2024-04-10,0,2024-04-10,10.0333,24
2024-04-10,1,2024-04-11,11.4917,24
2024-04-10,2,2024-04-12,14.4917,24
2024-04-10,3,2024-04-13,17.0875,24
2024-04-10,4,2024-04-14,16.5958,24
2024-04-10,5,2024-04-15,13.3792,24
2024-04-10,6,2024-04-16,11.4125,24
2024-04-10,7,2024-04-17,10.5542,24
2024-04-11,0,2024-04-11,11.7542,24
2024-04-11,1,2024-04-12,14.2042,24
2024-04-11,2,2024-04-13,16.8167,24
2024-04-11,3,2024-04-14,17.7625,24
2024-04-11,4,2024-04-15,14.3458,24
2024-04-11,5,2024-04-16,10.6125,24
2024-04-11,6,2024-04-17,9.8250,24
2024-04-11,7,2024-04-18,10.2000,24
2024-04-12,0,2024-04-12,14.5167,24
2024-04-12,1,2024-04-13,16.9750,24
2024-04-12,2,2024-04-14,18.1042,24
2024-04-12,3,2024-04-15,14.6542,24
2024-04-12,4,2024-04-16,10.8125,24
2024-04-12,5,2024-04-17,9.3625,24
2024-04-12,6,2024-04-18,8.0625,24
2024-04-12,7,2024-04-19,7.5792,24
2024-04-13,0,2024-04-13,16.9458,24
2024-04-13,1,2024-04-14,18.3250,24
2024-04-13,2,2024-04-15,14.5792,24
2024-04-13,3,2024-04-16,10.2625,24
2024-04-13,4,2024-04-17,9.0375,24
2024-04-13,5,2024-04-18,7.7542,24
2024-04-13,6,2024-04-19,8.6792,24
2024-04-13,7,2024-04-20,10.8833,24
2024-04-14,0,2024-04-14,18.1500,24
2024-04-14,1,2024-04-15,13.9708,24
2024-04-14,2,2024-04-16,10.5083,24
2024-04-14,3,2024-04-17,9.8833,24
2024-04-14,4,2024-04-18,9.3458,24
2024-04-14,5,2024-04-19,9.0042,24
2024-04-14,6,2024-04-20,10.2458,24
2024-04-14,7,2024-04-21,11.3625,24
2024-04-15,0,2024-04-15,14.0208,24
2024-04-15,1,2024-04-16,10.9708,24
2024-04-15,2,2024-04-17,10.0958,24
2024-04-15,3,2024-04-18,8.3458,24
2024-04-15,4,2024-04-19,9.0792,24
2024-04-15,5,2024-04-20,10.0292,24
2024-04-15,6,2024-04-21,9.2750,24
2024-04-15,7,2024-04-22,6.2875,24
2024-04-16,0,2024-04-16,10.7833,24
2024-04-16,1,2024-04-17,10.4750,24
2024-04-16,2,2024-04-18,8.6083,24
2024-04-16,3,2024-04-19,9.1000,24
2024-04-16,4,2024-04-20,10.2625,24
2024-04-16,5,2024-04-21,9.8167,24
2024-04-16,6,2024-04-22,8.8542,24
2024-04-16,7,2024-04-23,9.2250,24
2024-04-17,0,2024-04-17,10.4500,24
2024-04-17,1,2024-04-18,8.6958,24
2024-04-17,2,2024-04-19,9.3792,24
2024-04-17,3,2024-04-20,10.4292,24
2024-04-17,4,2024-04-21,9.5042,24
2024-04-17,5,2024-04-22,8.3125,24
2024-04-17,6,2024-04-23,6.3042,24
2024-04-17,7,2024-04-24,5.1792,24
2024-04-18,0,2024-04-18,8.9625,24
2024-04-18,1,2024-04-19,9.3167,24
2024-04-18,2,2024-04-20,10.5708,24
2024-04-18,3,2024-04-21,9.2750,24
2024-04-18,4,2024-04-22,7.4625,24
2024-04-18,5,2024-04-23,4.7208,24
2024-04-18,6,2024-04-24,8.0458,24
2024-04-18,7,2024-04-25,9.3083,24
2024-04-19,0,2024-04-19,9.1958,24
2024-04-19,1,2024-04-20,10.5458,24
2024-04-19,2,2024-04-21,8.7583,24
2024-04-19,3,2024-04-22,7.5625,24
2024-04-19,4,2024-04-23,6.7250,24
2024-04-19,5,2024-04-24,8.5708,24
2024-04-19,6,2024-04-25,9.1000,24
2024-04-19,7,2024-04-26,11.3750,24
2024-04-20,0,2024-04-20,10.6208,24
2024-04-20,1,2024-04-21,8.7250,24
2024-04-20,2,2024-04-22,7.6208,24
2024-04-20,3,2024-04-23,6.1958,24
2024-04-20,4,2024-04-24,8.7583,24
2024-04-20,5,2024-04-25,10.1292,24
2024-04-20,6,2024-04-26,11.1333,24
2024-04-20,7,2024-04-27,11.8250,24
2024-04-21,0,2024-04-21,8.9583,24
2024-04-21,1,2024-04-22,7.6292,24
2024-04-21,2,2024-04-23,6.8833,24
2024-04-21,3,2024-04-24,8.4792,24
2024-04-21,4,2024-04-25,9.7500,24
2024-04-21,5,2024-04-26,12.5167,24
2024-04-21,6,2024-04-27,12.4333,24
2024-04-21,7,2024-04-28,12.1042,24
2024-04-22,0,2024-04-22,8.1292,24
2024-04-22,1,2024-04-23,7.3375,24
2024-04-22,2,2024-04-24,8.2083,24
2024-04-22,3,2024-04-25,10.8500,24
2024-04-22,4,2024-04-26,11.9000,24
2024-04-22,5,2024-04-27,13.6458,24
2024-04-22,6,2024-04-28,12.1667,24
2024-04-22,7,2024-04-29,12.5875,24
2024-04-23,0,2024-04-23,8.0792,24
2024-04-23,1,2024-04-24,8.3625,24
2024-04-23,2,2024-04-25,10.8708,24
2024-04-23,3,2024-04-26,12.2833,24
2024-04-23,4,2024-04-27,12.9833,24
2024-04-23,5,2024-04-28,12.8917,24
2024-04-23,6,2024-04-29,11.2875,24
2024-04-23,7,2024-04-30,12.0667,24
2024-04-24,0,2024-04-24,8.7292,24
2024-04-24,1,2024-04-25,11.1542,24
2024-04-24,2,2024-04-26,12.8333,24
2024-04-24,3,2024-04-27,14.7167,24
2024-04-24,4,2024-04-28,12.6250,24
2024-04-24,5,2024-04-29,12.1958,24
2024-04-24,6,2024-04-30,13.4167,24
2024-04-24,7,2024-05-01,14.5625,24
2024-04-25,0,2024-04-25,10.9167,24
2024-04-25,1,2024-04-26,12.0792,24
2024-04-25,2,2024-04-27,14.1208,24
2024-04-25,3,2024-04-28,12.2417,24
2024-04-25,4,2024-04-29,11.2250,24
2024-04-25,5,2024-04-30,11.8958,24
2024-04-25,6,2024-05-01,13.9542,24
2024-04-25,7,2024-05-02,12.1750,24
2024-04-26,0,2024-04-26,12.8083,24
2024-04-26,1,2024-04-27,14.0000,24
2024-04-26,2,2024-04-28,12.8458,24
2024-04-26,3,2024-04-29,12.3500,24
2024-04-26,4,2024-04-30,14.0333,24
2024-04-26,5,2024-05-01,13.2792,24
2024-04-26,6,2024-05-02,10.3792,24
2024-04-26,7,2024-05-03,11.8042,24
2024-04-27,0,2024-04-27,13.8667,24
2024-04-27,1,2024-04-28,12.9042,24
2024-04-27,2,2024-04-29,12.3958,24
2024-04-27,3,2024-04-30,13.6250,24
2024-04-27,4,2024-05-01,12.0625,24
2024-04-27,5,2024-05-02,9.8750,24
2024-04-27,6,2024-05-03,10.5000,24
2024-04-27,7,2024-05-04,12.2958,24
2024-04-28,0,2024-04-28,13.3708,24
2024-04-28,1,2024-04-29,11.3958,24
2024-04-28,2,2024-04-30,13.5000,24
2024-04-28,3,2024-05-01,9.9333,24
2024-04-28,4,2024-05-02,9.8292,24
2024-04-28,5,2024-05-03,9.7542,24
2024-04-28,6,2024-05-04,10.3417,24
2024-04-28,7,2024-05-05,13.4375,24
2024-04-29,0,2024-04-29,10.8667,24
2024-04-29,1,2024-04-30,13.2208,24
2024-04-29,2,2024-05-01,10.1292,24
2024-04-29,3,2024-05-02,9.9458,24
2024-04-29,4,2024-05-03,10.4250,24
2024-04-29,5,2024-05-04,11.4250,24
2024-04-29,6,2024-05-05,11.1000,24
2024-04-29,7,2024-05-06,11.6583,24
2024-04-30,0,2024-04-30,12.9750,24
2024-04-30,1,2024-05-01,9.9292,24
2024-04-30,2,2024-05-02,9.9417,24
2024-04-30,3,2024-05-03,10.7083,24
2024-04-30,4,2024-05-04,14.1417,24
2024-04-30,5,2024-05-05,16.1875,24
2024-04-30,6,2024-05-06,14.4625,24
2024-04-30,7,2024-05-07,13.9708,24
2024-05-01,0,2024-05-01,10.2625,24
2024-05-01,1,2024-05-02,10.3083,24
2024-05-01,2,2024-05-03,11.3958,24
2024-05-01,3,2024-05-04,14.6417,24
2024-05-01,4,2024-05-05,13.8000,24
2024-05-01,5,2024-05-06,13.9542,24
2024-05-01,6,2024-05-07,13.5500,24
2024-05-01,7,2024-05-08,14.4792,24
2024-05-02,0,2024-05-02,10.3292,24
2024-05-02,1,2024-05-03,11.5000,24
2024-05-02,2,2024-05-04,14.6000,24
2024-05-02,3,2024-05-05,15.2333,24
2024-05-02,4,2024-05-06,11.7625,24
2024-05-02,5,2024-05-07,13.2667,24
2024-05-02,6,2024-05-08,14.3583,24
2024-05-02,7,2024-05-09,15.9708,24
2024-05-03,0,2024-05-03,11.4333,24
2024-05-03,1,2024-05-04,13.5708,24
2024-05-03,2,2024-05-05,16.1375,24
2024-05-03,3,2024-05-06,12.3917,24
2024-05-03,4,2024-05-07,11.5208,24
2024-05-03,5,2024-05-08,14.0292,24
2024-05-03,6,2024-05-09,16.0500,24
2024-05-03,7,2024-05-10,18.2208,24
2024-05-04,0,2024-05-04,15.4083,24
2024-05-04,1,2024-05-05,15.9542,24
2024-05-04,2,2024-05-06,12.8042,24
2024-05-04,3,2024-05-07,12.1042,24
2024-05-04,4,2024-05-08,13.9250,24
2024-05-04,5,2024-05-09,16.2542,24
2024-05-04,6,2024-05-10,17.1125,24
2024-05-04,7,2024-05-11,18.7750,24
2024-05-05,0,2024-05-05,16.2833,24
2024-05-05,1,2024-05-06,13.1333,24
2024-05-05,2,2024-05-07,12.2792,24
2024-05-05,3,2024-05-08,14.1208,24
2024-05-05,4,2024-05-09,15.6917,24
2024-05-05,5,2024-05-10,18.5375,24
2024-05-05,6,2024-05-11,19.1750,24
2024-05-05,7,2024-05-12,19.7792,24
2024-05-06,0,2024-05-06,13.1625,24
2024-05-06,1,2024-05-07,11.9625,24
2024-05-06,2,2024-05-08,14.2375,24
2024-05-06,3,2024-05-09,15.5125,24
2024-05-06,4,2024-05-10,17.5292,24
2024-05-06,5,2024-05-11,18.2917,24
2024-05-06,6,2024-05-12,16.9333,24
2024-05-06,7,2024-05-13,15.0000,24
2024-05-07,0,2024-05-07,11.9875,24
2024-05-07,1,2024-05-08,13.9917,24
2024-05-07,2,2024-05-09,15.5083,24
2024-05-07,3,2024-05-10,17.7375,24
2024-05-07,4,2024-05-11,17.6792,24
2024-05-07,5,2024-05-12,16.5500,24
2024-05-07,6,2024-05-13,15.1333,24
2024-05-07,7,2024-05-14,12.8000,24
2024-05-08,0,2024-05-08,14.1417,24
2024-05-08,1,2024-05-09,15.4208,24
2024-05-08,2,2024-05-10,17.5417,24
2024-05-08,3,2024-05-11,18.0250,24
2024-05-08,4,2024-05-12,15.8625,24
2024-05-08,5,2024-05-13,14.9958,24
2024-05-08,6,2024-05-14,13.1458,24
2024-05-08,7,2024-05-15,12.1708,24
2024-05-09,0,2024-05-09,15.6000,24
2024-05-09,1,2024-05-10,17.4833,24
2024-05-09,2,2024-05-11,17.8458,24
2024-05-09,3,2024-05-12,16.6208,24
2024-05-09,4,2024-05-13,16.8375,24
2024-05-09,5,2024-05-14,12.8250,24
2024-05-09,6,2024-05-15,11.7958,24
2024-05-09,7,2024-05-16,11.4958,24
2024-05-10,0,2024-05-10,17.4875,24
2024-05-10,1,2024-05-11,18.0958,24
2024-05-10,2,2024-05-12,17.2583,24
2024-05-10,3,2024-05-13,17.2458,24
2024-05-10,4,2024-05-14,12.8625,24
2024-05-10,5,2024-05-15,11.8708,24
2024-05-10,6,2024-05-16,12.8375,24
2024-05-10,7,2024-05-17,14.0458,24
2024-05-11,0,2024-05-11,18.5458,24
2024-05-11,1,2024-05-12,17.7833,24
2024-05-11,2,2024-05-13,17.6500,24
2024-05-11,3,2024-05-14,13.3750,24
2024-05-11,4,2024-05-15,12.1333,24
2024-05-11,5,2024-05-16,11.7667,24
2024-05-11,6,2024-05-17,11.9083,24
2024-05-11,7,2024-05-18,12.9917,24
2024-05-12,0,2024-05-12,17.1708,24
2024-05-12,1,2024-05-13,18.4125,24
2024-05-12,2,2024-05-14,13.3208,24
2024-05-12,3,2024-05-15,12.5667,24
2024-05-12,4,2024-05-16,13.3083,24
2024-05-12,5,2024-05-17,13.3917,24
2024-05-12,6,2024-05-18,13.7792,24
2024-05-12,7,2024-05-19,13.9833,24
2024-05-13,0,2024-05-13,18.3375,24
2024-05-13,1,2024-05-14,13.4875,24
2024-05-13,2,2024-05-15,12.3542,24
2024-05-13,3,2024-05-16,12.2208,24
2024-05-13,4,2024-05-17,13.0583,24
2024-05-13,5,2024-05-18,12.8000,24
2024-05-13,6,2024-05-19,13.2833,24
2024-05-13,7,2024-05-20,14.5375,24
2024-05-14,0,2024-05-14,13.0250,24
2024-05-14,1,2024-05-15,12.4000,24
2024-05-14,2,2024-05-16,12.5125,24
2024-05-14,3,2024-05-17,13.7542,24
2024-05-14,4,2024-05-18,13.3583,24
2024-05-14,5,2024-05-19,14.5083,24
2024-05-14,6,2024-05-20,13.8167,24
2024-05-14,7,2024-05-21,14.9417,24
2024-05-15,0,2024-05-15,12.4958,24
2024-05-15,1,2024-05-16,12.6458,24
2024-05-15,2,2024-05-17,13.8875,24
2024-05-15,3,2024-05-18,13.9208,24
2024-05-15,4,2024-05-19,15.3333,24
2024-05-15,5,2024-05-20,14.5625,24
2024-05-15,6,2024-05-21,14.4042,24
2024-05-15,7,2024-05-22,15.2625,24
2024-05-16,0,2024-05-16,12.4417,24
2024-05-16,1,2024-05-17,13.5208,24
2024-05-16,2,2024-05-18,14.2958,24
2024-05-16,3,2024-05-19,14.1625,24
2024-05-16,4,2024-05-20,14.4000,24
2024-05-16,5,2024-05-21,14.7083,24
2024-05-16,6,2024-05-22,14.0125,24
2024-05-16,7,2024-05-23,13.3833,24
2024-05-17,0,2024-05-17,13.4792,24
2024-05-17,1,2024-05-18,14.6583,24
2024-05-17,2,2024-05-19,14.9125,24
2024-05-17,3,2024-05-20,14.7292,24
2024-05-17,4,2024-05-21,14.3333,24
2024-05-17,5,2024-05-22,14.7208,24
2024-05-17,6,2024-05-23,13.6875,24
2024-05-17,7,2024-05-24,15.3250,24
2024-05-18,0,2024-05-18,14.5417,24
2024-05-18,1,2024-05-19,15.2292,24
2024-05-18,2,2024-05-20,14.4208,24
2024-05-18,3,2024-05-21,14.3375,24
2024-05-18,4,2024-05-22,14.1750,24
2024-05-18,5,2024-05-23,14.0250,24
2024-05-18,6,2024-05-24,14.2583,24
2024-05-18,7,2024-05-25,17.5083,24
2024-05-19,0,2024-05-19,14.9167,24
2024-05-19,1,2024-05-20,14.5292,24
2024-05-19,2,2024-05-21,14.2625,24
2024-05-19,3,2024-05-22,14.6125,24
2024-05-19,4,2024-05-23,14.1542,24
2024-05-19,5,2024-05-24,14.6625,24
2024-05-19,6,2024-05-25,16.7000,24
2024-05-19,7,2024-05-26,15.3625,24
2024-05-20,0,2024-05-20,14.2167,24
2024-05-20,1,2024-05-21,14.1375,24
2024-05-20,2,2024-05-22,13.9667,24
2024-05-20,3,2024-05-23,13.7500,24
2024-05-20,4,2024-05-24,14.4000,24
2024-05-20,5,2024-05-25,15.9208,24
2024-05-20,6,2024-05-26,17.8292,24
2024-05-20,7,2024-05-27,15.2833,24
2024-05-21,0,2024-05-21,14.2833,24
2024-05-21,1,2024-05-22,14.2417,24
2024-05-21,2,2024-05-23,14.2833,24
2024-05-21,3,2024-05-24,14.4833,24
2024-05-21,4,2024-05-25,16.0750,24
2024-05-21,5,2024-05-26,18.4458,24
2024-05-21,6,2024-05-27,17.4083,24
2024-05-21,7,2024-05-28,17.7542,24
2024-05-22,0,2024-05-22,14.4417,24
2024-05-22,1,2024-05-23,14.6875,24
2024-05-22,2,2024-05-24,15.1958,24
2024-05-22,3,2024-05-25,16.4667,24
2024-05-22,4,2024-05-26,17.5958,24
2024-05-22,5,2024-05-27,15.3000,24
2024-05-22,6,2024-05-28,14.3667,24
2024-05-22,7,2024-05-29,14.8250,24
2024-05-23,0,2024-05-23,14.6000,24
2024-05-23,1,2024-05-24,15.3375,24
2024-05-23,2,2024-05-25,16.9417,24
2024-05-23,3,2024-05-26,17.3083,24
2024-05-23,4,2024-05-27,15.2292,24
2024-05-23,5,2024-05-28,14.3417,24
2024-05-23,6,2024-05-29,15.8500,24
2024-05-23,7,2024-05-30,17.0042,24
2024-05-24,0,2024-05-24,15.3458,24
2024-05-24,1,2024-05-25,16.6917,24
2024-05-24,2,2024-05-26,16.8875,24
2024-05-24,3,2024-05-27,14.7417,24
2024-05-24,4,2024-05-28,14.2667,24
2024-05-24,5,2024-05-29,16.1042,24
2024-05-24,6,2024-05-30,13.3125,24
2024-05-24,7,2024-05-31,13.9125,24
2024-05-25,0,2024-05-25,17.0417,24
2024-05-25,1,2024-05-26,17.0542,24
2024-05-25,2,2024-05-27,14.9250,24
2024-05-25,3,2024-05-28,15.1833,24
2024-05-25,4,2024-05-29,16.3750,24
2024-05-25,5,2024-05-30,14.4125,24
2024-05-25,6,2024-05-31,13.5625,24
2024-05-25,7,2024-06-01,13.9125,24
2024-05-26,0,2024-05-26,17.2125,24
2024-05-26,1,2024-05-27,15.4292,24
2024-05-26,2,2024-05-28,15.7000,24
2024-05-26,3,2024-05-29,16.3875,24
2024-05-26,4,2024-05-30,14.0500,24
2024-05-26,5,2024-05-31,14.1500,24
2024-05-26,6,2024-06-01,14.1708,24
2024-05-26,7,2024-06-02,13.7458,24
2024-05-27,0,2024-05-27,15.3125,24
2024-05-27,1,2024-05-28,15.5167,24
2024-05-27,2,2024-05-29,16.4250,24
2024-05-27,3,2024-05-30,15.8542,24
2024-05-27,4,2024-05-31,15.1750,24
2024-05-27,5,2024-06-01,15.5792,24
2024-05-27,6,2024-06-02,16.0000,24
2024-05-27,7,2024-06-03,17.4750,24
2024-05-28,0,2024-05-28,15.7333,24
2024-05-28,1,2024-05-29,17.4292,24
2024-05-28,2,2024-05-30,16.4167,24
2024-05-28,3,2024-05-31,15.3708,24
2024-05-28,4,2024-06-01,15.6208,24
2024-05-28,5,2024-06-02,16.1083,24
2024-05-28,6,2024-06-03,15.9833,24
2024-05-28,7,2024-06-04,17.6833,24
2024-05-29,0,2024-05-29,17.7083,24
2024-05-29,1,2024-05-30,16.7125,24
2024-05-29,2,2024-05-31,15.4583,24
2024-05-29,3,2024-06-01,15.9333,24
2024-05-29,4,2024-06-02,16.3875,24
2024-05-29,5,2024-06-03,17.7000,24
2024-05-29,6,2024-06-04,18.9958,24
2024-05-29,7,2024-06-05,20.2500,24
2024-05-30,0,2024-05-30,17.0500,24
2024-05-30,1,2024-05-31,15.6167,24
2024-05-30,2,2024-06-01,15.8417,24
2024-05-30,3,2024-06-02,16.0750,24
2024-05-30,4,2024-06-03,16.8833,24
2024-05-30,5,2024-06-04,17.1792,24
2024-05-30,6,2024-06-05,20.0667,24
2024-05-30,7,2024-06-06,22.2125,24
2024-05-31,0,2024-05-31,15.7833,24
2024-05-31,1,2024-06-01,15.1833,24
2024-05-31,2,2024-06-02,16.4500,24
2024-05-31,3,2024-06-03,18.1167,24
2024-05-31,4,2024-06-04,19.8875,24
2024-05-31,5,2024-06-05,22.6750,24
2024-05-31,6,2024-06-06,23.1583,24
2024-05-31,7,2024-06-07,20.6708,24
2024-06-01,0,2024-06-01,15.3125,24
2024-06-01,1,2024-06-02,16.5375,24
2024-06-01,2,2024-06-03,17.9833,24
2024-06-01,3,2024-06-04,19.0333,24
2024-06-01,4,2024-06-05,20.8958,24
2024-06-01,5,2024-06-06,22.3083,24
2024-06-01,6,2024-06-07,24.1417,24
2024-06-01,7,2024-06-08,19.2042,24
2024-06-02,0,2024-06-02,16.4875,24
2024-06-02,1,2024-06-03,18.0625,24
2024-06-02,2,2024-06-04,19.5667,24
2024-06-02,3,2024-06-05,21.6500,24
2024-06-02,4,2024-06-06,24.4958,24
2024-06-02,5,2024-06-07,24.2792,24
2024-06-02,6,2024-06-08,21.8375,24
2024-06-02,7,2024-06-09,15.6708,24
2024-06-03,0,2024-06-03,17.9292,24
2024-06-03,1,2024-06-04,19.3625,24
2024-06-03,2,2024-06-05,21.6875,24
2024-06-03,3,2024-06-06,23.6875,24
2024-06-03,4,2024-06-07,21.2042,24
2024-06-03,5,2024-06-08,21.6167,24
2024-06-03,6,2024-06-09,16.3458,24
2024-06-03,7,2024-06-10,17.0250,24
2024-06-04,0,2024-06-04,20.0417,24
2024-06-04,1,2024-06-05,22.1792,24
2024-06-04,2,2024-06-06,24.5625,24
2024-06-04,3,2024-06-07,22.4667,24
2024-06-04,4,2024-06-08,22.9000,24
2024-06-04,5,2024-06-09,19.1000,24
2024-06-04,6,2024-06-10,18.0667,24
2024-06-04,7,2024-06-11,18.5125,24
2024-06-05,0,2024-06-05,22.5958,24
2024-06-05,1,2024-06-06,25.1333,24
2024-06-05,2,2024-06-07,22.1458,24
2024-06-05,3,2024-06-08,23.2125,24
2024-06-05,4,2024-06-09,18.8167,24
2024-06-05,5,2024-06-10,17.0083,24
2024-06-05,6,2024-06-11,13.3875,24
2024-06-05,7,2024-06-12,13.1292,24
2024-06-06,0,2024-06-06,24.9833,24
2024-06-06,1,2024-06-07,23.9417,24
2024-06-06,2,2024-06-08,24.1375,24
2024-06-06,3,2024-06-09,17.8917,24
2024-06-06,4,2024-06-10,18.2708,24
2024-06-06,5,2024-06-11,16.7500,24
2024-06-06,6,2024-06-12,16.4667,24
2024-06-06,7,2024-06-13,17.8625,24
2024-06-07,0,2024-06-07,23.9958,24
2024-06-07,1,2024-06-08,24.2417,24
2024-06-07,2,2024-06-09,18.6917,24
2024-06-07,3,2024-06-10,18.7625,24
2024-06-07,4,2024-06-11,17.3208,24
2024-06-07,5,2024-06-12,14.2417,24
2024-06-07,6,2024-06-13,15.1125,24
2024-06-07,7,2024-06-14,17.1000,24
2024-06-08,0,2024-06-08,23.6833,24
2024-06-08,1,2024-06-09,19.0292,24
2024-06-08,2,2024-06-10,18.3000,24
2024-06-08,3,2024-06-11,16.9000,24
2024-06-08,4,2024-06-12,16.7125,24
2024-06-08,5,2024-06-13,16.6375,24
2024-06-08,6,2024-06-14,21.4500,24
2024-06-08,7,2024-06-15,20.7375,24
2024-06-09,0,2024-06-09,18.4083,24
2024-06-09,1,2024-06-10,18.3583,24
2024-06-09,2,2024-06-11,17.0167,24
2024-06-09,3,2024-06-12,16.9792,24
2024-06-09,4,2024-06-13,17.3125,24
2024-06-09,5,2024-06-14,21.8250,24
2024-06-09,6,2024-06-15,19.9125,24
2024-06-09,7,2024-06-16,18.6292,24
2024-06-10,0,2024-06-10,17.8500,24
2024-06-10,1,2024-06-11,16.6000,24
2024-06-10,2,2024-06-12,16.1583,24
2024-06-10,3,2024-06-13,17.1375,24
2024-06-10,4,2024-06-14,21.2750,24
2024-06-10,5,2024-06-15,16.8417,24
2024-06-10,6,2024-06-16,18.4917,24
2024-06-10,7,2024-06-17,17.9208,24
2024-06-11,0,2024-06-11,16.7458,24
2024-06-11,1,2024-06-12,16.5417,24
2024-06-11,2,2024-06-13,17.5542,24
2024-06-11,3,2024-06-14,22.2167,24
2024-06-11,4,2024-06-15,18.3250,24
2024-06-11,5,2024-06-16,20.1917,24
2024-06-11,6,2024-06-17,20.5292,24
2024-06-11,7,2024-06-18,18.9875,24
2024-06-12,0,2024-06-12,16.7625,24
2024-06-12,1,2024-06-13,17.7708,24
2024-06-12,2,2024-06-14,21.8083,24
2024-06-12,3,2024-06-15,17.6625,24
2024-06-12,4,2024-06-16,19.1667,24
2024-06-12,5,2024-06-17,21.7083,24
2024-06-12,6,2024-06-18,21.7500,24
2024-06-12,7,2024-06-19,19.6958,24
2024-06-13,0,2024-06-13,18.0708,24
2024-06-13,1,2024-06-14,21.1583,24
2024-06-13,2,2024-06-15,17.2583,24
2024-06-13,3,2024-06-16,18.4667,24
2024-06-13,4,2024-06-17,21.3917,24
2024-06-13,5,2024-06-18,20.6750,24
2024-06-13,6,2024-06-19,18.4042,24
2024-06-13,7,2024-06-20,17.2125,24
2024-06-14,0,2024-06-14,21.4583,24
2024-06-14,1,2024-06-15,17.4292,24
2024-06-14,2,2024-06-16,18.7833,24
2024-06-14,3,2024-06-17,22.3750,24
2024-06-14,4,2024-06-18,22.9750,24
2024-06-14,5,2024-06-19,20.5292,24
2024-06-14,6,2024-06-20,20.0792,24
2024-06-14,7,2024-06-21,19.2750,24
2024-06-15,0,2024-06-15,16.8083,24
2024-06-15,1,2024-06-16,18.6708,24
2024-06-15,2,2024-06-17,21.8000,24
2024-06-15,3,2024-06-18,23.1917,24
2024-06-15,4,2024-06-19,22.3500,24
2024-06-15,5,2024-06-20,20.2250,24
2024-06-15,6,2024-06-21,18.8042,24
2024-06-15,7,2024-06-22,18.1750,24
2024-06-16,0,2024-06-16,19.4417,24
2024-06-16,1,2024-06-17,21.8917,24
2024-06-16,2,2024-06-18,23.3042,24
2024-06-16,3,2024-06-19,21.4292,24
2024-06-16,4,2024-06-20,18.3000,24
2024-06-16,5,2024-06-21,18.1292,24
2024-06-16,6,2024-06-22,19.1583,24
2024-06-16,7,2024-06-23,20.8250,24
2024-06-17,0,2024-06-17,22.0000,24
2024-06-17,1,2024-06-18,23.4000,24
2024-06-17,2,2024-06-19,21.7958,24
2024-06-17,3,2024-06-20,19.3542,24
2024-06-17,4,2024-06-21,19.1125,24
2024-06-17,5,2024-06-22,19.1333,24
2024-06-17,6,2024-06-23,19.7958,24
2024-06-17,7,2024-06-24,21.5750,24
2024-06-18,0,2024-06-18,23.0208,24
2024-06-18,1,2024-06-19,20.7542,24
2024-06-18,2,2024-06-20,18.5292,24
2024-06-18,3,2024-06-21,18.1292,24
2024-06-18,4,2024-06-22,15.5458,24
2024-06-18,5,2024-06-23,16.0958,24
2024-06-18,6,2024-06-24,17.3458,24
2024-06-18,7,2024-06-25,19.3125,24
2024-06-19,0,2024-06-19,21.1333,24
2024-06-19,1,2024-06-20,18.0083,24
2024-06-19,2,2024-06-21,18.3375,24
2024-06-19,3,2024-06-22,16.8458,24
2024-06-19,4,2024-06-23,16.3750,24
2024-06-19,5,2024-06-24,19.2708,24
2024-06-19,6,2024-06-25,20.8083,24
2024-06-19,7,2024-06-26,22.2500,24
2024-06-20,0,2024-06-20,18.0750,24
2024-06-20,1,2024-06-21,18.0042,24
2024-06-20,2,2024-06-22,17.0167,24
2024-06-20,3,2024-06-23,17.0875,24
2024-06-20,4,2024-06-24,18.9792,24
2024-06-20,5,2024-06-25,22.2708,24
2024-06-20,6,2024-06-26,21.1917,24
2024-06-20,7,2024-06-27,22.4750,24
2024-06-21,0,2024-06-21,17.7833,24
2024-06-21,1,2024-06-22,16.5458,24
2024-06-21,2,2024-06-23,17.6417,24
2024-06-21,3,2024-06-24,19.3250,24
2024-06-21,4,2024-06-25,21.2125,24
2024-06-21,5,2024-06-26,18.3542,24
2024-06-21,6,2024-06-27,18.8667,24
2024-06-21,7,2024-06-28,20.7875,24
2024-06-22,0,2024-06-22,16.2000,24
2024-06-22,1,2024-06-23,17.0042,24
2024-06-22,2,2024-06-24,19.1125,24
2024-06-22,3,2024-06-25,21.3875,24
2024-06-22,4,2024-06-26,23.1083,24
2024-06-22,5,2024-06-27,24.0583,24
2024-06-22,6,2024-06-28,23.6792,24
2024-06-22,7,2024-06-29,19.6667,24
2024-06-23,0,2024-06-23,16.8583,24
2024-06-23,1,2024-06-24,19.0042,24
2024-06-23,2,2024-06-25,21.5000,24
2024-06-23,3,2024-06-26,23.7333,24
2024-06-23,4,2024-06-27,25.6708,24
2024-06-23,5,2024-06-28,24.7458,24
2024-06-23,6,2024-06-29,19.2292,24
2024-06-23,7,2024-06-30,17.9667,24
2024-06-24,0,2024-06-24,19.2750,24
2024-06-24,1,2024-06-25,21.7917,24
2024-06-24,2,2024-06-26,23.8917,24
2024-06-24,3,2024-06-27,25.8417,24
2024-06-24,4,2024-06-28,23.3625,24
2024-06-24,5,2024-06-29,18.7625,24
2024-06-24,6,2024-06-30,17.9417,24
2024-06-24,7,2024-07-01,17.9083,24
2024-06-25,0,2024-06-25,22.2542,24
2024-06-25,1,2024-06-26,24.4083,24
2024-06-25,2,2024-06-27,26.2292,24
2024-06-25,3,2024-06-28,22.6000,24
2024-06-25,4,2024-06-29,20.0708,24
2024-06-25,5,2024-06-30,20.1667,24
2024-06-25,6,2024-07-01,22.0500,24
2024-06-25,7,2024-07-02,19.7625,24
2024-06-26,0,2024-06-26,24.8958,24
2024-06-26,1,2024-06-27,25.1625,24
2024-06-26,2,2024-06-28,25.1500,24
2024-06-26,3,2024-06-29,20.1333,24
2024-06-26,4,2024-06-30,17.8500,24
2024-06-26,5,2024-07-01,18.3333,24
2024-06-26,6,2024-07-02,17.7000,24
2024-06-26,7,2024-07-03,18.6083,24
2024-06-27,0,2024-06-27,26.3583,24
2024-06-27,1,2024-06-28,26.9167,24
2024-06-27,2,2024-06-29,20.7917,24
2024-06-27,3,2024-06-30,19.0292,24
2024-06-27,4,2024-07-01,18.9917,24
2024-06-27,5,2024-07-02,18.5333,24
2024-06-27,6,2024-07-03,18.7125,24
2024-06-27,7,2024-07-04,21.5917,24
2024-06-28,0,2024-06-28,26.4708,24
2024-06-28,1,2024-06-29,20.5417,24
2024-06-28,2,2024-06-30,19.3250,24
2024-06-28,3,2024-07-01,19.1917,24
2024-06-28,4,2024-07-02,18.0000,24
2024-06-28,5,2024-07-03,18.5208,24
2024-06-28,6,2024-07-04,20.3792,24
2024-06-28,7,2024-07-05,23.4500,24
2024-06-29,0,2024-06-29,19.8792,24
2024-06-29,1,2024-06-30,19.2125,24
2024-06-29,2,2024-07-01,18.5458,24
2024-06-29,3,2024-07-02,17.7875,24
2024-06-29,4,2024-07-03,17.9542,24
2024-06-29,5,2024-07-04,19.9792,24
2024-06-29,6,2024-07-05,22.3833,24
2024-06-29,7,2024-07-06,24.0292,24
2024-06-30,0,2024-06-30,18.8500,24
2024-06-30,1,2024-07-01,18.8167,24
2024-06-30,2,2024-07-02,17.5542,24
2024-06-30,3,2024-07-03,18.5167,24
2024-06-30,4,2024-07-04,18.6583,24
2024-06-30,5,2024-07-05,19.9792,24
2024-06-30,6,2024-07-06,22.4083,24
2024-06-30,7,2024-07-07,24.1292,24
2024-07-01,0,2024-07-01,18.5167,24
2024-07-01,1,2024-07-02,17.5833,24
2024-07-01,2,2024-07-03,18.7667,24
2024-07-01,3,2024-07-04,18.5417,24
2024-07-01,4,2024-07-05,19.2917,24
2024-07-01,5,2024-07-06,22.8625,24
2024-07-01,6,2024-07-07,22.5083,24
2024-07-01,7,2024-07-08,26.2792,24
2024-07-02,0,2024-07-02,17.6583,24
2024-07-02,1,2024-07-03,18.2125,24
2024-07-02,2,2024-07-04,18.8958,24
2024-07-02,3,2024-07-05,22.4375,24
2024-07-02,4,2024-07-06,20.1042,24
2024-07-02,5,2024-07-07,18.1375,24
2024-07-02,6,2024-07-08,21.1792,24
2024-07-02,7,2024-07-09,25.2500,24
2024-07-03,0,2024-07-03,18.3625,24
2024-07-03,1,2024-07-04,19.9125,24
2024-07-03,2,2024-07-05,22.4542,24
2024-07-03,3,2024-07-06,18.7125,24
2024-07-03,4,2024-07-07,18.2417,24
2024-07-03,5,2024-07-08,21.5000,24
2024-07-03,6,2024-07-09,25.0083,24
2024-07-03,7,2024-07-10,26.0000,24
2024-07-04,0,2024-07-04,20.0042,24
2024-07-04,1,2024-07-05,22.7958,24
2024-07-04,2,2024-07-06,19.4875,24
2024-07-04,3,2024-07-07,17.7542,24
2024-07-04,4,2024-07-08,21.8000,24
2024-07-04,5,2024-07-09,25.2583,24
2024-07-04,6,2024-07-10,24.5792,24
2024-07-04,7,2024-07-11,28.1500,24
2024-07-05,0,2024-07-05,22.8458,24
2024-07-05,1,2024-07-06,19.5875,24
2024-07-05,2,2024-07-07,19.4458,24
2024-07-05,3,2024-07-08,23.3792,24
2024-07-05,4,2024-07-09,25.8875,24
2024-07-05,5,2024-07-10,24.3125,24
2024-07-05,6,2024-07-11,26.9000,24
2024-07-05,7,2024-07-12,25.3333,24
2024-07-06,0,2024-07-06,19.0833,24
2024-07-06,1,2024-07-07,18.6208,24
2024-07-06,2,2024-07-08,22.4542,24
2024-07-06,3,2024-07-09,25.0875,24
2024-07-06,4,2024-07-10,23.3333,24
2024-07-06,5,2024-07-11,26.2042,24
2024-07-06,6,2024-07-12,20.4208,24
2024-07-06,7,2024-07-13,17.3625,24
2024-07-07,0,2024-07-07,18.5958,24
2024-07-07,1,2024-07-08,22.0708,24
2024-07-07,2,2024-07-09,24.7000,24
2024-07-07,3,2024-07-10,25.8667,24
2024-07-07,4,2024-07-11,26.2625,24
2024-07-07,5,2024-07-12,19.6375,24
2024-07-07,6,2024-07-13,17.8125,24
2024-07-07,7,2024-07-14,18.0208,24
2024-07-08,0,2024-07-08,22.1792,24
2024-07-08,1,2024-07-09,24.0708,24
2024-07-08,2,2024-07-10,24.9667,24
2024-07-08,3,2024-07-11,26.5625,24
2024-07-08,4,2024-07-12,19.4042,24
2024-07-08,5,2024-07-13,17.8917,24
2024-07-08,6,2024-07-14,23.3958,24
2024-07-08,7,2024-07-15,25.5292,24
2024-07-09,0,2024-07-09,24.2250,24
2024-07-09,1,2024-07-10,24.6917,24
2024-07-09,2,2024-07-11,25.4083,24
2024-07-09,3,2024-07-12,19.9458,24
2024-07-09,4,2024-07-13,17.9667,24
2024-07-09,5,2024-07-14,23.6708,24
2024-07-09,6,2024-07-15,23.2958,24
2024-07-09,7,2024-07-16,20.6208,24
2024-07-10,0,2024-07-10,24.6708,24
2024-07-10,1,2024-07-11,25.7792,24
2024-07-10,2,2024-07-12,19.6667,24
2024-07-10,3,2024-07-13,17.0167,24
2024-07-10,4,2024-07-14,21.9375,24
2024-07-10,5,2024-07-15,22.6750,24
2024-07-10,6,2024-07-16,22.8792,24
2024-07-10,7,2024-07-17,24.2375,24
2024-07-11,0,2024-07-11,25.7417,24
2024-07-11,1,2024-07-12,19.8958,24
2024-07-11,2,2024-07-13,17.2375,24
2024-07-11,3,2024-07-14,22.6625,24
2024-07-11,4,2024-07-15,23.4667,24
2024-07-11,5,2024-07-16,23.2417,24
2024-07-11,6,2024-07-17,24.1792,24
2024-07-11,7,2024-07-18,28.0458,24
2024-07-12,0,2024-07-12,20.0458,24
2024-07-12,1,2024-07-13,17.1667,24
2024-07-12,2,2024-07-14,22.9083,24
2024-07-12,3,2024-07-15,22.3917,24
2024-07-12,4,2024-07-16,20.7000,24
2024-07-12,5,2024-07-17,23.2083,24
2024-07-12,6,2024-07-18,26.0167,24
2024-07-12,7,2024-07-19,26.0917,24
2024-07-13,0,2024-07-13,17.1333,24
2024-07-13,1,2024-07-14,22.6375,24
2024-07-13,2,2024-07-15,24.0417,24
2024-07-13,3,2024-07-16,21.9417,24
2024-07-13,4,2024-07-17,22.1875,24
2024-07-13,5,2024-07-18,25.6375,24
2024-07-13,6,2024-07-19,28.0208,24
2024-07-13,7,2024-07-20,27.3958,24
2024-07-14,0,2024-07-14,22.2000,24
2024-07-14,1,2024-07-15,24.2250,24
2024-07-14,2,2024-07-16,22.1583,24
2024-07-14,3,2024-07-17,22.2125,24
2024-07-14,4,2024-07-18,26.6875,24
2024-07-14,5,2024-07-19,25.6500,24
2024-07-14,6,2024-07-20,24.6417,24
2024-07-14,7,2024-07-21,24.8667,24
2024-07-15,0,2024-07-15,23.5542,24
2024-07-15,1,2024-07-16,22.1250,24
2024-07-15,2,2024-07-17,22.7792,24
2024-07-15,3,2024-07-18,26.4917,24
2024-07-15,4,2024-07-19,26.7125,24
2024-07-15,5,2024-07-20,25.0292,24
2024-07-15,6,2024-07-21,24.9333,24
2024-07-15,7,2024-07-22,27.9292,24
2024-07-16,0,2024-07-16,21.4542,24
2024-07-16,1,2024-07-17,22.4917,24
2024-07-16,2,2024-07-18,26.3417,24
2024-07-16,3,2024-07-19,27.2417,24
2024-07-16,4,2024-07-20,27.3375,24
2024-07-16,5,2024-07-21,23.2917,24
2024-07-16,6,2024-07-22,23.3750,24
2024-07-16,7,2024-07-23,26.1792,24
2024-07-17,0,2024-07-17,21.8542,24
2024-07-17,1,2024-07-18,26.3750,24
2024-07-17,2,2024-07-19,26.7167,24
2024-07-17,3,2024-07-20,25.1333,24
2024-07-17,4,2024-07-21,21.8875,24
2024-07-17,5,2024-07-22,21.8750,24
2024-07-17,6,2024-07-23,24.6042,24
2024-07-17,7,2024-07-24,24.4125,24
2024-07-18,0,2024-07-18,26.0875,24
2024-07-18,1,2024-07-19,26.8542,24
2024-07-18,2,2024-07-20,25.8375,24
2024-07-18,3,2024-07-21,21.1250,24
2024-07-18,4,2024-07-22,19.3667,24
2024-07-18,5,2024-07-23,21.4500,24
2024-07-18,6,2024-07-24,21.8458,24
2024-07-18,7,2024-07-25,23.0875,24
2024-07-19,0,2024-07-19,26.4667,24
2024-07-19,1,2024-07-20,25.9500,24
2024-07-19,2,2024-07-21,19.6625,24
2024-07-19,3,2024-07-22,18.3792,24
2024-07-19,4,2024-07-23,21.5250,24
2024-07-19,5,2024-07-24,22.4000,24
2024-07-19,6,2024-07-25,22.5292,24
2024-07-19,7,2024-07-26,23.5708,24
2024-07-20,0,2024-07-20,26.1292,24
2024-07-20,1,2024-07-21,19.2958,24
2024-07-20,2,2024-07-22,18.4750,24
2024-07-20,3,2024-07-23,21.2333,24
2024-07-20,4,2024-07-24,22.0208,24
2024-07-20,5,2024-07-25,22.6250,24
2024-07-20,6,2024-07-26,24.0000,24
2024-07-20,7,2024-07-27,25.8208,24
2024-07-21,0,2024-07-21,19.2667,24
2024-07-21,1,2024-07-22,19.0958,24
2024-07-21,2,2024-07-23,20.8583,24
2024-07-21,3,2024-07-24,21.9083,24
2024-07-21,4,2024-07-25,21.9042,24
2024-07-21,5,2024-07-26,23.2792,24
2024-07-21,6,2024-07-27,23.9500,24
2024-07-21,7,2024-07-28,26.4708,24
2024-07-22,0,2024-07-22,18.3500,24
2024-07-22,1,2024-07-23,20.8667,24
2024-07-22,2,2024-07-24,22.0792,24
2024-07-22,3,2024-07-25,22.0958,24
2024-07-22,4,2024-07-26,22.8250,24
2024-07-22,5,2024-07-27,24.6167,24
2024-07-22,6,2024-07-28,25.8708,24
2024-07-22,7,2024-07-29,29.7542,24
2024-07-23,0,2024-07-23,20.7667,24
2024-07-23,1,2024-07-24,22.4208,24
2024-07-23,2,2024-07-25,22.2542,24
2024-07-23,3,2024-07-26,22.7083,24
2024-07-23,4,2024-07-27,22.1625,24
2024-07-23,5,2024-07-28,22.4667,24
2024-07-23,6,2024-07-29,26.3542,24
2024-07-23,7,2024-07-30,29.2167,24
2024-07-24,0,2024-07-24,22.8875,24
2024-07-24,1,2024-07-25,22.4708,24
2024-07-24,2,2024-07-26,22.3667,24
2024-07-24,3,2024-07-27,24.4750,24
2024-07-24,4,2024-07-28,23.7625,24
2024-07-24,5,2024-07-29,27.4458,24
2024-07-24,6,2024-07-30,29.2500,24
2024-07-24,7,2024-07-31,30.1417,24
2024-07-25,0,2024-07-25,22.6792,24
2024-07-25,1,2024-07-26,22.8667,24
2024-07-25,2,2024-07-27,25.0583,24
2024-07-25,3,2024-07-28,26.8000,24
2024-07-25,4,2024-07-29,30.1167,24
2024-07-25,5,2024-07-30,30.6083,24
2024-07-25,6,2024-07-31,27.7708,24
2024-07-25,7,2024-08-01,22.8792,24
2024-07-26,0,2024-07-26,23.1500,24
2024-07-26,1,2024-07-27,24.8667,24
2024-07-26,2,2024-07-28,26.8208,24
2024-07-26,3,2024-07-29,29.5125,24
2024-07-26,4,2024-07-30,29.9000,24
2024-07-26,5,2024-07-31,27.5958,24
2024-07-26,6,2024-08-01,25.6292,24
2024-07-26,7,2024-08-02,25.2208,24
2024-07-27,0,2024-07-27,24.8875,24
2024-07-27,1,2024-07-28,26.7417,24
2024-07-27,2,2024-07-29,29.5542,24
2024-07-27,3,2024-07-30,29.3458,24
2024-07-27,4,2024-07-31,29.0333,24
2024-07-27,5,2024-08-01,28.0917,24
2024-07-27,6,2024-08-02,23.3042,24
2024-07-27,7,2024-08-03,23.8958,24
2024-07-28,0,2024-07-28,26.8042,24
2024-07-28,1,2024-07-29,29.1208,24
2024-07-28,2,2024-07-30,29.7542,24
2024-07-28,3,2024-07-31,28.9833,24
2024-07-28,4,2024-08-01,25.3125,24
2024-07-28,5,2024-08-02,23.9542,24
2024-07-28,6,2024-08-03,23.7125,24
2024-07-28,7,2024-08-04,26.4083,24
2024-07-29,0,2024-07-29,28.0500,24
2024-07-29,1,2024-07-30,28.7333,24
2024-07-29,2,2024-07-31,29.2542,24
2024-07-29,3,2024-08-01,26.2083,24
2024-07-29,4,2024-08-02,24.5833,24
2024-07-29,5,2024-08-03,23.2292,24
2024-07-29,6,2024-08-04,24.2625,24
2024-07-29,7,2024-08-05,28.0042,24
2024-07-30,0,2024-07-30,27.9292,24
2024-07-30,1,2024-07-31,28.8667,24
2024-07-30,2,2024-08-01,26.0042,24
2024-07-30,3,2024-08-02,24.9167,24
2024-07-30,4,2024-08-03,23.5667,24
2024-07-30,5,2024-08-04,24.2917,24
2024-07-30,6,2024-08-05,26.2083,24
2024-07-30,7,2024-08-06,27.0667,24
2024-07-31,0,2024-07-31,27.9958,24
2024-07-31,1,2024-08-01,25.8375,24
2024-07-31,2,2024-08-02,24.1417,24
2024-07-31,3,2024-08-03,22.7458,24
2024-07-31,4,2024-08-04,23.2875,24
2024-07-31,5,2024-08-05,26.2542,24
2024-07-31,6,2024-08-06,25.9250,24
2024-07-31,7,2024-08-07,26.7333,24
2024-08-01,0,2024-08-01,26.0083,24
2024-08-01,1,2024-08-02,23.8292,24
2024-08-01,2,2024-08-03,22.7792,24
2024-08-01,3,2024-08-04,23.3625,24
2024-08-01,4,2024-08-05,26.1000,24
2024-08-01,5,2024-08-06,26.4667,24
2024-08-01,6,2024-08-07,24.6792,24
2024-08-01,7,2024-08-08,24.7208,24
2024-08-02,0,2024-08-02,23.4458,24
2024-08-02,1,2024-08-03,22.3750,24
2024-08-02,2,2024-08-04,23.3833,24
2024-08-02,3,2024-08-05,25.3917,24
2024-08-02,4,2024-08-06,26.2833,24
2024-08-02,5,2024-08-07,26.5500,24
2024-08-02,6,2024-08-08,24.8042,24
2024-08-02,7,2024-08-09,26.4417,24
2024-08-03,0,2024-08-03,21.7375,24
2024-08-03,1,2024-08-04,22.7667,24
2024-08-03,2,2024-08-05,25.0333,24
2024-08-03,3,2024-08-06,25.4875,24
2024-08-03,4,2024-08-07,25.2292,24
2024-08-03,5,2024-08-08,26.5208,24
2024-08-03,6,2024-08-09,27.0667,24
2024-08-03,7,2024-08-10,28.4083,24
2024-08-04,0,2024-08-04,22.5333,24
2024-08-04,1,2024-08-05,25.0458,24
2024-08-04,2,2024-08-06,25.5542,24
2024-08-04,3,2024-08-07,25.7792,24
2024-08-04,4,2024-08-08,27.2917,24
2024-08-04,5,2024-08-09,28.5833,24
2024-08-04,6,2024-08-10,29.6375,24
2024-08-04,7,2024-08-11,27.4458,24
2024-08-05,0,2024-08-05,24.5000,24
2024-08-05,1,2024-08-06,25.7250,24
2024-08-05,2,2024-08-07,25.9208,24
2024-08-05,3,2024-08-08,26.8292,24
2024-08-05,4,2024-08-09,26.2208,24
2024-08-05,5,2024-08-10,27.4917,24
2024-08-05,6,2024-08-11,29.1792,24
2024-08-05,7,2024-08-12,26.1000,24
2024-08-06,0,2024-08-06,25.7000,24
2024-08-06,1,2024-08-07,25.5958,24
2024-08-06,2,2024-08-08,26.6125,24
2024-08-06,3,2024-08-09,26.0917,24
2024-08-06,4,2024-08-10,26.6792,24
2024-08-06,5,2024-08-11,29.5208,24
2024-08-06,6,2024-08-12,28.2042,24
2024-08-06,7,2024-08-13,25.6083,24
2024-08-07,0,2024-08-07,24.4042,24
2024-08-07,1,2024-08-08,25.8250,24
2024-08-07,2,2024-08-09,26.1917,24
2024-08-07,3,2024-08-10,27.5542,24
2024-08-07,4,2024-08-11,29.2375,24
2024-08-07,5,2024-08-12,29.1500,24
2024-08-07,6,2024-08-13,25.9125,24
2024-08-07,7,2024-08-14,24.9750,24
2024-08-08,0,2024-08-08,25.3625,24
2024-08-08,1,2024-08-09,25.8250,24
2024-08-08,2,2024-08-10,27.4958,24
2024-08-08,3,2024-08-11,28.8333,24
2024-08-08,4,2024-08-12,25.3375,24
2024-08-08,5,2024-08-13,24.6042,24
2024-08-08,6,2024-08-14,23.9708,24
2024-08-08,7,2024-08-15,23.1875,24
2024-08-09,0,2024-08-09,25.7500,24
2024-08-09,1,2024-08-10,27.7292,24
2024-08-09,2,2024-08-11,29.2875,24
2024-08-09,3,2024-08-12,27.8333,24
2024-08-09,4,2024-08-13,24.4167,24
2024-08-09,5,2024-08-14,22.2917,24
2024-08-09,6,2024-08-15,21.9000,24
2024-08-09,7,2024-08-16,22.6458,24
2024-08-10,0,2024-08-10,27.2375,24
2024-08-10,1,2024-08-11,29.2333,24
2024-08-10,2,2024-08-12,27.5625,24
2024-08-10,3,2024-08-13,24.4917,24
2024-08-10,4,2024-08-14,20.8208,24
2024-08-10,5,2024-08-15,20.3833,24
2024-08-10,6,2024-08-16,20.8125,24
2024-08-10,7,2024-08-17,19.7208,24
2024-08-11,0,2024-08-11,28.4083,24
2024-08-11,1,2024-08-12,26.8917,24
2024-08-11,2,2024-08-13,23.8833,24
2024-08-11,3,2024-08-14,19.5208,24
2024-08-11,4,2024-08-15,20.3375,24
2024-08-11,5,2024-08-16,22.2958,24
2024-08-11,6,2024-08-17,22.0583,24
2024-08-11,7,2024-08-18,22.3500,24
2024-08-12,0,2024-08-12,26.7208,24
2024-08-12,1,2024-08-13,23.6625,24
2024-08-12,2,2024-08-14,20.2208,24
2024-08-12,3,2024-08-15,20.8042,24
2024-08-12,4,2024-08-16,22.1958,24
2024-08-12,5,2024-08-17,21.2292,24
2024-08-12,6,2024-08-18,18.9292,24
2024-08-12,7,2024-08-19,19.7958,24
2024-08-13,0,2024-08-13,23.5000,24
2024-08-13,1,2024-08-14,19.8500,24
2024-08-13,2,2024-08-15,20.0542,24
2024-08-13,3,2024-08-16,22.4667,24
2024-08-13,4,2024-08-17,22.2292,24
2024-08-13,5,2024-08-18,21.0208,24
2024-08-13,6,2024-08-19,19.1792,24
2024-08-13,7,2024-08-20,20.7500,24
2024-08-14,0,2024-08-14,19.0292,24
2024-08-14,1,2024-08-15,19.8125,24
2024-08-14,2,2024-08-16,21.8708,24
2024-08-14,3,2024-08-17,21.1792,24
2024-08-14,4,2024-08-18,21.1417,24
2024-08-14,5,2024-08-19,19.8583,24
2024-08-14,6,2024-08-20,20.6167,24
2024-08-14,7,2024-08-21,21.6792,24
2024-08-15,0,2024-08-15,19.4000,24
2024-08-15,1,2024-08-16,21.3583,24
2024-08-15,2,2024-08-17,20.9458,24
2024-08-15,3,2024-08-18,20.4875,24
2024-08-15,4,2024-08-19,18.9917,24
2024-08-15,5,2024-08-20,20.5083,24
2024-08-15,6,2024-08-21,20.3917,24
2024-08-15,7,2024-08-22,21.5542,24
2024-08-16,0,2024-08-16,22.1542,24
2024-08-16,1,2024-08-17,21.3708,24
2024-08-16,2,2024-08-18,20.8542,24
2024-08-16,3,2024-08-19,19.4500,24
2024-08-16,4,2024-08-20,20.7500,24
2024-08-16,5,2024-08-21,21.2083,24
2024-08-16,6,2024-08-22,22.0250,24
2024-08-16,7,2024-08-23,23.5917,24
2024-08-17,0,2024-08-17,22.2042,24
2024-08-17,1,2024-08-18,20.8750,24
2024-08-17,2,2024-08-19,19.3625,24
2024-08-17,3,2024-08-20,21.1833,24
2024-08-17,4,2024-08-21,21.3167,24
2024-08-17,5,2024-08-22,23.7708,24
2024-08-17,6,2024-08-23,24.2375,24
2024-08-17,7,2024-08-24,24.9875,24
2024-08-18,0,2024-08-18,20.5083,24
2024-08-18,1,2024-08-19,19.3250,24
2024-08-18,2,2024-08-20,20.6250,24
2024-08-18,3,2024-08-21,21.0375,24
2024-08-18,4,2024-08-22,23.7000,24
2024-08-18,5,2024-08-23,24.1792,24
2024-08-18,6,2024-08-24,23.7583,24
2024-08-18,7,2024-08-25,22.5708,24
2024-08-19,0,2024-08-19,18.9875,24
2024-08-19,1,2024-08-20,20.6417,24
2024-08-19,2,2024-08-21,21.4458,24
2024-08-19,3,2024-08-22,23.6708,24
2024-08-19,4,2024-08-23,23.4000,24
2024-08-19,5,2024-08-24,24.1583,24
2024-08-19,6,2024-08-25,20.8792,24
2024-08-19,7,2024-08-26,19.4958,24
2024-08-20,0,2024-08-20,20.4667,24
2024-08-20,1,2024-08-21,21.0083,24
2024-08-20,2,2024-08-22,22.3167,24
2024-08-20,3,2024-08-23,23.0917,24
2024-08-20,4,2024-08-24,24.2542,24
2024-08-20,5,2024-08-25,19.9042,24
2024-08-20,6,2024-08-26,18.8500,24
2024-08-20,7,2024-08-27,20.2292,24
2024-08-21,0,2024-08-21,20.7167,24
2024-08-21,1,2024-08-22,22.3167,24
2024-08-21,2,2024-08-23,23.2250,24
2024-08-21,3,2024-08-24,25.0417,24
2024-08-21,4,2024-08-25,19.2125,24
2024-08-21,5,2024-08-26,19.0417,24
2024-08-21,6,2024-08-27,22.8750,24
2024-08-21,7,2024-08-28,23.1917,24
2024-08-22,0,2024-08-22,21.9417,24
2024-08-22,1,2024-08-23,22.6833,24
2024-08-22,2,2024-08-24,24.6042,24
2024-08-22,3,2024-08-25,19.6917,24
2024-08-22,4,2024-08-26,18.6042,24
2024-08-22,5,2024-08-27,20.0792,24
2024-08-22,6,2024-08-28,22.0500,24
2024-08-22,7,2024-08-29,24.2792,24
2024-08-23,0,2024-08-23,23.2125,24
2024-08-23,1,2024-08-24,25.0417,24
2024-08-23,2,2024-08-25,20.4667,24
2024-08-23,3,2024-08-26,19.1208,24
2024-08-23,4,2024-08-27,20.6792,24
2024-08-23,5,2024-08-28,21.7458,24
2024-08-23,6,2024-08-29,24.0500,24
2024-08-23,7,2024-08-30,22.1750,24
2024-08-24,0,2024-08-24,24.4083,24
2024-08-24,1,2024-08-25,20.2208,24
2024-08-24,2,2024-08-26,19.7875,24
2024-08-24,3,2024-08-27,21.2250,24
2024-08-24,4,2024-08-28,23.7458,24
2024-08-24,5,2024-08-29,23.9000,24
2024-08-24,6,2024-08-30,24.7583,24
2024-08-24,7,2024-08-31,24.9917,24
2024-08-25,0,2024-08-25,19.9250,24
2024-08-25,1,2024-08-26,19.3875,24
2024-08-25,2,2024-08-27,20.7458,24
2024-08-25,3,2024-08-28,23.3792,24
2024-08-25,4,2024-08-29,22.5583,24
2024-08-25,5,2024-08-30,24.5208,24
2024-08-25,6,2024-08-31,26.4417,24
2024-08-25,7,2024-09-01,24.9042,24
2024-08-26,0,2024-08-26,19.0417,24
2024-08-26,1,2024-08-27,20.9250,24
2024-08-26,2,2024-08-28,23.2833,24
2024-08-26,3,2024-08-29,23.6292,24
2024-08-26,4,2024-08-30,23.4542,24
2024-08-26,5,2024-08-31,23.4333,24
2024-08-26,6,2024-09-01,21.6250,24
2024-08-26,7,2024-09-02,21.5042,24
2024-08-27,0,2024-08-27,21.2417,24
2024-08-27,1,2024-08-28,23.8958,24
2024-08-27,2,2024-08-29,23.7583,24
2024-08-27,3,2024-08-30,24.1292,24
2024-08-27,4,2024-08-31,25.6958,24
2024-08-27,5,2024-09-01,23.4292,24
2024-08-27,6,2024-09-02,23.6417,24
2024-08-27,7,2024-09-03,25.3625,24
2024-08-28,0,2024-08-28,23.8875,24
2024-08-28,1,2024-08-29,23.2375,24
2024-08-28,2,2024-08-30,23.8458,24
2024-08-28,3,2024-08-31,24.2125,24
2024-08-28,4,2024-09-01,21.3042,24
2024-08-28,5,2024-09-02,22.0667,24
2024-08-28,6,2024-09-03,23.7333,24
2024-08-28,7,2024-09-04,25.0208,24
2024-08-29,0,2024-08-29,23.4958,24
2024-08-29,1,2024-08-30,24.3792,24
2024-08-29,2,2024-08-31,24.5375,24
2024-08-29,3,2024-09-01,21.7250,24
2024-08-29,4,2024-09-02,21.5083,24
2024-08-29,5,2024-09-03,20.0500,24
2024-08-29,6,2024-09-04,21.0750,24
2024-08-29,7,2024-09-05,25.0417,24
2024-08-30,0,2024-08-30,24.0292,24
2024-08-30,1,2024-08-31,23.9083,24
2024-08-30,2,2024-09-01,21.1042,24
2024-08-30,3,2024-09-02,21.7292,24
2024-08-30,4,2024-09-03,19.3917,24
2024-08-30,5,2024-09-04,19.1292,24
2024-08-30,6,2024-09-05,21.1208,24
2024-08-30,7,2024-09-06,25.3292,24
2024-08-31,0,2024-08-31,24.2583,24
2024-08-31,1,2024-09-01,21.1375,24
2024-08-31,2,2024-09-02,21.7625,24
2024-08-31,3,2024-09-03,18.5708,24
2024-08-31,4,2024-09-04,18.2583,24
2024-08-31,5,2024-09-05,16.8667,24
2024-08-31,6,2024-09-06,17.6167,24
2024-08-31,7,2024-09-07,22.5583,24
2024-09-01,0,2024-09-01,20.6750,24
2024-09-01,1,2024-09-02,21.0250,24
2024-09-01,2,2024-09-03,19.3542,24
2024-09-01,3,2024-09-04,19.2292,24
2024-09-01,4,2024-09-05,18.1542,24
2024-09-01,5,2024-09-06,16.1625,24
2024-09-01,6,2024-09-07,13.7375,24
2024-09-01,7,2024-09-08,15.5625,24
2024-09-02,0,2024-09-02,21.6042,24
2024-09-02,1,2024-09-03,19.5000,24
2024-09-02,2,2024-09-04,17.8917,24
2024-09-02,3,2024-09-05,17.0042,24
2024-09-02,4,2024-09-06,15.3458,24
2024-09-02,5,2024-09-07,14.1000,24
2024-09-02,6,2024-09-08,14.4125,24
2024-09-02,7,2024-09-09,17.6125,24
2024-09-03,0,2024-09-03,19.6417,24
2024-09-03,1,2024-09-04,17.1167,24
2024-09-03,2,2024-09-05,16.5292,24
2024-09-03,3,2024-09-06,19.0458,24
2024-09-03,4,2024-09-07,19.3500,24
2024-09-03,5,2024-09-08,17.4875,24
2024-09-03,6,2024-09-09,16.9500,24
2024-09-03,7,2024-09-10,17.1875,24
2024-09-04,0,2024-09-04,16.8542,24
2024-09-04,1,2024-09-05,16.8417,24
2024-09-04,2,2024-09-06,19.2458,24
2024-09-04,3,2024-09-07,20.8292,24
2024-09-04,4,2024-09-08,17.9333,24
2024-09-04,5,2024-09-09,17.0458,24
2024-09-04,6,2024-09-10,17.4333,24
2024-09-04,7,2024-09-11,15.5125,24
2024-09-05,0,2024-09-05,16.8625,24
2024-09-05,1,2024-09-06,19.0042,24
2024-09-05,2,2024-09-07,20.9208,24
2024-09-05,3,2024-09-08,17.3708,24
2024-09-05,4,2024-09-09,18.1750,24
2024-09-05,5,2024-09-10,16.8958,24
2024-09-05,6,2024-09-11,16.9750,24
2024-09-05,7,2024-09-12,15.4083,24
2024-09-06,0,2024-09-06,18.8875,24
2024-09-06,1,2024-09-07,20.8708,24
2024-09-06,2,2024-09-08,18.0042,24
2024-09-06,3,2024-09-09,17.9667,24
2024-09-06,4,2024-09-10,16.8042,24
2024-09-06,5,2024-09-11,16.7500,24
2024-09-06,6,2024-09-12,13.9208,24
2024-09-06,7,2024-09-13,12.4750,24
2024-09-07,0,2024-09-07,20.5583,24
2024-09-07,1,2024-09-08,17.4208,24
2024-09-07,2,2024-09-09,17.8750,24
2024-09-07,3,2024-09-10,17.1583,24
2024-09-07,4,2024-09-11,16.0250,24
2024-09-07,5,2024-09-12,13.7667,24
2024-09-07,6,2024-09-13,11.7583,24
2024-09-07,7,2024-09-14,13.0417,24
2024-09-08,0,2024-09-08,17.4208,24
2024-09-08,1,2024-09-09,18.0083,24
2024-09-08,2,2024-09-10,16.7750,24
2024-09-08,3,2024-09-11,15.8875,24
2024-09-08,4,2024-09-12,13.8208,24
2024-09-08,5,2024-09-13,12.5375,24
2024-09-08,6,2024-09-14,12.5875,24
2024-09-08,7,2024-09-15,14.0708,24
2024-09-09,0,2024-09-09,17.7292,24
2024-09-09,1,2024-09-10,16.9958,24
2024-09-09,2,2024-09-11,16.2833,24
2024-09-09,3,2024-09-12,14.4000,24
2024-09-09,4,2024-09-13,12.5292,24
2024-09-09,5,2024-09-14,12.3833,24
2024-09-09,6,2024-09-15,12.8333,24
2024-09-09,7,2024-09-16,13.5292,24
2024-09-10,0,2024-09-10,17.1667,24
2024-09-10,1,2024-09-11,16.3375,24
2024-09-10,2,2024-09-12,14.6708,24
2024-09-10,3,2024-09-13,13.1125,24
2024-09-10,4,2024-09-14,12.2625,24
2024-09-10,5,2024-09-15,14.0042,24
2024-09-10,6,2024-09-16,16.0500,24
2024-09-10,7,2024-09-17,17.7167,24
2024-09-11,0,2024-09-11,16.4500,24
2024-09-11,1,2024-09-12,14.4875,24
2024-09-11,2,2024-09-13,12.8250,24
2024-09-11,3,2024-09-14,12.9625,24
2024-09-11,4,2024-09-15,13.7625,24
2024-09-11,5,2024-09-16,15.6000,24
2024-09-11,6,2024-09-17,16.2417,24
2024-09-11,7,2024-09-18,17.5583,24
2024-09-12,0,2024-09-12,14.2417,24
2024-09-12,1,2024-09-13,13.1167,24
2024-09-12,2,2024-09-14,12.7042,24
2024-09-12,3,2024-09-15,12.9625,24
2024-09-12,4,2024-09-16,14.4708,24
2024-09-12,5,2024-09-17,15.4250,24
2024-09-12,6,2024-09-18,16.1583,24
2024-09-12,7,2024-09-19,16.5000,24
2024-09-13,0,2024-09-13,12.8417,24
2024-09-13,1,2024-09-14,12.8583,24
2024-09-13,2,2024-09-15,13.2292,24
2024-09-13,3,2024-09-16,14.6542,24
2024-09-13,4,2024-09-17,14.8583,24
2024-09-13,5,2024-09-18,17.1125,24
2024-09-13,6,2024-09-19,17.1333,24
2024-09-13,7,2024-09-20,16.3042,24
2024-09-14,0,2024-09-14,12.4583,24
2024-09-14,1,2024-09-15,13.1250,24
2024-09-14,2,2024-09-16,15.0583,24
2024-09-14,3,2024-09-17,15.5583,24
2024-09-14,4,2024-09-18,16.1875,24
2024-09-14,5,2024-09-19,17.2500,24
2024-09-14,6,2024-09-20,18.7458,24
2024-09-14,7,2024-09-21,18.9958,24
2024-09-15,0,2024-09-15,13.0167,24
2024-09-15,1,2024-09-16,14.8292,24
2024-09-15,2,2024-09-17,15.8542,24
2024-09-15,3,2024-09-18,17.2125,24
2024-09-15,4,2024-09-19,17.6833,24
2024-09-15,5,2024-09-20,19.6917,24
2024-09-15,6,2024-09-21,19.0583,24
2024-09-15,7,2024-09-22,17.9292,24
2024-09-16,0,2024-09-16,14.8208,24
2024-09-16,1,2024-09-17,15.4750,24
2024-09-16,2,2024-09-18,17.1792,24
2024-09-16,3,2024-09-19,18.5000,24
2024-09-16,4,2024-09-20,19.1958,24
2024-09-16,5,2024-09-21,19.0833,24
2024-09-16,6,2024-09-22,18.3875,24
2024-09-16,7,2024-09-23,15.3542,24
2024-09-17,0,2024-09-17,15.4292,24
2024-09-17,1,2024-09-18,17.2833,24
2024-09-17,2,2024-09-19,18.4458,24
2024-09-17,3,2024-09-20,19.4583,24
2024-09-17,4,2024-09-21,19.7583,24
2024-09-17,5,2024-09-22,19.8458,24
2024-09-17,6,2024-09-23,16.3708,24
2024-09-17,7,2024-09-24,15.2083,24
2024-09-18,0,2024-09-18,17.0375,24
2024-09-18,1,2024-09-19,18.3333,24
2024-09-18,2,2024-09-20,19.5167,24
2024-09-18,3,2024-09-21,19.8875,24
2024-09-18,4,2024-09-22,18.8708,24
2024-09-18,5,2024-09-23,16.0917,24
2024-09-18,6,2024-09-24,16.0000,24
2024-09-18,7,2024-09-25,16.8417,24
2024-09-19,0,2024-09-19,18.2583,24
2024-09-19,1,2024-09-20,18.6000,24
2024-09-19,2,2024-09-21,19.5625,24
2024-09-19,3,2024-09-22,17.8958,24
2024-09-19,4,2024-09-23,16.4083,24
2024-09-19,5,2024-09-24,16.2917,24
2024-09-19,6,2024-09-25,17.3875,24
2024-09-19,7,2024-09-26,19.0042,24
2024-09-20,0,2024-09-20,18.7625,24
2024-09-20,1,2024-09-21,19.3833,24
2024-09-20,2,2024-09-22,18.2083,24
2024-09-20,3,2024-09-23,15.7792,24
2024-09-20,4,2024-09-24,16.0000,24
2024-09-20,5,2024-09-25,18.5083,24
2024-09-20,6,2024-09-26,18.2917,24
2024-09-20,7,2024-09-27,15.3417,24
2024-09-21,0,2024-09-21,18.9167,24
2024-09-21,1,2024-09-22,17.9667,24
2024-09-21,2,2024-09-23,16.3125,24
2024-09-21,3,2024-09-24,15.3708,24
2024-09-21,4,2024-09-25,16.6917,24
2024-09-21,5,2024-09-26,18.5542,24
2024-09-21,6,2024-09-27,13.7625,24
2024-09-21,7,2024-09-28,12.5458,24
2024-09-22,0,2024-09-22,17.8667,24
2024-09-22,1,2024-09-23,16.0708,24
2024-09-22,2,2024-09-24,16.4583,24
2024-09-22,3,2024-09-25,17.5667,24
2024-09-22,4,2024-09-26,18.0750,24
2024-09-22,5,2024-09-27,14.4708,24
2024-09-22,6,2024-09-28,12.4958,24
2024-09-22,7,2024-09-29,11.6167,24
2024-09-23,0,2024-09-23,16.2042,24
2024-09-23,1,2024-09-24,16.2208,24
2024-09-23,2,2024-09-25,17.4958,24
2024-09-23,3,2024-09-26,18.2250,24
2024-09-23,4,2024-09-27,14.7792,24
2024-09-23,5,2024-09-28,12.5250,24
2024-09-23,6,2024-09-29,14.2458,24
2024-09-23,7,2024-09-30,16.0083,24
2024-09-24,0,2024-09-24,16.0667,24
2024-09-24,1,2024-09-25,17.5458,24
2024-09-24,2,2024-09-26,18.9417,24
2024-09-24,3,2024-09-27,15.0000,24
2024-09-24,4,2024-09-28,12.8375,24
2024-09-24,5,2024-09-29,12.5875,24
2024-09-24,6,2024-09-30,16.5667,24
2024-09-24,7,2024-10-01,16.2417,24
2024-09-25,0,2024-09-25,17.7708,24
2024-09-25,1,2024-09-26,19.4417,24
2024-09-25,2,2024-09-27,15.7042,24
2024-09-25,3,2024-09-28,13.4417,24
2024-09-25,4,2024-09-29,13.4292,24
2024-09-25,5,2024-09-30,17.9667,24
2024-09-25,6,2024-10-01,18.9917,24
2024-09-25,7,2024-10-02,19.0083,24
2024-09-26,0,2024-09-26,18.6042,24
2024-09-26,1,2024-09-27,14.9208,24
2024-09-26,2,2024-09-28,13.0292,24
2024-09-26,3,2024-09-29,13.5333,24
2024-09-26,4,2024-09-30,17.4667,24
2024-09-26,5,2024-10-01,16.7625,24
2024-09-26,6,2024-10-02,13.6208,24
2024-09-26,7,2024-10-03,12.6125,24
2024-09-27,0,2024-09-27,15.0792,24
2024-09-27,1,2024-09-28,13.1000,24
2024-09-27,2,2024-09-29,13.8500,24
2024-09-27,3,2024-09-30,16.8750,24
2024-09-27,4,2024-10-01,18.0250,24
2024-09-27,5,2024-10-02,14.2083,24
2024-09-27,6,2024-10-03,13.2750,24
2024-09-27,7,2024-10-04,12.5167,24
2024-09-28,0,2024-09-28,13.0333,24
2024-09-28,1,2024-09-29,13.2792,24
2024-09-28,2,2024-09-30,16.6250,24
2024-09-28,3,2024-10-01,19.1000,24
2024-09-28,4,2024-10-02,14.6542,24
2024-09-28,5,2024-10-03,14.3708,24
2024-09-28,6,2024-10-04,12.3875,24
2024-09-28,7,2024-10-05,13.9500,24
2024-09-29,0,2024-09-29,13.4250,24
2024-09-29,1,2024-09-30,16.8792,24
2024-09-29,2,2024-10-01,18.4333,24
2024-09-29,3,2024-10-02,15.5333,24
2024-09-29,4,2024-10-03,13.0625,24
2024-09-29,5,2024-10-04,13.4083,24
2024-09-29,6,2024-10-05,12.8458,24
2024-09-29,7,2024-10-06,18.2292,24
2024-09-30,0,2024-09-30,17.1625,24
2024-09-30,1,2024-10-01,18.3792,24
2024-09-30,2,2024-10-02,14.4500,24
2024-09-30,3,2024-10-03,13.2792,24
2024-09-30,4,2024-10-04,12.6083,24
2024-09-30,5,2024-10-05,12.4250,24
2024-09-30,6,2024-10-06,16.8750,24
2024-09-30,7,2024-10-07,18.9417,24
2024-10-01,0,2024-10-01,18.3000,24
2024-10-01,1,2024-10-02,15.5542,24
2024-10-01,2,2024-10-03,14.3375,24
2024-10-01,3,2024-10-04,12.5667,24
2024-10-01,4,2024-10-05,12.9042,24
2024-10-01,5,2024-10-06,17.2375,24
2024-10-01,6,2024-10-07,19.6542,24
2024-10-01,7,2024-10-08,16.2375,24
2024-10-02,0,2024-10-02,14.1500,24
2024-10-02,1,2024-10-03,13.3042,24
2024-10-02,2,2024-10-04,11.9375,24
2024-10-02,3,2024-10-05,13.0208,24
2024-10-02,4,2024-10-06,16.8750,24
2024-10-02,5,2024-10-07,19.8250,24
2024-10-02,6,2024-10-08,16.0750,24
2024-10-02,7,2024-10-09,16.4792,24
2024-10-03,0,2024-10-03,13.2250,24
2024-10-03,1,2024-10-04,11.9833,24
2024-10-03,2,2024-10-05,12.8583,24
2024-10-03,3,2024-10-06,17.1625,24
2024-10-03,4,2024-10-07,19.7750,24
2024-10-03,5,2024-10-08,16.6292,24
2024-10-03,6,2024-10-09,16.6667,24
2024-10-03,7,2024-10-10,16.5917,24
2024-10-04,0,2024-10-04,11.1542,24
2024-10-04,1,2024-10-05,12.6917,24
2024-10-04,2,2024-10-06,16.3917,24
2024-10-04,3,2024-10-07,19.2708,24
2024-10-04,4,2024-10-08,16.9542,24
2024-10-04,5,2024-10-09,17.2250,24
2024-10-04,6,2024-10-10,15.4583,24
2024-10-04,7,2024-10-11,15.0375,24
2024-10-05,0,2024-10-05,12.4542,24
2024-10-05,1,2024-10-06,17.4500,24
2024-10-05,2,2024-10-07,18.4708,24
2024-10-05,3,2024-10-08,16.6667,24
2024-10-05,4,2024-10-09,18.3792,24
2024-10-05,5,2024-10-10,14.8583,24
2024-10-05,6,2024-10-11,13.2583,24
2024-10-05,7,2024-10-12,13.9292,24
2024-10-06,0,2024-10-06,16.3000,24
2024-10-06,1,2024-10-07,18.3292,24
2024-10-06,2,2024-10-08,17.5458,24
2024-10-06,3,2024-10-09,18.9625,24
2024-10-06,4,2024-10-10,15.1500,24
2024-10-06,5,2024-10-11,14.1417,24
2024-10-06,6,2024-10-12,17.3167,24
2024-10-06,7,2024-10-13,15.5958,24
2024-10-07,0,2024-10-07,18.1000,24
2024-10-07,1,2024-10-08,17.4042,24
2024-10-07,2,2024-10-09,17.7917,24
2024-10-07,3,2024-10-10,14.5042,24
2024-10-07,4,2024-10-11,13.4375,24
2024-10-07,5,2024-10-12,16.9833,24
2024-10-07,6,2024-10-13,18.7083,24
2024-10-07,7,2024-10-14,18.3375,24
2024-10-08,0,2024-10-08,17.2625,24
2024-10-08,1,2024-10-09,18.4125,24
2024-10-08,2,2024-10-10,14.7208,24
2024-10-08,3,2024-10-11,13.9792,24
2024-10-08,4,2024-10-12,17.4125,24
2024-10-08,5,2024-10-13,17.7958,24
2024-10-08,6,2024-10-14,17.6750,24
2024-10-08,7,2024-10-15,18.9000,24
2024-10-09,0,2024-10-09,17.6583,24
2024-10-09,1,2024-10-10,14.7500,24
2024-10-09,2,2024-10-11,13.9292,24
2024-10-09,3,2024-10-12,18.1292,24
2024-10-09,4,2024-10-13,18.1458,24
2024-10-09,5,2024-10-14,17.1000,24
2024-10-09,6,2024-10-15,16.2833,24
2024-10-09,7,2024-10-16,18.4667,24
2024-10-10,0,2024-10-10,14.7083,24
2024-10-10,1,2024-10-11,14.0333,24
2024-10-10,2,2024-10-12,17.8958,24
2024-10-10,3,2024-10-13,19.2583,24
2024-10-10,4,2024-10-14,18.1208,24
2024-10-10,5,2024-10-15,18.6167,24
2024-10-10,6,2024-10-16,20.1125,24
2024-10-10,7,2024-10-17,16.7000,24
2024-10-11,0,2024-10-11,13.8750,24
2024-10-11,1,2024-10-12,16.9125,24
2024-10-11,2,2024-10-13,17.8208,24
2024-10-11,3,2024-10-14,18.2375,24
2024-10-11,4,2024-10-15,18.3000,24
2024-10-11,5,2024-10-16,20.2833,24
2024-10-11,6,2024-10-17,19.1917,24
2024-10-11,7,2024-10-18,17.8458,24
2024-10-12,0,2024-10-12,16.8583,24
2024-10-12,1,2024-10-13,18.1125,24
2024-10-12,2,2024-10-14,19.3292,24
2024-10-12,3,2024-10-15,18.4958,24
2024-10-12,4,2024-10-16,19.7333,24
2024-10-12,5,2024-10-17,17.1917,24
2024-10-12,6,2024-10-18,13.6667,24
2024-10-12,7,2024-10-19,15.4333,24
2024-10-13,0,2024-10-13,18.0500,24
2024-10-13,1,2024-10-14,18.4833,24
2024-10-13,2,2024-10-15,18.3958,24
2024-10-13,3,2024-10-16,18.9583,24
2024-10-13,4,2024-10-17,17.8833,24
2024-10-13,5,2024-10-18,13.4792,24
2024-10-13,6,2024-10-19,13.3583,24
2024-10-13,7,2024-10-20,12.0333,24
2024-10-14,0,2024-10-14,18.7417,24
2024-10-14,1,2024-10-15,18.3667,24
2024-10-14,2,2024-10-16,19.4333,24
2024-10-14,3,2024-10-17,15.5875,24
2024-10-14,4,2024-10-18,12.3833,24
2024-10-14,5,2024-10-19,13.7958,24
2024-10-14,6,2024-10-20,12.8958,24
2024-10-14,7,2024-10-21,12.9417,24
2024-10-15,0,2024-10-15,18.8375,24
2024-10-15,1,2024-10-16,19.5792,24
2024-10-15,2,2024-10-17,16.7000,24
2024-10-15,3,2024-10-18,12.7042,24
2024-10-15,4,2024-10-19,12.8542,24
2024-10-15,5,2024-10-20,13.7667,24
2024-10-15,6,2024-10-21,16.2583,24
2024-10-15,7,2024-10-22,16.0375,24
2024-10-16,0,2024-10-16,19.1250,24
2024-10-16,1,2024-10-17,15.7208,24
2024-10-16,2,2024-10-18,12.3500,24
2024-10-16,3,2024-10-19,12.6583,24
2024-10-16,4,2024-10-20,15.3542,24
2024-10-16,5,2024-10-21,16.6833,24
2024-10-16,6,2024-10-22,16.4875,24
2024-10-16,7,2024-10-23,16.4375,24
2024-10-17,0,2024-10-17,16.2042,24
2024-10-17,1,2024-10-18,12.5292,24
2024-10-17,2,2024-10-19,12.9208,24
2024-10-17,3,2024-10-20,13.3667,24
2024-10-17,4,2024-10-21,16.0875,24
2024-10-17,5,2024-10-22,15.1542,24
2024-10-17,6,2024-10-23,12.6083,24
2024-10-17,7,2024-10-24,15.2375,24
2024-10-18,0,2024-10-18,12.1417,24
2024-10-18,1,2024-10-19,12.1083,24
2024-10-18,2,2024-10-20,14.1042,24
2024-10-18,3,2024-10-21,16.3917,24
2024-10-18,4,2024-10-22,15.6292,24
2024-10-18,5,2024-10-23,13.6917,24
2024-10-18,6,2024-10-24,17.1708,24
2024-10-18,7,2024-10-25,14.5875,24
2024-10-19,0,2024-10-19,12.8833,24
2024-10-19,1,2024-10-20,15.5167,24
2024-10-19,2,2024-10-21,18.0542,24
2024-10-19,3,2024-10-22,15.7042,24
2024-10-19,4,2024-10-23,14.0625,24
2024-10-19,5,2024-10-24,16.9375,24
2024-10-19,6,2024-10-25,16.7792,24
2024-10-19,7,2024-10-26,12.4417,24
2024-10-20,0,2024-10-20,15.6250,24
2024-10-20,1,2024-10-21,17.8542,24
2024-10-20,2,2024-10-22,15.6250,24
2024-10-20,3,2024-10-23,14.9167,24
2024-10-20,4,2024-10-24,17.1333,24
2024-10-20,5,2024-10-25,15.1042,24
2024-10-20,6,2024-10-26,12.8125,24
2024-10-20,7,2024-10-27,11.3333,24
2024-10-21,0,2024-10-21,18.0458,24
2024-10-21,1,2024-10-22,15.4625,24
2024-10-21,2,2024-10-23,15.2917,24
2024-10-21,3,2024-10-24,17.2750,24
2024-10-21,4,2024-10-25,14.5458,24
2024-10-21,5,2024-10-26,11.7250,24
2024-10-21,6,2024-10-27,10.9375,24
2024-10-21,7,2024-10-28,11.8000,24
2024-10-22,0,2024-10-22,15.4792,24
2024-10-22,1,2024-10-23,14.3833,24
2024-10-22,2,2024-10-24,16.6417,24
2024-10-22,3,2024-10-25,15.0792,24
2024-10-22,4,2024-10-26,10.9458,24
2024-10-22,5,2024-10-27,11.1583,24
2024-10-22,6,2024-10-28,12.3833,24
2024-10-22,7,2024-10-29,12.9250,24
2024-10-23,0,2024-10-23,14.6417,24
2024-10-23,1,2024-10-24,16.6417,24
2024-10-23,2,2024-10-25,15.9083,24
2024-10-23,3,2024-10-26,13.1958,24
2024-10-23,4,2024-10-27,14.1375,24
2024-10-23,5,2024-10-28,15.9917,24
2024-10-23,6,2024-10-29,17.2500,24
2024-10-23,7,2024-10-30,17.1667,24
2024-10-24,0,2024-10-24,16.5083,24
2024-10-24,1,2024-10-25,15.6167,24
2024-10-24,2,2024-10-26,12.3708,24
2024-10-24,3,2024-10-27,12.5250,24
2024-10-24,4,2024-10-28,13.6208,24
2024-10-24,5,2024-10-29,14.8583,24
2024-10-24,6,2024-10-30,17.1875,24
2024-10-24,7,2024-10-31,17.3542,24
2024-10-25,0,2024-10-25,16.1500,24
2024-10-25,1,2024-10-26,12.8042,24
2024-10-25,2,2024-10-27,13.3792,24
2024-10-25,3,2024-10-28,13.5042,24
2024-10-25,4,2024-10-29,15.4708,24
2024-10-25,5,2024-10-30,16.7292,24
2024-10-25,6,2024-10-31,16.7292,24
2024-10-25,7,2024-11-01,16.3583,24
2024-10-26,0,2024-10-26,12.3125,24
2024-10-26,1,2024-10-27,13.5583,24
2024-10-26,2,2024-10-28,14.8000,24
2024-10-26,3,2024-10-29,17.0500,24
2024-10-26,4,2024-10-30,17.2833,24
2024-10-26,5,2024-10-31,17.2375,24
2024-10-26,6,2024-11-01,14.6917,24
2024-10-26,7,2024-11-02,10.4708,24
2024-10-27,0,2024-10-27,12.5250,24
2024-10-27,1,2024-10-28,14.0583,24
2024-10-27,2,2024-10-29,15.7500,24
2024-10-27,3,2024-10-30,16.3833,24
2024-10-27,4,2024-10-31,17.0417,24
2024-10-27,5,2024-11-01,15.8292,24
2024-10-27,6,2024-11-02,14.7292,24
2024-10-27,7,2024-11-03,12.8042,24
2024-10-28,0,2024-10-28,14.6917,24
2024-10-28,1,2024-10-29,16.0542,24
2024-10-28,2,2024-10-30,17.2875,24
2024-10-28,3,2024-10-31,17.3500,24
2024-10-28,4,2024-11-01,16.2667,24
2024-10-28,5,2024-11-02,13.7500,24
2024-10-28,6,2024-11-03,14.1625,24
2024-10-28,7,2024-11-04,15.3792,24
2024-10-29,0,2024-10-29,16.1750,24
2024-10-29,1,2024-10-30,17.0208,24
2024-10-29,2,2024-10-31,17.6250,24
2024-10-29,3,2024-11-01,16.2625,24
2024-10-29,4,2024-11-02,14.7542,24
2024-10-29,5,2024-11-03,14.3417,24
2024-10-29,6,2024-11-04,15.3167,24
2024-10-29,7,2024-11-05,15.5500,24
2024-10-30,0,2024-10-30,16.9208,24
2024-10-30,1,2024-10-31,17.6542,24
2024-10-30,2,2024-11-01,16.2917,24
2024-10-30,3,2024-11-02,16.2750,24
2024-10-30,4,2024-11-03,14.9417,24
2024-10-30,5,2024-11-04,15.8458,24
2024-10-30,6,2024-11-05,15.2708,24
2024-10-30,7,2024-11-06,14.4792,24
2024-10-31,0,2024-10-31,17.3542,24
2024-10-31,1,2024-11-01,16.3083,24
2024-10-31,2,2024-11-02,15.5875,24
2024-10-31,3,2024-11-03,15.4167,24
2024-10-31,4,2024-11-04,16.1333,24
2024-10-31,5,2024-11-05,15.9000,24
2024-10-31,6,2024-11-06,14.9750,24
2024-10-31,7,2024-11-07,14.2125,24
2024-11-01,0,2024-11-01,16.1958,24
2024-11-01,1,2024-11-02,15.3750,24
2024-11-01,2,2024-11-03,15.7583,24
2024-11-01,3,2024-11-04,17.0083,24
2024-11-01,4,2024-11-05,17.1042,24
2024-11-01,5,2024-11-06,16.8083,24
2024-11-01,6,2024-11-07,14.8250,24
2024-11-01,7,2024-11-08,15.3750,24
2024-11-02,0,2024-11-02,15.1875,24
2024-11-02,1,2024-11-03,15.5167,24
2024-11-02,2,2024-11-04,16.5042,24
2024-11-02,3,2024-11-05,16.8250,24
2024-11-02,4,2024-11-06,15.4125,24
2024-11-02,5,2024-11-07,15.4500,24
2024-11-02,6,2024-11-08,15.8167,24
2024-11-02,7,2024-11-09,15.5208,24
2024-11-03,0,2024-11-03,15.7542,24
2024-11-03,1,2024-11-04,16.5417,24
2024-11-03,2,2024-11-05,16.6625,24
2024-11-03,3,2024-11-06,14.9875,24
2024-11-03,4,2024-11-07,14.7083,24
2024-11-03,5,2024-11-08,14.9833,24
2024-11-03,6,2024-11-09,15.0000,24
2024-11-03,7,2024-11-10,13.5292,24
2024-11-04,0,2024-11-04,16.7667,24
2024-11-04,1,2024-11-05,17.0917,24
2024-11-04,2,2024-11-06,16.2208,24
2024-11-04,3,2024-11-07,15.2167,24
2024-11-04,4,2024-11-08,15.2417,24
2024-11-04,5,2024-11-09,15.0667,24
2024-11-04,6,2024-11-10,12.0083,24
2024-11-04,7,2024-11-11,11.6083,24
2024-11-05,0,2024-11-05,17.0958,24
2024-11-05,1,2024-11-06,15.4667,24
2024-11-05,2,2024-11-07,14.8167,24
2024-11-05,3,2024-11-08,15.3917,24
2024-11-05,4,2024-11-09,15.4542,24
2024-11-05,5,2024-11-10,13.1708,24
2024-11-05,6,2024-11-11,10.3625,24
2024-11-05,7,2024-11-12,9.1500,24
2024-11-06,0,2024-11-06,15.6833,24
2024-11-06,1,2024-11-07,15.2125,24
2024-11-06,2,2024-11-08,15.0667,24
2024-11-06,3,2024-11-09,14.2167,24
2024-11-06,4,2024-11-10,12.6917,24
2024-11-06,5,2024-11-11,11.5875,24
2024-11-06,6,2024-11-12,8.5042,24
2024-11-06,7,2024-11-13,7.1500,24
2024-11-07,0,2024-11-07,15.1958,24
2024-11-07,1,2024-11-08,15.1167,24
2024-11-07,2,2024-11-09,13.4375,24
2024-11-07,3,2024-11-10,12.4000,24
2024-11-07,4,2024-11-11,11.3250,24
2024-11-07,5,2024-11-12,10.7625,24
2024-11-07,6,2024-11-13,7.0083,24
2024-11-07,7,2024-11-14,8.3500,24
2024-11-08,0,2024-11-08,15.2792,24
2024-11-08,1,2024-11-09,13.7375,24
2024-11-08,2,2024-11-10,13.9042,24
2024-11-08,3,2024-11-11,12.5125,24
2024-11-08,4,2024-11-12,9.4000,24
2024-11-08,5,2024-11-13,7.1708,24
2024-11-08,6,2024-11-14,5.3833,24
2024-11-08,7,2024-11-15,5.2208,24
2024-11-09,0,2024-11-09,13.9292,24
2024-11-09,1,2024-11-10,13.4250,24
2024-11-09,2,2024-11-11,11.9625,24
2024-11-09,3,2024-11-12,8.5333,24
2024-11-09,4,2024-11-13,6.4333,24
2024-11-09,5,2024-11-14,10.0500,24
2024-11-09,6,2024-11-15,12.5833,24
2024-11-09,7,2024-11-16,10.8333,24
2024-11-10,0,2024-11-10,13.5000,24
2024-11-10,1,2024-11-11,11.8292,24
2024-11-10,2,2024-11-12,8.0542,24
2024-11-10,3,2024-11-13,7.9000,24
2024-11-10,4,2024-11-14,7.4917,24
2024-11-10,5,2024-11-15,10.6833,24
2024-11-10,6,2024-11-16,13.8375,24
2024-11-10,7,2024-11-17,10.6625,24
2024-11-11,0,2024-11-11,12.0208,24
2024-11-11,1,2024-11-12,8.3667,24
2024-11-11,2,2024-11-13,8.3875,24
2024-11-11,3,2024-11-14,7.5333,24
2024-11-11,4,2024-11-15,9.5958,24
2024-11-11,5,2024-11-16,12.9208,24
2024-11-11,6,2024-11-17,12.4167,24
2024-11-11,7,2024-11-18,8.6667,24
2024-11-12,0,2024-11-12,8.2500,24
2024-11-12,1,2024-11-13,8.0375,24
2024-11-12,2,2024-11-14,7.4917,24
2024-11-12,3,2024-11-15,7.7167,24
2024-11-12,4,2024-11-16,11.0792,24
2024-11-12,5,2024-11-17,12.8708,24
2024-11-12,6,2024-11-18,12.7292,24
2024-11-12,7,2024-11-19,9.4708,24
2024-11-13,0,2024-11-13,7.4542,24
2024-11-13,1,2024-11-14,7.8208,24
2024-11-13,2,2024-11-15,8.2917,24
2024-11-13,3,2024-11-16,11.0042,24
2024-11-13,4,2024-11-17,11.7833,24
2024-11-13,5,2024-11-18,10.0167,24
2024-11-13,6,2024-11-19,10.7375,24
2024-11-13,7,2024-11-20,5.5500,24
2024-11-14,0,2024-11-14,7.4167,24
2024-11-14,1,2024-11-15,7.5625,24
2024-11-14,2,2024-11-16,10.4625,24
2024-11-14,3,2024-11-17,11.2458,24
2024-11-14,4,2024-11-18,10.6042,24
2024-11-14,5,2024-11-19,10.7208,24
2024-11-14,6,2024-11-20,6.2000,24
2024-11-14,7,2024-11-21,4.6000,24
2024-11-15,0,2024-11-15,7.1375,24
2024-11-15,1,2024-11-16,10.2958,24
2024-11-15,2,2024-11-17,9.9583,24
2024-11-15,3,2024-11-18,8.0417,24
2024-11-15,4,2024-11-19,10.5250,24
2024-11-15,5,2024-11-20,9.0708,24
2024-11-15,6,2024-11-21,9.6375,24
2024-11-15,7,2024-11-22,6.2458,24
2024-11-16,0,2024-11-16,9.8042,24
2024-11-16,1,2024-11-17,10.0667,24
2024-11-16,2,2024-11-18,8.3208,24
2024-11-16,3,2024-11-19,11.0667,24
2024-11-16,4,2024-11-20,9.2208,24
2024-11-16,5,2024-11-21,10.9542,24
2024-11-16,6,2024-11-22,5.2083,24
2024-11-16,7,2024-11-23,6.8917,24
2024-11-17,0,2024-11-17,9.5417,24
2024-11-17,1,2024-11-18,8.1542,24
2024-11-17,2,2024-11-19,10.7333,24
2024-11-17,3,2024-11-20,8.1375,24
2024-11-17,4,2024-11-21,8.9333,24
2024-11-17,5,2024-11-22,5.1083,24
2024-11-17,6,2024-11-23,6.3375,24
2024-11-17,7,2024-11-24,10.4208,24
2024-11-18,0,2024-11-18,8.0708,24
2024-11-18,1,2024-11-19,10.4208,24
2024-11-18,2,2024-11-20,9.8167,24
2024-11-18,3,2024-11-21,13.0167,24
2024-11-18,4,2024-11-22,6.9083,24
2024-11-18,5,2024-11-23,6.6667,24
2024-11-18,6,2024-11-24,13.4458,24
2024-11-18,7,2024-11-25,10.7583,24
2024-11-19,0,2024-11-19,10.5667,24
2024-11-19,1,2024-11-20,10.4250,24
2024-11-19,2,2024-11-21,12.8667,24
2024-11-19,3,2024-11-22,5.9750,24
2024-11-19,4,2024-11-23,6.9833,24
2024-11-19,5,2024-11-24,13.3458,24
2024-11-19,6,2024-11-25,14.7292,24
2024-11-19,7,2024-11-26,10.7958,24
2024-11-20,0,2024-11-20,10.8208,24
2024-11-20,1,2024-11-21,13.0792,24
2024-11-20,2,2024-11-22,6.7583,24
2024-11-20,3,2024-11-23,7.6208,24
2024-11-20,4,2024-11-24,12.6333,24
2024-11-20,5,2024-11-25,13.9958,24
2024-11-20,6,2024-11-26,10.5167,24
2024-11-20,7,2024-11-27,7.7458,24
2024-11-21,0,2024-11-21,12.0917,24
2024-11-21,1,2024-11-22,6.6958,24
2024-11-21,2,2024-11-23,7.2875,24
2024-11-21,3,2024-11-24,12.5625,24
2024-11-21,4,2024-11-25,13.7250,24
2024-11-21,5,2024-11-26,10.1458,24
2024-11-21,6,2024-11-27,6.3333,24
2024-11-21,7,2024-11-28,7.7500,24
2024-11-22,0,2024-11-22,6.4875,24
2024-11-22,1,2024-11-23,7.2583,24
2024-11-22,2,2024-11-24,12.6083,24
2024-11-22,3,2024-11-25,13.6542,24
2024-11-22,4,2024-11-26,9.5375,24
2024-11-22,5,2024-11-27,11.1708,24
2024-11-22,6,2024-11-28,12.3792,24
2024-11-22,7,2024-11-29,12.6542,24
2024-11-23,0,2024-11-23,7.0792,24
2024-11-23,1,2024-11-24,12.9750,24
2024-11-23,2,2024-11-25,13.4125,24
2024-11-23,3,2024-11-26,9.0292,24
2024-11-23,4,2024-11-27,8.5583,24
2024-11-23,5,2024-11-28,8.0250,24
2024-11-23,6,2024-11-29,7.4292,24
2024-11-23,7,2024-11-30,9.8125,24
2024-11-24,0,2024-11-24,12.9625,24
2024-11-24,1,2024-11-25,14.3750,24
2024-11-24,2,2024-11-26,9.5667,24
2024-11-24,3,2024-11-27,8.8000,24
2024-11-24,4,2024-11-28,9.2375,24
2024-11-24,5,2024-11-29,8.0667,24
2024-11-24,6,2024-11-30,11.2750,24
2024-11-24,7,2024-12-01,10.7833,24
2024-11-25,0,2024-11-25,14.2833,24
2024-11-25,1,2024-11-26,9.4833,24
2024-11-25,2,2024-11-27,9.2917,24
2024-11-25,3,2024-11-28,9.7917,24
2024-11-25,4,2024-11-29,9.4917,24
2024-11-25,5,2024-11-30,8.6750,24
2024-11-25,6,2024-12-01,6.9333,24
2024-11-25,7,2024-12-02,9.1417,24
2024-11-26,0,2024-11-26,9.5208,24
2024-11-26,1,2024-11-27,8.7792,24
2024-11-26,2,2024-11-28,9.0417,24
2024-11-26,3,2024-11-29,10.0792,24
2024-11-26,4,2024-11-30,10.5083,24
2024-11-26,5,2024-12-01,12.0375,24
2024-11-26,6,2024-12-02,11.4542,24
2024-11-26,7,2024-12-03,7.5958,24
2024-11-27,0,2024-11-27,8.1125,24
2024-11-27,1,2024-11-28,8.2583,24
2024-11-27,2,2024-11-29,8.9167,24
2024-11-27,3,2024-11-30,10.2917,24
2024-11-27,4,2024-12-01,10.9167,24
2024-11-27,5,2024-12-02,11.7125,24
2024-11-27,6,2024-12-03,9.4042,24
2024-11-27,7,2024-12-04,6.4917,24
2024-11-28,0,2024-11-28,7.7542,24
2024-11-28,1,2024-11-29,9.4917,24
2024-11-28,2,2024-11-30,10.4375,24
2024-11-28,3,2024-12-01,10.7208,24
2024-11-28,4,2024-12-02,10.1500,24
2024-11-28,5,2024-12-03,8.7083,24
2024-11-28,6,2024-12-04,5.8417,24
2024-11-28,7,2024-12-05,4.1500,24
2024-11-29,0,2024-11-29,8.8000,24
2024-11-29,1,2024-11-30,9.5042,24
2024-11-29,2,2024-12-01,11.2583,24
2024-11-29,3,2024-12-02,10.2792,24
2024-11-29,4,2024-12-03,8.5167,24
2024-11-29,5,2024-12-04,8.3208,24
2024-11-29,6,2024-12-05,7.5583,24
2024-11-29,7,2024-12-06,11.3542,24
2024-11-30,0,2024-11-30,8.9625,24
2024-11-30,1,2024-12-01,10.8500,24
2024-11-30,2,2024-12-02,9.9333,24
2024-11-30,3,2024-12-03,7.4458,24
2024-11-30,4,2024-12-04,9.7208,24
2024-11-30,5,2024-12-05,9.0583,24
2024-11-30,6,2024-12-06,13.9125,24
2024-11-30,7,2024-12-07,11.7417,24
2024-12-01,0,2024-12-01,10.3750,24
2024-12-01,1,2024-12-02,10.0208,24
2024-12-01,2,2024-12-03,7.3667,24
2024-12-01,3,2024-12-04,8.6167,24
2024-12-01,4,2024-12-05,9.5500,24
2024-12-01,5,2024-12-06,13.5208,24
2024-12-01,6,2024-12-07,11.9083,24
2024-12-01,7,2024-12-08,6.2833,24
2024-12-02,0,2024-12-02,9.4500,24
2024-12-02,1,2024-12-03,8.3625,24
2024-12-02,2,2024-12-04,6.6750,24
2024-12-02,3,2024-12-05,6.5208,24
2024-12-02,4,2024-12-06,12.3875,24
2024-12-02,5,2024-12-07,10.8458,24
2024-12-02,6,2024-12-08,6.0000,24
2024-12-02,7,2024-12-09,3.7667,24
2024-12-03,0,2024-12-03,8.4542,24
2024-12-03,1,2024-12-04,5.2667,24
2024-12-03,2,2024-12-05,6.5542,24
2024-12-03,3,2024-12-06,13.0833,24
2024-12-03,4,2024-12-07,10.5500,24
2024-12-03,5,2024-12-08,6.1250,24
2024-12-03,6,2024-12-09,4.0583,24
2024-12-03,7,2024-12-10,2.7208,24
2024-12-04,0,2024-12-04,5.1583,24
2024-12-04,1,2024-12-05,6.3208,24
2024-12-04,2,2024-12-06,13.9125,24
2024-12-04,3,2024-12-07,10.2542,24
2024-12-04,4,2024-12-08,4.7250,24
2024-12-04,5,2024-12-09,3.6542,24
2024-12-04,6,2024-12-10,2.2375,24
2024-12-04,7,2024-12-11,1.7958,24
2024-12-05,0,2024-12-05,6.8958,24
2024-12-05,1,2024-12-06,13.7750,24
2024-12-05,2,2024-12-07,9.9417,24
2024-12-05,3,2024-12-08,5.1667,24
2024-12-05,4,2024-12-09,5.3083,24
2024-12-05,5,2024-12-10,3.8458,24
2024-12-05,6,2024-12-11,4.3750,24
2024-12-05,7,2024-12-12,8.2583,24
2024-12-06,0,2024-12-06,12.9000,24
2024-12-06,1,2024-12-07,10.0167,24
2024-12-06,2,2024-12-08,5.6500,24
2024-12-06,3,2024-12-09,5.2583,24
2024-12-06,4,2024-12-10,4.7083,24
2024-12-06,5,2024-12-11,2.3375,24
2024-12-06,6,2024-12-12,4.3667,24
2024-12-06,7,2024-12-13,7.7583,24
2024-12-07,0,2024-12-07,10.1417,24
2024-12-07,1,2024-12-08,5.7250,24
2024-12-07,2,2024-12-09,5.4167,24
2024-12-07,3,2024-12-10,3.8792,24
2024-12-07,4,2024-12-11,4.3875,24
2024-12-07,5,2024-12-12,7.7500,24
2024-12-07,6,2024-12-13,7.2167,24
2024-12-07,7,2024-12-14,6.5125,24
2024-12-08,0,2024-12-08,5.6375,24
2024-12-08,1,2024-12-09,5.2208,24
2024-12-08,2,2024-12-10,2.9250,24
2024-12-08,3,2024-12-11,2.8083,24
2024-12-08,4,2024-12-12,6.3500,24
2024-12-08,5,2024-12-13,7.4208,24
2024-12-08,6,2024-12-14,5.8458,24
2024-12-08,7,2024-12-15,4.9125,24
2024-12-09,0,2024-12-09,5.2458,24
2024-12-09,1,2024-12-10,4.2042,24
2024-12-09,2,2024-12-11,2.9375,24
2024-12-09,3,2024-12-12,5.0542,24
2024-12-09,4,2024-12-13,6.7208,24
2024-12-09,5,2024-12-14,5.0333,24
2024-12-09,6,2024-12-15,5.2417,24
2024-12-09,7,2024-12-16,3.3708,24
2024-12-10,0,2024-12-10,4.2792,24
2024-12-10,1,2024-12-11,3.0833,24
2024-12-10,2,2024-12-12,6.0333,24
2024-12-10,3,2024-12-13,6.8167,24
2024-12-10,4,2024-12-14,4.9000,24
2024-12-10,5,2024-12-15,4.5750,24
2024-12-10,6,2024-12-16,1.6792,24
2024-12-10,7,2024-12-17,4.9083,24
2024-12-11,0,2024-12-11,4.2292,24
2024-12-11,1,2024-12-12,6.6458,24
2024-12-11,2,2024-12-13,6.4417,24
2024-12-11,3,2024-12-14,5.6750,24
2024-12-11,4,2024-12-15,5.9250,24
2024-12-11,5,2024-12-16,2.3125,24
2024-12-11,6,2024-12-17,4.5125,24
2024-12-11,7,2024-12-18,5.5917,24
2024-12-12,0,2024-12-12,6.5250,24
2024-12-12,1,2024-12-13,6.6625,24
2024-12-12,2,2024-12-14,5.6625,24
2024-12-12,3,2024-12-15,5.2875,24
2024-12-12,4,2024-12-16,1.7375,24
2024-12-12,5,2024-12-17,3.6875,24
2024-12-12,6,2024-12-18,5.5000,24
2024-12-12,7,2024-12-19,7.5542,24
2024-12-13,0,2024-12-13,6.5333,24
2024-12-13,1,2024-12-14,5.9875,24
2024-12-13,2,2024-12-15,5.4792,24
2024-12-13,3,2024-12-16,2.2167,24
2024-12-13,4,2024-12-17,6.6250,24
2024-12-13,5,2024-12-18,7.0000,24
2024-12-13,6,2024-12-19,8.5708,24
2024-12-13,7,2024-12-20,7.4625,24
2024-12-14,0,2024-12-14,5.9667,24
2024-12-14,1,2024-12-15,5.4875,24
2024-12-14,2,2024-12-16,4.0625,24
2024-12-14,3,2024-12-17,6.8125,24
2024-12-14,4,2024-12-18,8.0708,24
2024-12-14,5,2024-12-19,8.9458,24
2024-12-14,6,2024-12-20,7.7250,24
2024-12-14,7,2024-12-21,7.2792,24
2024-12-15,0,2024-12-15,5.3167,24
2024-12-15,1,2024-12-16,4.1917,24
2024-12-15,2,2024-12-17,6.8542,24
2024-12-15,3,2024-12-18,7.9833,24
2024-12-15,4,2024-12-19,7.9458,24
2024-12-15,5,2024-12-20,5.4500,24
2024-12-15,6,2024-12-21,3.6667,24
2024-12-15,7,2024-12-22,4.5833,24
2024-12-16,0,2024-12-16,4.0708,24
2024-12-16,1,2024-12-17,6.6417,24
2024-12-16,2,2024-12-18,7.6917,24
2024-12-16,3,2024-12-19,9.3917,24
2024-12-16,4,2024-12-20,4.6833,24
2024-12-16,5,2024-12-21,4.0458,24
2024-12-16,6,2024-12-22,8.8458,24
2024-12-16,7,2024-12-23,9.8667,24
2024-12-17,0,2024-12-17,6.9792,24
2024-12-17,1,2024-12-18,8.3875,24
2024-12-17,2,2024-12-19,8.5667,24
2024-12-17,3,2024-12-20,5.6042,24
2024-12-17,4,2024-12-21,8.0292,24
2024-12-17,5,2024-12-22,10.2208,24
2024-12-17,6,2024-12-23,6.7667,24
2024-12-17,7,2024-12-24,8.1583,24
2024-12-18,0,2024-12-18,8.4000,24
2024-12-18,1,2024-12-19,8.7250,24
2024-12-18,2,2024-12-20,6.2542,24
2024-12-18,3,2024-12-21,8.6292,24
2024-12-18,4,2024-12-22,10.3000,24
2024-12-18,5,2024-12-23,6.9333,24
2024-12-18,6,2024-12-24,6.5000,24
2024-12-18,7,2024-12-25,8.5750,24
2024-12-19,0,2024-12-19,8.0917,24
2024-12-19,1,2024-12-20,6.1958,24
2024-12-19,2,2024-12-21,8.8625,24
2024-12-19,3,2024-12-22,10.0500,24
2024-12-19,4,2024-12-23,6.0833,24
2024-12-19,5,2024-12-24,4.0125,24
2024-12-19,6,2024-12-25,1.3125,24
2024-12-19,7,2024-12-26,0.2250,24
2024-12-20,0,2024-12-20,5.9917,24
2024-12-20,1,2024-12-21,8.8833,24
2024-12-20,2,2024-12-22,10.1625,24
2024-12-20,3,2024-12-23,6.2958,24
2024-12-20,4,2024-12-24,5.0292,24
2024-12-20,5,2024-12-25,6.5625,24
2024-12-20,6,2024-12-26,6.3000,24
2024-12-20,7,2024-12-27,7.3500,24
2024-12-21,0,2024-12-21,8.3750,24
2024-12-21,1,2024-12-22,10.0875,24
2024-12-21,2,2024-12-23,6.5833,24
2024-12-21,3,2024-12-24,5.1208,24
2024-12-21,4,2024-12-25,5.6708,24
2024-12-21,5,2024-12-26,3.9625,24
2024-12-21,6,2024-12-27,4.9458,24
2024-12-21,7,2024-12-28,6.4208,24
2024-12-22,0,2024-12-22,9.9917,24
2024-12-22,1,2024-12-23,6.6000,24
2024-12-22,2,2024-12-24,8.1542,24
2024-12-22,3,2024-12-25,6.6833,24
2024-12-22,4,2024-12-26,3.7792,24
2024-12-22,5,2024-12-27,4.9792,24
2024-12-22,6,2024-12-28,3.3042,24
2024-12-22,7,2024-12-29,2.8667,24
2024-12-23,0,2024-12-23,5.9667,24
2024-12-23,1,2024-12-24,7.7542,24
2024-12-23,2,2024-12-25,6.9125,24
2024-12-23,3,2024-12-26,5.4542,24
2024-12-23,4,2024-12-27,3.4625,24
2024-12-23,5,2024-12-28,3.7500,24
2024-12-23,6,2024-12-29,5.5792,24
2024-12-23,7,2024-12-30,3.8833,24
2024-12-24,0,2024-12-24,7.9667,24
2024-12-24,1,2024-12-25,7.4250,24
2024-12-24,2,2024-12-26,5.6250,24
2024-12-24,3,2024-12-27,4.6917,24
2024-12-24,4,2024-12-28,3.6375,24
2024-12-24,5,2024-12-29,6.8250,24
2024-12-24,6,2024-12-30,5.7750,24
2024-12-24,7,2024-12-31,5.9875,24
2024-12-25,0,2024-12-25,7.2833,24
2024-12-25,1,2024-12-26,5.4250,24
2024-12-25,2,2024-12-27,3.9333,24
2024-12-25,3,2024-12-28,4.0667,24
2024-12-25,4,2024-12-29,7.1958,24
2024-12-25,5,2024-12-30,2.7292,24
2024-12-25,6,2024-12-31,6.3042,24
2024-12-25,7,2025-01-01,8.5208,24
2024-12-26,0,2024-12-26,6.8708,24
2024-12-26,1,2024-12-27,5.1583,24
2024-12-26,2,2024-12-28,4.2792,24
2024-12-26,3,2024-12-29,3.5292,24
2024-12-26,4,2024-12-30,3.3833,24
2024-12-26,5,2024-12-31,6.0042,24
2024-12-26,6,2025-01-01,7.6875,24
2024-12-26,7,2025-01-02,6.8292,24
2024-12-27,0,2024-12-27,5.7042,24
2024-12-27,1,2024-12-28,4.4333,24
2024-12-27,2,2024-12-29,3.0083,24
2024-12-27,3,2024-12-30,2.2875,24
2024-12-27,4,2024-12-31,3.5250,24
2024-12-27,5,2025-01-01,6.9667,24
2024-12-27,6,2025-01-02,7.8250,24
2024-12-27,7,2025-01-03,7.0333,24
2024-12-28,0,2024-12-28,4.0750,24
2024-12-28,1,2024-12-29,2.9625,24
2024-12-28,2,2024-12-30,2.4042,24
2024-12-28,3,2024-12-31,2.9583,24
2024-12-28,4,2025-01-01,4.1917,24
2024-12-28,5,2025-01-02,5.4208,24
2024-12-28,6,2025-01-03,5.0375,24
2024-12-28,7,2025-01-04,10.5458,24
2024-12-29,0,2024-12-29,2.5875,24
2024-12-29,1,2024-12-30,1.4875,24
2024-12-29,2,2024-12-31,4.2583,24
2024-12-29,3,2025-01-01,6.6500,24
2024-12-29,4,2025-01-02,7.4250,24
2024-12-29,5,2025-01-03,7.5250,24
2024-12-29,6,2025-01-04,8.2292,24
2024-12-29,7,2025-01-05,-0.3167,24
2024-12-30,0,2024-12-30,2.1667,24
2024-12-30,1,2024-12-31,2.7875,24
2024-12-30,2,2025-01-01,6.6500,24
2024-12-30,3,2025-01-02,6.4583,24
2024-12-30,4,2025-01-03,8.1083,24
2024-12-30,5,2025-01-04,10.3458,24
2024-12-30,6,2025-01-05,9.8625,24
2024-12-30,7,2025-01-06,9.2958,24
2024-12-31,0,2024-12-31,3.0250,24
2024-12-31,1,2025-01-01,6.6708,24
2024-12-31,2,2025-01-02,7.4125,24
2024-12-31,3,2025-01-03,7.5833,24
2024-12-31,4,2025-01-04,9.9833,24
2024-12-31,5,2025-01-05,8.9250,24
2024-12-31,6,2025-01-06,9.9958,24
2024-12-31,7,2025-01-07,11.0333,24
2025-01-01,0,2025-01-01,6.7042,24
2025-01-01,1,2025-01-02,7.7042,24
2025-01-01,2,2025-01-03,9.0750,24
2025-01-01,3,2025-01-04,9.2958,24
2025-01-01,4,2025-01-05,9.4542,24
2025-01-01,5,2025-01-06,8.4875,24
2025-01-01,6,2025-01-07,7.4750,24
2025-01-01,7,2025-01-08,7.9333,24
2025-01-02,0,2025-01-02,6.9958,24
2025-01-02,1,2025-01-03,8.3542,24
2025-01-02,2,2025-01-04,9.7875,24
2025-01-02,3,2025-01-05,9.3917,24
2025-01-02,4,2025-01-06,8.5000,24
2025-01-02,5,2025-01-07,6.5792,24
2025-01-02,6,2025-01-08,6.7000,24
2025-01-02,7,2025-01-09,10.5417,24
2025-01-03,0,2025-01-03,8.2583,24
2025-01-03,1,2025-01-04,10.2750,24
2025-01-03,2,2025-01-05,9.4958,24
2025-01-03,3,2025-01-06,8.7708,24
2025-01-03,4,2025-01-07,8.3958,24
2025-01-03,5,2025-01-08,8.5333,24
2025-01-03,6,2025-01-09,6.3417,24
2025-01-03,7,2025-01-10,6.1875,24
2025-01-04,0,2025-01-04,10.2917,24
2025-01-04,1,2025-01-05,9.1500,24
2025-01-04,2,2025-01-06,8.4542,24
2025-01-04,3,2025-01-07,8.6708,24
2025-01-04,4,2025-01-08,8.7333,24
2025-01-04,5,2025-01-09,6.6208,24
2025-01-04,6,2025-01-10,2.2917,24
2025-01-04,7,2025-01-11,2.1917,24
2025-01-05,0,2025-01-05,9.3375,24
2025-01-05,1,2025-01-06,8.2875,24
2025-01-05,2,2025-01-07,8.7625,24
2025-01-05,3,2025-01-08,9.4958,24
2025-01-05,4,2025-01-09,6.8375,24
2025-01-05,5,2025-01-10,3.3958,24
2025-01-05,6,2025-01-11,8.0958,24
2025-01-05,7,2025-01-12,0.8708,24
2025-01-06,0,2025-01-06,8.6250,24
2025-01-06,1,2025-01-07,8.7375,24
2025-01-06,2,2025-01-08,9.5458,24
2025-01-06,3,2025-01-09,8.6500,24
2025-01-06,4,2025-01-10,9.5125,24
2025-01-06,5,2025-01-11,10.2250,24
2025-01-06,6,2025-01-12,6.3708,24
2025-01-06,7,2025-01-13,-0.3333,24
2025-01-07,0,2025-01-07,8.9458,24
2025-01-07,1,2025-01-08,10.5292,24
2025-01-07,2,2025-01-09,10.8750,24
2025-01-07,3,2025-01-10,14.0458,24
2025-01-07,4,2025-01-11,11.1000,24
2025-01-07,5,2025-01-12,0.9250,24
2025-01-07,6,2025-01-13,-0.9125,24
2025-01-07,7,2025-01-14,-1.5417,24
2025-01-08,0,2025-01-08,9.6000,24
2025-01-08,1,2025-01-09,10.0042,24
2025-01-08,2,2025-01-10,11.8792,24
2025-01-08,3,2025-01-11,9.8417,24
2025-01-08,4,2025-01-12,0.4000,24
2025-01-08,5,2025-01-13,-1.5625,24
2025-01-08,6,2025-01-14,-1.5667,24
2025-01-08,7,2025-01-15,0.4167,24
2025-01-09,0,2025-01-09,9.7125,24
2025-01-09,1,2025-01-10,12.0750,24
2025-01-09,2,2025-01-11,10.0500,24
2025-01-09,3,2025-01-12,1.0958,24
2025-01-09,4,2025-01-13,-1.2333,24
2025-01-09,5,2025-01-14,-0.5833,24
2025-01-09,6,2025-01-15,1.0000,24
2025-01-09,7,2025-01-16,3.3042,24
2025-01-10,0,2025-01-10,12.1042,24
2025-01-10,1,2025-01-11,9.9167,24
2025-01-10,2,2025-01-12,1.0125,24
2025-01-10,3,2025-01-13,-1.0292,24
2025-01-10,4,2025-01-14,-0.6000,24
2025-01-10,5,2025-01-15,0.8250,24
2025-01-10,6,2025-01-16,1.5292,24
2025-01-10,7,2025-01-17,3.1417,24
2025-01-11,0,2025-01-11,9.7583,24
2025-01-11,1,2025-01-12,0.7333,24
2025-01-11,2,2025-01-13,-1.1792,24
2025-01-11,3,2025-01-14,-0.9625,24
2025-01-11,4,2025-01-15,0.2000,24
2025-01-11,5,2025-01-16,1.6958,24
2025-01-11,6,2025-01-17,3.1875,24
2025-01-11,7,2025-01-18,3.5667,24
2025-01-12,0,2025-01-12,0.5875,24
2025-01-12,1,2025-01-13,-1.1250,24
2025-01-12,2,2025-01-14,-0.9917,24
2025-01-12,3,2025-01-15,0.5833,24
2025-01-12,4,2025-01-16,1.5708,24
2025-01-12,5,2025-01-17,5.4083,24
2025-01-12,6,2025-01-18,3.4542,24
2025-01-12,7,2025-01-19,2.9375,24
2025-01-13,0,2025-01-13,-1.1333,24
2025-01-13,1,2025-01-14,-1.0542,24
2025-01-13,2,2025-01-15,0.4083,24
2025-01-13,3,2025-01-16,2.7625,24
2025-01-13,4,2025-01-17,3.4042,24
2025-01-13,5,2025-01-18,2.6125,24
2025-01-13,6,2025-01-19,3.2417,24
2025-01-13,7,2025-01-20,3.7667,24
2025-01-14,0,2025-01-14,-0.8750,24
2025-01-14,1,2025-01-15,0.4750,24
2025-01-14,2,2025-01-16,2.7125,24
2025-01-14,3,2025-01-17,4.0167,24
2025-01-14,4,2025-01-18,2.3917,24
2025-01-14,5,2025-01-19,1.1917,24
2025-01-14,6,2025-01-20,2.5375,24
2025-01-14,7,2025-01-21,4.2333,24
2025-01-15,0,2025-01-15,0.0792,24
2025-01-15,1,2025-01-16,1.2083,24
2025-01-15,2,2025-01-17,2.8958,24
2025-01-15,3,2025-01-18,1.8875,24
2025-01-15,4,2025-01-19,2.1958,24
2025-01-15,5,2025-01-20,3.4167,24
2025-01-15,6,2025-01-21,7.2042,24
2025-01-15,7,2025-01-22,9.9292,24
2025-01-16,0,2025-01-16,1.2292,24
2025-01-16,1,2025-01-17,2.8583,24
2025-01-16,2,2025-01-18,1.8167,24
2025-01-16,3,2025-01-19,2.3250,24
2025-01-16,4,2025-01-20,4.1833,24
2025-01-16,5,2025-01-21,7.4208,24
2025-01-16,6,2025-01-22,10.7833,24
2025-01-16,7,2025-01-23,10.4500,24
2025-01-17,0,2025-01-17,2.4458,24
2025-01-17,1,2025-01-18,1.9708,24
2025-01-17,2,2025-01-19,3.1125,24
2025-01-17,3,2025-01-20,5.3708,24
2025-01-17,4,2025-01-21,7.6250,24
2025-01-17,5,2025-01-22,10.3958,24
2025-01-17,6,2025-01-23,11.2625,24
2025-01-17,7,2025-01-24,9.1750,24
2025-01-18,0,2025-01-18,1.9208,24
2025-01-18,1,2025-01-19,2.9958,24
2025-01-18,2,2025-01-20,6.0625,24
2025-01-18,3,2025-01-21,8.0875,24
2025-01-18,4,2025-01-22,10.0333,24
2025-01-18,5,2025-01-23,8.9958,24
2025-01-18,6,2025-01-24,6.5125,24
2025-01-18,7,2025-01-25,7.7750,24
2025-01-19,0,2025-01-19,3.2083,24
2025-01-19,1,2025-01-20,6.1833,24
2025-01-19,2,2025-01-21,8.4125,24
2025-01-19,3,2025-01-22,10.3417,24
2025-01-19,4,2025-01-23,7.0583,24
2025-01-19,5,2025-01-24,7.5292,24
2025-01-19,6,2025-01-25,9.1750,24
2025-01-19,7,2025-01-26,9.5333,24
2025-01-20,0,2025-01-20,6.8708,24
2025-01-20,1,2025-01-21,8.4917,24
2025-01-20,2,2025-01-22,10.4458,24
2025-01-20,3,2025-01-23,7.7958,24
2025-01-20,4,2025-01-24,7.4750,24
2025-01-20,5,2025-01-25,9.2458,24
2025-01-20,6,2025-01-26,10.3583,24
2025-01-20,7,2025-01-27,12.0542,24
2025-01-21,0,2025-01-21,8.5708,24
2025-01-21,1,2025-01-22,10.2958,24
2025-01-21,2,2025-01-23,8.3833,24
2025-01-21,3,2025-01-24,7.6667,24
2025-01-21,4,2025-01-25,10.1917,24
2025-01-21,5,2025-01-26,9.1625,24
2025-01-21,6,2025-01-27,10.4917,24
2025-01-21,7,2025-01-28,6.3458,24
2025-01-22,0,2025-01-22,10.0625,24
2025-01-22,1,2025-01-23,7.5000,24
2025-01-22,2,2025-01-24,6.9542,24
2025-01-22,3,2025-01-25,10.6083,24
2025-01-22,4,2025-01-26,8.3417,24
2025-01-22,5,2025-01-27,10.0375,24
2025-01-22,6,2025-01-28,6.6792,24
2025-01-22,7,2025-01-29,5.4125,24
2025-01-23,0,2025-01-23,8.1500,24
2025-01-23,1,2025-01-24,8.2167,24
2025-01-23,2,2025-01-25,10.2292,24
2025-01-23,3,2025-01-26,8.5125,24
2025-01-23,4,2025-01-27,9.4583,24
2025-01-23,5,2025-01-28,6.9792,24
2025-01-23,6,2025-01-29,5.2958,24
2025-01-23,7,2025-01-30,5.5375,24
2025-01-24,0,2025-01-24,7.9625,24
2025-01-24,1,2025-01-25,9.1500,24
2025-01-24,2,2025-01-26,7.4750,24
2025-01-24,3,2025-01-27,10.1458,24
2025-01-24,4,2025-01-28,5.7458,24
2025-01-24,5,2025-01-29,6.9625,24
2025-01-24,6,2025-01-30,6.1708,24
2025-01-24,7,2025-01-31,5.4417,24
2025-01-25,0,2025-01-25,9.7042,24
2025-01-25,1,2025-01-26,7.2375,24
2025-01-25,2,2025-01-27,10.0542,24
2025-01-25,3,2025-01-28,6.1833,24
2025-01-25,4,2025-01-29,6.9125,24
2025-01-25,5,2025-01-30,6.6583,24
2025-01-25,6,2025-01-31,5.6875,24
2025-01-25,7,2025-02-01,4.6667,24
2025-01-26,0,2025-01-26,7.6417,24
2025-01-26,1,2025-01-27,10.3583,24
2025-01-26,2,2025-01-28,7.0542,24
2025-01-26,3,2025-01-29,7.8083,24
2025-01-26,4,2025-01-30,7.3000,24
2025-01-26,5,2025-01-31,6.0458,24
2025-01-26,6,2025-02-01,5.3083,24
2025-01-26,7,2025-02-02,4.0375,24
2025-01-27,0,2025-01-27,9.7458,24
2025-01-27,1,2025-01-28,6.8333,24
2025-01-27,2,2025-01-29,7.7833,24
2025-01-27,3,2025-01-30,6.5500,24
2025-01-27,4,2025-01-31,5.6458,24
2025-01-27,5,2025-02-01,2.8792,24
2025-01-27,6,2025-02-02,3.9333,24
2025-01-27,7,2025-02-03,6.4292,24
2025-01-28,0,2025-01-28,7.0792,24
2025-01-28,1,2025-01-29,7.6958,24
2025-01-28,2,2025-01-30,6.6083,24
2025-01-28,3,2025-01-31,6.2833,24
2025-01-28,4,2025-02-01,4.0292,24
2025-01-28,5,2025-02-02,2.5000,24
2025-01-28,6,2025-02-03,3.5500,24
2025-01-28,7,2025-02-04,3.7708,24
2025-01-29,0,2025-01-29,7.7125,24
2025-01-29,1,2025-01-30,7.9792,24
2025-01-29,2,2025-01-31,5.2750,24
2025-01-29,3,2025-02-01,4.1833,24
2025-01-29,4,2025-02-02,3.9292,24
2025-01-29,5,2025-02-03,3.8833,24
2025-01-29,6,2025-02-04,2.8375,24
2025-01-29,7,2025-02-05,0.7042,24
2025-01-30,0,2025-01-30,7.1458,24
2025-01-30,1,2025-01-31,5.8000,24
2025-01-30,2,2025-02-01,4.6833,24
2025-01-30,3,2025-02-02,3.3208,24
2025-01-30,4,2025-02-03,4.9875,24
2025-01-30,5,2025-02-04,4.0042,24
2025-01-30,6,2025-02-05,4.8125,24
2025-01-30,7,2025-02-06,2.9625,24
2025-01-31,0,2025-01-31,5.5208,24
2025-01-31,1,2025-02-01,4.3500,24
2025-01-31,2,2025-02-02,3.3875,24
2025-01-31,3,2025-02-03,4.9083,24
2025-01-31,4,2025-02-04,3.6250,24
2025-01-31,5,2025-02-05,3.7500,24
2025-01-31,6,2025-02-06,2.3708,24
2025-01-31,7,2025-02-07,3.9208,24
2025-02-01,0,2025-02-01,4.6250,24
2025-02-01,1,2025-02-02,3.7958,24
2025-02-01,2,2025-02-03,5.4167,24
2025-02-01,3,2025-02-04,3.9792,24
2025-02-01,4,2025-02-05,4.8292,24
2025-02-01,5,2025-02-06,4.6708,24
2025-02-01,6,2025-02-07,7.0167,24
2025-02-01,7,2025-02-08,8.4250,24
2025-02-02,0,2025-02-02,4.4167,24
2025-02-02,1,2025-02-03,5.2083,24
2025-02-02,2,2025-02-04,4.2000,24
2025-02-02,3,2025-02-05,5.2458,24
2025-02-02,4,2025-02-06,3.8750,24
2025-02-02,5,2025-02-07,3.3625,24
2025-02-02,6,2025-02-08,1.2000,24
2025-02-02,7,2025-02-09,2.3125,24
2025-02-03,0,2025-02-03,5.2375,24
2025-02-03,1,2025-02-04,4.2667,24
2025-02-03,2,2025-02-05,5.4417,24
2025-02-03,3,2025-02-06,3.9667,24
2025-02-03,4,2025-02-07,2.4583,24
2025-02-03,5,2025-02-08,1.3667,24
2025-02-03,6,2025-02-09,1.0958,24
2025-02-03,7,2025-02-10,2.3917,24
2025-02-04,0,2025-02-04,4.3250,24
2025-02-04,1,2025-02-05,5.3167,24
2025-02-04,2,2025-02-06,3.5250,24
2025-02-04,3,2025-02-07,4.4042,24
2025-02-04,4,2025-02-08,3.1042,24
2025-02-04,5,2025-02-09,1.3583,24
2025-02-04,6,2025-02-10,3.6292,24
2025-02-04,7,2025-02-11,7.5542,24
2025-02-05,0,2025-02-05,5.8125,24
2025-02-05,1,2025-02-06,4.1375,24
2025-02-05,2,2025-02-07,5.8250,24
2025-02-05,3,2025-02-08,4.2542,24
2025-02-05,4,2025-02-09,3.3167,24
2025-02-05,5,2025-02-10,4.4250,24
2025-02-05,6,2025-02-11,4.7833,24
2025-02-05,7,2025-02-12,6.8750,24
2025-02-06,0,2025-02-06,4.0625,24
2025-02-06,1,2025-02-07,7.5250,24
2025-02-06,2,2025-02-08,5.3458,24
2025-02-06,3,2025-02-09,3.8833,24
2025-02-06,4,2025-02-10,3.5292,24
2025-02-06,5,2025-02-11,7.5125,24
2025-02-06,6,2025-02-12,9.2583,24
2025-02-06,7,2025-02-13,8.2167,24
2025-02-07,0,2025-02-07,7.4875,24
2025-02-07,1,2025-02-08,5.4625,24
2025-02-07,2,2025-02-09,4.5667,24
2025-02-07,3,2025-02-10,8.0292,24
2025-02-07,4,2025-02-11,8.8042,24
2025-02-07,5,2025-02-12,7.9500,24
2025-02-07,6,2025-02-13,6.2292,24
2025-02-07,7,2025-02-14,4.2667,24
2025-02-08,0,2025-02-08,5.2042,24
2025-02-08,1,2025-02-09,4.2958,24
2025-02-08,2,2025-02-10,8.6958,24
2025-02-08,3,2025-02-11,9.6042,24
2025-02-08,4,2025-02-12,10.2708,24
2025-02-08,5,2025-02-13,8.8583,24
2025-02-08,6,2025-02-14,6.5750,24
2025-02-08,7,2025-02-15,5.2667,24
2025-02-09,0,2025-02-09,4.4292,24
2025-02-09,1,2025-02-10,8.9833,24
2025-02-09,2,2025-02-11,10.4792,24
2025-02-09,3,2025-02-12,10.5542,24
2025-02-09,4,2025-02-13,9.4542,24
2025-02-09,5,2025-02-14,8.5792,24
2025-02-09,6,2025-02-15,8.9542,24
2025-02-09,7,2025-02-16,7.3375,24
2025-02-10,0,2025-02-10,9.1667,24
2025-02-10,1,2025-02-11,10.6083,24
2025-02-10,2,2025-02-12,10.0000,24
2025-02-10,3,2025-02-13,9.2458,24
2025-02-10,4,2025-02-14,8.3250,24
2025-02-10,5,2025-02-15,6.1542,24
2025-02-10,6,2025-02-16,8.0583,24
2025-02-10,7,2025-02-17,9.6500,24
2025-02-11,0,2025-02-11,11.0042,24
2025-02-11,1,2025-02-12,10.0708,24
2025-02-11,2,2025-02-13,9.4833,24
2025-02-11,3,2025-02-14,8.4292,24
2025-02-11,4,2025-02-15,6.7333,24
2025-02-11,5,2025-02-16,7.8125,24
2025-02-11,6,2025-02-17,7.7208,24
2025-02-11,7,2025-02-18,10.2542,24
2025-02-12,0,2025-02-12,9.9375,24
2025-02-12,1,2025-02-13,10.1083,24
2025-02-12,2,2025-02-14,10.3083,24
2025-02-12,3,2025-02-15,7.1875,24
2025-02-12,4,2025-02-16,9.7958,24
2025-02-12,5,2025-02-17,8.7417,24
2025-02-12,6,2025-02-18,10.2667,24
2025-02-12,7,2025-02-19,11.1208,24
2025-02-13,0,2025-02-13,9.7583,24
2025-02-13,1,2025-02-14,9.8250,24
2025-02-13,2,2025-02-15,6.8417,24
2025-02-13,3,2025-02-16,9.2292,24
2025-02-13,4,2025-02-17,10.7917,24
2025-02-13,5,2025-02-18,9.6375,24
2025-02-13,6,2025-02-19,11.7458,24
2025-02-13,7,2025-02-20,12.1792,24
2025-02-14,0,2025-02-14,9.3250,24
2025-02-14,1,2025-02-15,7.2958,24
2025-02-14,2,2025-02-16,8.9583,24
2025-02-14,3,2025-02-17,8.7125,24
2025-02-14,4,2025-02-18,9.7875,24
2025-02-14,5,2025-02-19,11.6292,24
2025-02-14,6,2025-02-20,12.2958,24
2025-02-14,7,2025-02-21,12.9125,24
2025-02-15,0,2025-02-15,7.1667,24
2025-02-15,1,2025-02-16,9.3333,24
2025-02-15,2,2025-02-17,10.3250,24
2025-02-15,3,2025-02-18,10.7875,24
2025-02-15,4,2025-02-19,12.2000,24
2025-02-15,5,2025-02-20,12.5958,24
2025-02-15,6,2025-02-21,11.8167,24
2025-02-15,7,2025-02-22,12.1708,24
2025-02-16,0,2025-02-16,8.9958,24
2025-02-16,1,2025-02-17,10.0167,24
2025-02-16,2,2025-02-18,10.2417,24
2025-02-16,3,2025-02-19,12.0458,24
2025-02-16,4,2025-02-20,12.1417,24
2025-02-16,5,2025-02-21,11.9542,24
2025-02-16,6,2025-02-22,10.5875,24
2025-02-16,7,2025-02-23,9.6083,24
2025-02-17,0,2025-02-17,10.4417,24
2025-02-17,1,2025-02-18,9.8000,24
2025-02-17,2,2025-02-19,11.7417,24
2025-02-17,3,2025-02-20,11.4542,24
2025-02-17,4,2025-02-21,10.7792,24
2025-02-17,5,2025-02-22,10.2167,24
2025-02-17,6,2025-02-23,8.7000,24
2025-02-17,7,2025-02-24,9.2208,24
2025-02-18,0,2025-02-18,9.8667,24
2025-02-18,1,2025-02-19,11.8250,24
2025-02-18,2,2025-02-20,11.3542,24
2025-02-18,3,2025-02-21,10.7500,24
2025-02-18,4,2025-02-22,10.0792,24
2025-02-18,5,2025-02-23,8.5083,24
2025-02-18,6,2025-02-24,9.4875,24
2025-02-18,7,2025-02-25,10.1417,24
2025-02-19,0,2025-02-19,11.9417,24
2025-02-19,1,2025-02-20,11.3500,24
2025-02-19,2,2025-02-21,10.7208,24
2025-02-19,3,2025-02-22,10.4292,24
2025-02-19,4,2025-02-23,8.9292,24
2025-02-19,5,2025-02-24,9.3667,24
2025-02-19,6,2025-02-25,10.5125,24
2025-02-19,7,2025-02-26,8.2875,24
2025-02-20,0,2025-02-20,11.5208,24
2025-02-20,1,2025-02-21,10.4208,24
2025-02-20,2,2025-02-22,10.1917,24
2025-02-20,3,2025-02-23,8.6875,24
2025-02-20,4,2025-02-24,9.3667,24
2025-02-20,5,2025-02-25,9.1625,24
2025-02-20,6,2025-02-26,6.2875,24
2025-02-20,7,2025-02-27,5.9000,24
2025-02-21,0,2025-02-21,10.7333,24
2025-02-21,1,2025-02-22,10.1000,24
2025-02-21,2,2025-02-23,8.7667,24
2025-02-21,3,2025-02-24,9.8750,24
2025-02-21,4,2025-02-25,8.4750,24
2025-02-21,5,2025-02-26,6.3167,24
2025-02-21,6,2025-02-27,5.7708,24
2025-02-21,7,2025-02-28,7.3458,24
2025-02-22,0,2025-02-22,10.0417,24
2025-02-22,1,2025-02-23,8.6208,24
2025-02-22,2,2025-02-24,9.6917,24
2025-02-22,3,2025-02-25,9.2292,24
2025-02-22,4,2025-02-26,6.4333,24
2025-02-22,5,2025-02-27,6.2417,24
2025-02-22,6,2025-02-28,8.7542,24
2025-02-22,7,2025-03-01,8.9000,24
2025-02-23,0,2025-02-23,8.9958,24
2025-02-23,1,2025-02-24,10.0250,24
2025-02-23,2,2025-02-25,9.2708,24
2025-02-23,3,2025-02-26,7.2708,24
2025-02-23,4,2025-02-27,7.0542,24
2025-02-23,5,2025-02-28,9.9458,24
2025-02-23,6,2025-03-01,8.8375,24
2025-02-23,7,2025-03-02,9.2625,24
2025-02-24,0,2025-02-24,10.5417,24
2025-02-24,1,2025-02-25,9.8125,24
2025-02-24,2,2025-02-26,7.2792,24
2025-02-24,3,2025-02-27,6.7417,24
2025-02-24,4,2025-02-28,7.2250,24
2025-02-24,5,2025-03-01,8.9167,24
2025-02-24,6,2025-03-02,8.2875,24
2025-02-24,7,2025-03-03,7.2875,24
2025-02-25,0,2025-02-25,9.5792,24
2025-02-25,1,2025-02-26,7.6708,24
2025-02-25,2,2025-02-27,7.2292,24
2025-02-25,3,2025-02-28,7.7917,24
2025-02-25,4,2025-03-01,8.0375,24
2025-02-25,5,2025-03-02,7.3292,24
2025-02-25,6,2025-03-03,6.6000,24
2025-02-25,7,2025-03-04,6.8167,24
2025-02-26,0,2025-02-26,7.5958,24
2025-02-26,1,2025-02-27,7.2083,24
2025-02-26,2,2025-02-28,7.2458,24
2025-02-26,3,2025-03-01,4.9625,24
2025-02-26,4,2025-03-02,3.7500,24
2025-02-26,5,2025-03-03,4.3708,24
2025-02-26,6,2025-03-04,7.7708,24
2025-02-26,7,2025-03-05,10.1083,24
2025-02-27,0,2025-02-27,7.4083,24
2025-02-27,1,2025-02-28,8.1083,24
2025-02-27,2,2025-03-01,5.8542,24
2025-02-27,3,2025-03-02,5.0792,24
2025-02-27,4,2025-03-03,8.5875,24
2025-02-27,5,2025-03-04,10.7958,24
2025-02-27,6,2025-03-05,10.1750,24
2025-02-27,7,2025-03-06,10.7417,24
2025-02-28,0,2025-02-28,7.6833,24
2025-02-28,1,2025-03-01,5.6125,24
2025-02-28,2,2025-03-02,8.2042,24
2025-02-28,3,2025-03-03,10.0542,24
2025-02-28,4,2025-03-04,10.1750,24
2025-02-28,5,2025-03-05,9.7750,24
2025-02-28,6,2025-03-06,11.0667,24
2025-02-28,7,2025-03-07,11.3833,24
2025-03-01,0,2025-03-01,5.3708,24
2025-03-01,1,2025-03-02,7.6208,24
2025-03-01,2,2025-03-03,9.4625,24
2025-03-01,3,2025-03-04,9.9208,24
2025-03-01,4,2025-03-05,10.7458,24
2025-03-01,5,2025-03-06,11.8417,24
2025-03-01,6,2025-03-07,12.1208,24
2025-03-01,7,2025-03-08,12.2458,24
2025-03-02,0,2025-03-02,7.3792,24
2025-03-02,1,2025-03-03,10.3000,24
2025-03-02,2,2025-03-04,10.2667,24
2025-03-02,3,2025-03-05,10.5042,24
2025-03-02,4,2025-03-06,11.4792,24
2025-03-02,5,2025-03-07,12.1708,24
2025-03-02,6,2025-03-08,12.9542,24
2025-03-02,7,2025-03-09,13.8458,24
2025-03-03,0,2025-03-03,10.1375,24
2025-03-03,1,2025-03-04,10.8708,24
2025-03-03,2,2025-03-05,10.9042,24
2025-03-03,3,2025-03-06,11.8000,24
2025-03-03,4,2025-03-07,12.2417,24
2025-03-03,5,2025-03-08,12.8333,24
2025-03-03,6,2025-03-09,12.9833,24
2025-03-03,7,2025-03-10,11.5792,24
2025-03-04,0,2025-03-04,10.7250,24
2025-03-04,1,2025-03-05,11.0333,24
2025-03-04,2,2025-03-06,12.0292,24
2025-03-04,3,2025-03-07,12.2667,24
2025-03-04,4,2025-03-08,12.8625,24
2025-03-04,5,2025-03-09,11.4250,24
2025-03-04,6,2025-03-10,9.4542,24
2025-03-04,7,2025-03-11,8.5708,24
2025-03-05,0,2025-03-05,11.1750,24
2025-03-05,1,2025-03-06,12.1667,24
2025-03-05,2,2025-03-07,12.3000,24
2025-03-05,3,2025-03-08,13.0917,24
2025-03-05,4,2025-03-09,11.9792,24
2025-03-05,5,2025-03-10,10.8542,24
2025-03-05,6,2025-03-11,10.2458,24
2025-03-05,7,2025-03-12,10.1208,24
2025-03-06,0,2025-03-06,12.1125,24
2025-03-06,1,2025-03-07,12.4333,24
2025-03-06,2,2025-03-08,13.1000,24
2025-03-06,3,2025-03-09,11.0917,24
2025-03-06,4,2025-03-10,10.6667,24
2025-03-06,5,2025-03-11,9.7750,24
2025-03-06,6,2025-03-12,6.6167,24
2025-03-06,7,2025-03-13,4.2833,24
2025-03-07,0,2025-03-07,12.1833,24
2025-03-07,1,2025-03-08,13.2292,24
2025-03-07,2,2025-03-09,10.9250,24
2025-03-07,3,2025-03-10,10.4583,24
2025-03-07,4,2025-03-11,9.6583,24
2025-03-07,5,2025-03-12,9.8542,24
2025-03-07,6,2025-03-13,9.1500,24
2025-03-07,7,2025-03-14,9.8458,24
2025-03-08,0,2025-03-08,13.1333,24
2025-03-08,1,2025-03-09,11.3250,24
2025-03-08,2,2025-03-10,10.7833,24
2025-03-08,3,2025-03-11,10.5875,24
2025-03-08,4,2025-03-12,10.5333,24
2025-03-08,5,2025-03-13,11.6917,24
2025-03-08,6,2025-03-14,9.9667,24
2025-03-08,7,2025-03-15,6.8542,24
2025-03-09,0,2025-03-09,11.3083,24
2025-03-09,1,2025-03-10,10.0083,24
2025-03-09,2,2025-03-11,10.8875,24
2025-03-09,3,2025-03-12,9.9042,24
2025-03-09,4,2025-03-13,11.5667,24
2025-03-09,5,2025-03-14,9.5792,24
2025-03-09,6,2025-03-15,6.5125,24
2025-03-09,7,2025-03-16,6.2167,24
2025-03-10,0,2025-03-10,9.8875,24
2025-03-10,1,2025-03-11,10.2417,24
2025-03-10,2,2025-03-12,9.4208,24
2025-03-10,3,2025-03-13,8.7167,24
2025-03-10,4,2025-03-14,6.3375,24
2025-03-10,5,2025-03-15,5.6208,24
2025-03-10,6,2025-03-16,5.0625,24
2025-03-10,7,2025-03-17,6.7833,24
2025-03-11,0,2025-03-11,10.5042,24
2025-03-11,1,2025-03-12,9.7625,24
2025-03-11,2,2025-03-13,6.0875,24
2025-03-11,3,2025-03-14,5.9417,24
2025-03-11,4,2025-03-15,5.3917,24
2025-03-11,5,2025-03-16,4.5417,24
2025-03-11,6,2025-03-17,5.4667,24
2025-03-11,7,2025-03-18,10.5917,24
2025-03-12,0,2025-03-12,9.8417,24
2025-03-12,1,2025-03-13,6.4458,24
2025-03-12,2,2025-03-14,6.1000,24
2025-03-12,3,2025-03-15,5.3167,24
2025-03-12,4,2025-03-16,5.2000,24
2025-03-12,5,2025-03-17,5.4208,24
2025-03-12,6,2025-03-18,9.2833,24
2025-03-12,7,2025-03-19,11.4167,24
2025-03-13,0,2025-03-13,6.6417,24
2025-03-13,1,2025-03-14,5.9292,24
2025-03-13,2,2025-03-15,5.0083,24
2025-03-13,3,2025-03-16,4.5917,24
2025-03-13,4,2025-03-17,5.0417,24
2025-03-13,5,2025-03-18,9.7333,24
2025-03-13,6,2025-03-19,10.7000,24
2025-03-13,7,2025-03-20,10.7125,24
2025-03-14,0,2025-03-14,5.9167,24
2025-03-14,1,2025-03-15,4.8625,24
2025-03-14,2,2025-03-16,4.6333,24
2025-03-14,3,2025-03-17,6.5583,24
2025-03-14,4,2025-03-18,10.5042,24
2025-03-14,5,2025-03-19,11.9583,24
2025-03-14,6,2025-03-20,12.8083,24
2025-03-14,7,2025-03-21,13.3708,24
2025-03-15,0,2025-03-15,4.5875,24
2025-03-15,1,2025-03-16,5.0125,24
2025-03-15,2,2025-03-17,5.7375,24
2025-03-15,3,2025-03-18,10.0417,24
2025-03-15,4,2025-03-19,11.1167,24
2025-03-15,5,2025-03-20,11.6208,24
2025-03-15,6,2025-03-21,12.8958,24
2025-03-15,7,2025-03-22,11.1083,24
2025-03-16,0,2025-03-16,5.0208,24
2025-03-16,1,2025-03-17,7.0167,24
2025-03-16,2,2025-03-18,10.4583,24
2025-03-16,3,2025-03-19,11.5250,24
2025-03-16,4,2025-03-20,12.9083,24
2025-03-16,5,2025-03-21,13.6583,24
2025-03-16,6,2025-03-22,13.9042,24
2025-03-16,7,2025-03-23,13.3458,24
2025-03-17,0,2025-03-17,7.3458,24
2025-03-17,1,2025-03-18,10.2833,24
2025-03-17,2,2025-03-19,11.4208,24
2025-03-17,3,2025-03-20,12.8500,24
2025-03-17,4,2025-03-21,13.1625,24
2025-03-17,5,2025-03-22,12.2708,24
2025-03-17,6,2025-03-23,10.4125,24
2025-03-17,7,2025-03-24,8.5292,24
2025-03-18,0,2025-03-18,10.1583,24
2025-03-18,1,2025-03-19,11.3708,24
2025-03-18,2,2025-03-20,12.5042,24
2025-03-18,3,2025-03-21,13.2833,24
2025-03-18,4,2025-03-22,13.9917,24
2025-03-18,5,2025-03-23,10.0833,24
2025-03-18,6,2025-03-24,9.0458,24
2025-03-18,7,2025-03-25,8.2792,24
2025-03-19,0,2025-03-19,11.7208,24
2025-03-19,1,2025-03-20,12.4917,24
2025-03-19,2,2025-03-21,12.9667,24
2025-03-19,3,2025-03-22,13.3417,24
2025-03-19,4,2025-03-23,10.2833,24
2025-03-19,5,2025-03-24,10.4958,24
2025-03-19,6,2025-03-25,9.7458,24
2025-03-19,7,2025-03-26,9.2333,24
2025-03-20,0,2025-03-20,12.4875,24
2025-03-20,1,2025-03-21,13.4500,24
2025-03-20,2,2025-03-22,13.0000,24
2025-03-20,3,2025-03-23,9.6667,24
2025-03-20,4,2025-03-24,8.1583,24
2025-03-20,5,2025-03-25,9.7208,24
2025-03-20,6,2025-03-26,10.3833,24
2025-03-20,7,2025-03-27,9.9667,24
2025-03-21,0,2025-03-21,13.0375,24
2025-03-21,1,2025-03-22,11.7958,24
2025-03-21,2,2025-03-23,8.5250,24
2025-03-21,3,2025-03-24,8.3000,24
2025-03-21,4,2025-03-25,9.2667,24
2025-03-21,5,2025-03-26,10.4208,24
2025-03-21,6,2025-03-27,10.0750,24
2025-03-21,7,2025-03-28,10.2167,24
2025-03-22,0,2025-03-22,11.3000,24
2025-03-22,1,2025-03-23,9.0583,24
2025-03-22,2,2025-03-24,9.7708,24
2025-03-22,3,2025-03-25,9.8333,24
2025-03-22,4,2025-03-26,10.1417,24
2025-03-22,5,2025-03-27,9.5833,24
2025-03-22,6,2025-03-28,9.3917,24
2025-03-22,7,2025-03-29,8.4292,24
2025-03-23,0,2025-03-23,8.6750,24
2025-03-23,1,2025-03-24,10.1750,24
2025-03-23,2,2025-03-25,10.4667,24
2025-03-23,3,2025-03-26,11.2083,24
2025-03-23,4,2025-03-27,11.3042,24
2025-03-23,5,2025-03-28,11.4458,24
2025-03-23,6,2025-03-29,9.5375,24
2025-03-23,7,2025-03-30,8.4958,24
2025-03-24,0,2025-03-24,10.1542,24
2025-03-24,1,2025-03-25,10.4542,24
2025-03-24,2,2025-03-26,10.7167,24
2025-03-24,3,2025-03-27,11.5958,24
2025-03-24,4,2025-03-28,10.9875,24
2025-03-24,5,2025-03-29,8.2417,24
2025-03-24,6,2025-03-30,7.9000,24
2025-03-24,7,2025-03-31,10.0167,24
2025-03-25,0,2025-03-25,10.8750,24
2025-03-25,1,2025-03-26,9.9292,24
2025-03-25,2,2025-03-27,10.8625,24
2025-03-25,3,2025-03-28,11.1417,24
2025-03-25,4,2025-03-29,8.5667,24
2025-03-25,5,2025-03-30,10.2125,24
2025-03-25,6,2025-03-31,8.7542,24
2025-03-25,7,2025-04-01,6.4083,24
2025-03-26,0,2025-03-26,10.2250,24
2025-03-26,1,2025-03-27,10.6167,24
2025-03-26,2,2025-03-28,10.8208,24
2025-03-26,3,2025-03-29,8.5167,24
2025-03-26,4,2025-03-30,8.3000,24
2025-03-26,5,2025-03-31,11.3792,24
2025-03-26,6,2025-04-01,12.0708,24
2025-03-26,7,2025-04-02,14.0792,24
2025-03-27,0,2025-03-27,10.5917,24
2025-03-27,1,2025-03-28,10.4250,24
2025-03-27,2,2025-03-29,8.6875,24
2025-03-27,3,2025-03-30,8.9208,24
2025-03-27,4,2025-03-31,11.4833,24
2025-03-27,5,2025-04-01,12.9208,24
2025-03-27,6,2025-04-02,13.3708,24
2025-03-27,7,2025-04-03,13.8625,24
2025-03-28,0,2025-03-28,10.9042,24
2025-03-28,1,2025-03-29,8.3708,24
2025-03-28,2,2025-03-30,9.4167,24
2025-03-28,3,2025-03-31,12.1208,24
2025-03-28,4,2025-04-01,11.3208,24
2025-03-28,5,2025-04-02,12.5958,24
2025-03-28,6,2025-04-03,12.5333,24
2025-03-28,7,2025-04-04,13.2917,24
2025-03-29,0,2025-03-29,8.6792,24
2025-03-29,1,2025-03-30,9.4167,24
2025-03-29,2,2025-03-31,11.4667,24
2025-03-29,3,2025-04-01,11.2542,24
2025-03-29,4,2025-04-02,12.3458,24
2025-03-29,5,2025-04-03,13.2458,24
2025-03-29,6,2025-04-04,14.2417,24
2025-03-29,7,2025-04-05,14.2958,24
2025-03-30,0,2025-03-30,9.0458,24
2025-03-30,1,2025-03-31,11.2458,24
2025-03-30,2,2025-04-01,10.2875,24
2025-03-30,3,2025-04-02,12.3750,24
2025-03-30,4,2025-04-03,13.6000,24
2025-03-30,5,2025-04-04,13.3375,24
2025-03-30,6,2025-04-05,14.1917,24
2025-03-30,7,2025-04-06,13.8083,24
2025-03-31,0,2025-03-31,11.1708,24
2025-03-31,1,2025-04-01,11.0792,24
2025-03-31,2,2025-04-02,12.3417,24
2025-03-31,3,2025-04-03,12.9042,24
2025-03-31,4,2025-04-04,13.8708,24
2025-03-31,5,2025-04-05,12.5417,24
2025-03-31,6,2025-04-06,13.3583,24
2025-03-31,7,2025-04-07,11.9125,24
2025-04-01,0,2025-04-01,11.3042,24
2025-04-01,1,2025-04-02,12.1458,24
2025-04-01,2,2025-04-03,13.1000,24
2025-04-01,3,2025-04-04,13.5500,24
2025-04-01,4,2025-04-05,13.4375,24
2025-04-01,5,2025-04-06,13.8667,24
2025-04-01,6,2025-04-07,11.9917,24
2025-04-01,7,2025-04-08,10.4667,24
2025-04-02,0,2025-04-02,12.9542,24
2025-04-02,1,2025-04-03,13.4875,24
2025-04-02,2,2025-04-04,13.7417,24
2025-04-02,3,2025-04-05,14.5667,24
2025-04-02,4,2025-04-06,14.9833,24
2025-04-02,5,2025-04-07,13.8958,24
2025-04-02,6,2025-04-08,11.9958,24
2025-04-02,7,2025-04-09,12.5708,24
2025-04-03,0,2025-04-03,13.4208,24
2025-04-03,1,2025-04-04,14.0750,24
2025-04-03,2,2025-04-05,14.3958,24
2025-04-03,3,2025-04-06,15.0417,24
2025-04-03,4,2025-04-07,14.4000,24
2025-04-03,5,2025-04-08,14.3042,24
2025-04-03,6,2025-04-09,12.4625,24
2025-04-03,7,2025-04-10,12.9875,24
2025-04-04,0,2025-04-04,13.9167,24
2025-04-04,1,2025-04-05,14.2375,24
2025-04-04,2,2025-04-06,14.2583,24
2025-04-04,3,2025-04-07,14.0417,24
2025-04-04,4,2025-04-08,13.4417,24
2025-04-04,5,2025-04-09,13.3417,24
2025-04-04,6,2025-04-10,13.1875,24
2025-04-04,7,2025-04-11,13.6875,24
2025-04-05,0,2025-04-05,14.8042,24
2025-04-05,1,2025-04-06,14.9875,24
2025-04-05,2,2025-04-07,14.0333,24
2025-04-05,3,2025-04-08,14.1000,24
2025-04-05,4,2025-04-09,13.2833,24
2025-04-05,5,2025-04-10,13.3792,24
2025-04-05,6,2025-04-11,13.6167,24
2025-04-05,7,2025-04-12,13.6417,24
2025-04-06,0,2025-04-06,15.7750,24
2025-04-06,1,2025-04-07,14.3875,24
2025-04-06,2,2025-04-08,15.0292,24
2025-04-06,3,2025-04-09,14.1542,24
2025-04-06,4,2025-04-10,15.0000,24
2025-04-06,5,2025-04-11,14.7583,24
2025-04-06,6,2025-04-12,13.6292,24
2025-04-06,7,2025-04-13,15.8583,24
2025-04-07,0,2025-04-07,14.8458,24
2025-04-07,1,2025-04-08,15.6375,24
2025-04-07,2,2025-04-09,14.4958,24
2025-04-07,3,2025-04-10,15.3833,24
2025-04-07,4,2025-04-11,15.4000,24
2025-04-07,5,2025-04-12,14.3958,24
2025-04-07,6,2025-04-13,15.8208,24
2025-04-07,7,2025-04-14,15.6917,24
2025-04-08,0,2025-04-08,15.0958,24
2025-04-08,1,2025-04-09,15.1750,24
2025-04-08,2,2025-04-10,16.0958,24
2025-04-08,3,2025-04-11,16.1792,24
2025-04-08,4,2025-04-12,14.5833,24
2025-04-08,5,2025-04-13,15.7792,24
2025-04-08,6,2025-04-14,15.4375,24
2025-04-08,7,2025-04-15,15.9875,24
2025-04-09,0,2025-04-09,15.2792,24
2025-04-09,1,2025-04-10,15.5250,24
2025-04-09,2,2025-04-11,15.2583,24
2025-04-09,3,2025-04-12,15.3875,24
2025-04-09,4,2025-04-13,15.5708,24
2025-04-09,5,2025-04-14,13.3625,24
2025-04-09,6,2025-04-15,13.2292,24
2025-04-09,7,2025-04-16,11.5000,24
2025-04-10,0,2025-04-10,15.7917,24
2025-04-10,1,2025-04-11,15.4792,24
2025-04-10,2,2025-04-12,15.7625,24
2025-04-10,3,2025-04-13,15.8333,24
2025-04-10,4,2025-04-14,13.0917,24
2025-04-10,5,2025-04-15,10.5542,24
2025-04-10,6,2025-04-16,9.0500,24
2025-04-10,7,2025-04-17,9.2375,24
2025-04-11,0,2025-04-11,15.4417,24
2025-04-11,1,2025-04-12,15.9625,24
2025-04-11,2,2025-04-13,14.5542,24
2025-04-11,3,2025-04-14,14.9250,24
2025-04-11,4,2025-04-15,11.7333,24
2025-04-11,5,2025-04-16,8.8875,24
2025-04-11,6,2025-04-17,9.1458,24
2025-04-11,7,2025-04-18,11.4583,24
2025-04-12,0,2025-04-12,15.7208,24
2025-04-12,1,2025-04-13,13.9375,24
2025-04-12,2,2025-04-14,13.7042,24
2025-04-12,3,2025-04-15,13.3208,24
2025-04-12,4,2025-04-16,9.6875,24
2025-04-12,5,2025-04-17,9.9417,24
2025-04-12,6,2025-04-18,12.4708,24
2025-04-12,7,2025-04-19,9.8958,24
2025-04-13,0,2025-04-13,15.3333,24
2025-04-13,1,2025-04-14,15.2333,24
2025-04-13,2,2025-04-15,11.4250,24
2025-04-13,3,2025-04-16,9.8875,24
2025-04-13,4,2025-04-17,9.4000,24
2025-04-13,5,2025-04-18,11.7542,24
2025-04-13,6,2025-04-19,14.2500,24
2025-04-13,7,2025-04-20,14.9208,24
2025-04-14,0,2025-04-14,14.8542,24
2025-04-14,1,2025-04-15,10.6583,24
2025-04-14,2,2025-04-16,9.7042,24
2025-04-14,3,2025-04-17,9.1917,24
2025-04-14,4,2025-04-18,12.3917,24
2025-04-14,5,2025-04-19,9.8000,24
2025-04-14,6,2025-04-20,9.6833,24
2025-04-14,7,2025-04-21,12.1625,24
2025-04-15,0,2025-04-15,10.9208,24
2025-04-15,1,2025-04-16,9.8333,24
2025-04-15,2,2025-04-17,9.5250,24
2025-04-15,3,2025-04-18,11.8625,24
2025-04-15,4,2025-04-19,10.9167,24
2025-04-15,5,2025-04-20,10.9542,24
2025-04-15,6,2025-04-21,12.5542,24
2025-04-15,7,2025-04-22,9.9792,24
2025-04-16,0,2025-04-16,9.4625,24
2025-04-16,1,2025-04-17,9.4625,24
2025-04-16,2,2025-04-18,11.8958,24
2025-04-16,3,2025-04-19,12.5292,24
2025-04-16,4,2025-04-20,11.9625,24
2025-04-16,5,2025-04-21,11.7000,24
2025-04-16,6,2025-04-22,10.4000,24
2025-04-16,7,2025-04-23,9.3917,24
2025-04-17,0,2025-04-17,9.6917,24
2025-04-17,1,2025-04-18,11.9417,24
2025-04-17,2,2025-04-19,11.9458,24
2025-04-17,3,2025-04-20,10.4000,24
2025-04-17,4,2025-04-21,11.7625,24
2025-04-17,5,2025-04-22,10.5917,24
2025-04-17,6,2025-04-23,10.5208,24
2025-04-17,7,2025-04-24,10.4000,24
2025-04-18,0,2025-04-18,12.2083,24
2025-04-18,1,2025-04-19,11.3625,24
2025-04-18,2,2025-04-20,10.9292,24
2025-04-18,3,2025-04-21,12.7125,24
2025-04-18,4,2025-04-22,11.4208,24
2025-04-18,5,2025-04-23,12.3000,24
2025-04-18,6,2025-04-24,14.2792,24
2025-04-18,7,2025-04-25,16.2125,24
2025-04-19,0,2025-04-19,10.9875,24
2025-04-19,1,2025-04-20,10.9458,24
2025-04-19,2,2025-04-21,12.3542,24
2025-04-19,3,2025-04-22,12.3292,24
2025-04-19,4,2025-04-23,12.8292,24
2025-04-19,5,2025-04-24,12.4458,24
2025-04-19,6,2025-04-25,12.7083,24
2025-04-19,7,2025-04-26,12.1125,24
2025-04-20,0,2025-04-20,10.1292,24
2025-04-20,1,2025-04-21,12.3708,24
2025-04-20,2,2025-04-22,12.5958,24
2025-04-20,3,2025-04-23,11.6250,24
2025-04-20,4,2025-04-24,11.6375,24
2025-04-20,5,2025-04-25,12.1625,24
2025-04-20,6,2025-04-26,12.3042,24
2025-04-20,7,2025-04-27,12.2458,24
2025-04-21,0,2025-04-21,12.5417,24
2025-04-21,1,2025-04-22,11.1458,24
2025-04-21,2,2025-04-23,12.8708,24
2025-04-21,3,2025-04-24,14.0167,24
2025-04-21,4,2025-04-25,14.0125,24
2025-04-21,5,2025-04-26,13.0250,24
2025-04-21,6,2025-04-27,13.0333,24
2025-04-21,7,2025-04-28,14.2042,24
2025-04-22,0,2025-04-22,11.5125,24
2025-04-22,1,2025-04-23,11.7792,24
2025-04-22,2,2025-04-24,13.1917,24
2025-04-22,3,2025-04-25,13.2958,24
2025-04-22,4,2025-04-26,13.0792,24
2025-04-22,5,2025-04-27,12.6667,24
2025-04-22,6,2025-04-28,15.2667,24
2025-04-22,7,2025-04-29,17.1208,24
2025-04-23,0,2025-04-23,11.7583,24
2025-04-23,1,2025-04-24,13.6500,24
2025-04-23,2,2025-04-25,13.9875,24
2025-04-23,3,2025-04-26,12.4083,24
2025-04-23,4,2025-04-27,12.6833,24
2025-04-23,5,2025-04-28,14.9167,24
2025-04-23,6,2025-04-29,16.1625,24
2025-04-23,7,2025-04-30,14.3833,24
2025-04-24,0,2025-04-24,13.1667,24
2025-04-24,1,2025-04-25,14.0917,24
2025-04-24,2,2025-04-26,12.6250,24
2025-04-24,3,2025-04-27,12.8667,24
2025-04-24,4,2025-04-28,14.6792,24
2025-04-24,5,2025-04-29,16.5917,24
2025-04-24,6,2025-04-30,16.1875,24
2025-04-24,7,2025-05-01,15.7083,24
2025-04-25,0,2025-04-25,14.4917,24
2025-04-25,1,2025-04-26,12.7042,24
2025-04-25,2,2025-04-27,13.0417,24
2025-04-25,3,2025-04-28,15.0958,24
2025-04-25,4,2025-04-29,16.6542,24
2025-04-25,5,2025-04-30,16.6500,24
2025-04-25,6,2025-05-01,17.1875,24
2025-04-25,7,2025-05-02,17.7292,24
2025-04-26,0,2025-04-26,12.6542,24
2025-04-26,1,2025-04-27,12.5875,24
2025-04-26,2,2025-04-28,15.0125,24
2025-04-26,3,2025-04-29,16.6875,24
2025-04-26,4,2025-04-30,16.6625,24
2025-04-26,5,2025-05-01,17.7667,24
2025-04-26,6,2025-05-02,19.1708,24
2025-04-26,7,2025-05-03,21.1917,24
2025-04-27,0,2025-04-27,13.3833,24
2025-04-27,1,2025-04-28,15.3250,24
2025-04-27,2,2025-04-29,17.0167,24
2025-04-27,3,2025-04-30,16.9833,24
2025-04-27,4,2025-05-01,17.8333,24
2025-04-27,5,2025-05-02,18.8583,24
2025-04-27,6,2025-05-03,20.1917,24
2025-04-27,7,2025-05-04,16.8667,24
2025-04-28,0,2025-04-28,15.1458,24
2025-04-28,1,2025-04-29,17.0125,24
2025-04-28,2,2025-04-30,17.1000,24
2025-04-28,3,2025-05-01,17.7333,24
2025-04-28,4,2025-05-02,18.6292,24
2025-04-28,5,2025-05-03,18.5417,24
2025-04-28,6,2025-05-04,17.2417,24
2025-04-28,7,2025-05-05,16.5458,24
2025-04-29,0,2025-04-29,17.4958,24
2025-04-29,1,2025-04-30,17.4125,24
2025-04-29,2,2025-05-01,18.1417,24
2025-04-29,3,2025-05-02,17.9750,24
2025-04-29,4,2025-05-03,18.9042,24
2025-04-29,5,2025-05-04,17.3208,24
2025-04-29,6,2025-05-05,15.9000,24
2025-04-29,7,2025-05-06,13.4667,24
2025-04-30,0,2025-04-30,17.9667,24
2025-04-30,1,2025-05-01,18.3792,24
2025-04-30,2,2025-05-02,18.3875,24
2025-04-30,3,2025-05-03,18.5375,24
2025-04-30,4,2025-05-04,15.5083,24
2025-04-30,5,2025-05-05,13.5792,24
2025-04-30,6,2025-05-06,10.0250,24
2025-04-30,7,2025-05-07,10.9208,24
2025-05-01,0,2025-05-01,18.7417,24
2025-05-01,1,2025-05-02,18.3875,24
2025-05-01,2,2025-05-03,18.5833,24
2025-05-01,3,2025-05-04,16.1833,24
2025-05-01,4,2025-05-05,13.6667,24
2025-05-01,5,2025-05-06,10.4625,24
2025-05-01,6,2025-05-07,12.3042,24
2025-05-01,7,2025-05-08,12.7917,24
2025-05-02,0,2025-05-02,18.6250,24
2025-05-02,1,2025-05-03,19.1792,24
2025-05-02,2,2025-05-04,16.1708,24
2025-05-02,3,2025-05-05,13.5125,24
2025-05-02,4,2025-05-06,10.8583,24
2025-05-02,5,2025-05-07,12.0750,24
2025-05-02,6,2025-05-08,12.9667,24
2025-05-02,7,2025-05-09,13.1333,24
2025-05-03,0,2025-05-03,19.2417,24
2025-05-03,1,2025-05-04,15.8542,24
2025-05-03,2,2025-05-05,13.3333,24
2025-05-03,3,2025-05-06,10.6500,24
2025-05-03,4,2025-05-07,12.4000,24
2025-05-03,5,2025-05-08,13.1958,24
2025-05-03,6,2025-05-09,15.3250,24
2025-05-03,7,2025-05-10,17.3625,24
2025-05-04,0,2025-05-04,15.7667,24
2025-05-04,1,2025-05-05,13.6500,24
2025-05-04,2,2025-05-06,11.0708,24
2025-05-04,3,2025-05-07,12.5583,24
2025-05-04,4,2025-05-08,13.4917,24
2025-05-04,5,2025-05-09,15.3833,24
2025-05-04,6,2025-05-10,17.1250,24
2025-05-04,7,2025-05-11,17.3375,24
2025-05-05,0,2025-05-05,13.2292,24
2025-05-05,1,2025-05-06,10.3958,24
2025-05-05,2,2025-05-07,11.3750,24
2025-05-05,3,2025-05-08,13.1750,24
2025-05-05,4,2025-05-09,14.5792,24
2025-05-05,5,2025-05-10,16.3500,24
2025-05-05,6,2025-05-11,16.0208,24
2025-05-05,7,2025-05-12,15.1833,24
2025-05-06,0,2025-05-06,10.4750,24
2025-05-06,1,2025-05-07,12.0750,24
2025-05-06,2,2025-05-08,13.9542,24
2025-05-06,3,2025-05-09,14.7542,24
2025-05-06,4,2025-05-10,15.9542,24
2025-05-06,5,2025-05-11,16.7167,24
2025-05-06,6,2025-05-12,15.8083,24
2025-05-06,7,2025-05-13,16.1833,24
2025-05-07,0,2025-05-07,12.0833,24
2025-05-07,1,2025-05-08,13.5500,24
2025-05-07,2,2025-05-09,15.1083,24
2025-05-07,3,2025-05-10,16.7750,24
2025-05-07,4,2025-05-11,14.5000,24
2025-05-07,5,2025-05-12,14.4292,24
2025-05-07,6,2025-05-13,15.6375,24
2025-05-07,7,2025-05-14,15.5958,24
2025-05-08,0,2025-05-08,13.9500,24
2025-05-08,1,2025-05-09,14.3000,24
2025-05-08,2,2025-05-10,16.8458,24
2025-05-08,3,2025-05-11,15.8333,24
2025-05-08,4,2025-05-12,14.2958,24
2025-05-08,5,2025-05-13,15.4792,24
2025-05-08,6,2025-05-14,16.2333,24
2025-05-08,7,2025-05-15,16.3625,24
2025-05-09,0,2025-05-09,15.0042,24
2025-05-09,1,2025-05-10,16.9417,24
2025-05-09,2,2025-05-11,15.1125,24
2025-05-09,3,2025-05-12,13.6833,24
2025-05-09,4,2025-05-13,14.7083,24
2025-05-09,5,2025-05-14,16.0042,24
2025-05-09,6,2025-05-15,15.3083,24
2025-05-09,7,2025-05-16,16.9542,24
2025-05-10,0,2025-05-10,16.9333,24
2025-05-10,1,2025-05-11,14.7250,24
2025-05-10,2,2025-05-12,13.9417,24
2025-05-10,3,2025-05-13,15.1125,24
2025-05-10,4,2025-05-14,15.6333,24
2025-05-10,5,2025-05-15,16.1333,24
2025-05-10,6,2025-05-16,17.4917,24
2025-05-10,7,2025-05-17,18.5667,24
2025-05-11,0,2025-05-11,14.8333,24
2025-05-11,1,2025-05-12,14.5958,24
2025-05-11,2,2025-05-13,15.3875,24
2025-05-11,3,2025-05-14,15.9125,24
2025-05-11,4,2025-05-15,15.3375,24
2025-05-11,5,2025-05-16,16.6167,24
2025-05-11,6,2025-05-17,16.3500,24
2025-05-11,7,2025-05-18,17.1542,24
2025-05-12,0,2025-05-12,14.4667,24
2025-05-12,1,2025-05-13,14.5542,24
2025-05-12,2,2025-05-14,15.2458,24
2025-05-12,3,2025-05-15,16.0417,24
2025-05-12,4,2025-05-16,16.4542,24
2025-05-12,5,2025-05-17,16.3875,24
2025-05-12,6,2025-05-18,17.8958,24
2025-05-12,7,2025-05-19,16.4958,24
2025-05-13,0,2025-05-13,14.8833,24
2025-05-13,1,2025-05-14,15.7500,24
2025-05-13,2,2025-05-15,15.6375,24
2025-05-13,3,2025-05-16,17.0250,24
2025-05-13,4,2025-05-17,17.0417,24
2025-05-13,5,2025-05-18,18.3917,24
2025-05-13,6,2025-05-19,20.5333,24
2025-05-13,7,2025-05-20,20.2000,24
2025-05-14,0,2025-05-14,16.3083,24
2025-05-14,1,2025-05-15,15.5792,24
2025-05-14,2,2025-05-16,16.7417,24
2025-05-14,3,2025-05-17,16.6958,24
2025-05-14,4,2025-05-18,18.1625,24
2025-05-14,5,2025-05-19,19.5917,24
2025-05-14,6,2025-05-20,16.0792,24
2025-05-14,7,2025-05-21,13.8875,24
2025-05-15,0,2025-05-15,15.8625,24
2025-05-15,1,2025-05-16,16.3083,24
2025-05-15,2,2025-05-17,16.5083,24
2025-05-15,3,2025-05-18,17.7292,24
2025-05-15,4,2025-05-19,19.3333,24
2025-05-15,5,2025-05-20,15.5750,24
2025-05-15,6,2025-05-21,13.0083,24
2025-05-15,7,2025-05-22,14.8125,24
2025-05-16,0,2025-05-16,16.7250,24
2025-05-16,1,2025-05-17,16.8792,24
2025-05-16,2,2025-05-18,18.5792,24
2025-05-16,3,2025-05-19,19.7583,24
2025-05-16,4,2025-05-20,15.5625,24
2025-05-16,5,2025-05-21,15.2708,24
2025-05-16,6,2025-05-22,14.3750,24
2025-05-16,7,2025-05-23,15.4583,24
2025-05-17,0,2025-05-17,16.8917,24
2025-05-17,1,2025-05-18,18.9042,24
2025-05-17,2,2025-05-19,17.5708,24
2025-05-17,3,2025-05-20,14.6792,24
2025-05-17,4,2025-05-21,15.0042,24
2025-05-17,5,2025-05-22,13.6083,24
2025-05-17,6,2025-05-23,15.6917,24
2025-05-17,7,2025-05-24,15.0833,24
2025-05-18,0,2025-05-18,18.9292,24
2025-05-18,1,2025-05-19,17.5917,24
2025-05-18,2,2025-05-20,15.1917,24
2025-05-18,3,2025-05-21,15.6792,24
2025-05-18,4,2025-05-22,14.2625,24
2025-05-18,5,2025-05-23,14.5333,24
2025-05-18,6,2025-05-24,14.8042,24
2025-05-18,7,2025-05-25,16.1875,24
2025-05-19,0,2025-05-19,17.4417,24
2025-05-19,1,2025-05-20,15.6875,24
2025-05-19,2,2025-05-21,15.0833,24
2025-05-19,3,2025-05-22,14.6375,24
2025-05-19,4,2025-05-23,14.4292,24
2025-05-19,5,2025-05-24,15.3083,24
2025-05-19,6,2025-05-25,16.5583,24
2025-05-19,7,2025-05-26,15.7583,24
2025-05-20,0,2025-05-20,16.1583,24
2025-05-20,1,2025-05-21,15.2208,24
2025-05-20,2,2025-05-22,14.3583,24
2025-05-20,3,2025-05-23,14.3167,24
2025-05-20,4,2025-05-24,15.1208,24
2025-05-20,5,2025-05-25,16.2167,24
2025-05-20,6,2025-05-26,16.7542,24
2025-05-20,7,2025-05-27,16.3333,24
2025-05-21,0,2025-05-21,15.3708,24
2025-05-21,1,2025-05-22,14.1625,24
2025-05-21,2,2025-05-23,14.1042,24
2025-05-21,3,2025-05-24,14.7833,24
2025-05-21,4,2025-05-25,16.1583,24
2025-05-21,5,2025-05-26,16.3167,24
2025-05-21,6,2025-05-27,14.9625,24
2025-05-21,7,2025-05-28,17.1792,24
2025-05-22,0,2025-05-22,14.2250,24
2025-05-22,1,2025-05-23,14.3917,24
2025-05-22,2,2025-05-24,15.0542,24
2025-05-22,3,2025-05-25,16.5292,24
2025-05-22,4,2025-05-26,15.6167,24
2025-05-22,5,2025-05-27,15.4417,24
2025-05-22,6,2025-05-28,18.1750,24
2025-05-22,7,2025-05-29,21.2083,24
2025-05-23,0,2025-05-23,14.4375,24
2025-05-23,1,2025-05-24,15.2000,24
2025-05-23,2,2025-05-25,16.5417,24
2025-05-23,3,2025-05-26,16.3167,24
2025-05-23,4,2025-05-27,16.0667,24
2025-05-23,5,2025-05-28,19.2000,24
2025-05-23,6,2025-05-29,17.7083,24
2025-05-23,7,2025-05-30,17.8458,24
2025-05-24,0,2025-05-24,15.3167,24
2025-05-24,1,2025-05-25,16.4917,24
2025-05-24,2,2025-05-26,16.4500,24
2025-05-24,3,2025-05-27,15.7917,24
2025-05-24,4,2025-05-28,18.7792,24
2025-05-24,5,2025-05-29,17.8208,24
2025-05-24,6,2025-05-30,19.0833,24
2025-05-24,7,2025-05-31,21.9875,24
2025-05-25,0,2025-05-25,16.8375,24
2025-05-25,1,2025-05-26,16.9625,24
2025-05-25,2,2025-05-27,16.3500,24
2025-05-25,3,2025-05-28,18.7667,24
2025-05-25,4,2025-05-29,20.3667,24
2025-05-25,5,2025-05-30,23.5500,24
2025-05-25,6,2025-05-31,25.0708,24
2025-05-25,7,2025-06-01,20.3292,24
2025-05-26,0,2025-05-26,16.9167,24
2025-05-26,1,2025-05-27,16.1000,24
2025-05-26,2,2025-05-28,19.0625,24
2025-05-26,3,2025-05-29,21.9500,24
2025-05-26,4,2025-05-30,24.3042,24
2025-05-26,5,2025-05-31,23.0708,24
2025-05-26,6,2025-06-01,18.7542,24
2025-05-26,7,2025-06-02,17.0333,24
2025-05-27,0,2025-05-27,16.2083,24
2025-05-27,1,2025-05-28,19.0917,24
2025-05-27,2,2025-05-29,21.3208,24
2025-05-27,3,2025-05-30,24.9625,24
2025-05-27,4,2025-05-31,25.5625,24
2025-05-27,5,2025-06-01,23.7167,24
2025-05-27,6,2025-06-02,21.0917,24
2025-05-27,7,2025-06-03,18.8583,24
2025-05-28,0,2025-05-28,19.2667,24
2025-05-28,1,2025-05-29,21.1458,24
2025-05-28,2,2025-05-30,24.7458,24
2025-05-28,3,2025-05-31,24.7167,24
2025-05-28,4,2025-06-01,23.4208,24
2025-05-28,5,2025-06-02,23.3375,24
2025-05-28,6,2025-06-03,17.4083,24
2025-05-28,7,2025-06-04,15.3958,24
2025-05-29,0,2025-05-29,21.7625,24
2025-05-29,1,2025-05-30,25.2708,24
2025-05-29,2,2025-05-31,25.3458,24
2025-05-29,3,2025-06-01,22.6458,24
2025-05-29,4,2025-06-02,22.0500,24
2025-05-29,5,2025-06-03,19.5833,24
2025-05-29,6,2025-06-04,17.8500,24
2025-05-29,7,2025-06-05,20.7000,24
2025-05-30,0,2025-05-30,25.5292,24
2025-05-30,1,2025-05-31,25.9625,24
2025-05-30,2,2025-06-01,24.2167,24
2025-05-30,3,2025-06-02,19.0125,24
2025-05-30,4,2025-06-03,19.0625,24
2025-05-30,5,2025-06-04,16.7875,24
2025-05-30,6,2025-06-05,18.6875,24
2025-05-30,7,2025-06-06,22.6958,24
2025-05-31,0,2025-05-31,26.2500,24
2025-05-31,1,2025-06-01,23.8333,24
2025-05-31,2,2025-06-02,19.2458,24
2025-05-31,3,2025-06-03,18.8042,24
2025-05-31,4,2025-06-04,16.5958,24
2025-05-31,5,2025-06-05,19.3875,24
2025-05-31,6,2025-06-06,19.1667,24
2025-05-31,7,2025-06-07,17.2125,24
2025-06-01,0,2025-06-01,22.8500,24
2025-06-01,1,2025-06-02,17.8625,24
2025-06-01,2,2025-06-03,19.0167,24
2025-06-01,3,2025-06-04,17.5875,24
2025-06-01,4,2025-06-05,19.3458,24
2025-06-01,5,2025-06-06,21.1375,24
2025-06-01,6,2025-06-07,19.9375,24
2025-06-01,7,2025-06-08,18.1583,24
2025-06-02,0,2025-06-02,18.6958,24
2025-06-02,1,2025-06-03,20.3208,24
2025-06-02,2,2025-06-04,17.2750,24
2025-06-02,3,2025-06-05,18.4583,24
2025-06-02,4,2025-06-06,20.8167,24
2025-06-02,5,2025-06-07,19.5292,24
2025-06-02,6,2025-06-08,18.3083,24
2025-06-02,7,2025-06-09,20.4667,24
2025-06-03,0,2025-06-03,19.6250,24
2025-06-03,1,2025-06-04,17.2625,24
2025-06-03,2,2025-06-05,18.7750,24
2025-06-03,3,2025-06-06,21.1208,24
2025-06-03,4,2025-06-07,19.8250,24
2025-06-03,5,2025-06-08,17.8833,24
2025-06-03,6,2025-06-09,18.6375,24
2025-06-03,7,2025-06-10,23.5875,24
2025-06-04,0,2025-06-04,17.3417,24
2025-06-04,1,2025-06-05,18.5542,24
2025-06-04,2,2025-06-06,20.7625,24
2025-06-04,3,2025-06-07,19.4208,24
2025-06-04,4,2025-06-08,17.6958,24
2025-06-04,5,2025-06-09,17.8958,24
2025-06-04,6,2025-06-10,22.8083,24
2025-06-04,7,2025-06-11,24.5917,24
2025-06-05,0,2025-06-05,18.9208,24
2025-06-05,1,2025-06-06,20.3667,24
2025-06-05,2,2025-06-07,19.1667,24
2025-06-05,3,2025-06-08,17.7083,24
2025-06-05,4,2025-06-09,18.9292,24
2025-06-05,5,2025-06-10,22.5042,24
2025-06-05,6,2025-06-11,25.5167,24
2025-06-05,7,2025-06-12,24.5708,24
2025-06-06,0,2025-06-06,20.4333,24
2025-06-06,1,2025-06-07,18.6708,24
2025-06-06,2,2025-06-08,17.8833,24
2025-06-06,3,2025-06-09,19.7375,24
2025-06-06,4,2025-06-10,22.6458,24
2025-06-06,5,2025-06-11,24.3708,24
2025-06-06,6,2025-06-12,23.7583,24
2025-06-06,7,2025-06-13,24.9792,24
2025-06-07,0,2025-06-07,18.3833,24
2025-06-07,1,2025-06-08,17.8875,24
2025-06-07,2,2025-06-09,20.0125,24
2025-06-07,3,2025-06-10,23.5917,24
2025-06-07,4,2025-06-11,25.7542,24
2025-06-07,5,2025-06-12,22.6083,24
2025-06-07,6,2025-06-13,24.0625,24
2025-06-07,7,2025-06-14,26.2083,24
2025-06-08,0,2025-06-08,18.3167,24
2025-06-08,1,2025-06-09,20.1333,24
2025-06-08,2,2025-06-10,23.5250,24
2025-06-08,3,2025-06-11,26.1292,24
2025-06-08,4,2025-06-12,25.1292,24
2025-06-08,5,2025-06-13,25.8458,24
2025-06-08,6,2025-06-14,23.6542,24
2025-06-08,7,2025-06-15,21.2083,24
2025-06-09,0,2025-06-09,20.0542,24
2025-06-09,1,2025-06-10,23.9167,24
2025-06-09,2,2025-06-11,26.6750,24
2025-06-09,3,2025-06-12,25.3458,24
2025-06-09,4,2025-06-13,25.1083,24
2025-06-09,5,2025-06-14,24.6083,24
2025-06-09,6,2025-06-15,20.4417,24
2025-06-09,7,2025-06-16,20.9250,24
2025-06-10,0,2025-06-10,24.1292,24
2025-06-10,1,2025-06-11,27.1000,24
2025-06-10,2,2025-06-12,25.7583,24
2025-06-10,3,2025-06-13,24.9750,24
2025-06-10,4,2025-06-14,22.5458,24
2025-06-10,5,2025-06-15,21.0833,24
2025-06-10,6,2025-06-16,21.8292,24
2025-06-10,7,2025-06-17,22.9583,24
2025-06-11,0,2025-06-11,27.3542,24
2025-06-11,1,2025-06-12,26.0958,24
2025-06-11,2,2025-06-13,25.4000,24
2025-06-11,3,2025-06-14,23.6417,24
2025-06-11,4,2025-06-15,19.7583,24
2025-06-11,5,2025-06-16,22.1625,24
2025-06-11,6,2025-06-17,24.1458,24
2025-06-11,7,2025-06-18,24.9083,24
2025-06-12,0,2025-06-12,24.8708,24
2025-06-12,1,2025-06-13,24.7750,24
2025-06-12,2,2025-06-14,24.7667,24
2025-06-12,3,2025-06-15,21.3917,24
2025-06-12,4,2025-06-16,22.4083,24
2025-06-12,5,2025-06-17,24.1958,24
2025-06-12,6,2025-06-18,25.8208,24
2025-06-12,7,2025-06-19,27.6292,24
2025-06-13,0,2025-06-13,24.9875,24
2025-06-13,1,2025-06-14,24.2333,24
2025-06-13,2,2025-06-15,21.3000,24
2025-06-13,3,2025-06-16,23.1917,24
2025-06-13,4,2025-06-17,23.6417,24
2025-06-13,5,2025-06-18,25.0958,24
2025-06-13,6,2025-06-19,26.8333,24
2025-06-13,7,2025-06-20,28.7333,24
2025-06-14,0,2025-06-14,23.8208,24
2025-06-14,1,2025-06-15,21.0083,24
2025-06-14,2,2025-06-16,22.3583,24
2025-06-14,3,2025-06-17,23.4750,24
2025-06-14,4,2025-06-18,25.2375,24
2025-06-14,5,2025-06-19,27.4458,24
2025-06-14,6,2025-06-20,28.3333,24
2025-06-14,7,2025-06-21,29.4500,24
2025-06-15,0,2025-06-15,20.0792,24
2025-06-15,1,2025-06-16,21.3375,24
2025-06-15,2,2025-06-17,22.4333,24
2025-06-15,3,2025-06-18,24.1833,24
2025-06-15,4,2025-06-19,25.8958,24
2025-06-15,5,2025-06-20,27.6750,24
2025-06-15,6,2025-06-21,29.1917,24
2025-06-15,7,2025-06-22,27.9042,24
2025-06-16,0,2025-06-16,21.3208,24
2025-06-16,1,2025-06-17,22.3250,24
2025-06-16,2,2025-06-18,24.0833,24
2025-06-16,3,2025-06-19,25.9458,24
2025-06-16,4,2025-06-20,27.8667,24
2025-06-16,5,2025-06-21,29.8917,24
2025-06-16,6,2025-06-22,29.2333,24
2025-06-16,7,2025-06-23,28.2042,24
2025-06-17,0,2025-06-17,22.9083,24
2025-06-17,1,2025-06-18,24.9000,24
2025-06-17,2,2025-06-19,27.1708,24
2025-06-17,3,2025-06-20,28.0750,24
2025-06-17,4,2025-06-21,29.3750,24
2025-06-17,5,2025-06-22,28.0708,24
2025-06-17,6,2025-06-23,28.2708,24
2025-06-17,7,2025-06-24,28.7000,24
2025-06-18,0,2025-06-18,25.1292,24
2025-06-18,1,2025-06-19,27.9292,24
2025-06-18,2,2025-06-20,29.0125,24
2025-06-18,3,2025-06-21,30.3375,24
2025-06-18,4,2025-06-22,26.6750,24
2025-06-18,5,2025-06-23,28.9083,24
2025-06-18,6,2025-06-24,30.4875,24
2025-06-18,7,2025-06-25,26.5333,24
2025-06-19,0,2025-06-19,26.9833,24
2025-06-19,1,2025-06-20,28.9000,24
2025-06-19,2,2025-06-21,30.0583,24
2025-06-19,3,2025-06-22,27.1875,24
2025-06-19,4,2025-06-23,26.1583,24
2025-06-19,5,2025-06-24,27.5167,24
2025-06-19,6,2025-06-25,28.4125,24
2025-06-19,7,2025-06-26,23.9458,24
2025-06-20,0,2025-06-20,28.4625,24
2025-06-20,1,2025-06-21,29.8250,24
2025-06-20,2,2025-06-22,27.2292,24
2025-06-20,3,2025-06-23,25.0333,24
2025-06-20,4,2025-06-24,27.3375,24
2025-06-20,5,2025-06-25,26.8625,24
2025-06-20,6,2025-06-26,22.2542,24
2025-06-20,7,2025-06-27,22.6292,24
2025-06-21,0,2025-06-21,29.4500,24
2025-06-21,1,2025-06-22,27.3500,24
2025-06-21,2,2025-06-23,27.6708,24
2025-06-21,3,2025-06-24,30.1208,24
2025-06-21,4,2025-06-25,25.1208,24
2025-06-21,5,2025-06-26,22.0833,24
2025-06-21,6,2025-06-27,22.7625,24
2025-06-21,7,2025-06-28,23.0833,24
2025-06-22,0,2025-06-22,26.7542,24
2025-06-22,1,2025-06-23,27.6250,24
2025-06-22,2,2025-06-24,30.1667,24
2025-06-22,3,2025-06-25,29.7833,24
2025-06-22,4,2025-06-26,24.0125,24
2025-06-22,5,2025-06-27,23.6042,24
2025-06-22,6,2025-06-28,26.3500,24
2025-06-22,7,2025-06-29,29.3958,24
2025-06-23,0,2025-06-23,27.0792,24
2025-06-23,1,2025-06-24,29.4542,24
2025-06-23,2,2025-06-25,26.9833,24
2025-06-23,3,2025-06-26,22.1458,24
2025-06-23,4,2025-06-27,22.4792,24
2025-06-23,5,2025-06-28,25.0500,24
2025-06-23,6,2025-06-29,26.9625,24
2025-06-23,7,2025-06-30,28.6208,24
2025-06-24,0,2025-06-24,28.6208,24
2025-06-24,1,2025-06-25,27.6958,24
2025-06-24,2,2025-06-26,22.7583,24
2025-06-24,3,2025-06-27,23.3333,24
2025-06-24,4,2025-06-28,25.8083,24
2025-06-24,5,2025-06-29,28.5208,24
2025-06-24,6,2025-06-30,29.8125,24
2025-06-24,7,2025-07-01,28.3000,24
2025-06-25,0,2025-06-25,26.9083,24
2025-06-25,1,2025-06-26,22.9583,24
2025-06-25,2,2025-06-27,23.8000,24
2025-06-25,3,2025-06-28,26.9417,24
2025-06-25,4,2025-06-29,29.2875,24
2025-06-25,5,2025-06-30,31.3000,24
2025-06-25,6,2025-07-01,30.0167,24
2025-06-25,7,2025-07-02,31.0292,24
2025-06-26,0,2025-06-26,23.2500,24
2025-06-26,1,2025-06-27,24.2833,24
2025-06-26,2,2025-06-28,27.1708,24
2025-06-26,3,2025-06-29,29.5292,24
2025-06-26,4,2025-06-30,31.2333,24
2025-06-26,5,2025-07-01,31.6000,24
2025-06-26,6,2025-07-02,27.3208,24
2025-06-26,7,2025-07-03,22.2750,24
2025-06-27,0,2025-06-27,23.9958,24
2025-06-27,1,2025-06-28,26.7208,24
2025-06-27,2,2025-06-29,28.9417,24
2025-06-27,3,2025-06-30,30.5167,24
2025-06-27,4,2025-07-01,31.0750,24
2025-06-27,5,2025-07-02,28.0292,24
2025-06-27,6,2025-07-03,25.5792,24
2025-06-27,7,2025-07-04,28.2000,24
2025-06-28,0,2025-06-28,27.5208,24
2025-06-28,1,2025-06-29,29.7667,24
2025-06-28,2,2025-06-30,31.0750,24
2025-06-28,3,2025-07-01,31.5083,24
2025-06-28,4,2025-07-02,29.4750,24
2025-06-28,5,2025-07-03,22.8333,24
2025-06-28,6,2025-07-04,24.2625,24
2025-06-28,7,2025-07-05,24.1333,24
2025-06-29,0,2025-06-29,29.6583,24
2025-06-29,1,2025-06-30,31.5875,24
2025-06-29,2,2025-07-01,31.8792,24
2025-06-29,3,2025-07-02,29.1250,24
2025-06-29,4,2025-07-03,27.1208,24
2025-06-29,5,2025-07-04,24.3792,24
2025-06-29,6,2025-07-05,24.0667,24
2025-06-29,7,2025-07-06,22.6750,24
2025-06-30,0,2025-06-30,31.1750,24
2025-06-30,1,2025-07-01,31.5417,24
2025-06-30,2,2025-07-02,27.9083,24
2025-06-30,3,2025-07-03,27.6000,24
2025-06-30,4,2025-07-04,23.7875,24
2025-06-30,5,2025-07-05,22.2917,24
2025-06-30,6,2025-07-06,19.9167,24
2025-06-30,7,2025-07-07,19.2542,24
2025-07-01,0,2025-07-01,30.7292,24
2025-07-01,1,2025-07-02,26.9708,24
2025-07-01,2,2025-07-03,26.2083,24
2025-07-01,3,2025-07-04,28.2375,24
2025-07-01,4,2025-07-05,27.1208,24
2025-07-01,5,2025-07-06,19.8458,24
2025-07-01,6,2025-07-07,20.3167,24
2025-07-01,7,2025-07-08,19.1417,24
2025-07-02,0,2025-07-02,26.7792,24
2025-07-02,1,2025-07-03,26.5042,24
2025-07-02,2,2025-07-04,28.5375,24
2025-07-02,3,2025-07-05,28.3500,24
2025-07-02,4,2025-07-06,22.4500,24
2025-07-02,5,2025-07-07,21.0292,24
2025-07-02,6,2025-07-08,20.0333,24
2025-07-02,7,2025-07-09,22.1042,24
2025-07-03,0,2025-07-03,25.9833,24
2025-07-03,1,2025-07-04,27.6125,24
2025-07-03,2,2025-07-05,27.6375,24
2025-07-03,3,2025-07-06,23.3000,24
2025-07-03,4,2025-07-07,21.7167,24
2025-07-03,5,2025-07-08,20.5042,24
2025-07-03,6,2025-07-09,23.5458,24
2025-07-03,7,2025-07-10,26.1250,24
2025-07-04,0,2025-07-04,27.0583,24
2025-07-04,1,2025-07-05,27.5125,24
2025-07-04,2,2025-07-06,23.4042,24
2025-07-04,3,2025-07-07,21.8292,24
2025-07-04,4,2025-07-08,21.8750,24
2025-07-04,5,2025-07-09,24.5417,24
2025-07-04,6,2025-07-10,27.1208,24
2025-07-04,7,2025-07-11,27.7875,24
2025-07-05,0,2025-07-05,26.8042,24
2025-07-05,1,2025-07-06,22.7167,24
2025-07-05,2,2025-07-07,20.6250,24
2025-07-05,3,2025-07-08,20.9458,24
2025-07-05,4,2025-07-09,23.0875,24
2025-07-05,5,2025-07-10,25.8833,24
2025-07-05,6,2025-07-11,26.1208,24
2025-07-05,7,2025-07-12,23.9958,24
2025-07-06,0,2025-07-06,21.6833,24
2025-07-06,1,2025-07-07,19.9958,24
2025-07-06,2,2025-07-08,19.9542,24
2025-07-06,3,2025-07-09,22.0750,24
2025-07-06,4,2025-07-10,24.1917,24
2025-07-06,5,2025-07-11,26.0417,24
2025-07-06,6,2025-07-12,25.6708,24
2025-07-06,7,2025-07-13,25.2833,24
2025-07-07,0,2025-07-07,20.1917,24
2025-07-07,1,2025-07-08,20.2792,24
2025-07-07,2,2025-07-09,22.1875,24
2025-07-07,3,2025-07-10,23.8250,24
2025-07-07,4,2025-07-11,25.8500,24
2025-07-07,5,2025-07-12,26.0000,24
2025-07-07,6,2025-07-13,24.2667,24
2025-07-07,7,2025-07-14,25.9083,24
2025-07-08,0,2025-07-08,19.7250,24
2025-07-08,1,2025-07-09,21.7000,24
2025-07-08,2,2025-07-10,23.9833,24
2025-07-08,3,2025-07-11,25.9125,24
2025-07-08,4,2025-07-12,24.8042,24
2025-07-08,5,2025-07-13,26.6917,24
2025-07-08,6,2025-07-14,28.4417,24
2025-07-08,7,2025-07-15,27.3875,24
2025-07-09,0,2025-07-09,21.7625,24
2025-07-09,1,2025-07-10,24.6375,24
2025-07-09,2,2025-07-11,26.4875,24
2025-07-09,3,2025-07-12,24.1000,24
2025-07-09,4,2025-07-13,25.3083,24
2025-07-09,5,2025-07-14,25.6667,24
2025-07-09,6,2025-07-15,23.8500,24
2025-07-09,7,2025-07-16,24.5083,24
2025-07-10,0,2025-07-10,24.5208,24
2025-07-10,1,2025-07-11,26.6292,24
2025-07-10,2,2025-07-12,23.3542,24
2025-07-10,3,2025-07-13,23.9792,24
2025-07-10,4,2025-07-14,23.3125,24
2025-07-10,5,2025-07-15,23.2167,24
2025-07-10,6,2025-07-16,23.3917,24
2025-07-10,7,2025-07-17,27.4500,24
2025-07-11,0,2025-07-11,25.9833,24
2025-07-11,1,2025-07-12,23.0000,24
2025-07-11,2,2025-07-13,22.8458,24
2025-07-11,3,2025-07-14,22.6333,24
2025-07-11,4,2025-07-15,21.2333,24
2025-07-11,5,2025-07-16,22.8292,24
2025-07-11,6,2025-07-17,26.8708,24
2025-07-11,7,2025-07-18,24.2500,24
2025-07-12,0,2025-07-12,22.5917,24
2025-07-12,1,2025-07-13,23.3458,24
2025-07-12,2,2025-07-14,22.5708,24
2025-07-12,3,2025-07-15,21.9042,24
2025-07-12,4,2025-07-16,23.1250,24
2025-07-12,5,2025-07-17,24.7458,24
2025-07-12,6,2025-07-18,26.5250,24
2025-07-12,7,2025-07-19,26.4708,24
2025-07-13,0,2025-07-13,23.3208,24
2025-07-13,1,2025-07-14,23.7625,24
2025-07-13,2,2025-07-15,21.9333,24
2025-07-13,3,2025-07-16,21.9625,24
2025-07-13,4,2025-07-17,24.0667,24
2025-07-13,5,2025-07-18,26.6667,24
2025-07-13,6,2025-07-19,24.2625,24
2025-07-13,7,2025-07-20,25.3542,24
2025-07-14,0,2025-07-14,23.9667,24
2025-07-14,1,2025-07-15,22.1875,24
2025-07-14,2,2025-07-16,22.5375,24
2025-07-14,3,2025-07-17,25.2875,24
2025-07-14,4,2025-07-18,27.1042,24
2025-07-14,5,2025-07-19,23.0458,24
2025-07-14,6,2025-07-20,20.2583,24
2025-07-14,7,2025-07-21,20.1792,24
2025-07-15,0,2025-07-15,21.8417,24
2025-07-15,1,2025-07-16,23.0000,24
2025-07-15,2,2025-07-17,26.4792,24
2025-07-15,3,2025-07-18,27.4042,24
2025-07-15,4,2025-07-19,22.2167,24
2025-07-15,5,2025-07-20,23.2375,24
2025-07-15,6,2025-07-21,20.8250,24
2025-07-15,7,2025-07-22,21.0333,24
2025-07-16,0,2025-07-16,23.1042,24
2025-07-16,1,2025-07-17,26.7708,24
2025-07-16,2,2025-07-18,26.7458,24
2025-07-16,3,2025-07-19,23.2583,24
2025-07-16,4,2025-07-20,25.3667,24
2025-07-16,5,2025-07-21,20.4167,24
2025-07-16,6,2025-07-22,21.2083,24
2025-07-16,7,2025-07-23,23.8125,24
2025-07-17,0,2025-07-17,27.0208,24
2025-07-17,1,2025-07-18,26.8708,24
2025-07-17,2,2025-07-19,22.9167,24
2025-07-17,3,2025-07-20,25.7417,24
2025-07-17,4,2025-07-21,21.1833,24
2025-07-17,5,2025-07-22,22.3667,24
2025-07-17,6,2025-07-23,22.0042,24
2025-07-17,7,2025-07-24,20.0375,24
2025-07-18,0,2025-07-18,26.1500,24
2025-07-18,1,2025-07-19,22.8625,24
2025-07-18,2,2025-07-20,23.9542,24
2025-07-18,3,2025-07-21,21.2917,24
2025-07-18,4,2025-07-22,22.3667,24
2025-07-18,5,2025-07-23,20.2833,24
2025-07-18,6,2025-07-24,19.3708,24
2025-07-18,7,2025-07-25,19.2417,24
2025-07-19,0,2025-07-19,22.4708,24
2025-07-19,1,2025-07-20,22.6958,24
2025-07-19,2,2025-07-21,21.7625,24
2025-07-19,3,2025-07-22,22.3375,24
2025-07-19,4,2025-07-23,20.4542,24
2025-07-19,5,2025-07-24,19.2375,24
2025-07-19,6,2025-07-25,19.9000,24
2025-07-19,7,2025-07-26,21.2333,24
2025-07-20,0,2025-07-20,22.5792,24
2025-07-20,1,2025-07-21,21.6000,24
2025-07-20,2,2025-07-22,21.8917,24
2025-07-20,3,2025-07-23,20.1250,24
2025-07-20,4,2025-07-24,17.9792,24
2025-07-20,5,2025-07-25,19.1917,24
2025-07-20,6,2025-07-26,19.8458,24
2025-07-20,7,2025-07-27,22.6792,24
2025-07-21,0,2025-07-21,20.5917,24
2025-07-21,1,2025-07-22,21.0750,24
2025-07-21,2,2025-07-23,19.4583,24
2025-07-21,3,2025-07-24,18.3708,24
2025-07-21,4,2025-07-25,18.6042,24
2025-07-21,5,2025-07-26,19.3292,24
2025-07-21,6,2025-07-27,20.4583,24
2025-07-21,7,2025-07-28,20.5125,24
2025-07-22,0,2025-07-22,20.5083,24
2025-07-22,1,2025-07-23,19.2208,24
2025-07-22,2,2025-07-24,18.7750,24
2025-07-22,3,2025-07-25,18.0167,24
2025-07-22,4,2025-07-26,19.9875,24
2025-07-22,5,2025-07-27,20.5542,24
2025-07-22,6,2025-07-28,20.0542,24
2025-07-22,7,2025-07-29,21.0125,24
2025-07-23,0,2025-07-23,19.3125,24
2025-07-23,1,2025-07-24,18.9792,24
2025-07-23,2,2025-07-25,18.3000,24
2025-07-23,3,2025-07-26,19.7250,24
2025-07-23,4,2025-07-27,19.9792,24
2025-07-23,5,2025-07-28,19.1750,24
2025-07-23,6,2025-07-29,18.7708,24
2025-07-23,7,2025-07-30,19.7333,24
2025-07-24,0,2025-07-24,18.8375,24
2025-07-24,1,2025-07-25,19.6000,24
2025-07-24,2,2025-07-26,20.6458,24
2025-07-24,3,2025-07-27,19.8792,24
2025-07-24,4,2025-07-28,19.1125,24
2025-07-24,5,2025-07-29,20.0958,24
2025-07-24,6,2025-07-30,21.5000,24
2025-07-24,7,2025-07-31,23.8125,24
2025-07-25,0,2025-07-25,20.0583,24
2025-07-25,1,2025-07-26,20.9042,24
2025-07-25,2,2025-07-27,20.2333,24
2025-07-25,3,2025-07-28,20.1167,24
2025-07-25,4,2025-07-29,20.6542,24
2025-07-25,5,2025-07-30,20.7875,24
2025-07-25,6,2025-07-31,22.4250,24
2025-07-25,7,2025-08-01,24.6292,24
2025-07-26,0,2025-07-26,21.0125,24
2025-07-26,1,2025-07-27,20.2792,24
2025-07-26,2,2025-07-28,19.6625,24
2025-07-26,3,2025-07-29,20.4458,24
2025-07-26,4,2025-07-30,21.1750,24
2025-07-26,5,2025-07-31,21.9375,24
2025-07-26,6,2025-08-01,22.8167,24
2025-07-26,7,2025-08-02,19.8333,24
2025-07-27,0,2025-07-27,20.7333,24
2025-07-27,1,2025-07-28,20.2750,24
2025-07-27,2,2025-07-29,21.0167,24
2025-07-27,3,2025-07-30,21.4083,24
2025-07-27,4,2025-07-31,22.4000,24
2025-07-27,5,2025-08-01,22.6125,24
2025-07-27,6,2025-08-02,22.5125,24
2025-07-27,7,2025-08-03,22.3750,24
2025-07-28,0,2025-07-28,21.0333,24
2025-07-28,1,2025-07-29,20.4167,24
2025-07-28,2,2025-07-30,21.1792,24
2025-07-28,3,2025-07-31,22.2083,24
2025-07-28,4,2025-08-01,21.9667,24
2025-07-28,5,2025-08-02,22.3458,24
2025-07-28,6,2025-08-03,22.3792,24
2025-07-28,7,2025-08-04,23.0708,24
2025-07-29,0,2025-07-29,20.6250,24
2025-07-29,1,2025-07-30,21.5125,24
2025-07-29,2,2025-07-31,22.4417,24
2025-07-29,3,2025-08-01,22.0708,24
2025-07-29,4,2025-08-02,21.8667,24
2025-07-29,5,2025-08-03,22.1292,24
2025-07-29,6,2025-08-04,23.8792,24
2025-07-29,7,2025-08-05,26.5542,24
2025-07-30,0,2025-07-30,21.8167,24
2025-07-30,1,2025-07-31,22.8792,24
2025-07-30,2,2025-08-01,22.1583,24
2025-07-30,3,2025-08-02,22.0083,24
2025-07-30,4,2025-08-03,23.0000,24
2025-07-30,5,2025-08-04,25.1583,24
2025-07-30,6,2025-08-05,27.1333,24
2025-07-30,7,2025-08-06,27.2500,24
2025-07-31,0,2025-07-31,22.7542,24
2025-07-31,1,2025-08-01,21.9333,24
2025-07-31,2,2025-08-02,21.9417,24
2025-07-31,3,2025-08-03,22.6208,24
2025-07-31,4,2025-08-04,24.1208,24
2025-07-31,5,2025-08-05,22.6292,24
2025-07-31,6,2025-08-06,21.9292,24
2025-07-31,7,2025-08-07,25.5250,24
2025-08-01,0,2025-08-01,22.0625,24
2025-08-01,1,2025-08-02,21.5500,24
2025-08-01,2,2025-08-03,22.4458,24
2025-08-01,3,2025-08-04,25.6542,24
2025-08-01,4,2025-08-05,26.5208,24
2025-08-01,5,2025-08-06,27.0875,24
2025-08-01,6,2025-08-07,31.0417,24
2025-08-01,7,2025-08-08,30.4458,24
2025-08-02,0,2025-08-02,21.8792,24
2025-08-02,1,2025-08-03,22.3875,24
2025-08-02,2,2025-08-04,25.5667,24
2025-08-02,3,2025-08-05,27.1083,24
2025-08-02,4,2025-08-06,27.7167,24
2025-08-02,5,2025-08-07,29.3333,24
2025-08-02,6,2025-08-08,27.1875,24
2025-08-02,7,2025-08-09,24.0292,24
2025-08-03,0,2025-08-03,21.8208,24
2025-08-03,1,2025-08-04,25.5167,24
2025-08-03,2,2025-08-05,26.2458,24
2025-08-03,3,2025-08-06,26.4083,24
2025-08-03,4,2025-08-07,29.9125,24
2025-08-03,5,2025-08-08,27.6583,24
2025-08-03,6,2025-08-09,27.2333,24
2025-08-03,7,2025-08-10,31.5625,24
2025-08-04,0,2025-08-04,25.1375,24
2025-08-04,1,2025-08-05,25.1875,24
2025-08-04,2,2025-08-06,25.5708,24
2025-08-04,3,2025-08-07,28.2500,24
2025-08-04,4,2025-08-08,27.7167,24
2025-08-04,5,2025-08-09,28.4250,24
2025-08-04,6,2025-08-10,27.6250,24
2025-08-04,7,2025-08-11,26.7542,24
2025-08-07,0,2025-08-07,,0
2025-08-07,1,2025-08-08,,0
2025-08-07,2,2025-08-09,,0
2025-08-07,3,2025-08-10,,0
2025-08-07,4,2025-08-11,,0
2025-08-07,5,2025-08-12,,0
2025-08-07,6,2025-08-13,,0
2025-08-07,7,2025-08-14,,0
2025-08-10,0,2025-08-10,29.2833,24
2025-08-10,1,2025-08-11,32.8708,24
2025-08-10,2,2025-08-12,29.7333,24
2025-08-10,3,2025-08-13,30.1125,24
2025-08-10,4,2025-08-14,28.2958,24
2025-08-10,5,2025-08-15,29.8375,24
2025-08-10,6,2025-08-16,31.2417,24
2025-08-10,7,2025-08-17,31.8292,24
2025-08-11,0,2025-08-11,32.3583,24
2025-08-11,1,2025-08-12,31.2583,24
2025-08-11,2,2025-08-13,30.3542,24
2025-08-11,3,2025-08-14,29.3625,24
2025-08-11,4,2025-08-15,31.9958,24
2025-08-11,5,2025-08-16,32.3958,24
2025-08-11,6,2025-08-17,30.6000,24
2025-08-11,7,2025-08-18,30.4208,24
2025-08-12,0,2025-08-12,30.5125,24
2025-08-12,1,2025-08-13,29.4583,24
2025-08-12,2,2025-08-14,28.8000,24
2025-08-12,3,2025-08-15,30.8917,24
2025-08-12,4,2025-08-16,31.5500,24
2025-08-12,5,2025-08-17,29.0000,24
2025-08-12,6,2025-08-18,26.5583,24
2025-08-12,7,2025-08-19,25.2792,24
2025-08-13,0,2025-08-13,30.0542,24
2025-08-13,1,2025-08-14,29.8000,24
2025-08-13,2,2025-08-15,31.3750,24
2025-08-13,3,2025-08-16,31.0958,24
2025-08-13,4,2025-08-17,28.7042,24
2025-08-13,5,2025-08-18,28.5792,24
2025-08-13,6,2025-08-19,27.2667,24
2025-08-13,7,2025-08-20,24.3625,24
2025-08-14,0,2025-08-14,28.3625,24
2025-08-14,1,2025-08-15,30.9000,24
2025-08-14,2,2025-08-16,31.4417,24
2025-08-14,3,2025-08-17,29.8917,24
2025-08-14,4,2025-08-18,29.5042,24
2025-08-14,5,2025-08-19,24.3250,24
2025-08-14,6,2025-08-20,21.3792,24
2025-08-14,7,2025-08-21,21.3833,24
2025-08-15,0,2025-08-15,30.6042,24
2025-08-15,1,2025-08-16,31.6000,24
2025-08-15,2,2025-08-17,30.0417,24
2025-08-15,3,2025-08-18,27.3375,24
2025-08-15,4,2025-08-19,23.7833,24
2025-08-15,5,2025-08-20,20.0417,24
2025-08-15,6,2025-08-21,20.1417,24
2025-08-15,7,2025-08-22,19.9917,24
2025-08-16,0,2025-08-16,31.0583,24
2025-08-16,1,2025-08-17,29.6917,24
2025-08-16,2,2025-08-18,26.7167,24
2025-08-16,3,2025-08-19,23.0875,24
2025-08-16,4,2025-08-20,22.5542,24
2025-08-16,5,2025-08-21,19.6375,24
2025-08-16,6,2025-08-22,20.4125,24
2025-08-16,7,2025-08-23,20.0375,24
2025-08-17,0,2025-08-17,29.4000,24
2025-08-17,1,2025-08-18,26.7500,24
2025-08-17,2,2025-08-19,22.3125,24
2025-08-17,3,2025-08-20,19.2208,24
2025-08-17,4,2025-08-21,19.9250,24
2025-08-17,5,2025-08-22,20.4083,24
2025-08-17,6,2025-08-23,20.7958,24
2025-08-17,7,2025-08-24,19.0208,24
2025-08-18,0,2025-08-18,26.0375,24
2025-08-18,1,2025-08-19,22.0833,24
2025-08-18,2,2025-08-20,19.4083,24
2025-08-18,3,2025-08-21,18.4875,24
2025-08-18,4,2025-08-22,19.1042,24
2025-08-18,5,2025-08-23,19.4667,24
2025-08-18,6,2025-08-24,20.3250,24
2025-08-18,7,2025-08-25,19.2750,24
2025-08-19,0,2025-08-19,22.4208,24
2025-08-19,1,2025-08-20,19.7167,24
2025-08-19,2,2025-08-21,18.8917,24
2025-08-19,3,2025-08-22,19.9250,24
2025-08-19,4,2025-08-23,20.5708,24
2025-08-19,5,2025-08-24,22.3917,24
2025-08-19,6,2025-08-25,23.2167,24
2025-08-19,7,2025-08-26,20.9708,24
2025-08-20,0,2025-08-20,19.6625,24
2025-08-20,1,2025-08-21,19.4833,24
2025-08-20,2,2025-08-22,19.7542,24
2025-08-20,3,2025-08-23,20.5167,24
2025-08-20,4,2025-08-24,22.0542,24
2025-08-20,5,2025-08-25,18.7167,24
2025-08-20,6,2025-08-26,18.8500,24
2025-08-20,7,2025-08-27,21.0792,24
2025-08-21,0,2025-08-21,19.0500,24
2025-08-21,1,2025-08-22,19.4000,24
2025-08-21,2,2025-08-23,20.1708,24
2025-08-21,3,2025-08-24,21.5042,24
2025-08-21,4,2025-08-25,20.1542,24
2025-08-21,5,2025-08-26,21.7583,24
2025-08-21,6,2025-08-27,22.0208,24
2025-08-21,7,2025-08-28,19.4875,24
2025-08-22,0,2025-08-22,19.1167,24
2025-08-22,1,2025-08-23,20.2417,24
2025-08-22,2,2025-08-24,21.9500,24
2025-08-22,3,2025-08-25,23.7833,24
2025-08-22,4,2025-08-26,23.8917,24
2025-08-22,5,2025-08-27,23.3083,24
2025-08-22,6,2025-08-28,19.7417,24
2025-08-22,7,2025-08-29,18.4667,24
