date,mean_c,n_hours,n_quarters,qual_codes,eligible
2010-01-01,7.6071,24,4,4,True
2010-01-02,6.7641,24,4,4,True
2010-01-03,5.6547,24,4,4,True
2010-01-04,5.9655,24,4,4,True
2010-01-05,6.6435,24,4,4,True
2010-01-06,5.4871,24,4,4,True
2010-01-07,4.5763,24,4,4,True
2010-01-08,4.3889,24,4,4,True
2010-01-09,3.1426,24,4,4,True
2010-01-10,1.7946,24,4,4,True
2010-01-11,1.2754,24,4,4,True
2010-01-12,0.8117,24,4,4,True
2010-01-13,2.6219,24,4,4,True
2010-01-14,4.6449,24,4,4,True
2010-01-15,5.8115,24,4,4,True
2010-01-16,5.6319,24,4,4,True
2010-01-17,6.7693,24,4,4,True
2010-01-18,6.3202,24,4,4,True
2010-01-19,5.4459,24,4,4,True
2010-01-20,6.3826,24,4,4,True
2010-01-21,6.8364,24,4,4,True
2010-01-22,6.2347,24,4,4,True
2010-01-23,5.6107,24,4,4,True
2010-01-24,6.1922,24,4,4,True
2010-01-25,6.7404,24,4,4,True
2010-01-26,5.8223,24,4,4,True
2010-01-27,4.6550,24,4,4,True
2010-01-28,3.3445,24,4,4,True
2010-01-29,3.4505,24,4,4,True
2010-01-30,4.4182,24,4,4,True
2010-01-31,3.8055,24,4,4,True
2010-02-01,2.4461,24,4,4,True
2010-02-02,2.0660,24,4,4,True
2010-02-03,2.2840,24,4,4,True
2010-02-04,2.9123,24,4,4,True
2010-02-05,5.2236,24,4,4,True
2010-02-06,6.0466,24,4,4,True
2010-02-07,6.4721,24,4,4,True
2010-02-08,5.9957,24,4,4,True
2010-02-09,6.0492,24,4,4,True
2010-02-10,5.5219,24,4,4,True
2010-02-11,4.1135,24,4,4,True
2010-02-12,2.6613,24,4,4,True
2010-02-13,2.0134,24,4,4,True
2010-02-14,2.2831,24,4,4,True
2010-02-15,2.3658,24,4,4,True
2010-02-16,2.6795,24,4,4,True
2010-02-17,4.8112,24,4,4,True
2010-02-18,6.4876,24,4,4,True
2010-02-19,6.9942,24,4,4,True
2010-02-20,6.2145,24,4,4,True
2010-02-21,6.2113,24,4,4,True
2010-02-22,6.8268,24,4,4,True
2010-02-23,7.6239,24,4,4,True
2010-02-24,8.2432,24,4,4,True
2010-02-25,8.5070,24,4,4,True
2010-02-26,8.5070,24,4,4,True
2010-02-27,7.7025,24,4,4,True
2010-02-28,8.3946,24,4,4,True
2010-03-01,7.7445,24,4,4,True
2010-03-02,7.2948,24,4,4,True
2010-03-03,7.6142,24,4,4,True
2010-03-04,7.7731,24,4,4,True
2010-03-05,7.2941,24,4,4,True
2010-03-06,5.9691,24,4,4,True
2010-03-07,5.5063,24,4,4,True
2010-03-08,4.9231,24,4,4,True
2010-03-09,4.2875,24,4,4,True
2010-03-10,3.4268,24,4,4,True
2010-03-11,2.9207,24,4,4,True
2010-03-12,3.3048,24,4,4,True
2010-03-13,3.7305,24,4,4,True
2010-03-14,4.1633,24,4,4,True
2010-03-15,4.7149,24,4,4,True
2010-03-16,5.4129,24,4,4,True
2010-03-17,6.2229,24,4,4,True
2010-03-18,7.1877,24,4,4,True
2010-03-19,8.8148,24,4,4,True
2010-03-20,10.2903,24,4,4,True
2010-03-21,11.1010,24,4,4,True
2010-03-22,11.2164,24,4,4,True
2010-03-23,11.7948,24,4,4,True
2010-03-24,12.1671,24,4,4,True
2010-03-25,12.1851,24,4,4,True
2010-03-26,12.3197,24,4,4,True
2010-03-27,11.4466,24,4,4,True
2010-03-28,10.5705,22,4,4,True
2010-03-29,11.0107,24,4,4,True
2010-03-30,10.8560,24,4,4,True
2010-03-31,9.7100,24,4,4,True
2010-04-01,9.4247,24,4,4,True
2010-04-02,9.1859,24,4,4,True
2010-04-03,9.8771,24,4,4,True
2010-04-04,9.9519,24,4,4,True
2010-04-05,9.6356,24,4,4,True
2010-04-06,10.1042,24,4,4,True
2010-04-07,10.5518,24,4,4,True
2010-04-08,10.8520,24,4,4,True
2010-04-09,11.6128,24,4,4,True
2010-04-10,12.0734,24,4,4,True
2010-04-11,12.4272,24,4,4,True
2010-04-12,11.9974,24,4,4,True
2010-04-13,11.1428,24,4,4,True
2010-04-14,10.5810,24,4,4,True
2010-04-15,10.6758,24,4,4,True
2010-04-16,11.3012,24,4,4,True
2010-04-17,12.0767,24,4,4,True
2010-04-18,13.0860,24,4,4,True
2010-04-19,13.6452,24,4,4,True
2010-04-20,14.4871,24,4,4,True
2010-04-21,14.9421,24,4,4,True
2010-04-22,15.2989,24,4,4,True
2010-04-23,15.4642,24,4,4,True
2010-04-24,15.9051,24,4,4,True
2010-04-25,16.5366,24,4,4,True
2010-04-26,16.7153,24,4,4,True
2010-04-27,16.5660,24,4,4,True
2010-04-28,16.7742,24,4,4,True
2010-04-29,17.4134,24,4,4,True
2010-04-30,17.3317,24,4,4,True
2010-05-01,16.7834,24,4,4,True
2010-05-02,15.5390,24,4,4,True
2010-05-03,14.5330,24,4,4,True
2010-05-04,12.8708,24,4,4,True
2010-05-05,11.0234,24,4,4,True
2010-05-06,9.5613,24,4,4,True
2010-05-07,9.8476,24,4,4,True
2010-05-08,11.2756,24,4,4,True
2010-05-09,12.5329,24,4,4,True
2010-05-10,13.4586,24,4,4,True
2010-05-11,14.3603,24,4,4,True
2010-05-12,13.6967,24,4,4,True
2010-05-13,12.6146,24,4,4,True
2010-05-14,11.9374,24,4,4,True
2010-05-15,11.2540,24,4,4,True
2010-05-16,10.9625,24,4,4,True
2010-05-17,11.8701,24,4,4,True
2010-05-18,12.8720,24,4,4,True
2010-05-19,14.0768,24,4,4,True
2010-05-20,14.4715,24,4,4,True
2010-05-21,15.6419,24,4,4,True
2010-05-22,16.7825,24,4,4,True
2010-05-23,17.8608,24,4,4,True
2010-05-24,18.5716,24,4,4,True
2010-05-25,18.8838,24,4,4,True
2010-05-26,19.2840,24,4,4,True
2010-05-27,18.9669,24,4,4,True
2010-05-28,17.8946,24,4,4,True
2010-05-29,16.9945,24,4,4,True
2010-05-30,16.9818,24,4,4,True
2010-05-31,17.1533,24,4,4,True
2010-06-01,16.5553,24,4,4,True
2010-06-02,16.9983,24,4,4,True
2010-06-03,17.9381,24,4,4,True
2010-06-04,19.1051,24,4,4,True
2010-06-05,20.4632,24,4,4,True
2010-06-06,20.5595,24,4,4,True
2010-06-07,20.2025,24,4,4,True
2010-06-08,19.9620,24,4,4,True
2010-06-09,19.0015,24,4,4,True
2010-06-10,19.3208,24,4,4,True
2010-06-11,19.4840,24,4,4,True
2010-06-12,19.2635,24,4,4,True
2010-06-13,19.7994,24,4,4,True
2010-06-14,18.4972,24,4,4,True
2010-06-15,16.9709,24,4,4,True
2010-06-16,16.7566,24,4,4,True
2010-06-17,16.8220,24,4,4,True
2010-06-18,17.0929,24,4,4,True
2010-06-19,16.8261,24,4,4,True
2010-06-20,15.7566,24,4,4,True
2010-06-21,15.2720,24,4,4,True
2010-06-22,15.6741,24,4,4,True
2010-06-23,17.1215,24,4,4,True
2010-06-24,18.6220,24,4,4,True
2010-06-25,19.9557,24,4,4,True
2010-06-26,21.2258,24,4,4,True
2010-06-27,22.2763,24,4,4,True
2010-06-28,23.0674,24,4,4,True
2010-06-29,23.1938,24,4,4,True
2010-06-30,23.4267,24,4,4,True
2010-07-01,24.0911,24,4,4,True
2010-07-02,24.8825,24,4,4,True
2010-07-03,24.8763,24,4,4,True
2010-07-04,24.9008,24,4,4,True
2010-07-05,24.8228,24,4,4,True
2010-07-06,24.1998,24,4,4,True
2010-07-07,23.7815,24,4,4,True
2010-07-08,23.9695,24,4,4,True
2010-07-09,24.6050,24,4,4,True
2010-07-10,24.3485,24,4,4,True
2010-07-11,24.9893,24,4,4,True
2010-07-12,25.5880,24,4,4,True
2010-07-13,25.1557,24,4,4,True
2010-07-14,25.2475,24,4,4,True
2010-07-15,24.7095,24,4,4,True
2010-07-16,24.2318,24,4,4,True
2010-07-17,23.6530,24,4,4,True
2010-07-18,22.4702,24,4,4,True
2010-07-19,22.7358,24,4,4,True
2010-07-20,23.2141,24,4,4,True
2010-07-21,23.2122,24,4,4,True
2010-07-22,21.5948,24,4,4,True
2010-07-23,21.0093,24,4,4,True
2010-07-24,20.5446,24,4,4,True
2010-07-25,20.4431,24,4,4,True
2010-07-26,20.6070,24,4,4,True
2010-07-27,21.2159,24,4,4,True
2010-07-28,22.1943,24,4,4,True
2010-07-29,22.1212,24,4,4,True
2010-07-30,21.0353,24,4,4,True
2010-07-31,21.4613,24,4,4,True
2010-08-01,21.9440,24,4,4,True
2010-08-02,21.3410,24,4,4,True
2010-08-03,20.3598,24,4,4,True
2010-08-04,19.5890,24,4,4,True
2010-08-05,19.8728,24,4,4,True
2010-08-06,19.5438,24,4,4,True
2010-08-07,20.0969,24,4,4,True
2010-08-08,21.2828,24,4,4,True
2010-08-09,21.3511,24,4,4,True
2010-08-10,21.4434,24,4,4,True
2010-08-11,21.2180,24,4,4,True
2010-08-12,21.9555,24,4,4,True
2010-08-13,21.0686,24,4,4,True
2010-08-14,20.1674,24,4,4,True
2010-08-15,19.1829,24,4,4,True
2010-08-16,18.6994,24,4,4,True
2010-08-17,19.2197,24,4,4,True
2010-08-18,19.5199,24,4,4,True
2010-08-19,20.5072,24,4,4,True
2010-08-20,21.9480,24,4,4,True
2010-08-21,22.8229,24,4,4,True
2010-08-22,23.3507,24,4,4,True
2010-08-23,23.5736,24,4,4,True
2010-08-24,22.5442,24,4,4,True
2010-08-25,21.2926,24,4,4,True
2010-08-26,21.9369,24,4,4,True
2010-08-27,22.7456,24,4,4,True
2010-08-28,22.0895,24,4,4,True
2010-08-29,19.9791,24,4,4,True
2010-08-30,18.7815,24,4,4,True
2010-08-31,17.9886,24,4,4,True
2010-09-01,17.9917,24,4,4,True
2010-09-02,18.6082,24,4,4,True
2010-09-03,19.4492,24,4,4,True
2010-09-04,19.6074,24,4,4,True
2010-09-05,19.7198,24,4,4,True
2010-09-06,19.3087,24,4,4,True
2010-09-07,19.2006,24,4,4,True
2010-09-08,18.6923,24,4,4,True
2010-09-09,18.4931,24,4,4,True
2010-09-10,18.1078,24,4,4,True
2010-09-11,17.9661,24,4,4,True
2010-09-12,17.7875,24,4,4,True
2010-09-13,17.8798,24,4,4,True
2010-09-14,17.3594,24,4,4,True
2010-09-15,17.4425,24,4,4,True
2010-09-16,17.2000,24,4,4,True
2010-09-17,17.4189,24,4,4,True
2010-09-18,17.2267,24,4,4,True
2010-09-19,16.0814,24,4,4,True
2010-09-20,15.2725,24,4,4,True
2010-09-21,16.2808,24,4,4,True
2010-09-22,17.0399,24,4,4,True
2010-09-23,17.3397,24,4,4,True
2010-09-24,17.3973,24,4,4,True
2010-09-25,16.3805,24,4,4,True
2010-09-26,15.0043,24,4,4,True
2010-09-27,13.7617,24,4,4,True
2010-09-28,13.2666,24,4,4,True
2010-09-29,13.4418,24,4,4,True
2010-09-30,13.6217,24,4,4,True
2010-10-01,13.7004,24,4,4,True
2010-10-02,13.9614,24,4,4,True
2010-10-03,15.3375,24,4,4,True
2010-10-04,16.1513,24,4,4,True
2010-10-05,15.6543,24,4,4,True
2010-10-06,15.2721,24,4,4,True
2010-10-07,15.4344,24,4,4,True
2010-10-08,15.8442,24,4,4,True
2010-10-09,16.1520,24,4,4,True
2010-10-10,16.1701,24,4,4,True
2010-10-11,15.7379,24,4,4,True
2010-10-12,15.6095,24,4,4,True
2010-10-13,15.3348,24,4,4,True
2010-10-14,14.9427,24,4,4,True
2010-10-15,13.6444,24,4,4,True
2010-10-16,12.3945,24,4,4,True
2010-10-17,11.8162,24,4,4,True
2010-10-18,11.0635,24,4,4,True
2010-10-19,10.2854,24,4,4,True
2010-10-20,10.7886,24,4,4,True
2010-10-21,10.4129,24,4,4,True
2010-10-22,9.7548,24,4,4,True
2010-10-23,10.5045,24,4,4,True
2010-10-24,10.9519,24,4,4,True
2010-10-25,10.4335,24,4,4,True
2010-10-26,9.4831,24,4,4,True
2010-10-27,8.9980,24,4,4,True
2010-10-28,8.7220,24,4,4,True
2010-10-29,9.0033,24,4,4,True
2010-10-30,10.3405,24,4,4,True
2010-10-31,10.6719,24,4,4,True
2010-11-01,11.0401,24,4,4,True
2010-11-02,10.9081,24,4,4,True
2010-11-03,11.1123,24,4,4,True
2010-11-04,11.6808,24,4,4,True
2010-11-05,12.1829,24,4,4,True
2010-11-06,12.5495,24,4,4,True
2010-11-07,12.6542,24,4,4,True
2010-11-08,11.7624,24,4,4,True
2010-11-09,10.8876,24,4,4,True
2010-11-10,10.2263,24,4,4,True
2010-11-11,9.6950,24,4,4,True
2010-11-12,10.1320,24,4,4,True
2010-11-13,10.6638,24,4,4,True
2010-11-14,10.7881,24,4,4,True
2010-11-15,10.7910,24,4,4,True
2010-11-16,10.3569,24,4,4,True
2010-11-17,8.9431,24,4,4,True
2010-11-18,8.6883,24,4,4,True
2010-11-19,9.0333,24,4,4,True
2010-11-20,8.7762,24,4,4,True
2010-11-21,8.3547,24,4,4,True
2010-11-22,8.4709,24,4,4,True
2010-11-23,7.8824,24,4,4,True
2010-11-24,6.8403,24,4,4,True
2010-11-25,6.1829,24,4,4,True
2010-11-26,5.8542,24,4,4,True
2010-11-27,4.8907,24,4,4,True
2010-11-28,4.6945,24,4,4,True
2010-11-29,4.7028,24,4,4,True
2010-11-30,4.4822,24,4,4,True
2010-12-01,5.0492,24,4,4,True
2010-12-02,4.4028,24,4,4,True
2010-12-03,4.0108,24,4,4,True
2010-12-04,2.7683,24,4,4,True
2010-12-05,2.6938,24,4,4,True
2010-12-06,4.6999,24,4,4,True
2010-12-07,6.2795,24,4,4,True
2010-12-08,7.4799,24,4,4,True
2010-12-09,7.5051,24,4,4,True
2010-12-10,5.5802,24,4,4,True
2010-12-11,3.8214,24,4,4,True
2010-12-12,3.1305,24,4,4,True
2010-12-13,2.5341,24,4,4,True
2010-12-14,1.6026,24,4,4,True
2010-12-15,0.5915,24,4,4,True
2010-12-16,0.2629,24,4,4,True
2010-12-17,0.9551,24,4,4,True
2010-12-18,0.7237,24,4,4,True
2010-12-19,1.0190,24,4,4,True
2010-12-20,1.8965,24,4,4,True
2010-12-21,2.7035,24,4,4,True
2010-12-22,4.2642,24,4,4,True
2010-12-23,5.7452,24,4,4,True
2010-12-24,6.5719,24,4,4,True
2010-12-25,5.2839,24,4,4,True
2010-12-26,3.6281,24,4,4,True
2010-12-27,2.5842,24,4,4,True
2010-12-28,3.7175,24,4,4,True
2010-12-29,4.6384,24,4,4,True
2010-12-30,5.6055,24,4,4,True
2010-12-31,6.5128,24,4,4,True
2011-01-01,7.3807,24,4,4,True
2011-01-02,7.3031,24,4,4,True
2011-01-03,6.3337,24,4,4,True
2011-01-04,4.6527,24,4,4,True
2011-01-05,4.1524,24,4,4,True
2011-01-06,5.6658,24,4,4,True
2011-01-07,7.0256,24,4,4,True
2011-01-08,7.6121,24,4,4,True
2011-01-09,7.5953,24,4,4,True
2011-01-10,6.8592,24,4,4,True
2011-01-11,6.2761,24,4,4,True
2011-01-12,6.6929,24,4,4,True
2011-01-13,7.4577,24,4,4,True
2011-01-14,7.8929,24,4,4,True
2011-01-15,7.9481,24,4,4,True
2011-01-16,7.1894,24,4,4,True
2011-01-17,6.5027,24,4,4,True
2011-01-18,6.5652,24,4,4,True
2011-01-19,6.6338,24,4,4,True
2011-01-20,5.4340,24,4,4,True
2011-01-21,4.1258,24,4,4,True
2011-01-22,2.9991,24,4,4,True
2011-01-23,1.9605,24,4,4,True
2011-01-24,1.3675,24,4,4,True
2011-01-25,1.2642,24,4,4,True
2011-01-26,1.5810,24,4,4,True
2011-01-27,1.9159,24,4,4,True
2011-01-28,2.8901,24,4,4,True
2011-01-29,3.8554,24,4,4,True
2011-01-30,4.8708,24,4,4,True
2011-01-31,5.3800,24,4,4,True
2011-02-01,5.0695,24,4,4,True
2011-02-02,4.5623,24,4,4,True
2011-02-03,4.5709,24,4,4,True
2011-02-04,5.4521,24,4,4,True
2011-02-05,6.3754,24,4,4,True
2011-02-06,6.2072,24,4,4,True
2011-02-07,5.5046,24,4,4,True
2011-02-08,5.1345,24,4,4,True
2011-02-09,5.0234,24,4,4,True
2011-02-10,4.9287,24,4,4,True
2011-02-11,5.0953,24,4,4,True
2011-02-12,5.2888,24,4,4,True
2011-02-13,5.9535,24,4,4,True
2011-02-14,6.4604,24,4,4,True
2011-02-15,6.5478,24,4,4,True
2011-02-16,6.9914,24,4,4,True
2011-02-17,6.7094,24,4,4,True
2011-02-18,6.2453,24,4,4,True
2011-02-19,5.8844,24,4,4,True
2011-02-20,6.6504,24,4,4,True
2011-02-21,6.5799,24,4,4,True
2011-02-22,7.0488,24,4,4,True
2011-02-23,7.0761,24,4,4,True
2011-02-24,7.5637,24,4,4,True
2011-02-25,8.2846,24,4,4,True
2011-02-26,8.0595,24,4,4,True
2011-02-27,7.7155,24,4,4,True
2011-02-28,6.8318,24,4,4,True
2011-03-01,6.4064,24,4,4,True
2011-03-02,6.1988,24,4,4,True
2011-03-03,5.8915,24,4,4,True
2011-03-04,5.5726,24,4,4,True
2011-03-05,5.7571,24,4,4,True
2011-03-06,5.9373,24,4,4,True
2011-03-07,6.1705,24,4,4,True
2011-03-08,6.9728,24,4,4,True
2011-03-09,7.2285,24,4,4,True
2011-03-10,7.3746,24,4,4,True
2011-03-11,7.6235,24,4,4,True
2011-03-12,7.8812,24,4,4,True
2011-03-13,8.2991,24,4,4,True
2011-03-14,8.9107,24,4,4,True
2011-03-15,9.6380,24,4,4,True
2011-03-16,10.2198,24,4,4,True
2011-03-17,10.0749,24,4,4,True
2011-03-18,9.4482,24,4,4,True
2011-03-19,9.8044,24,4,4,True
2011-03-20,9.5360,24,4,4,True
2011-03-21,9.2491,24,4,4,True
2011-03-22,9.4092,24,4,4,True
2011-03-23,9.5659,24,4,4,True
2011-03-24,9.8151,24,4,4,True
2011-03-25,10.0320,24,4,4,True
2011-03-26,10.4419,24,4,4,True
2011-03-27,10.6468,23,4,4,True
2011-03-28,10.8160,24,4,4,True
2011-03-29,11.2381,24,4,4,True
2011-03-30,10.9517,24,4,4,True
2011-03-31,11.0545,24,4,4,True
2011-04-01,11.7388,24,4,4,True
2011-04-02,12.7246,24,4,4,True
2011-04-03,13.1404,24,4,4,True
2011-04-04,13.3043,24,4,4,True
2011-04-05,13.0994,24,4,4,True
2011-04-06,13.0615,24,4,4,True
2011-04-07,14.0198,24,4,4,True
2011-04-08,15.0341,24,4,4,True
2011-04-09,15.7090,24,4,4,True
2011-04-10,15.5490,24,4,4,True
2011-04-11,14.8290,24,4,4,True
2011-04-12,15.1005,24,4,4,True
2011-04-13,14.1990,24,4,4,True
2011-04-14,13.9540,24,4,4,True
2011-04-15,14.0213,24,4,4,True
2011-04-16,13.8157,24,4,4,True
2011-04-17,13.8520,24,4,4,True
2011-04-18,14.3661,24,4,4,True
2011-04-19,14.5613,24,4,4,True
2011-04-20,14.2870,24,4,4,True
2011-04-21,14.7310,24,4,4,True
2011-04-22,14.9689,24,4,4,True
2011-04-23,14.9844,24,4,4,True
2011-04-24,14.9814,24,4,4,True
2011-04-25,15.4290,24,4,4,True
2011-04-26,16.0909,24,4,4,True
2011-04-27,16.2121,24,4,4,True
2011-04-28,15.8109,24,4,4,True
2011-04-29,15.4787,24,4,4,True
2011-04-30,15.7234,24,4,4,True
2011-05-01,15.9739,24,4,4,True
2011-05-02,15.9947,24,4,4,True
2011-05-03,16.1919,24,4,4,True
2011-05-04,15.7557,24,4,4,True
2011-05-05,15.9683,24,4,4,True
2011-05-06,16.8505,24,4,4,True
2011-05-07,16.3111,24,4,4,True
2011-05-08,16.1357,24,4,4,True
2011-05-09,17.2787,24,4,4,True
2011-05-10,18.3435,24,4,4,True
2011-05-11,18.8559,24,4,4,True
2011-05-12,19.2552,24,4,4,True
2011-05-13,19.6440,24,4,4,True
2011-05-14,18.7638,24,4,4,True
2011-05-15,16.9391,24,4,4,True
2011-05-16,16.3670,24,4,4,True
2011-05-17,17.2551,24,4,4,True
2011-05-18,18.1325,24,4,4,True
2011-05-19,18.7964,24,4,4,True
2011-05-20,19.5061,24,4,4,True
2011-05-21,20.2760,24,4,4,True
2011-05-22,19.7528,24,4,4,True
2011-05-23,18.9382,24,4,4,True
2011-05-24,19.6539,24,4,4,True
2011-05-25,19.9325,24,4,4,True
2011-05-26,19.7923,24,4,4,True
2011-05-27,18.8547,24,4,4,True
2011-05-28,17.9688,24,4,4,True
2011-05-29,18.6538,24,4,4,True
2011-05-30,19.5249,24,4,4,True
2011-05-31,18.8775,24,4,4,True
2011-06-01,16.5778,24,4,4,True
2011-06-02,15.9532,24,4,4,True
2011-06-03,16.9497,24,4,4,True
2011-06-04,17.9005,24,4,4,True
2011-06-05,18.3098,24,4,4,True
2011-06-06,18.8936,24,4,4,True
2011-06-07,18.7707,24,4,4,True
2011-06-08,17.5895,24,4,4,True
2011-06-09,17.4349,24,4,4,True
2011-06-10,17.0245,24,4,4,True
2011-06-11,16.9003,24,4,4,True
2011-06-12,17.6665,24,4,4,True
2011-06-13,18.7558,24,4,4,True
2011-06-14,19.2960,24,4,4,True
2011-06-15,19.8000,24,4,4,True
2011-06-16,19.9799,24,4,4,True
2011-06-17,19.2117,24,4,4,True
2011-06-18,19.4285,24,4,4,True
2011-06-19,18.5665,24,4,4,True
2011-06-20,19.2505,24,4,4,True
2011-06-21,20.7322,24,4,4,True
2011-06-22,21.2139,24,4,4,True
2011-06-23,19.5297,24,4,4,True
2011-06-24,19.3504,24,4,4,True
2011-06-25,19.7802,24,4,4,True
2011-06-26,21.4213,24,4,4,True
2011-06-27,23.0667,24,4,4,True
2011-06-28,23.3468,24,4,4,True
2011-06-29,21.9936,24,4,4,True
2011-06-30,20.4665,24,4,4,True
2011-07-01,20.5598,24,4,4,True
2011-07-02,20.8738,24,4,4,True
2011-07-03,20.9005,24,4,4,True
2011-07-04,20.9365,24,4,4,True
2011-07-05,20.6219,24,4,4,True
2011-07-06,21.0696,24,4,4,True
2011-07-07,20.3845,24,4,4,True
2011-07-08,20.1491,24,4,4,True
2011-07-09,20.8450,24,4,4,True
2011-07-10,21.9131,24,4,4,True
2011-07-11,22.8077,24,4,4,True
2011-07-12,23.4430,24,4,4,True
2011-07-13,22.1268,24,4,4,True
2011-07-14,20.2833,24,4,4,True
2011-07-15,19.8850,24,4,4,True
2011-07-16,20.5117,24,4,4,True
2011-07-17,20.2258,24,4,4,True
2011-07-18,18.9856,24,4,4,True
2011-07-19,18.1623,24,4,4,True
2011-07-20,17.7877,24,4,4,True
2011-07-21,17.6460,24,4,4,True
2011-07-22,17.7907,24,4,4,True
2011-07-23,17.9095,24,4,4,True
2011-07-24,17.6330,24,4,4,True
2011-07-25,18.0264,24,4,4,True
2011-07-26,18.2701,24,4,4,True
2011-07-27,19.0440,24,4,4,True
2011-07-28,19.3255,24,4,4,True
2011-07-29,19.3167,24,4,4,True
2011-07-30,20.0435,24,4,4,True
2011-07-31,20.2152,24,4,4,True
2011-08-01,20.4207,24,4,4,True
2011-08-02,21.3467,24,4,4,True
2011-08-03,21.3609,24,4,4,True
2011-08-04,21.1955,24,4,4,True
2011-08-05,21.3074,24,4,4,True
2011-08-06,21.6737,24,4,4,True
2011-08-07,21.9829,24,4,4,True
2011-08-08,21.2765,24,4,4,True
2011-08-09,19.9063,24,4,4,True
2011-08-10,19.1483,24,4,4,True
2011-08-11,19.8148,24,4,4,True
2011-08-12,20.2550,24,4,4,True
2011-08-13,20.7694,24,4,4,True
2011-08-14,20.9861,24,4,4,True
2011-08-15,21.0086,24,4,4,True
2011-08-16,21.5660,24,4,4,True
2011-08-17,22.2421,24,4,4,True
2011-08-18,22.3510,24,4,4,True
2011-08-19,22.6814,24,4,4,True
2011-08-20,23.6719,24,4,4,True
2011-08-21,24.2650,24,4,4,True
2011-08-22,23.7947,24,4,4,True
2011-08-23,23.2494,24,4,4,True
2011-08-24,22.9075,24,4,4,True
2011-08-25,22.9245,24,4,4,True
2011-08-26,22.0604,24,4,4,True
2011-08-27,19.9143,24,4,4,True
2011-08-28,19.2136,24,4,4,True
2011-08-29,19.2959,24,4,4,True
2011-08-30,19.5617,24,4,4,True
2011-08-31,19.6774,24,4,4,True
2011-09-01,20.0730,24,4,4,True
2011-09-02,20.3889,24,4,4,True
2011-09-03,21.0172,24,4,4,True
2011-09-04,21.1232,24,4,4,True
2011-09-05,20.3340,24,4,4,True
2011-09-06,19.2145,24,4,4,True
2011-09-07,18.4199,24,4,4,True
2011-09-08,18.9014,24,4,4,True
2011-09-09,19.6470,24,4,4,True
2011-09-10,20.4919,24,4,4,True
2011-09-11,20.9304,24,4,4,True
2011-09-12,20.1723,12,2,4,False
2011-09-13,,0,0,,False
2011-09-14,,0,0,,False
2011-09-15,,0,0,,False
2011-09-16,,0,0,,False
2011-09-17,,0,0,,False
2011-09-18,,0,0,,False
2011-09-19,,0,0,,False
2011-09-20,,0,0,,False
2011-09-21,,0,0,,False
2011-09-22,,0,0,,False
2011-09-23,,0,0,,False
2011-09-24,,0,0,,False
2011-09-25,,0,0,,False
2011-09-26,,0,0,,False
2011-09-27,,0,0,,False
2011-09-28,,0,0,,False
2011-09-29,,0,0,,False
2011-09-30,,0,0,,False
2011-10-01,,0,0,,False
2011-10-02,,0,0,,False
2011-10-03,,0,0,,False
2011-10-04,,0,0,,False
2011-10-05,,0,0,,False
2011-10-06,,0,0,,False
2011-10-07,,0,0,,False
2011-10-08,,0,0,,False
2011-10-09,,0,0,,False
2011-10-10,,0,0,,False
2011-10-11,,0,0,,False
2011-10-12,,0,0,,False
2011-10-13,,0,0,,False
2011-10-14,,0,0,,False
2011-10-15,,0,0,,False
2011-10-16,,0,0,,False
2011-10-17,,0,0,,False
2011-10-18,,0,0,,False
2011-10-19,,0,0,,False
2011-10-20,,0,0,,False
2011-10-21,,0,0,,False
2011-10-22,,0,0,,False
2011-10-23,,0,0,,False
2011-10-24,,0,0,,False
2011-10-25,,0,0,,False
2011-10-26,,0,0,,False
2011-10-27,,0,0,,False
2011-10-28,,0,0,,False
2011-10-29,,0,0,,False
2011-10-30,,0,0,,False
2011-10-31,,0,0,,False
2011-11-01,,0,0,,False
2011-11-02,,0,0,,False
2011-11-03,,0,0,,False
2011-11-04,,0,0,,False
2011-11-05,,0,0,,False
2011-11-06,,0,0,,False
2011-11-07,,0,0,,False
2011-11-08,,0,0,,False
2011-11-09,,0,0,,False
2011-11-10,,0,0,,False
2011-11-11,,0,0,,False
2011-11-12,,0,0,,False
2011-11-13,,0,0,,False
2011-11-14,,0,0,,False
2011-11-15,,0,0,,False
2011-11-16,,0,0,,False
2011-11-17,,0,0,,False
2011-11-18,,0,0,,False
2011-11-19,,0,0,,False
2011-11-20,,0,0,,False
2011-11-21,,0,0,,False
2011-11-22,,0,0,,False
2011-11-23,,0,0,,False
2011-11-24,,0,0,,False
2011-11-25,,0,0,,False
2011-11-26,,0,0,,False
2011-11-27,,0,0,,False
2011-11-28,,0,0,,False
2011-11-29,,0,0,,False
2011-11-30,,0,0,,False
2011-12-01,,0,0,,False
2011-12-02,,0,0,,False
2011-12-03,,0,0,,False
2011-12-04,,0,0,,False
2011-12-05,,0,0,,False
2011-12-06,,0,0,,False
2011-12-07,,0,0,,False
2011-12-08,,0,0,,False
2011-12-09,,0,0,,False
2011-12-10,,0,0,,False
2011-12-11,,0,0,,False
2011-12-12,,0,0,,False
2011-12-13,,0,0,,False
2011-12-14,,0,0,,False
2011-12-15,,0,0,,False
2011-12-16,,0,0,,False
2011-12-17,,0,0,,False
2011-12-18,,0,0,,False
2011-12-19,,0,0,,False
2011-12-20,,0,0,,False
2011-12-21,,0,0,,False
2011-12-22,,0,0,,False
2011-12-23,,0,0,,False
2011-12-24,,0,0,,False
2011-12-25,,0,0,,False
2011-12-26,,0,0,,False
2011-12-27,,0,0,,False
2011-12-28,,0,0,,False
2011-12-29,,0,0,,False
2011-12-30,,0,0,,False
2011-12-31,,0,0,,False
2012-01-01,,0,0,,False
2012-01-02,,0,0,,False
2012-01-03,,0,0,,False
2012-01-04,,0,0,,False
2012-01-05,,0,0,,False
2012-01-06,,0,0,,False
2012-01-07,,0,0,,False
2012-01-08,,0,0,,False
2012-01-09,,0,0,,False
2012-01-10,,0,0,,False
2012-01-11,,0,0,,False
2012-01-12,,0,0,,False
2012-01-13,,0,0,,False
2012-01-14,,0,0,,False
2012-01-15,,0,0,,False
2012-01-16,,0,0,,False
2012-01-17,,0,0,,False
2012-01-18,,0,0,,False
2012-01-19,,0,0,,False
2012-01-20,,0,0,,False
2012-01-21,,0,0,,False
2012-01-22,,0,0,,False
2012-01-23,,0,0,,False
2012-01-24,,0,0,,False
2012-01-25,,0,0,,False
2012-01-26,,0,0,,False
2012-01-27,,0,0,,False
2012-01-28,,0,0,,False
2012-01-29,,0,0,,False
2012-01-30,,0,0,,False
2012-01-31,,0,0,,False
2012-02-01,,0,0,,False
2012-02-02,,0,0,,False
2012-02-03,,0,0,,False
2012-02-04,,0,0,,False
2012-02-05,,0,0,,False
2012-02-06,,0,0,,False
2012-02-07,,0,0,,False
2012-02-08,,0,0,,False
2012-02-09,,0,0,,False
2012-02-10,,0,0,,False
2012-02-11,,0,0,,False
2012-02-12,,0,0,,False
2012-02-13,,0,0,,False
2012-02-14,,0,0,,False
2012-02-15,,0,0,,False
2012-02-16,,0,0,,False
2012-02-17,,0,0,,False
2012-02-18,,0,0,,False
2012-02-19,,0,0,,False
2012-02-20,,0,0,,False
2012-02-21,,0,0,,False
2012-02-22,,0,0,,False
2012-02-23,,0,0,,False
2012-02-24,,0,0,,False
2012-02-25,,0,0,,False
2012-02-26,,0,0,,False
2012-02-27,,0,0,,False
2012-02-28,,0,0,,False
2012-02-29,,0,0,,False
2012-03-01,,0,0,,False
2012-03-02,,0,0,,False
2012-03-03,,0,0,,False
2012-03-04,,0,0,,False
2012-03-05,,0,0,,False
2012-03-06,,0,0,,False
2012-03-07,,0,0,,False
2012-03-08,,0,0,,False
2012-03-09,,0,0,,False
2012-03-10,,0,0,,False
2012-03-11,,0,0,,False
2012-03-12,8.6843,6,1,4,False
2012-03-13,8.0760,24,4,4,True
2012-03-14,8.7264,24,4,4,True
2012-03-15,9.4388,24,4,4,True
2012-03-16,9.8656,24,4,4,True
2012-03-17,10.5530,24,4,4,True
2012-03-18,10.8060,24,4,4,True
2012-03-19,9.7695,24,4,4,True
2012-03-20,8.8925,24,4,4,True
2012-03-21,9.4020,24,4,4,True
2012-03-22,9.7007,24,4,4,True
2012-03-23,10.0297,24,4,4,True
2012-03-24,10.6730,24,4,4,True
2012-03-25,11.1956,22,4,4,True
2012-03-26,12.0929,24,4,4,True
2012-03-27,12.2972,24,4,4,True
2012-03-28,12.5997,24,4,4,True
2012-03-29,12.8070,24,4,4,True
2012-03-30,13.1216,24,4,4,True
2012-03-31,13.5286,24,4,4,True
2012-04-01,13.6911,24,4,4,True
2012-04-02,13.8256,24,4,4,True
2012-04-03,13.3182,24,4,4,True
2012-04-04,12.5886,24,4,4,True
2012-04-05,12.1243,24,4,4,True
2012-04-06,12.7125,24,4,4,True
2012-04-07,12.6851,24,4,4,True
2012-04-08,12.1846,24,4,4,True
2012-04-09,12.0483,24,4,4,True
2012-04-10,12.0220,24,4,4,True
2012-04-11,11.4517,24,4,4,True
2012-04-12,11.0179,24,4,4,True
2012-04-13,11.1625,24,4,4,True
2012-04-14,11.6374,24,4,4,True
2012-04-15,11.3393,24,4,4,True
2012-04-16,9.9466,24,4,4,True
2012-04-17,9.1907,24,4,4,True
2012-04-18,9.8946,24,4,4,True
2012-04-19,10.1128,24,4,4,True
2012-04-20,9.8608,24,4,4,True
2012-04-21,10.4782,24,4,4,True
2012-04-22,10.4997,24,4,4,True
2012-04-23,10.2028,24,4,4,True
2012-04-24,9.8396,24,4,4,True
2012-04-25,9.7692,24,4,4,True
2012-04-26,10.9983,24,4,4,True
2012-04-27,11.9768,24,4,4,True
2012-04-28,12.4186,24,4,4,True
2012-04-29,12.6810,24,4,4,True
2012-04-30,12.2785,24,4,4,True
2012-05-01,11.8616,24,4,4,True
2012-05-02,12.4988,24,4,4,True
2012-05-03,12.8742,24,4,4,True
2012-05-04,13.2177,24,4,4,True
2012-05-05,12.0066,24,4,4,True
2012-05-06,12.0071,24,4,4,True
2012-05-07,12.4850,24,4,4,True
2012-05-08,13.3017,24,4,4,True
2012-05-09,14.3870,24,4,4,True
2012-05-10,15.9459,24,4,4,True
2012-05-11,16.9082,24,4,4,True
2012-05-12,17.5539,24,4,4,True
2012-05-13,17.1086,24,4,4,True
2012-05-14,16.2979,24,4,4,True
2012-05-15,15.2881,24,4,4,True
2012-05-16,14.2657,24,4,4,True
2012-05-17,13.9851,24,4,4,True
2012-05-18,14.3915,24,4,4,True
2012-05-19,14.3422,24,4,4,True
2012-05-20,14.0268,24,4,4,True
2012-05-21,12.8341,24,4,4,True
2012-05-22,12.0860,24,4,4,True
2012-05-23,12.0720,24,4,4,True
2012-05-24,13.1797,24,4,4,True
2012-05-25,14.6152,24,4,4,True
2012-05-26,15.5020,24,4,4,True
2012-05-27,16.0110,24,4,4,True
2012-05-28,16.3078,24,4,4,True
2012-05-29,16.4160,24,4,4,True
2012-05-30,16.7386,24,4,4,True
2012-05-31,17.4675,24,4,4,True
2012-06-01,17.9631,24,4,4,True
2012-06-02,18.6884,24,4,4,True
2012-06-03,18.5208,24,4,4,True
2012-06-04,17.3893,24,4,4,True
2012-06-05,17.0867,24,4,4,True
2012-06-06,17.3507,24,4,4,True
2012-06-07,17.9284,24,4,4,True
2012-06-08,18.0760,24,4,4,True
2012-06-09,17.0869,24,4,4,True
2012-06-10,16.3677,24,4,4,True
2012-06-11,16.3080,24,4,4,True
2012-06-12,16.2664,24,4,4,True
2012-06-13,15.6760,24,4,4,True
2012-06-14,16.2854,24,4,4,True
2012-06-15,17.9827,24,4,4,True
2012-06-16,19.2100,24,4,4,True
2012-06-17,20.5953,24,4,4,True
2012-06-18,20.4690,24,4,4,True
2012-06-19,19.8024,24,4,4,True
2012-06-20,20.3388,24,4,4,True
2012-06-21,21.4003,24,4,4,True
2012-06-22,20.2499,24,4,4,True
2012-06-23,19.7116,24,4,4,True
2012-06-24,20.2632,24,4,4,True
2012-06-25,20.8546,24,4,4,True
2012-06-26,21.6266,24,4,4,True
2012-06-27,22.8176,24,4,4,True
2012-06-28,23.9359,24,4,4,True
2012-06-29,23.7907,24,4,4,True
2012-06-30,24.0995,24,4,4,True
2012-07-01,21.8318,24,4,4,True
2012-07-02,20.3680,24,4,4,True
2012-07-03,20.4797,24,4,4,True
2012-07-04,21.1282,24,4,4,True
2012-07-05,20.5602,24,4,4,True
2012-07-06,19.6081,24,4,4,True
2012-07-07,20.0124,24,4,4,True
2012-07-08,20.9686,24,4,4,True
2012-07-09,20.9578,24,4,4,True
2012-07-10,21.0030,24,4,4,True
2012-07-11,20.3447,24,4,4,True
2012-07-12,19.7309,24,4,4,True
2012-07-13,20.2808,24,4,4,True
2012-07-14,20.6088,24,4,4,True
2012-07-15,19.3335,24,4,4,True
2012-07-16,19.1879,24,4,4,True
2012-07-17,19.9922,24,4,4,True
2012-07-18,20.9694,24,4,4,True
2012-07-19,21.5898,24,4,4,True
2012-07-20,20.8680,24,4,4,True
2012-07-21,20.4504,24,4,4,True
2012-07-22,20.2738,24,4,4,True
2012-07-23,20.1749,24,4,4,True
2012-07-24,20.7102,24,4,4,True
2012-07-25,21.8830,24,4,4,True
2012-07-26,22.6408,24,4,4,True
2012-07-27,23.5423,24,4,4,True
2012-07-28,23.1273,24,4,4,True
2012-07-29,22.2027,24,4,4,True
2012-07-30,21.8754,24,4,4,True
2012-07-31,22.2373,24,4,4,True
2012-08-01,22.8155,24,4,4,True
2012-08-02,22.7215,24,4,4,True
2012-08-03,22.8026,24,4,4,True
2012-08-04,22.5097,24,4,4,True
2012-08-05,22.3407,24,4,4,True
2012-08-06,21.1611,24,4,4,True
2012-08-07,20.7126,24,4,4,True
2012-08-08,21.2808,24,4,4,True
2012-08-09,21.7805,24,4,4,True
2012-08-10,22.4254,24,4,4,True
2012-08-11,22.7485,24,4,4,True
2012-08-12,22.6031,24,4,4,True
2012-08-13,21.9079,24,4,4,True
2012-08-14,22.0500,24,4,4,True
2012-08-15,22.8116,24,4,4,True
2012-08-16,22.3783,24,4,4,True
2012-08-17,22.0318,24,4,4,True
2012-08-18,22.9652,24,4,4,True
2012-08-19,23.7328,24,4,4,True
2012-08-20,24.4313,24,4,4,True
2012-08-21,24.9758,24,4,4,True
2012-08-22,25.1582,24,4,4,True
2012-08-23,25.0343,24,4,4,True
2012-08-24,24.7717,24,4,4,True
2012-08-25,22.9840,24,4,4,True
2012-08-26,21.1366,24,4,4,True
2012-08-27,20.2593,24,4,4,True
2012-08-28,21.4172,24,4,4,True
2012-08-29,22.2312,24,4,4,True
2012-08-30,21.7757,24,4,4,True
2012-08-31,20.1117,24,4,4,True
2012-09-01,18.3891,24,4,4,True
2012-09-02,17.6003,24,4,4,True
2012-09-03,17.6220,24,4,4,True
2012-09-04,18.0681,24,4,4,True
2012-09-05,18.5150,24,4,4,True
2012-09-06,19.2059,24,4,4,True
2012-09-07,19.6957,24,4,4,True
2012-09-08,19.8692,24,4,4,True
2012-09-09,20.1083,24,4,4,True
2012-09-10,20.2331,24,4,4,True
2012-09-11,20.9627,24,4,4,True
2012-09-12,20.5514,24,4,4,True
2012-09-13,18.3138,24,4,4,True
2012-09-14,17.0787,24,4,4,True
2012-09-15,16.9655,24,4,4,True
2012-09-16,16.9595,24,4,4,True
2012-09-17,17.6517,24,4,4,True
2012-09-18,17.7382,24,4,4,True
2012-09-19,17.8422,24,4,4,True
2012-09-20,16.2221,24,4,4,True
2012-09-21,17.1323,24,4,4,True
2012-09-22,18.3495,24,4,4,True
2012-09-23,18.7102,24,4,4,True
2012-09-24,18.5942,24,4,4,True
2012-09-25,17.4149,24,4,4,True
2012-09-26,16.5631,24,4,4,True
2012-09-27,15.6940,24,4,4,True
2012-09-28,15.2373,24,4,4,True
2012-09-29,15.2315,24,4,4,True
2012-09-30,14.9070,24,4,4,True
2012-10-01,15.0521,24,4,4,True
2012-10-02,14.9951,24,4,4,True
2012-10-03,14.8294,24,4,4,True
2012-10-04,15.2232,24,4,4,True
2012-10-05,15.1721,24,4,4,True
2012-10-06,15.6957,24,4,4,True
2012-10-07,16.4333,24,4,4,True
2012-10-08,16.9539,24,4,4,True
2012-10-09,17.3686,24,4,4,True
2012-10-10,17.1603,24,4,4,True
2012-10-11,16.9600,24,4,4,True
2012-10-12,16.8072,24,4,4,True
2012-10-13,14.9295,24,4,4,True
2012-10-14,13.7577,24,4,4,True
2012-10-15,13.2828,24,4,4,True
2012-10-16,11.9180,24,4,4,True
2012-10-17,12.6962,24,4,4,True
2012-10-18,14.3850,24,4,4,True
2012-10-19,15.2203,24,4,4,True
2012-10-20,16.3905,24,4,4,True
2012-10-21,16.9341,24,4,4,True
2012-10-22,16.4300,24,4,4,True
2012-10-23,15.8211,24,4,4,True
2012-10-24,15.6999,24,4,4,True
2012-10-25,15.6812,24,4,4,True
2012-10-26,15.4316,24,4,4,True
2012-10-27,14.2494,24,4,4,True
2012-10-28,11.0979,24,4,4,True
2012-10-29,8.9130,24,4,4,True
2012-10-30,7.8601,24,4,4,True
2012-10-31,8.3943,24,4,4,True
2012-11-01,8.7717,24,4,4,True
2012-11-02,9.5815,24,4,4,True
2012-11-03,10.3875,24,4,4,True
2012-11-04,10.9761,24,4,4,True
2012-11-05,10.7515,24,4,4,True
2012-11-06,10.2712,24,4,4,True
2012-11-07,9.2929,24,4,4,True
2012-11-08,8.6259,24,4,4,True
2012-11-09,9.0187,24,4,4,True
2012-11-10,9.7933,24,4,4,True
2012-11-11,10.0821,24,4,4,True
2012-11-12,9.3362,24,4,4,True
2012-11-13,8.2526,24,4,4,True
2012-11-14,7.8702,24,4,4,True
2012-11-15,8.2120,24,4,4,True
2012-11-16,8.2898,24,4,4,True
2012-11-17,8.9561,24,4,4,True
2012-11-18,9.2867,24,4,4,True
2012-11-19,9.5613,24,4,4,True
2012-11-20,9.4915,24,4,4,True
2012-11-21,9.2889,24,4,4,True
2012-11-22,9.4361,24,4,4,True
2012-11-23,8.5844,24,4,4,True
2012-11-24,9.3342,24,4,4,True
2012-11-25,10.0362,24,4,4,True
2012-11-26,10.0198,24,4,4,True
2012-11-27,9.8273,24,4,4,True
2012-11-28,8.9061,24,4,4,True
2012-11-29,7.7781,24,4,4,True
2012-11-30,6.4482,24,4,4,True
2012-12-01,4.7515,24,4,4,True
2012-12-02,3.7429,24,4,4,True
2012-12-03,4.4070,24,4,4,True
2012-12-04,5.5475,24,4,4,True
2012-12-05,5.9512,24,4,4,True
2012-12-06,5.4588,24,4,4,True
2012-12-07,4.0760,24,4,4,True
2012-12-08,4.1379,24,4,4,True
2012-12-09,4.0324,24,4,4,True
2012-12-10,3.5062,24,4,4,True
2012-12-11,3.6574,24,4,4,True
2012-12-12,2.3193,24,4,4,True
2012-12-13,2.5531,24,4,4,True
2012-12-14,4.1770,24,4,4,True
2012-12-15,5.5700,24,4,4,True
2012-12-16,6.1581,24,4,4,True
2012-12-17,6.9783,24,4,4,True
2012-12-18,7.6859,24,4,4,True
2012-12-19,7.7156,24,4,4,True
2012-12-20,7.6372,24,4,4,True
2012-12-21,7.7395,24,4,4,True
2012-12-22,8.1812,24,4,4,True
2012-12-23,8.6511,24,4,4,True
2012-12-24,8.2186,24,4,4,True
2012-12-25,8.2332,24,4,4,True
2012-12-26,8.5921,24,4,4,True
2012-12-27,8.7483,24,4,4,True
2012-12-28,8.6676,24,4,4,True
2012-12-29,8.1603,24,4,4,True
2012-12-30,7.7855,24,4,4,True
2012-12-31,7.7804,24,4,4,True
2013-01-01,7.5954,24,4,4,True
2013-01-02,7.4792,24,4,4,True
2013-01-03,6.7846,24,4,4,True
2013-01-04,6.7984,24,4,4,True
2013-01-05,7.2422,24,4,4,True
2013-01-06,7.2445,24,4,4,True
2013-01-07,6.8026,24,4,4,True
2013-01-08,6.1955,24,4,4,True
2013-01-09,5.5800,24,4,4,True
2013-01-10,5.3060,24,4,4,True
2013-01-11,5.6632,24,4,4,True
2013-01-12,5.0233,24,4,4,True
2013-01-13,5.2112,24,4,4,True
2013-01-14,5.2738,24,4,4,True
2013-01-15,4.4605,24,4,4,True
2013-01-16,3.7168,24,4,4,True
2013-01-17,2.4525,24,4,4,True
2013-01-18,1.0525,24,4,4,True
2013-01-19,2.6564,24,4,4,True
2013-01-20,4.6715,24,4,4,True
2013-01-21,4.6832,24,4,4,True
2013-01-22,5.2919,24,4,4,True
2013-01-23,5.3648,24,4,4,True
2013-01-24,5.3692,24,4,4,True
2013-01-25,5.1996,24,4,4,True
2013-01-26,4.2140,24,4,4,True
2013-01-27,4.3064,24,4,4,True
2013-01-28,5.6774,24,4,4,True
2013-01-29,6.2207,24,4,4,True
2013-01-30,6.8034,24,4,4,True
2013-01-31,7.9349,24,4,4,True
2013-02-01,8.6267,24,4,4,True
2013-02-02,8.5376,24,4,4,True
2013-02-03,6.5849,24,4,4,True
2013-02-04,5.9049,24,4,4,True
2013-02-05,7.2700,24,4,4,True
2013-02-06,6.7843,24,4,4,True
2013-02-07,5.8745,24,4,4,True
2013-02-08,5.4171,24,4,4,True
2013-02-09,4.8832,24,4,4,True
2013-02-10,5.0166,24,4,4,True
2013-02-11,5.7903,24,4,4,True
2013-02-12,5.7412,24,4,4,True
2013-02-13,6.0381,24,4,4,True
2013-02-14,5.9414,24,4,4,True
2013-02-15,6.8403,24,4,4,True
2013-02-16,6.3588,24,4,4,True
2013-02-17,5.7336,24,4,4,True
2013-02-18,5.8762,24,4,4,True
2013-02-19,6.1347,24,4,4,True
2013-02-20,5.9241,24,4,4,True
2013-02-21,5.6960,24,4,4,True
2013-02-22,5.0292,24,4,4,True
2013-02-23,3.7432,24,4,4,True
2013-02-24,2.6290,24,4,4,True
2013-02-25,2.4439,24,4,4,True
2013-02-26,2.4035,24,4,4,True
2013-02-27,2.4678,24,4,4,True
2013-02-28,3.2805,24,4,4,True
2013-03-01,4.0849,24,4,4,True
2013-03-02,4.5067,24,4,4,True
2013-03-03,4.6473,24,4,4,True
2013-03-04,5.6938,24,4,4,True
2013-03-05,7.1860,24,4,4,True
2013-03-06,8.1852,24,4,4,True
2013-03-07,8.7527,24,4,4,True
2013-03-08,9.8062,24,4,4,True
2013-03-09,9.6004,24,4,4,True
2013-03-10,9.0620,24,4,4,True
2013-03-11,8.9215,24,4,4,True
2013-03-12,8.9187,24,4,4,True
2013-03-13,7.1362,24,4,4,True
2013-03-14,5.6225,24,4,4,True
2013-03-15,4.9918,24,4,4,True
2013-03-16,4.8550,24,4,4,True
2013-03-17,6.1370,24,4,4,True
2013-03-18,6.9838,24,4,4,True
2013-03-19,7.0260,24,4,4,True
2013-03-20,7.7087,24,4,4,True
2013-03-21,8.0446,24,4,4,True
2013-03-22,8.6051,24,4,4,True
2013-03-23,9.6888,24,4,4,True
2013-03-24,10.1689,24,4,4,True
2013-03-25,10.0709,24,4,4,True
2013-03-26,9.8737,24,4,4,True
2013-03-27,9.5372,24,4,4,True
2013-03-28,9.9931,24,4,4,True
2013-03-29,9.9062,24,4,4,True
2013-03-30,10.5029,24,4,4,True
2013-03-31,9.8224,22,4,4,True
2013-04-01,9.0076,24,4,4,True
2013-04-02,9.0489,24,4,4,True
2013-04-03,9.0506,24,4,4,True
2013-04-04,9.6999,24,4,4,True
2013-04-05,9.4225,24,4,4,True
2013-04-06,8.6343,24,4,4,True
2013-04-07,8.3752,24,4,4,True
2013-04-08,8.8227,24,4,4,True
2013-04-09,8.7449,24,4,4,True
2013-04-10,9.3117,24,4,4,True
2013-04-11,10.6829,24,4,4,True
2013-04-12,11.3556,24,4,4,True
2013-04-13,11.3331,24,4,4,True
2013-04-14,12.1621,24,4,4,True
2013-04-15,12.5593,24,4,4,True
2013-04-16,13.2625,24,4,4,True
2013-04-17,14.2942,24,4,4,True
2013-04-18,14.3703,24,4,4,True
2013-04-19,12.9774,24,4,4,True
2013-04-20,11.1129,24,4,4,True
2013-04-21,10.3680,24,4,4,True
2013-04-22,10.7266,24,4,4,True
2013-04-23,11.4400,24,4,4,True
2013-04-24,12.5062,24,4,4,True
2013-04-25,13.3595,24,4,4,True
2013-04-26,13.6159,24,4,4,True
2013-04-27,12.3810,24,4,4,True
2013-04-28,10.3719,24,4,4,True
2013-04-29,9.6918,24,4,4,True
2013-04-30,10.1465,24,4,4,True
2013-05-01,11.8255,24,4,4,True
2013-05-02,12.5590,24,4,4,True
2013-05-03,12.9738,24,4,4,True
2013-05-04,12.5220,24,4,4,True
2013-05-05,13.0768,24,4,4,True
2013-05-06,14.1325,24,4,4,True
2013-05-07,14.3435,24,4,4,True
2013-05-08,14.2832,24,4,4,True
2013-05-09,14.9097,24,4,4,True
2013-05-10,14.7644,24,4,4,True
2013-05-11,14.0499,24,4,4,True
2013-05-12,13.4984,24,4,4,True
2013-05-13,13.4144,24,4,4,True
2013-05-14,14.0782,24,4,4,True
2013-05-15,14.3802,24,4,4,True
2013-05-16,12.3680,24,4,4,True
2013-05-17,12.0213,24,4,4,True
2013-05-18,12.2765,24,4,4,True
2013-05-19,11.2512,24,4,4,True
2013-05-20,11.1059,24,4,4,True
2013-05-21,11.1386,24,4,4,True
2013-05-22,11.7680,24,4,4,True
2013-05-23,12.5937,24,4,4,True
2013-05-24,11.6403,24,4,4,True
2013-05-25,10.7442,24,4,4,True
2013-05-26,10.4789,24,4,4,True
2013-05-27,11.2100,24,4,4,True
2013-05-28,11.7890,24,4,4,True
2013-05-29,11.2067,24,4,4,True
2013-05-30,10.8685,24,4,4,True
2013-05-31,11.3918,24,4,4,True
2013-06-01,12.3306,24,4,4,True
2013-06-02,13.4257,24,4,4,True
2013-06-03,13.7440,24,4,4,True
2013-06-04,13.8839,24,4,4,True
2013-06-05,14.5270,24,4,4,True
2013-06-06,15.6197,24,4,4,True
2013-06-07,16.4031,24,4,4,True
2013-06-08,16.2871,24,4,4,True
2013-06-09,15.0036,24,4,4,True
2013-06-10,14.4552,24,4,4,True
2013-06-11,14.6882,24,4,4,True
2013-06-12,16.1532,24,4,4,True
2013-06-13,17.2386,24,4,4,True
2013-06-14,17.3959,24,4,4,True
2013-06-15,18.4723,24,4,4,True
2013-06-16,18.8192,24,4,4,True
2013-06-17,19.7363,24,4,4,True
2013-06-18,19.9699,24,4,4,True
2013-06-19,18.9450,24,4,4,True
2013-06-20,17.6966,24,4,4,True
2013-06-21,16.7288,24,4,4,True
2013-06-22,16.5741,24,4,4,True
2013-06-23,16.6931,24,4,4,True
2013-06-24,16.1909,24,4,4,True
2013-06-25,15.4690,24,4,4,True
2013-06-26,15.8697,24,4,4,True
2013-06-27,16.5167,24,4,4,True
2013-06-28,16.4193,24,4,4,True
2013-06-29,16.0389,24,4,4,True
2013-06-30,17.2042,24,4,4,True
2013-07-01,18.9642,24,4,4,True
2013-07-02,20.2643,24,4,4,True
2013-07-03,20.1626,24,4,4,True
2013-07-04,19.1372,24,4,4,True
2013-07-05,19.8803,24,4,4,True
2013-07-06,20.9211,24,4,4,True
2013-07-07,21.8223,24,4,4,True
2013-07-08,22.6285,24,4,4,True
2013-07-09,23.3066,24,4,4,True
2013-07-10,23.4974,24,4,4,True
2013-07-11,23.3643,24,4,4,True
2013-07-12,23.3417,24,4,4,True
2013-07-13,23.4966,24,4,4,True
2013-07-14,23.4437,24,4,4,True
2013-07-15,23.4387,24,4,4,True
2013-07-16,23.3314,24,4,4,True
2013-07-17,23.4928,24,4,4,True
2013-07-18,23.0618,24,4,4,True
2013-07-19,23.1394,24,4,4,True
2013-07-20,23.3912,24,4,4,True
2013-07-21,23.8598,24,4,4,True
2013-07-22,24.2954,24,4,4,True
2013-07-23,24.5346,24,4,4,True
2013-07-24,24.3110,24,4,4,True
2013-07-25,24.9432,24,4,4,True
2013-07-26,25.2645,24,4,4,True
2013-07-27,24.9867,24,4,4,True
2013-07-28,21.9235,24,4,4,True
2013-07-29,21.7170,24,4,4,True
2013-07-30,21.3562,24,4,4,True
2013-07-31,21.5896,24,4,4,True
2013-08-01,22.3942,24,4,4,True
2013-08-02,22.5376,24,4,4,True
2013-08-03,23.1310,24,4,4,True
2013-08-04,23.8033,24,4,4,True
2013-08-05,24.1129,24,4,4,True
2013-08-06,24.5905,24,4,4,True
2013-08-07,23.1350,24,4,4,True
2013-08-08,21.4772,24,4,4,True
2013-08-09,20.3905,24,4,4,True
2013-08-10,20.5655,24,4,4,True
2013-08-11,20.9231,24,4,4,True
2013-08-12,21.6362,24,4,4,True
2013-08-13,22.3090,24,4,4,True
2013-08-14,21.6378,24,4,4,True
2013-08-15,21.3526,24,4,4,True
2013-08-16,21.3229,24,4,4,True
2013-08-17,21.9369,24,4,4,True
2013-08-18,21.6384,24,4,4,True
2013-08-19,21.1869,24,4,4,True
2013-08-20,20.1478,24,4,4,True
2013-08-21,20.3376,24,4,4,True
2013-08-22,20.5203,24,4,4,True
2013-08-23,21.1980,24,4,4,True
2013-08-24,21.0320,24,4,4,True
2013-08-25,19.3147,24,4,4,True
2013-08-26,19.2256,24,4,4,True
2013-08-27,19.2145,24,4,4,True
2013-08-28,18.6091,24,4,4,True
2013-08-29,18.8618,24,4,4,True
2013-08-30,18.6903,24,4,4,True
2013-08-31,18.5595,24,4,4,True
2013-09-01,18.9757,24,4,4,True
2013-09-02,19.0165,24,4,4,True
2013-09-03,18.8004,24,4,4,True
2013-09-04,19.1860,24,4,4,True
2013-09-05,19.7590,24,4,4,True
2013-09-06,19.5981,24,4,4,True
2013-09-07,19.5118,24,4,4,True
2013-09-08,18.4784,24,4,4,True
2013-09-09,17.4417,24,4,4,True
2013-09-10,17.7559,24,4,4,True
2013-09-11,17.1583,24,4,4,True
2013-09-12,16.1741,24,4,4,True
2013-09-13,16.1551,24,4,4,True
2013-09-14,16.7138,24,4,4,True
2013-09-15,16.7329,24,4,4,True
2013-09-16,15.4455,24,4,4,True
2013-09-17,15.0445,24,4,4,True
2013-09-18,15.4126,24,4,4,True
2013-09-19,15.8720,24,4,4,True
2013-09-20,15.7916,24,4,4,True
2013-09-21,15.9503,24,4,4,True
2013-09-22,16.3774,24,4,4,True
2013-09-23,16.4488,24,4,4,True
2013-09-24,16.6651,24,4,4,True
2013-09-25,17.1116,24,4,4,True
2013-09-26,17.5974,24,4,4,True
2013-09-27,18.0334,24,4,4,True
2013-09-28,18.7043,24,4,4,True
2013-09-29,18.3832,24,4,4,True
2013-09-30,18.0483,24,4,4,True
2013-10-01,17.8740,24,4,4,True
2013-10-02,18.2515,24,4,4,True
2013-10-03,18.2306,24,4,4,True
2013-10-04,17.5262,24,4,4,True
2013-10-05,17.0195,24,4,4,True
2013-10-06,16.7686,24,4,4,True
2013-10-07,16.1830,24,4,4,True
2013-10-08,15.6024,24,4,4,True
2013-10-09,15.4036,24,4,4,True
2013-10-10,15.0801,24,4,4,True
2013-10-11,13.0940,24,4,4,True
2013-10-12,11.4625,24,4,4,True
2013-10-13,11.4314,24,4,4,True
2013-10-14,11.9775,24,4,4,True
2013-10-15,12.3399,24,4,4,True
2013-10-16,13.4128,24,4,4,True
2013-10-17,14.2605,24,4,4,True
2013-10-18,13.8396,24,4,4,True
2013-10-19,14.2803,24,4,4,True
2013-10-20,15.2025,24,4,4,True
2013-10-21,15.5858,24,4,4,True
2013-10-22,15.8969,24,4,4,True
2013-10-23,16.1669,24,4,4,True
2013-10-24,15.3251,24,4,4,True
2013-10-25,15.8292,24,4,4,True
2013-10-26,16.4242,24,4,4,True
2013-10-27,16.6674,24,4,4,True
2013-10-28,15.6921,24,4,4,True
2013-10-29,14.9427,24,4,4,True
2013-10-30,13.2618,24,4,4,True
2013-10-31,11.8191,24,4,4,True
2013-11-01,10.4159,24,4,4,True
2013-11-02,10.9037,24,4,4,True
2013-11-03,11.8312,24,4,4,True
2013-11-04,11.6606,24,4,4,True
2013-11-05,11.6777,24,4,4,True
2013-11-06,12.5976,24,4,4,True
2013-11-07,13.0884,24,4,4,True
2013-11-08,12.7920,24,4,4,True
2013-11-09,12.2372,24,4,4,True
2013-11-10,11.8274,24,4,4,True
2013-11-11,10.6802,24,4,4,True
2013-11-12,9.3309,24,4,4,True
2013-11-13,9.5706,24,4,4,True
2013-11-14,9.4362,24,4,4,True
2013-11-15,8.7201,24,4,4,True
2013-11-16,7.7833,24,4,4,True
2013-11-17,7.6703,24,4,4,True
2013-11-18,8.3804,24,4,4,True
2013-11-19,8.8590,24,4,4,True
2013-11-20,8.2068,24,4,4,True
2013-11-21,7.4279,24,4,4,True
2013-11-22,6.7687,24,4,4,True
2013-11-23,6.4236,24,4,4,True
2013-11-24,6.7288,24,4,4,True
2013-11-25,6.3924,24,4,4,True
2013-11-26,5.3603,24,4,4,True
2013-11-27,4.3071,24,4,4,True
2013-11-28,3.3180,24,4,4,True
2013-11-29,3.0124,24,4,4,True
2013-11-30,3.8649,24,4,4,True
2013-12-01,3.8664,24,4,4,True
2013-12-02,3.3393,24,4,4,True
2013-12-03,3.2610,24,4,4,True
2013-12-04,2.8565,24,4,4,True
2013-12-05,2.9975,24,4,4,True
2013-12-06,3.8346,24,4,4,True
2013-12-07,4.3000,24,4,4,True
2013-12-08,3.4598,24,4,4,True
2013-12-09,2.5250,24,4,4,True
2013-12-10,1.9280,24,4,4,True
2013-12-11,1.8373,24,4,4,True
2013-12-12,1.9261,24,4,4,True
2013-12-13,2.1546,24,4,4,True
2013-12-14,2.6849,24,4,4,True
2013-12-15,3.1030,24,4,4,True
2013-12-16,2.9811,24,4,4,True
2013-12-17,4.1603,24,4,4,True
2013-12-18,5.2963,24,4,4,True
2013-12-19,6.0692,24,4,4,True
2013-12-20,6.6030,24,4,4,True
2013-12-21,5.6406,24,4,4,True
2013-12-22,5.4254,24,4,4,True
2013-12-23,5.8060,24,4,4,True
2013-12-24,6.2308,24,4,4,True
2013-12-25,7.2150,24,4,4,True
2013-12-26,6.8659,24,4,4,True
2013-12-27,6.6780,24,4,4,True
2013-12-28,7.1414,24,4,4,True
2013-12-29,7.0617,24,4,4,True
2013-12-30,6.7806,24,4,4,True
2013-12-31,6.0094,24,4,4,True
2014-01-01,6.3034,24,4,4,True
2014-01-02,7.3341,24,4,4,True
2014-01-03,7.9762,24,4,4,True
2014-01-04,8.4729,24,4,4,True
2014-01-05,8.2268,24,4,4,True
2014-01-06,8.1189,24,4,4,True
2014-01-07,8.2755,24,4,4,True
2014-01-08,8.7358,24,4,4,True
2014-01-09,8.6853,24,4,4,True
2014-01-10,8.0114,24,4,4,True
2014-01-11,7.6707,24,4,4,True
2014-01-12,7.4225,24,4,4,True
2014-01-13,7.4699,24,4,4,True
2014-01-14,7.0258,24,4,4,True
2014-01-15,6.6033,24,4,4,True
2014-01-16,6.8816,24,4,4,True
2014-01-17,6.4887,24,4,4,True
2014-01-18,6.2515,24,4,4,True
2014-01-19,7.0100,24,4,4,True
2014-01-20,7.3274,24,4,4,True
2014-01-21,7.1288,24,4,4,True
2014-01-22,6.0116,24,4,4,True
2014-01-23,6.3924,24,4,4,True
2014-01-24,7.0743,24,4,4,True
2014-01-25,7.5816,24,4,4,True
2014-01-26,8.1353,24,4,4,True
2014-01-27,8.4032,24,4,4,True
2014-01-28,7.6162,24,4,4,True
2014-01-29,7.3818,24,4,4,True
2014-01-30,7.5086,24,4,4,True
2014-01-31,7.4038,24,4,4,True
2014-02-01,7.3515,24,4,4,True
2014-02-02,6.9690,24,4,4,True
2014-02-03,6.5535,24,4,4,True
2014-02-04,7.0005,24,4,4,True
2014-02-05,7.3734,24,4,4,True
2014-02-06,7.1485,24,4,4,True
2014-02-07,7.8542,24,4,4,True
2014-02-08,7.4947,24,4,4,True
2014-02-09,7.4855,24,4,4,True
2014-02-10,7.4332,24,4,4,True
2014-02-11,7.3745,24,4,4,True
2014-02-12,7.2254,24,4,4,True
2014-02-13,7.6630,24,4,4,True
2014-02-14,8.1591,24,4,4,True
2014-02-15,8.5207,24,4,4,True
2014-02-16,8.1709,24,4,4,True
2014-02-17,7.7498,24,4,4,True
2014-02-18,7.5844,24,4,4,True
2014-02-19,8.1644,24,4,4,True
2014-02-20,8.4177,24,4,4,True
2014-02-21,8.8197,24,4,4,True
2014-02-22,8.3825,24,4,4,True
2014-02-23,8.7398,24,4,4,True
2014-02-24,8.7262,24,4,4,True
2014-02-25,8.7543,24,4,4,True
2014-02-26,8.4905,24,4,4,True
2014-02-27,7.9398,24,4,4,True
2014-02-28,7.8367,24,4,4,True
2014-03-01,7.3850,24,4,4,True
2014-03-02,6.7622,24,4,4,True
2014-03-03,7.4383,24,4,4,True
2014-03-04,7.4343,24,4,4,True
2014-03-05,7.3897,24,4,4,True
2014-03-06,7.4797,24,4,4,True
2014-03-07,7.5234,24,4,4,True
2014-03-08,7.7445,24,4,4,True
2014-03-09,8.6062,24,4,4,True
2014-03-10,8.5569,24,4,4,True
2014-03-11,8.6522,24,4,4,True
2014-03-12,8.9953,24,4,4,True
2014-03-13,9.1500,24,4,4,True
2014-03-14,9.2613,24,4,4,True
2014-03-15,9.3145,24,4,4,True
2014-03-16,9.5727,24,4,4,True
2014-03-17,9.4850,24,4,4,True
2014-03-18,9.4587,24,4,4,True
2014-03-19,9.9713,24,4,4,True
2014-03-20,10.4502,24,4,4,True
2014-03-21,10.9727,24,4,4,True
2014-03-22,10.8958,24,4,4,True
2014-03-23,9.7974,24,4,4,True
2014-03-24,9.0849,24,4,4,True
2014-03-25,8.9930,24,4,4,True
2014-03-26,8.7617,24,4,4,True
2014-03-27,8.6155,24,4,4,True
2014-03-28,8.4948,24,4,4,True
2014-03-29,9.2851,24,4,4,True
2014-03-30,9.8258,22,4,4,True
2014-03-31,10.4037,24,4,4,True
2014-04-01,11.2145,24,4,4,True
2014-04-02,11.5532,24,4,4,True
2014-04-03,11.6170,24,4,4,True
2014-04-04,11.5077,24,4,4,True
2014-04-05,11.5450,24,4,4,True
2014-04-06,12.4035,24,4,4,True
2014-04-07,13.0578,24,4,4,True
2014-04-08,14.1812,24,4,4,True
2014-04-09,13.5637,24,4,4,True
2014-04-10,13.5611,24,4,4,True
2014-04-11,13.7283,24,4,4,True
2014-04-12,13.3580,24,4,4,True
2014-04-13,13.8380,24,4,4,True
2014-04-14,14.4836,24,4,4,True
2014-04-15,14.6464,24,4,4,True
2014-04-16,14.2280,24,4,4,True
2014-04-17,14.3935,24,4,4,True
2014-04-18,14.1826,24,4,4,True
2014-04-19,13.9146,24,4,4,True
2014-04-20,12.6628,24,4,4,True
2014-04-21,12.3540,24,4,4,True
2014-04-22,12.9353,24,4,4,True
2014-04-23,13.5958,24,4,4,True
2014-04-24,14.4589,24,4,4,True
2014-04-25,14.2137,24,4,4,True
2014-04-26,13.1184,24,4,4,True
2014-04-27,12.5183,24,4,4,True
2014-04-28,12.2241,24,4,4,True
2014-04-29,12.0252,24,4,4,True
2014-04-30,12.4866,24,4,4,True
2014-05-01,12.2502,24,4,4,True
2014-05-02,12.0537,24,4,4,True
2014-05-03,12.3476,24,4,4,True
2014-05-04,12.3662,24,4,4,True
2014-05-05,13.0186,24,4,4,True
2014-05-06,13.6848,24,4,4,True
2014-05-07,13.9544,24,4,4,True
2014-05-08,14.2410,24,4,4,True
2014-05-09,14.5848,24,4,4,True
2014-05-10,15.0378,24,4,4,True
2014-05-11,15.6304,24,4,4,True
2014-05-12,14.7453,24,4,4,True
2014-05-13,13.8917,24,4,4,True
2014-05-14,13.5910,24,4,4,True
2014-05-15,13.7368,24,4,4,True
2014-05-16,14.1476,24,4,4,True
2014-05-17,14.7634,24,4,4,True
2014-05-18,15.5413,24,4,4,True
2014-05-19,16.2584,24,4,4,True
2014-05-20,16.3813,24,4,4,True
2014-05-21,16.3983,24,4,4,True
2014-05-22,17.1231,24,4,4,True
2014-05-23,16.5996,24,4,4,True
2014-05-24,15.1497,24,4,4,True
2014-05-25,15.9385,24,4,4,True
2014-05-26,16.0170,24,4,4,True
2014-05-27,14.6725,24,4,4,True
2014-05-28,14.8957,24,4,4,True
2014-05-29,15.7088,24,4,4,True
2014-05-30,15.7852,24,4,4,True
2014-05-31,16.0268,24,4,4,True
2014-06-01,16.3588,24,4,4,True
2014-06-02,17.0868,24,4,4,True
2014-06-03,17.1135,24,4,4,True
2014-06-04,16.6197,24,4,4,True
2014-06-05,16.3022,24,4,4,True
2014-06-06,17.7310,24,4,4,True
2014-06-07,19.0502,24,4,4,True
2014-06-08,20.3892,24,4,4,True
2014-06-09,20.9286,24,4,4,True
2014-06-10,21.0501,24,4,4,True
2014-06-11,22.1570,24,4,4,True
2014-06-12,23.2215,24,4,4,True
2014-06-13,23.7630,24,4,4,True
2014-06-14,23.2827,24,4,4,True
2014-06-15,22.1045,24,4,4,True
2014-06-16,21.1950,24,4,4,True
2014-06-17,20.5592,24,4,4,True
2014-06-18,19.7775,24,4,4,True
2014-06-19,19.9107,24,4,4,True
2014-06-20,20.8092,24,4,4,True
2014-06-21,21.5707,24,4,4,True
2014-06-22,22.5353,24,4,4,True
2014-06-23,22.7965,24,4,4,True
2014-06-24,22.6234,24,4,4,True
2014-06-25,22.8158,24,4,4,True
2014-06-26,21.9639,24,4,4,True
2014-06-27,21.9778,24,4,4,True
2014-06-28,22.6212,24,4,4,True
2014-06-29,21.5130,24,4,4,True
2014-06-30,20.1972,24,4,4,True
2014-07-01,19.9036,24,4,4,True
2014-07-02,20.3637,24,4,4,True
2014-07-03,20.3866,24,4,4,True
2014-07-04,19.9689,24,4,4,True
2014-07-05,20.0852,24,4,4,True
2014-07-06,20.8928,24,4,4,True
2014-07-07,20.2000,24,4,4,True
2014-07-08,19.1372,24,4,4,True
2014-07-09,18.1078,24,4,4,True
2014-07-10,17.4635,24,4,4,True
2014-07-11,16.9033,24,4,4,True
2014-07-12,17.2553,24,4,4,True
2014-07-13,17.6162,24,4,4,True
2014-07-14,18.2009,24,4,4,True
2014-07-15,19.1485,24,4,4,True
2014-07-16,20.5187,24,4,4,True
2014-07-17,21.6965,24,4,4,True
2014-07-18,22.8132,24,4,4,True
2014-07-19,22.8564,24,4,4,True
2014-07-20,22.2677,24,4,4,True
2014-07-21,21.2356,24,4,4,True
2014-07-22,20.5770,24,4,4,True
2014-07-23,20.7958,24,4,4,True
2014-07-24,21.5417,24,4,4,True
2014-07-25,21.4826,24,4,4,True
2014-07-26,20.9188,24,4,4,True
2014-07-27,21.4876,24,4,4,True
2014-07-28,21.1383,24,4,4,True
2014-07-29,20.1137,24,4,4,True
2014-07-30,19.4930,24,4,4,True
2014-07-31,19.8840,24,4,4,True
2014-08-01,20.5872,24,4,4,True
2014-08-02,21.1303,24,4,4,True
2014-08-03,20.5217,24,4,4,True
2014-08-04,18.6854,24,4,4,True
2014-08-05,18.5476,24,4,4,True
2014-08-06,18.6645,24,4,4,True
2014-08-07,18.8467,24,4,4,True
2014-08-08,19.0430,24,4,4,True
2014-08-09,19.3740,24,4,4,True
2014-08-10,19.4882,24,4,4,True
2014-08-11,19.8637,24,4,4,True
2014-08-12,18.9805,24,4,4,True
2014-08-13,18.3406,24,4,4,True
2014-08-14,17.6222,24,4,4,True
2014-08-15,17.5193,24,4,4,True
2014-08-16,17.4785,24,4,4,True
2014-08-17,17.5268,24,4,4,True
2014-08-18,17.9927,24,4,4,True
2014-08-19,18.6051,24,4,4,True
2014-08-20,18.0998,24,4,4,True
2014-08-21,17.5249,24,4,4,True
2014-08-22,17.4507,24,4,4,True
2014-08-23,17.4864,24,4,4,True
2014-08-24,17.4139,24,4,4,True
2014-08-25,17.8323,24,4,4,True
2014-08-26,17.9710,24,4,4,True
2014-08-27,18.4297,24,4,4,True
2014-08-28,19.0125,24,4,4,True
2014-08-29,19.5236,24,4,4,True
2014-08-30,19.0995,24,4,4,True
2014-08-31,18.9123,24,4,4,True
2014-09-01,18.8608,24,4,4,True
2014-09-02,18.5456,24,4,4,True
2014-09-03,18.3822,24,4,4,True
2014-09-04,18.2642,24,4,4,True
2014-09-05,18.7180,24,4,4,True
2014-09-06,18.6686,24,4,4,True
2014-09-07,19.0797,24,4,4,True
2014-09-08,19.6793,24,4,4,True
2014-09-09,19.3395,24,4,4,True
2014-09-10,19.3980,24,4,4,True
2014-09-11,19.4653,24,4,4,True
2014-09-12,18.8796,24,4,4,True
2014-09-13,18.1662,24,4,4,True
2014-09-14,18.1433,24,4,4,True
2014-09-15,18.3624,24,4,4,True
2014-09-16,18.5536,24,4,4,True
2014-09-17,19.1163,24,4,4,True
2014-09-18,19.1907,24,4,4,True
2014-09-19,19.3156,24,4,4,True
2014-09-20,19.5437,24,4,4,True
2014-09-21,19.2878,24,4,4,True
2014-09-22,18.6448,24,4,4,True
2014-09-23,17.4070,24,4,4,True
2014-09-24,17.1216,24,4,4,True
2014-09-25,15.9643,24,4,4,True
2014-09-26,15.3825,24,4,4,True
2014-09-27,15.1973,24,4,4,True
2014-09-28,15.7174,24,4,4,True
2014-09-29,16.7595,24,4,4,True
2014-09-30,17.2367,24,4,4,True
2014-10-01,17.6698,24,4,4,True
2014-10-02,17.4360,24,4,4,True
2014-10-03,16.9004,24,4,4,True
2014-10-04,16.3923,24,4,4,True
2014-10-05,16.1244,24,4,4,True
2014-10-06,14.9386,24,4,4,True
2014-10-07,15.9333,24,4,4,True
2014-10-08,16.5142,24,4,4,True
2014-10-09,17.5310,24,4,4,True
2014-10-10,17.5578,24,4,4,True
2014-10-11,16.9390,24,4,4,True
2014-10-12,16.7725,24,4,4,True
2014-10-13,16.6158,24,4,4,True
2014-10-14,15.8660,24,4,4,True
2014-10-15,15.6273,24,4,4,True
2014-10-16,15.9722,24,4,4,True
2014-10-17,16.3983,24,4,4,True
2014-10-18,16.3090,24,4,4,True
2014-10-19,16.5127,24,4,4,True
2014-10-20,16.2306,24,4,4,True
2014-10-21,16.0420,24,4,4,True
2014-10-22,14.7958,24,4,4,True
2014-10-23,13.1564,24,4,4,True
2014-10-24,12.2249,24,4,4,True
2014-10-25,11.8645,24,4,4,True
2014-10-26,11.7929,24,4,4,True
2014-10-27,11.6248,24,4,4,True
2014-10-28,11.8573,24,4,4,True
2014-10-29,11.4761,24,4,4,True
2014-10-30,10.9085,24,4,4,True
2014-10-31,10.7446,24,4,4,True
2014-11-01,10.7968,24,4,4,True
2014-11-02,10.8735,24,4,4,True
2014-11-03,11.8694,24,4,4,True
2014-11-04,11.7598,24,4,4,True
2014-11-05,11.2056,24,4,4,True
2014-11-06,10.1016,24,4,4,True
2014-11-07,9.5335,24,4,4,True
2014-11-08,9.7500,24,4,4,True
2014-11-09,9.4875,24,4,4,True
2014-11-10,9.8321,24,4,4,True
2014-11-11,9.6680,24,4,4,True
2014-11-12,10.0984,24,4,4,True
2014-11-13,9.5037,24,4,4,True
2014-11-14,9.7201,24,4,4,True
2014-11-15,10.2130,24,4,4,True
2014-11-16,9.8632,24,4,4,True
2014-11-17,9.7412,24,4,4,True
2014-11-18,9.7697,24,4,4,True
2014-11-19,9.2662,24,4,4,True
2014-11-20,8.9621,24,4,4,True
2014-11-21,8.9495,24,4,4,True
2014-11-22,9.8475,24,4,4,True
2014-11-23,11.2505,24,4,4,True
2014-11-24,12.2310,24,4,4,True
2014-11-25,12.6875,24,4,4,True
2014-11-26,12.6311,24,4,4,True
2014-11-27,12.6300,24,4,4,True
2014-11-28,12.0659,24,4,4,True
2014-11-29,11.8758,24,4,4,True
2014-11-30,12.0275,24,4,4,True
2014-12-01,11.5702,24,4,4,True
2014-12-02,10.1083,24,4,4,True
2014-12-03,8.6880,24,4,4,True
2014-12-04,7.6537,24,4,4,True
2014-12-05,7.1320,24,4,4,True
2014-12-06,7.1332,24,4,4,True
2014-12-07,6.8227,24,4,4,True
2014-12-08,6.8195,24,4,4,True
2014-12-09,6.5035,24,4,4,True
2014-12-10,5.3497,24,4,4,True
2014-12-11,6.0415,24,4,4,True
2014-12-12,7.0616,24,4,4,True
2014-12-13,7.0321,24,4,4,True
2014-12-14,7.2809,24,4,4,True
2014-12-15,7.9565,24,4,4,True
2014-12-16,8.1291,24,4,4,True
2014-12-17,8.4354,24,4,4,True
2014-12-18,9.1247,24,4,4,True
2014-12-19,10.0046,24,4,4,True
2014-12-20,10.0926,24,4,4,True
2014-12-21,9.0673,24,4,4,True
2014-12-22,7.1878,24,4,4,True
2014-12-23,5.8942,24,4,4,True
2014-12-24,5.4119,24,4,4,True
2014-12-25,6.0965,24,4,4,True
2014-12-26,6.2847,24,4,4,True
2014-12-27,6.5366,24,4,4,True
2014-12-28,6.4900,24,4,4,True
2014-12-29,4.9558,24,4,4,True
2014-12-30,4.1576,24,4,4,True
2014-12-31,3.5373,24,4,4,True
2015-01-01,2.6212,24,4,4,True
2015-01-02,2.3628,24,4,4,True
2015-01-03,2.9602,24,4,4,True
2015-01-04,5.0647,24,4,4,True
2015-01-05,6.3324,24,4,4,True
2015-01-06,5.2690,24,4,4,True
2015-01-07,5.2338,24,4,4,True
2015-01-08,5.0060,24,4,4,True
2015-01-09,5.9775,24,4,4,True
2015-01-10,7.3066,24,4,4,True
2015-01-11,8.2134,24,4,4,True
2015-01-12,6.6237,24,4,4,True
2015-01-13,5.1295,24,4,4,True
2015-01-14,5.7829,24,4,4,True
2015-01-15,6.1605,24,4,4,True
2015-01-16,6.5588,24,4,4,True
2015-01-17,6.6054,24,4,4,True
2015-01-18,6.3419,24,4,4,True
2015-01-19,5.9778,24,4,4,True
2015-01-20,5.9980,24,4,4,True
2015-01-21,5.5777,24,4,4,True
2015-01-22,5.4910,24,4,4,True
2015-01-23,5.2811,24,4,4,True
2015-01-24,4.5156,24,4,4,True
2015-01-25,3.6487,24,4,4,True
2015-01-26,3.5016,24,4,4,True
2015-01-27,4.3212,24,4,4,True
2015-01-28,4.7749,24,4,4,True
2015-01-29,5.7171,24,4,4,True
2015-01-30,6.1848,24,4,4,True
2015-01-31,6.0799,24,4,4,True
2015-02-01,5.9428,24,4,4,True
2015-02-02,5.4409,24,4,4,True
2015-02-03,4.9167,24,4,4,True
2015-02-04,4.1900,24,4,4,True
2015-02-05,3.5489,24,4,4,True
2015-02-06,3.0910,24,4,4,True
2015-02-07,3.2905,24,4,4,True
2015-02-08,2.9749,24,4,4,True
2015-02-09,2.8160,24,4,4,True
2015-02-10,2.9125,24,4,4,True
2015-02-11,2.9564,24,4,4,True
2015-02-12,3.4729,24,4,4,True
2015-02-13,4.1893,24,4,4,True
2015-02-14,5.6733,24,4,4,True
2015-02-15,6.6598,24,4,4,True
2015-02-16,6.8806,24,4,4,True
2015-02-17,6.4158,24,4,4,True
2015-02-18,5.7185,24,4,4,True
2015-02-19,5.2787,24,4,4,True
2015-02-20,5.2171,24,4,4,True
2015-02-21,6.1369,24,4,4,True
2015-02-22,5.8550,24,4,4,True
2015-02-23,5.7338,24,4,4,True
2015-02-24,6.4795,24,4,4,True
2015-02-25,6.1987,24,4,4,True
2015-02-26,6.7533,24,4,4,True
2015-02-27,7.4635,24,4,4,True
2015-02-28,6.4718,24,4,4,True
2015-03-01,7.4621,24,4,4,True
2015-03-02,8.8618,24,4,4,True
2015-03-03,9.0291,24,4,4,True
2015-03-04,9.0593,24,4,4,True
2015-03-05,7.6534,24,4,4,True
2015-03-06,7.0484,24,4,4,True
2015-03-07,7.1540,24,4,4,True
2015-03-08,7.8539,24,4,4,True
2015-03-09,8.5203,24,4,4,True
2015-03-10,8.7246,24,4,4,True
2015-03-11,9.2909,24,4,4,True
2015-03-12,10.3897,24,4,4,True
2015-03-13,10.1924,24,4,4,True
2015-03-14,9.0899,24,4,4,True
2015-03-15,8.4013,24,4,4,True
2015-03-16,8.5203,24,4,4,True
2015-03-17,8.2153,24,4,4,True
2015-03-18,8.9782,24,4,4,True
2015-03-19,9.6843,24,4,4,True
2015-03-20,10.6454,24,4,4,True
2015-03-21,10.2610,24,4,4,True
2015-03-22,10.0275,24,4,4,True
2015-03-23,9.9292,24,4,4,True
2015-03-24,9.6622,24,4,4,True
2015-03-25,9.0138,24,4,4,True
2015-03-26,8.0005,24,4,4,True
2015-03-27,9.1022,24,4,4,True
2015-03-28,10.0277,24,4,4,True
2015-03-29,10.3259,22,4,4,True
2015-03-30,10.4761,24,4,4,True
2015-03-31,10.7006,24,4,4,True
2015-04-01,10.3007,24,4,4,True
2015-04-02,9.3638,24,4,4,True
2015-04-03,10.0439,24,4,4,True
2015-04-04,10.8003,24,4,4,True
2015-04-05,10.5268,24,4,4,True
2015-04-06,9.8423,24,4,4,True
2015-04-07,9.9751,24,4,4,True
2015-04-08,10.5257,24,4,4,True
2015-04-09,11.0842,24,4,4,True
2015-04-10,11.4979,24,4,4,True
2015-04-11,11.7219,24,4,4,True
2015-04-12,12.5012,24,4,4,True
2015-04-13,13.5679,24,4,4,True
2015-04-14,14.4355,24,4,4,True
2015-04-15,15.0498,24,4,4,True
2015-04-16,15.0770,24,4,4,True
2015-04-17,14.6238,24,4,4,True
2015-04-18,14.7155,24,4,4,True
2015-04-19,14.6166,24,4,4,True
2015-04-20,13.7885,24,4,4,True
2015-04-21,14.1156,24,4,4,True
2015-04-22,14.6662,24,4,4,True
2015-04-23,14.5419,24,4,4,True
2015-04-24,14.7930,24,4,4,True
2015-04-25,15.9016,24,4,4,True
2015-04-26,15.9345,24,4,4,True
2015-04-27,13.8866,24,4,4,True
2015-04-28,12.4135,24,4,4,True
2015-04-29,11.7177,24,4,4,True
2015-04-30,11.8701,24,4,4,True
2015-05-01,12.6773,24,4,4,True
2015-05-02,13.3315,24,4,4,True
2015-05-03,14.4358,24,4,4,True
2015-05-04,15.5040,24,4,4,True
2015-05-05,15.5421,24,4,4,True
2015-05-06,14.8908,24,4,4,True
2015-05-07,14.1802,24,4,4,True
2015-05-08,14.0796,24,4,4,True
2015-05-09,14.5007,24,4,4,True
2015-05-10,15.0136,24,4,4,True
2015-05-11,16.2945,24,4,4,True
2015-05-12,17.2085,24,4,4,True
2015-05-13,17.9859,24,4,4,True
2015-05-14,18.3365,24,4,4,True
2015-05-15,16.4738,24,4,4,True
2015-05-16,15.1330,24,4,4,True
2015-05-17,15.5447,24,4,4,True
2015-05-18,16.2022,24,4,4,True
2015-05-19,16.0062,24,4,4,True
2015-05-20,14.9695,24,4,4,True
2015-05-21,14.1145,24,4,4,True
2015-05-22,13.8620,24,4,4,True
2015-05-23,14.2158,24,4,4,True
2015-05-24,15.0005,24,4,4,True
2015-05-25,15.4443,24,4,4,True
2015-05-26,15.6839,24,4,4,True
2015-05-27,15.7416,24,4,4,True
2015-05-28,16.3456,24,4,4,True
2015-05-29,16.8602,24,4,4,True
2015-05-30,17.1053,24,4,4,True
2015-05-31,17.5178,24,4,4,True
2015-06-01,17.7113,24,4,4,True
2015-06-02,18.2474,24,4,4,True
2015-06-03,19.6947,24,4,4,True
2015-06-04,20.8637,24,4,4,True
2015-06-05,21.7156,24,4,4,True
2015-06-06,21.8418,24,4,4,True
2015-06-07,22.0488,24,4,4,True
2015-06-08,22.0900,24,4,4,True
2015-06-09,21.8118,24,4,4,True
2015-06-10,21.6235,24,4,4,True
2015-06-11,21.4107,24,4,4,True
2015-06-12,20.7421,24,4,4,True
2015-06-13,19.6882,24,4,4,True
2015-06-14,18.6050,24,4,4,True
2015-06-15,18.0670,24,4,4,True
2015-06-16,18.1711,24,4,4,True
2015-06-17,18.2751,24,4,4,True
2015-06-18,18.6507,24,4,4,True
2015-06-19,19.2025,24,4,4,True
2015-06-20,19.4299,24,4,4,True
2015-06-21,19.9949,24,4,4,True
2015-06-22,20.3580,24,4,4,True
2015-06-23,20.6675,24,4,4,True
2015-06-24,20.0840,24,4,4,True
2015-06-25,20.1694,24,4,4,True
2015-06-26,20.5079,24,4,4,True
2015-06-27,20.8332,24,4,4,True
2015-06-28,20.9820,24,4,4,True
2015-06-29,21.6801,24,4,4,True
2015-06-30,22.1532,24,4,4,True
2015-07-01,22.6966,24,4,4,True
2015-07-02,22.4534,24,4,4,True
2015-07-03,22.5351,24,4,4,True
2015-07-04,23.0726,24,4,4,True
2015-07-05,23.6239,24,4,4,True
2015-07-06,23.9808,24,4,4,True
2015-07-07,24.4108,24,4,4,True
2015-07-08,23.8307,24,4,4,True
2015-07-09,22.1984,24,4,4,True
2015-07-10,21.6332,24,4,4,True
2015-07-11,22.0996,24,4,4,True
2015-07-12,21.9315,24,4,4,True
2015-07-13,21.5582,24,4,4,True
2015-07-14,21.4969,24,4,4,True
2015-07-15,21.8541,24,4,4,True
2015-07-16,22.0534,24,4,4,True
2015-07-17,22.9277,24,4,4,True
2015-07-18,23.9032,24,4,4,True
2015-07-19,23.9008,24,4,4,True
2015-07-20,23.4409,24,4,4,True
2015-07-21,23.8045,24,4,4,True
2015-07-22,23.3766,24,4,4,True
2015-07-23,22.2591,24,4,4,True
2015-07-24,22.1323,24,4,4,True
2015-07-25,21.7198,24,4,4,True
2015-07-26,21.2469,24,4,4,True
2015-07-27,21.5179,24,4,4,True
2015-07-28,20.8145,24,4,4,True
2015-07-29,20.3498,24,4,4,True
2015-07-30,19.9223,24,4,4,True
2015-07-31,18.8330,24,4,4,True
2015-08-01,18.9252,24,4,4,True
2015-08-02,19.2655,24,4,4,True
2015-08-03,20.2546,24,4,4,True
2015-08-04,21.2227,24,4,4,True
2015-08-05,21.4806,24,4,4,True
2015-08-06,22.6250,24,4,4,True
2015-08-07,23.3644,24,4,4,True
2015-08-08,22.8388,24,4,4,True
2015-08-09,20.9713,24,4,4,True
2015-08-10,20.2843,24,4,4,True
2015-08-11,21.0415,24,4,4,True
2015-08-12,21.8113,24,4,4,True
2015-08-13,21.9540,24,4,4,True
2015-08-14,21.1064,24,4,4,True
2015-08-15,19.5931,24,4,4,True
2015-08-16,18.9757,24,4,4,True
2015-08-17,18.7993,24,4,4,True
2015-08-18,18.4912,24,4,4,True
2015-08-19,18.4465,24,4,4,True
2015-08-20,18.7608,24,4,4,True
2015-08-21,19.3525,24,4,4,True
2015-08-22,19.8730,24,4,4,True
2015-08-23,20.2694,24,4,4,True
2015-08-24,19.4791,24,4,4,True
2015-08-25,18.6597,24,4,4,True
2015-08-26,19.0462,24,4,4,True
2015-08-27,20.1466,24,4,4,True
2015-08-28,20.9248,24,4,4,True
2015-08-29,21.5114,24,4,4,True
2015-08-30,21.4487,24,4,4,True
2015-08-31,21.5023,24,4,4,True
2015-09-01,21.0040,24,4,4,True
2015-09-02,19.9322,24,4,4,True
2015-09-03,19.1569,24,4,4,True
2015-09-04,18.4446,24,4,4,True
2015-09-05,17.7570,24,4,4,True
2015-09-06,16.9748,24,4,4,True
2015-09-07,16.5848,24,4,4,True
2015-09-08,16.4974,24,4,4,True
2015-09-09,16.6572,24,4,4,True
2015-09-10,16.8240,24,4,4,True
2015-09-11,17.2049,24,4,4,True
2015-09-12,17.6976,24,4,4,True
2015-09-13,17.7866,24,4,4,True
2015-09-14,17.4984,24,4,4,True
2015-09-15,16.7230,24,4,4,True
2015-09-16,17.2891,24,4,4,True
2015-09-17,17.6510,24,4,4,True
2015-09-18,17.1295,24,4,4,True
2015-09-19,16.5026,24,4,4,True
2015-09-20,15.9953,24,4,4,True
2015-09-21,15.7597,24,4,4,True
2015-09-22,15.6245,24,4,4,True
2015-09-23,15.3072,24,4,4,True
2015-09-24,14.6207,24,4,4,True
2015-09-25,14.4880,24,4,4,True
2015-09-26,14.5719,24,4,4,True
2015-09-27,14.6447,24,4,4,True
2015-09-28,14.6297,24,4,4,True
2015-09-29,14.4861,24,4,4,True
2015-09-30,14.3762,24,4,4,True
2015-10-01,14.3912,24,4,4,True
2015-10-02,14.3633,24,4,4,True
2015-10-03,14.5419,24,4,4,True
2015-10-04,13.7647,24,4,4,True
2015-10-05,14.1047,24,4,4,True
2015-10-06,14.9446,24,4,4,True
2015-10-07,15.3819,24,4,4,True
2015-10-08,15.0423,24,4,4,True
2015-10-09,14.5120,24,4,4,True
2015-10-10,14.0017,24,4,4,True
2015-10-11,13.7877,24,4,4,True
2015-10-12,14.3092,24,4,4,True
2015-10-13,14.3724,24,4,4,True
2015-10-14,12.8085,24,4,4,True
2015-10-15,11.3070,24,4,4,True
2015-10-16,10.3361,24,4,4,True
2015-10-17,9.5859,24,4,4,True
2015-10-18,10.2455,24,4,4,True
2015-10-19,10.8762,24,4,4,True
2015-10-20,10.4609,24,4,4,True
2015-10-21,10.1371,24,4,4,True
2015-10-22,9.9717,24,4,4,True
2015-10-23,10.3878,24,4,4,True
2015-10-24,10.4985,24,4,4,True
2015-10-25,11.2775,24,4,4,True
2015-10-26,11.7608,24,4,4,True
2015-10-27,12.9036,24,4,4,True
2015-10-28,13.4092,24,4,4,True
2015-10-29,12.3983,24,4,4,True
2015-10-30,11.5599,24,4,4,True
2015-10-31,11.5955,24,4,4,True
2015-11-01,11.1272,24,4,4,True
2015-11-02,11.1461,24,4,4,True
2015-11-03,11.9473,24,4,4,True
2015-11-04,12.5695,24,4,4,True
2015-11-05,12.3368,24,4,4,True
2015-11-06,12.4175,24,4,4,True
2015-11-07,12.1795,24,4,4,True
2015-11-08,12.1643,24,4,4,True
2015-11-09,12.0767,24,4,4,True
2015-11-10,12.3095,24,4,4,True
2015-11-11,11.5804,24,4,4,True
2015-11-12,10.6779,24,4,4,True
2015-11-13,10.3713,24,4,4,True
2015-11-14,10.3304,24,4,4,True
2015-11-15,10.0357,24,4,4,True
2015-11-16,9.3165,24,4,4,True
2015-11-17,9.1656,24,4,4,True
2015-11-18,10.1586,24,4,4,True
2015-11-19,10.6260,24,4,4,True
2015-11-20,11.4668,24,4,4,True
2015-11-21,11.6014,24,4,4,True
2015-11-22,8.9435,24,4,4,True
2015-11-23,6.4896,24,4,4,True
2015-11-24,4.9012,24,4,4,True
2015-11-25,4.9895,24,4,4,True
2015-11-26,6.0781,24,4,4,True
2015-11-27,5.5069,24,4,4,True
2015-11-28,5.1123,24,4,4,True
2015-11-29,5.3059,24,4,4,True
2015-11-30,6.3082,24,4,4,True
2015-12-01,6.4637,24,4,4,True
2015-12-02,5.6672,24,4,4,True
2015-12-03,4.8214,24,4,4,True
2015-12-04,4.5232,24,4,4,True
2015-12-05,4.9445,24,4,4,True
2015-12-06,5.3842,24,4,4,True
2015-12-07,5.9238,24,4,4,True
2015-12-08,6.5486,24,4,4,True
2015-12-09,6.9626,24,4,4,True
2015-12-10,5.7405,24,4,4,True
2015-12-11,4.7547,24,4,4,True
2015-12-12,4.2140,24,4,4,True
2015-12-13,3.6233,24,4,4,True
2015-12-14,3.4749,24,4,4,True
2015-12-15,5.0085,24,4,4,True
2015-12-16,5.2336,24,4,4,True
2015-12-17,5.8412,24,4,4,True
2015-12-18,6.0531,24,4,4,True
2015-12-19,5.6576,24,4,4,True
2015-12-20,6.3372,24,4,4,True
2015-12-21,6.6887,24,4,4,True
2015-12-22,6.3448,24,4,4,True
2015-12-23,6.5797,24,4,4,True
2015-12-24,6.8522,24,4,4,True
2015-12-25,6.3583,24,4,4,True
2015-12-26,6.2592,24,4,4,True
2015-12-27,5.9964,24,4,4,True
2015-12-28,6.4095,24,4,4,True
2015-12-29,7.0025,24,4,4,True
2015-12-30,6.4168,24,4,4,True
2015-12-31,6.9353,24,4,4,True
2016-01-01,7.1662,24,4,4,True
2016-01-02,7.7155,24,4,4,True
2016-01-03,7.5460,24,4,4,True
2016-01-04,7.7647,24,4,4,True
2016-01-05,7.8992,24,4,4,True
2016-01-06,7.5274,24,4,4,True
2016-01-07,7.9037,24,4,4,True
2016-01-08,8.8535,24,4,4,True
2016-01-09,9.5583,24,4,4,True
2016-01-10,9.3693,24,4,4,True
2016-01-11,9.3107,24,4,4,True
2016-01-12,8.4727,24,4,4,True
2016-01-13,7.7731,24,4,4,True
2016-01-14,7.6727,24,4,4,True
2016-01-15,7.3692,24,4,4,True
2016-01-16,6.3457,24,4,4,True
2016-01-17,5.7840,24,4,4,True
2016-01-18,5.4923,24,4,4,True
2016-01-19,5.9665,24,4,4,True
2016-01-20,7.1191,24,4,4,True
2016-01-21,6.9942,24,4,4,True
2016-01-22,6.2038,24,4,4,True
2016-01-23,7.3033,24,4,4,True
2016-01-24,7.3478,24,4,4,True
2016-01-25,6.4688,24,4,4,True
2016-01-26,6.5735,24,4,4,True
2016-01-27,7.2872,24,4,4,True
2016-01-28,6.9995,24,4,4,True
2016-01-29,7.6119,24,4,4,True
2016-01-30,8.0853,24,4,4,True
2016-01-31,8.6840,24,4,4,True
2016-02-01,9.4770,24,4,4,True
2016-02-02,9.8939,24,4,4,True
2016-02-03,9.6466,24,4,4,True
2016-02-04,7.6790,24,4,4,True
2016-02-05,7.7548,24,4,4,True
2016-02-06,7.8760,24,4,4,True
2016-02-07,8.1115,24,4,4,True
2016-02-08,8.2028,24,4,4,True
2016-02-09,8.6427,24,4,4,True
2016-02-10,7.8445,24,4,4,True
2016-02-11,7.4625,24,4,4,True
2016-02-12,7.8906,24,4,4,True
2016-02-13,8.5691,24,4,4,True
2016-02-14,8.9106,24,4,4,True
2016-02-15,8.4385,24,4,4,True
2016-02-16,7.3344,24,4,4,True
2016-02-17,6.3365,24,4,4,True
2016-02-18,5.8967,24,4,4,True
2016-02-19,6.1095,24,4,4,True
2016-02-20,5.9651,24,4,4,True
2016-02-21,7.0567,24,4,4,True
2016-02-22,7.8919,24,4,4,True
2016-02-23,8.4673,24,4,4,True
2016-02-24,9.3072,24,4,4,True
2016-02-25,9.0117,24,4,4,True
2016-02-26,8.5174,24,4,4,True
2016-02-27,7.8992,24,4,4,True
2016-02-28,7.9919,24,4,4,True
2016-02-29,7.6400,24,4,4,True
2016-03-01,6.5258,24,4,4,True
2016-03-02,7.2488,24,4,4,True
2016-03-03,7.6989,24,4,4,True
2016-03-04,7.9581,24,4,4,True
2016-03-05,7.9480,24,4,4,True
2016-03-06,7.4730,24,4,4,True
2016-03-07,7.5285,24,4,4,True
2016-03-08,7.1129,24,4,4,True
2016-03-09,6.8783,24,4,4,True
2016-03-10,7.3037,24,4,4,True
2016-03-11,7.4349,24,4,4,True
2016-03-12,7.4052,24,4,4,True
2016-03-13,7.3914,24,4,4,True
2016-03-14,7.6485,24,4,4,True
2016-03-15,8.4243,24,4,4,True
2016-03-16,8.5630,24,4,4,True
2016-03-17,7.4274,24,4,4,True
2016-03-18,7.2305,24,4,4,True
2016-03-19,8.2040,24,4,4,True
2016-03-20,8.9580,24,4,4,True
2016-03-21,9.5678,24,4,4,True
2016-03-22,9.7261,24,4,4,True
2016-03-23,9.2132,24,4,4,True
2016-03-24,8.9046,24,4,4,True
2016-03-25,8.5816,24,4,4,True
2016-03-26,9.5242,24,4,4,True
2016-03-27,10.7281,22,4,4,True
2016-03-28,10.5195,24,4,4,True
2016-03-29,10.7217,24,4,4,True
2016-03-30,11.5620,24,4,4,True
2016-03-31,12.1655,24,4,4,True
2016-04-01,10.9002,24,4,4,True
2016-04-02,10.3965,24,4,4,True
2016-04-03,11.7485,24,4,4,True
2016-04-04,12.1748,24,4,4,True
2016-04-05,11.9849,24,4,4,True
2016-04-06,11.7276,24,4,4,True
2016-04-07,11.9263,24,4,4,True
2016-04-08,10.7052,24,4,4,True
2016-04-09,9.9840,24,4,4,True
2016-04-10,10.7210,24,4,4,True
2016-04-11,12.2444,24,4,4,True
2016-04-12,12.6368,24,4,4,True
2016-04-13,12.5304,24,4,4,True
2016-04-14,11.8662,24,4,4,True
2016-04-15,13.1921,24,4,4,True
2016-04-16,14.1945,24,4,4,True
2016-04-17,13.3457,24,4,4,True
2016-04-18,12.5160,24,4,4,True
2016-04-19,11.9859,24,4,4,True
2016-04-20,12.6739,24,4,4,True
2016-04-21,12.9065,24,4,4,True
2016-04-22,12.6895,24,4,4,True
2016-04-23,12.6411,24,4,4,True
2016-04-24,12.2392,24,4,4,True
2016-04-25,11.2579,24,4,4,True
2016-04-26,11.3290,24,4,4,True
2016-04-27,11.6545,24,4,4,True
2016-04-28,11.8385,24,4,4,True
2016-04-29,11.7394,24,4,4,True
2016-04-30,11.3760,24,4,4,True
2016-05-01,10.5081,24,4,4,True
2016-05-02,11.1881,24,4,4,True
2016-05-03,12.1270,24,4,4,True
2016-05-04,12.9005,24,4,4,True
2016-05-05,13.7398,24,4,4,True
2016-05-06,14.4336,24,4,4,True
2016-05-07,14.6581,24,4,4,True
2016-05-08,14.4761,24,4,4,True
2016-05-09,14.1578,24,4,4,True
2016-05-10,14.6311,24,4,4,True
2016-05-11,14.8630,24,4,4,True
2016-05-12,14.0359,24,4,4,True
2016-05-13,13.0932,24,4,4,True
2016-05-14,13.0307,24,4,4,True
2016-05-15,13.4507,24,4,4,True
2016-05-16,13.3453,24,4,4,True
2016-05-17,13.7740,24,4,4,True
2016-05-18,14.0385,24,4,4,True
2016-05-19,14.2077,24,4,4,True
2016-05-20,13.7993,24,4,4,True
2016-05-21,14.7457,24,4,4,True
2016-05-22,15.3888,24,4,4,True
2016-05-23,13.5515,24,4,4,True
2016-05-24,13.0653,24,4,4,True
2016-05-25,14.3564,24,4,4,True
2016-05-26,15.1310,24,4,4,True
2016-05-27,15.5095,24,4,4,True
2016-05-28,16.7385,24,4,4,True
2016-05-29,15.5380,24,4,4,True
2016-05-30,14.1977,24,4,4,True
2016-05-31,13.9690,24,4,4,True
2016-06-01,13.2810,24,4,4,True
2016-06-02,13.2518,24,4,4,True
2016-06-03,13.6074,24,4,4,True
2016-06-04,14.3083,24,4,4,True
2016-06-05,15.0413,24,4,4,True
2016-06-06,15.5115,24,4,4,True
2016-06-07,16.3208,24,4,4,True
2016-06-08,16.8525,24,4,4,True
2016-06-09,17.1413,24,4,4,True
2016-06-10,17.1643,24,4,4,True
2016-06-11,16.8429,24,4,4,True
2016-06-12,16.4173,24,4,4,True
2016-06-13,16.3855,24,4,4,True
2016-06-14,16.1244,24,4,4,True
2016-06-15,15.7616,24,4,4,True
2016-06-16,15.3370,24,4,4,True
2016-06-17,15.1447,24,4,4,True
2016-06-18,15.1409,24,4,4,True
2016-06-19,14.9188,24,4,4,True
2016-06-20,14.7936,24,4,4,True
2016-06-21,16.2943,24,4,4,True
2016-06-22,18.1809,24,4,4,True
2016-06-23,19.6083,24,4,4,True
2016-06-24,20.0126,24,4,4,True
2016-06-25,20.0135,24,4,4,True
2016-06-26,18.6655,24,4,4,True
2016-06-27,18.3375,24,4,4,True
2016-06-28,18.8420,24,4,4,True
2016-06-29,19.4078,24,4,4,True
2016-06-30,19.7301,24,4,4,True
2016-07-01,20.3802,24,4,4,True
2016-07-02,20.5701,24,4,4,True
2016-07-03,19.6310,24,4,4,True
2016-07-04,19.8407,24,4,4,True
2016-07-05,20.8178,24,4,4,True
2016-07-06,21.0954,24,4,4,True
2016-07-07,21.1325,24,4,4,True
2016-07-08,21.9788,24,4,4,True
2016-07-09,22.7098,24,4,4,True
2016-07-10,23.0185,24,4,4,True
2016-07-11,22.8380,24,4,4,True
2016-07-12,21.2458,24,4,4,True
2016-07-13,19.6585,24,4,4,True
2016-07-14,18.2801,24,4,4,True
2016-07-15,17.7090,24,4,4,True
2016-07-16,18.2265,24,4,4,True
2016-07-17,19.4021,24,4,4,True
2016-07-18,20.8837,24,4,4,True
2016-07-19,21.5597,24,4,4,True
2016-07-20,21.6723,24,4,4,True
2016-07-21,21.9415,24,4,4,True
2016-07-22,21.6832,24,4,4,True
2016-07-23,21.1304,24,4,4,True
2016-07-24,20.8584,24,4,4,True
2016-07-25,21.3322,24,4,4,True
2016-07-26,21.9095,24,4,4,True
2016-07-27,22.1118,24,4,4,True
2016-07-28,21.7469,24,4,4,True
2016-07-29,21.7895,24,4,4,True
2016-07-30,22.8826,24,4,4,True
2016-07-31,22.6570,24,4,4,True
2016-08-01,21.5710,24,4,4,True
2016-08-02,21.3136,24,4,4,True
2016-08-03,21.5336,24,4,4,True
2016-08-04,21.6473,24,4,4,True
2016-08-05,20.8560,24,4,4,True
2016-08-06,20.3182,24,4,4,True
2016-08-07,20.6362,24,4,4,True
2016-08-08,21.1589,24,4,4,True
2016-08-09,21.2884,24,4,4,True
2016-08-10,19.9840,24,4,4,True
2016-08-11,19.2702,24,4,4,True
2016-08-12,19.3655,24,4,4,True
2016-08-13,20.2763,24,4,4,True
2016-08-14,21.0310,24,4,4,True
2016-08-15,21.3989,24,4,4,True
2016-08-16,22.1425,24,4,4,True
2016-08-17,22.2722,24,4,4,True
2016-08-18,22.0486,24,4,4,True
2016-08-19,21.1814,24,4,4,True
2016-08-20,20.9395,24,4,4,True
2016-08-21,19.9134,24,4,4,True
2016-08-22,19.5853,24,4,4,True
2016-08-23,20.2552,24,4,4,True
2016-08-24,20.7805,24,4,4,True
2016-08-25,21.3432,24,4,4,True
2016-08-26,21.4904,24,4,4,True
2016-08-27,21.5098,24,4,4,True
2016-08-28,21.1958,24,4,4,True
2016-08-29,20.3775,24,4,4,True
2016-08-30,19.7521,24,4,4,True
2016-08-31,19.8038,24,4,4,True
2016-09-01,20.3248,24,4,4,True
2016-09-02,20.5024,24,4,4,True
2016-09-03,20.4852,24,4,4,True
2016-09-04,20.5268,24,4,4,True
2016-09-05,20.3554,24,4,4,True
2016-09-06,20.8644,24,4,4,True
2016-09-07,20.9165,24,4,4,True
2016-09-08,20.1196,24,4,4,True
2016-09-09,19.9069,24,4,4,True
2016-09-10,20.2311,24,4,4,True
2016-09-11,20.4347,24,4,4,True
2016-09-12,20.2510,24,4,4,True
2016-09-13,20.7990,24,4,4,True
2016-09-14,19.9243,24,4,4,True
2016-09-15,18.3585,24,4,4,True
2016-09-16,17.3070,24,4,4,True
2016-09-17,16.8281,24,4,4,True
2016-09-18,15.8432,24,4,4,True
2016-09-19,16.1160,24,4,4,True
2016-09-20,16.6079,24,4,4,True
2016-09-21,16.4866,24,4,4,True
2016-09-22,16.3166,24,4,4,True
2016-09-23,16.2063,24,4,4,True
2016-09-24,16.2052,24,4,4,True
2016-09-25,16.3537,24,4,4,True
2016-09-26,16.2543,24,4,4,True
2016-09-27,15.8767,24,4,4,True
2016-09-28,15.5582,24,4,4,True
2016-09-29,15.3891,24,4,4,True
2016-09-30,16.2222,24,4,4,True
2016-10-01,16.6575,24,4,4,True
2016-10-02,16.3498,24,4,4,True
2016-10-03,15.4732,24,4,4,True
2016-10-04,14.9482,24,4,4,True
2016-10-05,14.8410,24,4,4,True
2016-10-06,15.0811,24,4,4,True
2016-10-07,14.1854,24,4,4,True
2016-10-08,13.1461,24,4,4,True
2016-10-09,12.4583,24,4,4,True
2016-10-10,11.6191,24,4,4,True
2016-10-11,11.1922,24,4,4,True
2016-10-12,10.8561,24,4,4,True
2016-10-13,11.7325,24,4,4,True
2016-10-14,12.6152,24,4,4,True
2016-10-15,12.4730,24,4,4,True
2016-10-16,11.8745,24,4,4,True
2016-10-17,12.3208,24,4,4,True
2016-10-18,13.0190,24,4,4,True
2016-10-19,12.2482,24,4,4,True
2016-10-20,11.8739,24,4,4,True
2016-10-21,10.7398,24,4,4,True
2016-10-22,10.1231,24,4,4,True
2016-10-23,11.1947,24,4,4,True
2016-10-24,12.6118,24,4,4,True
2016-10-25,13.1503,24,4,4,True
2016-10-26,13.6575,24,4,4,True
2016-10-27,13.4233,24,4,4,True
2016-10-28,12.5122,24,4,4,True
2016-10-29,11.5257,24,4,4,True
2016-10-30,10.7937,24,4,4,True
2016-10-31,10.6207,24,4,4,True
2016-11-01,10.3820,24,4,4,True
2016-11-02,10.2618,24,4,4,True
2016-11-03,10.3832,24,4,4,True
2016-11-04,9.9190,24,4,4,True
2016-11-05,10.3844,24,4,4,True
2016-11-06,9.7522,24,4,4,True
2016-11-07,9.0013,24,4,4,True
2016-11-08,8.4086,24,4,4,True
2016-11-09,8.3475,24,4,4,True
2016-11-10,8.6293,24,4,4,True
2016-11-11,9.2530,24,4,4,True
2016-11-12,8.2630,24,4,4,True
2016-11-13,8.0572,24,4,4,True
2016-11-14,8.5961,24,4,4,True
2016-11-15,8.5423,24,4,4,True
2016-11-16,8.3443,24,4,4,True
2016-11-17,8.7399,24,4,4,True
2016-11-18,9.0045,24,4,4,True
2016-11-19,9.1170,24,4,4,True
2016-11-20,9.1339,24,4,4,True
2016-11-21,9.9158,24,4,4,True
2016-11-22,10.3427,24,4,4,True
2016-11-23,10.5931,24,4,4,True
2016-11-24,11.1855,24,4,4,True
2016-11-25,10.9276,24,4,4,True
2016-11-26,9.9118,24,4,4,True
2016-11-27,9.4616,24,4,4,True
2016-11-28,8.4600,24,4,4,True
2016-11-29,7.7815,24,4,4,True
2016-11-30,7.5316,24,4,4,True
2016-12-01,6.3385,24,4,4,True
2016-12-02,4.9434,24,4,4,True
2016-12-03,4.0243,24,4,4,True
2016-12-04,4.6572,24,4,4,True
2016-12-05,6.2611,24,4,4,True
2016-12-06,6.3213,24,4,4,True
2016-12-07,5.5269,24,4,4,True
2016-12-08,4.8856,24,4,4,True
2016-12-09,4.4729,24,4,4,True
2016-12-10,4.0877,24,4,4,True
2016-12-11,3.7217,24,4,4,True
2016-12-12,3.5058,24,4,4,True
2016-12-13,3.1591,24,4,4,True
2016-12-14,3.0371,24,4,4,True
2016-12-15,3.3625,24,4,4,True
2016-12-16,4.1957,24,4,4,True
2016-12-17,4.5351,24,4,4,True
2016-12-18,3.8781,24,4,4,True
2016-12-19,3.1274,24,4,4,True
2016-12-20,3.4730,24,4,4,True
2016-12-21,4.1683,24,4,4,True
2016-12-22,4.4356,24,4,4,True
2016-12-23,5.2576,24,4,4,True
2016-12-24,6.4271,24,4,4,True
2016-12-25,7.3570,24,4,4,True
2016-12-26,7.8511,24,4,4,True
2016-12-27,7.5240,24,4,4,True
2016-12-28,5.7146,24,4,4,True
2016-12-29,4.1250,24,4,4,True
2016-12-30,3.0297,24,4,4,True
2016-12-31,2.4093,24,4,4,True
2017-01-01,1.9811,24,4,4,True
2017-01-02,2.4324,24,4,4,True
2017-01-03,2.4909,24,4,4,True
2017-01-04,1.8990,24,4,4,True
2017-01-05,1.5328,24,4,4,True
2017-01-06,0.6557,24,4,4,True
2017-01-07,0.3111,24,4,4,True
2017-01-08,0.4064,24,4,4,True
2017-01-09,0.4833,24,4,4,True
2017-01-10,1.2958,24,4,4,True
2017-01-11,1.0695,24,4,4,True
2017-01-12,2.1630,24,4,4,True
2017-01-13,3.8717,24,4,4,True
2017-01-14,3.5894,24,4,4,True
2017-01-15,3.4160,24,4,4,True
2017-01-16,3.5905,24,4,4,True
2017-01-17,2.4065,24,4,4,True
2017-01-18,0.8412,24,4,4,True
2017-01-19,0.1392,24,4,4,True
2017-01-20,0.2325,24,4,4,True
2017-01-21,0.2957,24,4,4,True
2017-01-22,0.3291,24,4,4,True
2017-01-23,0.8751,24,4,4,True
2017-01-24,0.5211,24,4,4,True
2017-01-25,0.2352,24,4,4,True
2017-01-26,0.3592,24,4,4,True
2017-01-27,1.6232,24,4,4,True
2017-01-28,3.0623,24,4,4,True
2017-01-29,4.7642,24,4,4,True
2017-01-30,4.9114,24,4,4,True
2017-01-31,5.2955,24,4,4,True
2017-02-01,5.8345,24,4,4,True
2017-02-02,6.5741,24,4,4,True
2017-02-03,6.7741,24,4,4,True
2017-02-04,6.9299,24,4,4,True
2017-02-05,7.4058,24,4,4,True
2017-02-06,6.8763,24,4,4,True
2017-02-07,6.7319,24,4,4,True
2017-02-08,7.0922,24,4,4,True
2017-02-09,6.7478,24,4,4,True
2017-02-10,6.1676,24,4,4,True
2017-02-11,6.0322,24,4,4,True
2017-02-12,7.2052,24,4,4,True
2017-02-13,8.2089,24,4,4,True
2017-02-14,8.8092,24,4,4,True
2017-02-15,8.8802,24,4,4,True
2017-02-16,8.6622,24,4,4,True
2017-02-17,8.2486,24,4,4,True
2017-02-18,7.7601,24,4,4,True
2017-02-19,7.3813,24,4,4,True
2017-02-20,7.1297,24,4,4,True
2017-02-21,7.6694,24,4,4,True
2017-02-22,8.6802,24,4,4,True
2017-02-23,8.4443,24,4,4,True
2017-02-24,8.6561,24,4,4,True
2017-02-25,7.6770,24,4,4,True
2017-02-26,6.8961,24,4,4,True
2017-02-27,7.0833,24,4,4,True
2017-02-28,7.7227,24,4,4,True
2017-03-01,7.2106,24,4,4,True
2017-03-02,7.8610,24,4,4,True
2017-03-03,8.5015,24,4,4,True
2017-03-04,8.2659,24,4,4,True
2017-03-05,7.5817,24,4,4,True
2017-03-06,8.1610,24,4,4,True
2017-03-07,8.2291,24,4,4,True
2017-03-08,8.3750,24,4,4,True
2017-03-09,9.4496,24,4,4,True
2017-03-10,9.3706,24,4,4,True
2017-03-11,9.5534,24,4,4,True
2017-03-12,10.3201,24,4,4,True
2017-03-13,10.5638,24,4,4,True
2017-03-14,10.3434,24,4,4,True
2017-03-15,10.2113,24,4,4,True
2017-03-16,10.2358,24,4,4,True
2017-03-17,10.4519,24,4,4,True
2017-03-18,10.9833,24,4,4,True
2017-03-19,10.7089,24,4,4,True
2017-03-20,11.5926,24,4,4,True
2017-03-21,11.5958,24,4,4,True
2017-03-22,10.7461,24,4,4,True
2017-03-23,10.0133,24,4,4,True
2017-03-24,8.0193,24,4,4,True
2017-03-25,8.4674,24,4,4,True
2017-03-26,9.2869,22,4,4,True
2017-03-27,9.9763,24,4,4,True
2017-03-28,10.6508,24,4,4,True
2017-03-29,10.9718,24,4,4,True
2017-03-30,11.6188,24,4,4,True
2017-03-31,12.2681,24,4,4,True
2017-04-01,12.2141,24,4,4,True
2017-04-02,11.6401,24,4,4,True
2017-04-03,11.5604,24,4,4,True
2017-04-04,11.9747,24,4,4,True
2017-04-05,12.2881,24,4,4,True
2017-04-06,12.1035,24,4,4,True
2017-04-07,11.7920,24,4,4,True
2017-04-08,12.2889,24,4,4,True
2017-04-09,13.3578,24,4,4,True
2017-04-10,13.9580,24,4,4,True
2017-04-11,14.2387,24,4,4,True
2017-04-12,13.6137,24,4,4,True
2017-04-13,13.6624,24,4,4,True
2017-04-14,13.8938,24,4,4,True
2017-04-15,13.5445,24,4,4,True
2017-04-16,12.9053,24,4,4,True
2017-04-17,12.8137,24,4,4,True
2017-04-18,12.8547,24,4,4,True
2017-04-19,12.2248,24,4,4,True
2017-04-20,11.6713,24,4,4,True
2017-04-21,11.7511,24,4,4,True
2017-04-22,12.3250,24,4,4,True
2017-04-23,13.2013,24,4,4,True
2017-04-24,14.0532,24,4,4,True
2017-04-25,14.1483,24,4,4,True
2017-04-26,13.0936,24,4,4,True
2017-04-27,11.2872,24,4,4,True
2017-04-28,10.5858,24,4,4,True
2017-04-29,10.8200,24,4,4,True
2017-04-30,12.0072,24,4,4,True
2017-05-01,12.0080,24,4,4,True
2017-05-02,11.7341,24,4,4,True
2017-05-03,11.7866,24,4,4,True
2017-05-04,12.2912,24,4,4,True
2017-05-05,13.0325,24,4,4,True
2017-05-06,13.1243,24,4,4,True
2017-05-07,12.2975,24,4,4,True
2017-05-08,12.7788,24,4,4,True
2017-05-09,13.5838,24,4,4,True
2017-05-10,13.9059,24,4,4,True
2017-05-11,13.7217,24,4,4,True
2017-05-12,14.1040,24,4,4,True
2017-05-13,14.9337,24,4,4,True
2017-05-14,14.8974,24,4,4,True
2017-05-15,15.5613,24,4,4,True
2017-05-16,16.4794,24,4,4,True
2017-05-17,17.5664,24,4,4,True
2017-05-18,17.9650,24,4,4,True
2017-05-19,15.8768,24,4,4,True
2017-05-20,14.2714,24,4,4,True
2017-05-21,14.4043,24,4,4,True
2017-05-22,15.7014,24,4,4,True
2017-05-23,16.4016,24,4,4,True
2017-05-24,16.6138,24,4,4,True
2017-05-25,18.4793,24,4,4,True
2017-05-26,19.6978,24,4,4,True
2017-05-27,20.3416,24,4,4,True
2017-05-28,20.5607,24,4,4,True
2017-05-29,20.6025,24,4,4,True
2017-05-30,20.5582,24,4,4,True
2017-05-31,19.9698,24,4,4,True
2017-06-01,19.8861,24,4,4,True
2017-06-02,20.6303,24,4,4,True
2017-06-03,20.1120,24,4,4,True
2017-06-04,17.6915,24,4,4,True
2017-06-05,18.0026,24,4,4,True
2017-06-06,17.9275,24,4,4,True
2017-06-07,16.8230,24,4,4,True
2017-06-08,16.9978,24,4,4,True
2017-06-09,18.2712,24,4,4,True
2017-06-10,19.6590,24,4,4,True
2017-06-11,20.8679,24,4,4,True
2017-06-12,21.5488,24,4,4,True
2017-06-13,21.9767,24,4,4,True
2017-06-14,23.3230,24,4,4,True
2017-06-15,23.6503,24,4,4,True
2017-06-16,23.8316,24,4,4,True
2017-06-17,23.1509,24,4,4,True
2017-06-18,23.1330,24,4,4,True
2017-06-19,23.4973,24,4,4,True
2017-06-20,23.6984,24,4,4,True
2017-06-21,24.3310,24,4,4,True
2017-06-22,24.9385,24,4,4,True
2017-06-23,24.4585,24,4,4,True
2017-06-24,23.3638,24,4,4,True
2017-06-25,23.0913,24,4,4,True
2017-06-26,22.6768,24,4,4,True
2017-06-27,22.4163,24,4,4,True
2017-06-28,20.7143,24,4,4,True
2017-06-29,19.2254,24,4,4,True
2017-06-30,18.0017,24,4,4,True
2017-07-01,17.0483,24,4,4,True
2017-07-02,16.7457,24,4,4,True
2017-07-03,17.5160,24,4,4,True
2017-07-04,19.0127,24,4,4,True
2017-07-05,20.4823,24,4,4,True
2017-07-06,21.0152,24,4,4,True
2017-07-07,21.9434,24,4,4,True
2017-07-08,22.7006,24,4,4,True
2017-07-09,21.6057,24,4,4,True
2017-07-10,20.7506,24,4,4,True
2017-07-11,20.5096,24,4,4,True
2017-07-12,20.5016,24,4,4,True
2017-07-13,20.4660,24,4,4,True
2017-07-14,20.5979,24,4,4,True
2017-07-15,20.7383,24,4,4,True
2017-07-16,21.3619,24,4,4,True
2017-07-17,22.3008,24,4,4,True
2017-07-18,22.4831,24,4,4,True
2017-07-19,22.1742,24,4,4,True
2017-07-20,21.5678,24,4,4,True
2017-07-21,20.2377,24,4,4,True
2017-07-22,20.2823,24,4,4,True
2017-07-23,20.3230,24,4,4,True
2017-07-24,20.4807,24,4,4,True
2017-07-25,20.0252,24,4,4,True
2017-07-26,19.3632,24,4,4,True
2017-07-27,20.3035,24,4,4,True
2017-07-28,21.2359,24,4,4,True
2017-07-29,21.5183,24,4,4,True
2017-07-30,21.9325,24,4,4,True
2017-07-31,22.9167,24,4,4,True
2017-08-01,23.1144,24,4,4,True
2017-08-02,23.2488,24,4,4,True
2017-08-03,24.1654,24,4,4,True
2017-08-04,24.1015,24,4,4,True
2017-08-05,23.6260,24,4,4,True
2017-08-06,22.8380,24,4,4,True
2017-08-07,22.0123,24,4,4,True
2017-08-08,21.6563,24,4,4,True
2017-08-09,19.9768,24,4,4,True
2017-08-10,18.7745,24,4,4,True
2017-08-11,18.0840,24,4,4,True
2017-08-12,17.6708,24,4,4,True
2017-08-13,18.3921,24,4,4,True
2017-08-14,19.4042,24,4,4,True
2017-08-15,20.2783,24,4,4,True
2017-08-16,20.4184,24,4,4,True
2017-08-17,21.0313,24,4,4,True
2017-08-18,21.1940,24,4,4,True
2017-08-19,20.9267,24,4,4,True
2017-08-20,19.8400,24,4,4,True
2017-08-21,19.6103,24,4,4,True
2017-08-22,20.2184,24,4,4,True
2017-08-23,21.2210,24,4,4,True
2017-08-24,21.9046,24,4,4,True
2017-08-25,22.4625,24,4,4,True
2017-08-26,22.5996,24,4,4,True
2017-08-27,23.0029,24,4,4,True
2017-08-28,23.3810,24,4,4,True
2017-08-29,23.3976,24,4,4,True
2017-08-30,23.1511,24,4,4,True
2017-08-31,21.9940,24,4,4,True
2017-09-01,19.9392,24,4,4,True
2017-09-02,18.9986,24,4,4,True
2017-09-03,18.1078,24,4,4,True
2017-09-04,18.3248,24,4,4,True
2017-09-05,18.6764,24,4,4,True
2017-09-06,18.9736,24,4,4,True
2017-09-07,18.2753,24,4,4,True
2017-09-08,17.7708,24,4,4,True
2017-09-09,17.2714,24,4,4,True
2017-09-10,16.7685,24,4,4,True
2017-09-11,16.8360,24,4,4,True
2017-09-12,16.7279,24,4,4,True
2017-09-13,16.4064,24,4,4,True
2017-09-14,16.6913,24,4,4,True
2017-09-15,15.7199,24,4,4,True
2017-09-16,15.3271,24,4,4,True
2017-09-17,14.7796,24,4,4,True
2017-09-18,14.5309,24,4,4,True
2017-09-19,14.1808,24,4,4,True
2017-09-20,13.9398,24,4,4,True
2017-09-21,13.8118,24,4,4,True
2017-09-22,14.1277,24,4,4,True
2017-09-23,14.5496,24,4,4,True
2017-09-24,15.0429,24,4,4,True
2017-09-25,15.1568,24,4,4,True
2017-09-26,15.2714,24,4,4,True
2017-09-27,15.2213,24,4,4,True
2017-09-28,15.5757,24,4,4,True
2017-09-29,15.7963,24,4,4,True
2017-09-30,15.7458,24,4,4,True
2017-10-01,15.3152,24,4,4,True
2017-10-02,15.6245,24,4,4,True
2017-10-03,16.2456,24,4,4,True
2017-10-04,16.2961,24,4,4,True
2017-10-05,15.9147,24,4,4,True
2017-10-06,15.5211,24,4,4,True
2017-10-07,14.3750,24,4,4,True
2017-10-08,13.5714,24,4,4,True
2017-10-09,13.8160,24,4,4,True
2017-10-10,13.8148,24,4,4,True
2017-10-11,13.6897,24,4,4,True
2017-10-12,13.6928,24,4,4,True
2017-10-13,13.6574,24,4,4,True
2017-10-14,13.4740,24,4,4,True
2017-10-15,14.1101,24,4,4,True
2017-10-16,14.9285,24,4,4,True
2017-10-17,15.1120,24,4,4,True
2017-10-18,15.2661,24,4,4,True
2017-10-19,15.6714,24,4,4,True
2017-10-20,15.5470,24,4,4,True
2017-10-21,14.9157,24,4,4,True
2017-10-22,14.1788,24,4,4,True
2017-10-23,13.7159,24,4,4,True
2017-10-24,13.3028,24,4,4,True
2017-10-25,13.4070,24,4,4,True
2017-10-26,13.3208,24,4,4,True
2017-10-27,13.2548,24,4,4,True
2017-10-28,13.0170,24,4,4,True
2017-10-29,11.7190,24,4,4,True
2017-10-30,11.8223,24,4,4,True
2017-10-31,10.8567,24,4,4,True
2017-11-01,10.0695,24,4,4,True
2017-11-02,10.5230,24,4,4,True
2017-11-03,10.4660,24,4,4,True
2017-11-04,10.3733,24,4,4,True
2017-11-05,10.5865,24,4,4,True
2017-11-06,9.9153,24,4,4,True
2017-11-07,9.0507,24,4,4,True
2017-11-08,8.2902,24,4,4,True
2017-11-09,8.3193,24,4,4,True
2017-11-10,8.2344,24,4,4,True
2017-11-11,8.6954,24,4,4,True
2017-11-12,9.5079,24,4,4,True
2017-11-13,9.1105,24,4,4,True
2017-11-14,8.0666,24,4,4,True
2017-11-15,7.1665,24,4,4,True
2017-11-16,6.3967,24,4,4,True
2017-11-17,6.1222,24,4,4,True
2017-11-18,6.0128,24,4,4,True
2017-11-19,5.9724,24,4,4,True
2017-11-20,5.8980,24,4,4,True
2017-11-21,5.9912,24,4,4,True
2017-11-22,6.0400,24,4,4,True
2017-11-23,7.3769,24,4,4,True
2017-11-24,8.5835,24,4,4,True
2017-11-25,9.0871,24,4,4,True
2017-11-26,7.6862,24,4,4,True
2017-11-27,6.7286,24,4,4,True
2017-11-28,5.8200,24,4,4,True
2017-11-29,5.7541,24,4,4,True
2017-11-30,5.4066,24,4,4,True
2017-12-01,5.3991,24,4,4,True
2017-12-02,4.9857,24,4,4,True
2017-12-03,4.1530,24,4,4,True
2017-12-04,3.9573,24,4,4,True
2017-12-05,4.4334,24,4,4,True
2017-12-06,4.4096,24,4,4,True
2017-12-07,4.2772,24,4,4,True
2017-12-08,4.7719,24,4,4,True
2017-12-09,4.1155,24,4,4,True
2017-12-10,4.3301,24,4,4,True
2017-12-11,5.6795,24,4,4,True
2017-12-12,6.3048,24,4,4,True
2017-12-13,5.5382,24,4,4,True
2017-12-14,6.5830,24,4,4,True
2017-12-15,7.3283,24,4,4,True
2017-12-16,6.5022,24,4,4,True
2017-12-17,5.6600,24,4,4,True
2017-12-18,5.8113,24,4,4,True
2017-12-19,5.6224,24,4,4,True
2017-12-20,5.1910,24,4,4,True
2017-12-21,5.7367,24,4,4,True
2017-12-22,6.6009,24,4,4,True
2017-12-23,7.2129,24,4,4,True
2017-12-24,6.1993,24,4,4,True
2017-12-25,5.5552,24,4,4,True
2017-12-26,4.7729,24,4,4,True
2017-12-27,5.3851,24,4,4,True
2017-12-28,4.7925,24,4,4,True
2017-12-29,4.7818,24,4,4,True
2017-12-30,6.3591,24,4,4,True
2017-12-31,7.5722,24,4,4,True
2018-01-01,7.8960,24,4,4,True
2018-01-02,7.9617,24,4,4,True
2018-01-03,9.0245,24,4,4,True
2018-01-04,9.6313,24,4,4,True
2018-01-05,9.9257,24,4,4,True
2018-01-06,9.8336,24,4,4,True
2018-01-07,9.7165,24,4,4,True
2018-01-08,9.3063,24,4,4,True
2018-01-09,8.1012,24,4,4,True
2018-01-10,7.3681,24,4,4,True
2018-01-11,7.8585,24,4,4,True
2018-01-12,7.8158,24,4,4,True
2018-01-13,7.3272,24,4,4,True
2018-01-14,7.6391,24,4,4,True
2018-01-15,7.8012,24,4,4,True
2018-01-16,8.2401,24,4,4,True
2018-01-17,8.5627,24,4,4,True
2018-01-18,8.0335,24,4,4,True
2018-01-19,8.6188,24,4,4,True
2018-01-20,8.4915,24,4,4,True
2018-01-21,9.3072,24,4,4,True
2018-01-22,9.9020,24,4,4,True
2018-01-23,9.7268,24,4,4,True
2018-01-24,9.5410,24,4,4,True
2018-01-25,9.3477,24,4,4,True
2018-01-26,9.0962,24,4,4,True
2018-01-27,8.0146,24,4,4,True
2018-01-28,7.9563,24,4,4,True
2018-01-29,8.0429,24,4,4,True
2018-01-30,8.1325,24,4,4,True
2018-01-31,8.2936,24,4,4,True
2018-02-01,8.1065,24,4,4,True
2018-02-02,7.0878,24,4,4,True
2018-02-03,6.6527,24,4,4,True
2018-02-04,6.7634,24,4,4,True
2018-02-05,6.6582,24,4,4,True
2018-02-06,6.4900,24,4,4,True
2018-02-07,5.7410,24,4,4,True
2018-02-08,4.9963,24,4,4,True
2018-02-09,4.7353,24,4,4,True
2018-02-10,4.8962,24,4,4,True
2018-02-11,4.8893,24,4,4,True
2018-02-12,5.6215,24,4,4,True
2018-02-13,4.5648,24,4,4,True
2018-02-14,4.6569,24,4,4,True
2018-02-15,6.2674,24,4,4,True
2018-02-16,7.7982,24,4,4,True
2018-02-17,8.4956,24,4,4,True
2018-02-18,8.2582,24,4,4,True
2018-02-19,7.4130,24,4,4,True
2018-02-20,7.7195,24,4,4,True
2018-02-21,7.4096,24,4,4,True
2018-02-22,5.9602,24,4,4,True
2018-02-23,4.9432,24,4,4,True
2018-02-24,4.5348,24,4,4,True
2018-02-25,5.0105,24,4,4,True
2018-02-26,4.6386,24,4,4,True
2018-02-27,3.0787,24,4,4,True
2018-02-28,2.0134,24,4,4,True
2018-03-01,3.6893,24,4,4,True
2018-03-02,5.9003,24,4,4,True
2018-03-03,6.6635,24,4,4,True
2018-03-04,7.1425,24,4,4,True
2018-03-05,6.8718,24,4,4,True
2018-03-06,7.5724,24,4,4,True
2018-03-07,7.8282,24,4,4,True
2018-03-08,7.2216,24,4,4,True
2018-03-09,8.0735,24,4,4,True
2018-03-10,9.6734,24,4,4,True
2018-03-11,10.7882,24,4,4,True
2018-03-12,10.5648,24,4,4,True
2018-03-13,9.5542,24,4,4,True
2018-03-14,8.8977,24,4,4,True
2018-03-15,9.6204,24,4,4,True
2018-03-16,9.2702,24,4,4,True
2018-03-17,8.6074,24,4,4,True
2018-03-18,8.4241,24,4,4,True
2018-03-19,8.2195,24,4,4,True
2018-03-20,7.5481,24,4,4,True
2018-03-21,6.8282,24,4,4,True
2018-03-22,6.5007,24,4,4,True
2018-03-23,6.7906,24,4,4,True
2018-03-24,7.5323,24,4,4,True
2018-03-25,7.9013,22,4,4,True
2018-03-26,8.5027,24,4,4,True
2018-03-27,8.5050,24,4,4,True
2018-03-28,9.4068,24,4,4,True
2018-03-29,9.9058,24,4,4,True
2018-03-30,9.5193,24,4,4,True
2018-03-31,8.5721,24,4,4,True
2018-04-01,8.6783,24,4,4,True
2018-04-02,9.2308,24,4,4,True
2018-04-03,9.9458,24,4,4,True
2018-04-04,11.1511,24,4,4,True
2018-04-05,11.4933,24,4,4,True
2018-04-06,11.3614,24,4,4,True
2018-04-07,11.8190,24,4,4,True
2018-04-08,11.7679,24,4,4,True
2018-04-09,11.7060,24,4,4,True
2018-04-10,11.3723,24,4,4,True
2018-04-11,11.1843,24,4,4,True
2018-04-12,10.7121,24,4,4,True
2018-04-13,10.8727,24,4,4,True
2018-04-14,10.9913,24,4,4,True
2018-04-15,11.1045,24,4,4,True
2018-04-16,12.3606,24,4,4,True
2018-04-17,12.2915,11,2,4,False
2018-04-18,,0,0,,False
2018-04-19,,0,0,,False
2018-04-20,,0,0,,False
2018-04-21,,0,0,,False
2018-04-22,,0,0,,False
2018-04-23,,0,0,,False
2018-04-24,,0,0,,False
2018-04-25,,0,0,,False
2018-04-26,,0,0,,False
2018-04-27,,0,0,,False
2018-04-28,,0,0,,False
2018-04-29,,0,0,,False
2018-04-30,,0,0,,False
2018-05-01,,0,0,,False
2018-05-02,,0,0,,False
2018-05-03,,0,0,,False
2018-05-04,,0,0,,False
2018-05-05,,0,0,,False
2018-05-06,,0,0,,False
2018-05-07,,0,0,,False
2018-05-08,,0,0,,False
2018-05-09,,0,0,,False
2018-05-10,,0,0,,False
2018-05-11,,0,0,,False
2018-05-12,,0,0,,False
2018-05-13,,0,0,,False
2018-05-14,,0,0,,False
2018-05-15,,0,0,,False
2018-05-16,,0,0,,False
2018-05-17,,0,0,,False
2018-05-18,,0,0,,False
2018-05-19,,0,0,,False
2018-05-20,,0,0,,False
2018-05-21,,0,0,,False
2018-05-22,,0,0,,False
2018-05-23,,0,0,,False
2018-05-24,,0,0,,False
2018-05-25,,0,0,,False
2018-05-26,,0,0,,False
2018-05-27,,0,0,,False
2018-05-28,,0,0,,False
2018-05-29,,0,0,,False
2018-05-30,,0,0,,False
2018-05-31,,0,0,,False
2018-06-01,,0,0,,False
2018-06-02,,0,0,,False
2018-06-03,,0,0,,False
2018-06-04,,0,0,,False
2018-06-05,,0,0,,False
2018-06-06,,0,0,,False
2018-06-07,,0,0,,False
2018-06-08,,0,0,,False
2018-06-09,,0,0,,False
2018-06-10,,0,0,,False
2018-06-11,,0,0,,False
2018-06-12,,0,0,,False
2018-06-13,,0,0,,False
2018-06-14,,0,0,,False
2018-06-15,,0,0,,False
2018-06-16,,0,0,,False
2018-06-17,,0,0,,False
2018-06-18,,0,0,,False
2018-06-19,,0,0,,False
2018-06-20,,0,0,,False
2018-06-21,,0,0,,False
2018-06-22,,0,0,,False
2018-06-23,,0,0,,False
2018-06-24,,0,0,,False
2018-06-25,,0,0,,False
2018-06-26,,0,0,,False
2018-06-27,,0,0,,False
2018-06-28,,0,0,,False
2018-06-29,,0,0,,False
2018-06-30,,0,0,,False
2018-07-01,,0,0,,False
2018-07-02,,0,0,,False
2018-07-03,,0,0,,False
2018-07-04,,0,0,,False
2018-07-05,,0,0,,False
2018-07-06,,0,0,,False
2018-07-07,,0,0,,False
2018-07-08,,0,0,,False
2018-07-09,,0,0,,False
2018-07-10,,0,0,,False
2018-07-11,,0,0,,False
2018-07-12,,0,0,,False
2018-07-13,,0,0,,False
2018-07-14,,0,0,,False
2018-07-15,,0,0,,False
2018-07-16,,0,0,,False
2018-07-17,,0,0,,False
2018-07-18,,0,0,,False
2018-07-19,,0,0,,False
2018-07-20,,0,0,,False
2018-07-21,,0,0,,False
2018-07-22,,0,0,,False
2018-07-23,,0,0,,False
2018-07-24,,0,0,,False
2018-07-25,,0,0,,False
2018-07-26,,0,0,,False
2018-07-27,,0,0,,False
2018-07-28,,0,0,,False
2018-07-29,,0,0,,False
2018-07-30,,0,0,,False
2018-07-31,,0,0,,False
2018-08-01,,0,0,,False
2018-08-02,,0,0,,False
2018-08-03,,0,0,,False
2018-08-04,,0,0,,False
2018-08-05,,0,0,,False
2018-08-06,,0,0,,False
2018-08-07,,0,0,,False
2018-08-08,,0,0,,False
2018-08-09,,0,0,,False
2018-08-10,,0,0,,False
2018-08-11,,0,0,,False
2018-08-12,,0,0,,False
2018-08-13,,0,0,,False
2018-08-14,,0,0,,False
2018-08-15,,0,0,,False
2018-08-16,,0,0,,False
2018-08-17,,0,0,,False
2018-08-18,,0,0,,False
2018-08-19,,0,0,,False
2018-08-20,,0,0,,False
2018-08-21,,0,0,,False
2018-08-22,,0,0,,False
2018-08-23,,0,0,,False
2018-08-24,,0,0,,False
2018-08-25,,0,0,,False
2018-08-26,,0,0,,False
2018-08-27,,0,0,,False
2018-08-28,,0,0,,False
2018-08-29,,0,0,,False
2018-08-30,,0,0,,False
2018-08-31,,0,0,,False
2018-09-01,,0,0,,False
2018-09-02,,0,0,,False
2018-09-03,,0,0,,False
2018-09-04,,0,0,,False
2018-09-05,,0,0,,False
2018-09-06,,0,0,,False
2018-09-07,,0,0,,False
2018-09-08,,0,0,,False
2018-09-09,,0,0,,False
2018-09-10,,0,0,,False
2018-09-11,,0,0,,False
2018-09-12,,0,0,,False
2018-09-13,,0,0,,False
2018-09-14,,0,0,,False
2018-09-15,,0,0,,False
2018-09-16,,0,0,,False
2018-09-17,,0,0,,False
2018-09-18,,0,0,,False
2018-09-19,,0,0,,False
2018-09-20,,0,0,,False
2018-09-21,,0,0,,False
2018-09-22,,0,0,,False
2018-09-23,,0,0,,False
2018-09-24,,0,0,,False
2018-09-25,,0,0,,False
2018-09-26,,0,0,,False
2018-09-27,,0,0,,False
2018-09-28,,0,0,,False
2018-09-29,,0,0,,False
2018-09-30,,0,0,,False
2018-10-01,,0,0,,False
2018-10-02,,0,0,,False
2018-10-03,,0,0,,False
2018-10-04,,0,0,,False
2018-10-05,,0,0,,False
2018-10-06,,0,0,,False
2018-10-07,,0,0,,False
2018-10-08,,0,0,,False
2018-10-09,,0,0,,False
2018-10-10,,0,0,,False
2018-10-11,,0,0,,False
2018-10-12,,0,0,,False
2018-10-13,,0,0,,False
2018-10-14,,0,0,,False
2018-10-15,,0,0,,False
2018-10-16,,0,0,,False
2018-10-17,,0,0,,False
2018-10-18,,0,0,,False
2018-10-19,,0,0,,False
2018-10-20,,0,0,,False
2018-10-21,,0,0,,False
2018-10-22,,0,0,,False
2018-10-23,,0,0,,False
2018-10-24,,0,0,,False
2018-10-25,,0,0,,False
2018-10-26,,0,0,,False
2018-10-27,,0,0,,False
2018-10-28,,0,0,,False
2018-10-29,,0,0,,False
2018-10-30,,0,0,,False
2018-10-31,,0,0,,False
2018-11-01,,0,0,,False
2018-11-02,,0,0,,False
2018-11-03,,0,0,,False
2018-11-04,,0,0,,False
2018-11-05,,0,0,,False
2018-11-06,,0,0,,False
2018-11-07,,0,0,,False
2018-11-08,,0,0,,False
2018-11-09,,0,0,,False
2018-11-10,,0,0,,False
2018-11-11,,0,0,,False
2018-11-12,,0,0,,False
2018-11-13,,0,0,,False
2018-11-14,,0,0,,False
2018-11-15,,0,0,,False
2018-11-16,,0,0,,False
2018-11-17,,0,0,,False
2018-11-18,,0,0,,False
2018-11-19,,0,0,,False
2018-11-20,,0,0,,False
2018-11-21,,0,0,,False
2018-11-22,,0,0,,False
2018-11-23,,0,0,,False
2018-11-24,,0,0,,False
2018-11-25,,0,0,,False
2018-11-26,,0,0,,False
2018-11-27,7.2423,6,1,4,False
2018-11-28,6.8898,24,4,4,True
2018-11-29,7.1976,24,4,4,True
2018-11-30,7.7072,24,4,4,True
2018-12-01,7.8447,24,4,4,True
2018-12-02,8.5855,24,4,4,True
2018-12-03,9.3382,24,4,4,True
2018-12-04,10.2679,24,4,4,True
2018-12-05,9.8199,24,4,4,True
2018-12-06,9.6833,24,4,4,True
2018-12-07,10.1620,24,4,4,True
2018-12-08,9.7215,24,4,4,True
2018-12-09,9.7698,24,4,4,True
2018-12-10,9.3937,24,4,4,True
2018-12-11,7.8930,24,4,4,True
2018-12-12,6.2093,24,4,4,True
2018-12-13,5.9477,24,4,4,True
2018-12-14,6.5080,24,4,4,True
2018-12-15,5.8446,24,4,4,True
2018-12-16,6.4967,24,4,4,True
2018-12-17,7.4834,24,4,4,True
2018-12-18,7.2223,24,4,4,True
2018-12-19,7.3557,24,4,4,True
2018-12-20,7.2737,24,4,4,True
2018-12-21,7.8960,24,4,4,True
2018-12-22,8.8883,24,4,4,True
2018-12-23,10.1391,24,4,4,True
2018-12-24,10.4498,24,4,4,True
2018-12-25,9.9597,24,4,4,True
2018-12-26,7.4705,24,4,4,True
2018-12-27,5.7397,24,4,4,True
2018-12-28,5.6258,24,4,4,True
2018-12-29,5.5660,24,4,4,True
2018-12-30,5.0728,24,4,4,True
2018-12-31,4.6814,24,4,4,True
2019-01-01,4.2491,24,4,4,True
2019-01-02,4.4085,24,4,4,True
2019-01-03,3.4420,24,4,4,True
2019-01-04,2.3960,24,4,4,True
2019-01-05,2.0304,24,4,4,True
2019-01-06,1.3716,24,4,4,True
2019-01-07,1.8042,24,4,4,True
2019-01-08,2.4861,24,4,4,True
2019-01-09,3.1700,24,4,4,True
2019-01-10,3.0212,24,4,4,True
2019-01-11,1.9582,24,4,4,True
2019-01-12,2.2227,24,4,4,True
2019-01-13,3.4013,24,4,4,True
2019-01-14,5.0644,24,4,4,True
2019-01-15,5.3336,24,4,4,True
2019-01-16,4.0212,24,4,4,True
2019-01-17,3.9161,24,4,4,True
2019-01-18,4.1316,24,4,4,True
2019-01-19,4.4266,24,4,4,True
2019-01-20,4.6251,24,4,4,True
2019-01-21,4.9285,24,4,4,True
2019-01-22,4.5006,24,4,4,True
2019-01-23,4.4497,24,4,4,True
2019-01-24,3.8850,24,4,4,True
2019-01-25,3.0503,24,4,4,True
2019-01-26,3.5689,24,4,4,True
2019-01-27,4.8123,24,4,4,True
2019-01-28,4.6649,24,4,4,True
2019-01-29,4.4885,24,4,4,True
2019-01-30,5.1654,24,4,4,True
2019-01-31,5.5668,24,4,4,True
2019-02-01,6.6568,24,4,4,True
2019-02-02,6.2407,24,4,4,True
2019-02-03,5.4762,24,4,4,True
2019-02-04,5.0566,24,4,4,True
2019-02-05,5.9032,24,4,4,True
2019-02-06,7.2020,24,4,4,True
2019-02-07,7.2423,24,4,4,True
2019-02-08,6.9995,24,4,4,True
2019-02-09,6.9349,24,4,4,True
2019-02-10,7.4269,24,4,4,True
2019-02-11,7.2180,24,4,4,True
2019-02-12,6.7709,24,4,4,True
2019-02-13,5.9487,24,4,4,True
2019-02-14,5.7121,24,4,4,True
2019-02-15,5.6285,24,4,4,True
2019-02-16,5.5988,24,4,4,True
2019-02-17,5.9862,24,4,4,True
2019-02-18,6.5960,24,4,4,True
2019-02-19,6.7557,24,4,4,True
2019-02-20,6.5117,24,4,4,True
2019-02-21,6.3004,24,4,4,True
2019-02-22,6.3857,24,4,4,True
2019-02-23,6.7010,24,4,4,True
2019-02-24,7.3806,24,4,4,True
2019-02-25,7.4744,24,4,4,True
2019-02-26,7.3820,24,4,4,True
2019-02-27,7.3812,24,4,4,True
2019-02-28,7.2091,24,4,4,True
2019-03-01,7.5334,24,4,4,True
2019-03-02,8.0999,24,4,4,True
2019-03-03,7.9647,24,4,4,True
2019-03-04,8.3310,24,4,4,True
2019-03-05,8.6279,24,4,4,True
2019-03-06,9.0232,24,4,4,True
2019-03-07,9.6923,24,4,4,True
2019-03-08,8.8680,24,4,4,True
2019-03-09,8.6137,24,4,4,True
2019-03-10,9.3099,24,4,4,True
2019-03-11,9.4993,24,4,4,True
2019-03-12,8.8583,24,4,4,True
2019-03-13,8.9988,24,4,4,True
2019-03-14,8.7431,24,4,4,True
2019-03-15,9.0166,24,4,4,True
2019-03-16,9.8092,24,4,4,True
2019-03-17,9.5045,24,4,4,True
2019-03-18,8.6488,24,4,4,True
2019-03-19,8.7945,24,4,4,True
2019-03-20,8.3221,24,4,4,True
2019-03-21,8.2798,24,4,4,True
2019-03-22,8.5234,24,4,4,True
2019-03-23,9.2834,24,4,4,True
2019-03-24,10.0985,24,4,4,True
2019-03-25,10.2980,24,4,4,True
2019-03-26,9.8168,24,4,4,True
2019-03-27,9.5776,24,4,4,True
2019-03-28,9.8302,24,4,4,True
2019-03-29,10.3215,24,4,4,True
2019-03-30,10.7323,24,4,4,True
2019-03-31,11.2080,22,4,4,True
2019-04-01,11.5517,24,4,4,True
2019-04-02,11.4323,24,4,4,True
2019-04-03,10.7644,24,4,4,True
2019-04-04,9.5550,24,4,4,True
2019-04-05,9.3607,24,4,4,True
2019-04-06,9.7390,24,4,4,True
2019-04-07,9.0304,24,4,4,True
2019-04-08,9.5849,24,4,4,True
2019-04-09,10.6736,24,4,4,True
2019-04-10,11.1490,24,4,4,True
2019-04-11,10.7189,24,4,4,True
2019-04-12,10.4319,24,4,4,True
2019-04-13,10.7862,24,4,4,True
2019-04-14,10.9000,24,4,4,True
2019-04-15,10.6548,24,4,4,True
2019-04-16,10.8753,24,4,4,True
2019-04-17,11.5830,24,4,4,True
2019-04-18,12.7260,24,4,4,True
2019-04-19,13.9285,24,4,4,True
2019-04-20,14.5398,24,4,4,True
2019-04-21,14.3633,24,4,4,True
2019-04-22,13.8783,24,4,4,True
2019-04-23,14.5496,24,4,4,True
2019-04-24,15.0887,24,4,4,True
2019-04-25,14.2501,11,2,4,False
2019-04-26,,0,0,,False
2019-04-27,,0,0,,False
2019-04-28,,0,0,,False
2019-04-29,,0,0,,False
2019-04-30,,0,0,,False
2019-05-01,,0,0,,False
2019-05-02,,0,0,,False
2019-05-03,,0,0,,False
2019-05-04,,0,0,,False
2019-05-05,,0,0,,False
2019-05-06,,0,0,,False
2019-05-07,,0,0,,False
2019-05-08,,0,0,,False
2019-05-09,,0,0,,False
2019-05-10,,0,0,,False
2019-05-11,,0,0,,False
2019-05-12,,0,0,,False
2019-05-13,,0,0,,False
2019-05-14,,0,0,,False
2019-05-15,,0,0,,False
2019-05-16,,0,0,,False
2019-05-17,,0,0,,False
2019-05-18,,0,0,,False
2019-05-19,,0,0,,False
2019-05-20,,0,0,,False
2019-05-21,,0,0,,False
2019-05-22,,0,0,,False
2019-05-23,,0,0,,False
2019-05-24,,0,0,,False
2019-05-25,,0,0,,False
2019-05-26,,0,0,,False
2019-05-27,,0,0,,False
2019-05-28,,0,0,,False
2019-05-29,,0,0,,False
2019-05-30,,0,0,,False
2019-05-31,,0,0,,False
2019-06-01,,0,0,,False
2019-06-02,,0,0,,False
2019-06-03,,0,0,,False
2019-06-04,,0,0,,False
2019-06-05,,0,0,,False
2019-06-06,,0,0,,False
2019-06-07,,0,0,,False
2019-06-08,,0,0,,False
2019-06-09,,0,0,,False
2019-06-10,,0,0,,False
2019-06-11,,0,0,,False
2019-06-12,,0,0,,False
2019-06-13,,0,0,,False
2019-06-14,,0,0,,False
2019-06-15,,0,0,,False
2019-06-16,,0,0,,False
2019-06-17,,0,0,,False
2019-06-18,,0,0,,False
2019-06-19,,0,0,,False
2019-06-20,,0,0,,False
2019-06-21,,0,0,,False
2019-06-22,,0,0,,False
2019-06-23,,0,0,,False
2019-06-24,,0,0,,False
2019-06-25,,0,0,,False
2019-06-26,,0,0,,False
2019-06-27,,0,0,,False
2019-06-28,,0,0,,False
2019-06-29,,0,0,,False
2019-06-30,,0,0,,False
2019-07-01,,0,0,,False
2019-07-02,,0,0,,False
2019-07-03,,0,0,,False
2019-07-04,,0,0,,False
2019-07-05,,0,0,,False
2019-07-06,,0,0,,False
2019-07-07,,0,0,,False
2019-07-08,,0,0,,False
2019-07-09,,0,0,,False
2019-07-10,,0,0,,False
2019-07-11,,0,0,,False
2019-07-12,,0,0,,False
2019-07-13,,0,0,,False
2019-07-14,,0,0,,False
2019-07-15,,0,0,,False
2019-07-16,,0,0,,False
2019-07-17,,0,0,,False
2019-07-18,,0,0,,False
2019-07-19,,0,0,,False
2019-07-20,,0,0,,False
2019-07-21,,0,0,,False
2019-07-22,,0,0,,False
2019-07-23,,0,0,,False
2019-07-24,,0,0,,False
2019-07-25,,0,0,,False
2019-07-26,,0,0,,False
2019-07-27,,0,0,,False
2019-07-28,,0,0,,False
2019-07-29,,0,0,,False
2019-07-30,,0,0,,False
2019-07-31,,0,0,,False
2019-08-01,,0,0,,False
2019-08-02,,0,0,,False
2019-08-03,,0,0,,False
2019-08-04,,0,0,,False
2019-08-05,,0,0,,False
2019-08-06,,0,0,,False
2019-08-07,,0,0,,False
2019-08-08,,0,0,,False
2019-08-09,,0,0,,False
2019-08-10,,0,0,,False
2019-08-11,,0,0,,False
2019-08-12,,0,0,,False
2019-08-13,,0,0,,False
2019-08-14,,0,0,,False
2019-08-15,,0,0,,False
2019-08-16,,0,0,,False
2019-08-17,,0,0,,False
2019-08-18,,0,0,,False
2019-08-19,,0,0,,False
2019-08-20,,0,0,,False
2019-08-21,,0,0,,False
2019-08-22,,0,0,,False
2019-08-23,,0,0,,False
2019-08-24,,0,0,,False
2019-08-25,,0,0,,False
2019-08-26,,0,0,,False
2019-08-27,,0,0,,False
2019-08-28,,0,0,,False
2019-08-29,,0,0,,False
2019-08-30,,0,0,,False
2019-08-31,,0,0,,False
2019-09-01,,0,0,,False
2019-09-02,,0,0,,False
2019-09-03,,0,0,,False
2019-09-04,,0,0,,False
2019-09-05,,0,0,,False
2019-09-06,,0,0,,False
2019-09-07,,0,0,,False
2019-09-08,,0,0,,False
2019-09-09,,0,0,,False
2019-09-10,,0,0,,False
2019-09-11,,0,0,,False
2019-09-12,,0,0,,False
2019-09-13,,0,0,,False
2019-09-14,,0,0,,False
2019-09-15,,0,0,,False
2019-09-16,,0,0,,False
2019-09-17,,0,0,,False
2019-09-18,,0,0,,False
2019-09-19,,0,0,,False
2019-09-20,,0,0,,False
2019-09-21,,0,0,,False
2019-09-22,,0,0,,False
2019-09-23,,0,0,,False
2019-09-24,,0,0,,False
2019-09-25,,0,0,,False
2019-09-26,,0,0,,False
2019-09-27,,0,0,,False
2019-09-28,,0,0,,False
2019-09-29,,0,0,,False
2019-09-30,,0,0,,False
2019-10-01,,0,0,,False
2019-10-02,,0,0,,False
2019-10-03,,0,0,,False
2019-10-04,,0,0,,False
2019-10-05,,0,0,,False
2019-10-06,,0,0,,False
2019-10-07,,0,0,,False
2019-10-08,,0,0,,False
2019-10-09,,0,0,,False
2019-10-10,,0,0,,False
2019-10-11,,0,0,,False
2019-10-12,,0,0,,False
2019-10-13,,0,0,,False
2019-10-14,,0,0,,False
2019-10-15,,0,0,,False
2019-10-16,,0,0,,False
2019-10-17,,0,0,,False
2019-10-18,,0,0,,False
2019-10-19,,0,0,,False
2019-10-20,,0,0,,False
2019-10-21,,0,0,,False
2019-10-22,,0,0,,False
2019-10-23,,0,0,,False
2019-10-24,,0,0,,False
2019-10-25,,0,0,,False
2019-10-26,,0,0,,False
2019-10-27,,0,0,,False
2019-10-28,,0,0,,False
2019-10-29,,0,0,,False
2019-10-30,,0,0,,False
2019-10-31,,0,0,,False
2019-11-01,,0,0,,False
2019-11-02,,0,0,,False
2019-11-03,,0,0,,False
2019-11-04,,0,0,,False
2019-11-05,,0,0,,False
2019-11-06,,0,0,,False
2019-11-07,,0,0,,False
2019-11-08,,0,0,,False
2019-11-09,,0,0,,False
2019-11-10,,0,0,,False
2019-11-11,,0,0,,False
2019-11-12,,0,0,,False
2019-11-13,,0,0,,False
2019-11-14,,0,0,,False
2019-11-15,,0,0,,False
2019-11-16,,0,0,,False
2019-11-17,,0,0,,False
2019-11-18,,0,0,,False
2019-11-19,,0,0,,False
2019-11-20,,0,0,,False
2019-11-21,,0,0,,False
2019-11-22,,0,0,,False
2019-11-23,,0,0,,False
2019-11-24,,0,0,,False
2019-11-25,,0,0,,False
2019-11-26,,0,0,,False
2019-11-27,,0,0,,False
2019-11-28,,0,0,,False
2019-11-29,,0,0,,False
2019-11-30,,0,0,,False
2019-12-01,,0,0,,False
2019-12-02,,0,0,,False
2019-12-03,,0,0,,False
2019-12-04,,0,0,,False
2019-12-05,,0,0,,False
2019-12-06,,0,0,,False
2019-12-07,,0,0,,False
2019-12-08,,0,0,,False
2019-12-09,,0,0,,False
2019-12-10,,0,0,,False
2019-12-11,,0,0,,False
2019-12-12,,0,0,,False
2019-12-13,,0,0,,False
2019-12-14,,0,0,,False
2019-12-15,,0,0,,False
2019-12-16,,0,0,,False
2019-12-17,,0,0,,False
2019-12-18,,0,0,,False
2019-12-19,,0,0,,False
2019-12-20,,0,0,,False
2019-12-21,,0,0,,False
2019-12-22,,0,0,,False
2019-12-23,,0,0,,False
2019-12-24,,0,0,,False
2019-12-25,,0,0,,False
2019-12-26,,0,0,,False
2019-12-27,,0,0,,False
2019-12-28,,0,0,,False
2019-12-29,,0,0,,False
2019-12-30,,0,0,,False
2019-12-31,,0,0,,False
2020-01-01,,0,0,,False
2020-01-02,,0,0,,False
2020-01-03,,0,0,,False
2020-01-04,,0,0,,False
2020-01-05,,0,0,,False
2020-01-06,,0,0,,False
2020-01-07,,0,0,,False
2020-01-08,,0,0,,False
2020-01-09,,0,0,,False
2020-01-10,,0,0,,False
2020-01-11,,0,0,,False
2020-01-12,,0,0,,False
2020-01-13,,0,0,,False
2020-01-14,,0,0,,False
2020-01-15,,0,0,,False
2020-01-16,,0,0,,False
2020-01-17,,0,0,,False
2020-01-18,,0,0,,False
2020-01-19,,0,0,,False
2020-01-20,,0,0,,False
2020-01-21,,0,0,,False
2020-01-22,,0,0,,False
2020-01-23,,0,0,,False
2020-01-24,,0,0,,False
2020-01-25,,0,0,,False
2020-01-26,,0,0,,False
2020-01-27,,0,0,,False
2020-01-28,,0,0,,False
2020-01-29,,0,0,,False
2020-01-30,,0,0,,False
2020-01-31,,0,0,,False
2020-02-01,,0,0,,False
2020-02-02,,0,0,,False
2020-02-03,,0,0,,False
2020-02-04,,0,0,,False
2020-02-05,,0,0,,False
2020-02-06,,0,0,,False
2020-02-07,,0,0,,False
2020-02-08,,0,0,,False
2020-02-09,,0,0,,False
2020-02-10,,0,0,,False
2020-02-11,,0,0,,False
2020-02-12,,0,0,,False
2020-02-13,,0,0,,False
2020-02-14,,0,0,,False
2020-02-15,,0,0,,False
2020-02-16,,0,0,,False
2020-02-17,,0,0,,False
2020-02-18,,0,0,,False
2020-02-19,,0,0,,False
2020-02-20,,0,0,,False
2020-02-21,,0,0,,False
2020-02-22,,0,0,,False
2020-02-23,,0,0,,False
2020-02-24,,0,0,,False
2020-02-25,,0,0,,False
2020-02-26,,0,0,,False
2020-02-27,,0,0,,False
2020-02-28,,0,0,,False
2020-02-29,,0,0,,False
2020-03-01,,0,0,,False
2020-03-02,,0,0,,False
2020-03-03,,0,0,,False
2020-03-04,,0,0,,False
2020-03-05,,0,0,,False
2020-03-06,,0,0,,False
2020-03-07,,0,0,,False
2020-03-08,,0,0,,False
2020-03-09,,0,0,,False
2020-03-10,,0,0,,False
2020-03-11,,0,0,,False
2020-03-12,,0,0,,False
2020-03-13,,0,0,,False
2020-03-14,,0,0,,False
2020-03-15,,0,0,,False
2020-03-16,,0,0,,False
2020-03-17,,0,0,,False
2020-03-18,,0,0,,False
2020-03-19,,0,0,,False
2020-03-20,,0,0,,False
2020-03-21,,0,0,,False
2020-03-22,,0,0,,False
2020-03-23,,0,0,,False
2020-03-24,,0,0,,False
2020-03-25,,0,0,,False
2020-03-26,,0,0,,False
2020-03-27,,0,0,,False
2020-03-28,,0,0,,False
2020-03-29,,0,0,,False
2020-03-30,,0,0,,False
2020-03-31,,0,0,,False
2020-04-01,,0,0,,False
2020-04-02,,0,0,,False
2020-04-03,,0,0,,False
2020-04-04,,0,0,,False
2020-04-05,,0,0,,False
2020-04-06,,0,0,,False
2020-04-07,,0,0,,False
2020-04-08,,0,0,,False
2020-04-09,,0,0,,False
2020-04-10,,0,0,,False
2020-04-11,,0,0,,False
2020-04-12,,0,0,,False
2020-04-13,,0,0,,False
2020-04-14,,0,0,,False
2020-04-15,,0,0,,False
2020-04-16,,0,0,,False
2020-04-17,,0,0,,False
2020-04-18,,0,0,,False
2020-04-19,,0,0,,False
2020-04-20,,0,0,,False
2020-04-21,,0,0,,False
2020-04-22,,0,0,,False
2020-04-23,,0,0,,False
2020-04-24,,0,0,,False
2020-04-25,,0,0,,False
2020-04-26,,0,0,,False
2020-04-27,,0,0,,False
2020-04-28,,0,0,,False
2020-04-29,,0,0,,False
2020-04-30,,0,0,,False
2020-05-01,,0,0,,False
2020-05-02,,0,0,,False
2020-05-03,,0,0,,False
2020-05-04,,0,0,,False
2020-05-05,,0,0,,False
2020-05-06,,0,0,,False
2020-05-07,,0,0,,False
2020-05-08,,0,0,,False
2020-05-09,,0,0,,False
2020-05-10,,0,0,,False
2020-05-11,,0,0,,False
2020-05-12,,0,0,,False
2020-05-13,,0,0,,False
2020-05-14,,0,0,,False
2020-05-15,,0,0,,False
2020-05-16,,0,0,,False
2020-05-17,,0,0,,False
2020-05-18,,0,0,,False
2020-05-19,,0,0,,False
2020-05-20,,0,0,,False
2020-05-21,,0,0,,False
2020-05-22,,0,0,,False
2020-05-23,,0,0,,False
2020-05-24,,0,0,,False
2020-05-25,,0,0,,False
2020-05-26,,0,0,,False
2020-05-27,,0,0,,False
2020-05-28,,0,0,,False
2020-05-29,,0,0,,False
2020-05-30,,0,0,,False
2020-05-31,,0,0,,False
2020-06-01,,0,0,,False
2020-06-02,,0,0,,False
2020-06-03,,0,0,,False
2020-06-04,,0,0,,False
2020-06-05,,0,0,,False
2020-06-06,,0,0,,False
2020-06-07,,0,0,,False
2020-06-08,,0,0,,False
2020-06-09,,0,0,,False
2020-06-10,,0,0,,False
2020-06-11,,0,0,,False
2020-06-12,,0,0,,False
2020-06-13,,0,0,,False
2020-06-14,,0,0,,False
2020-06-15,,0,0,,False
2020-06-16,,0,0,,False
2020-06-17,,0,0,,False
2020-06-18,,0,0,,False
2020-06-19,,0,0,,False
2020-06-20,,0,0,,False
2020-06-21,,0,0,,False
2020-06-22,,0,0,,False
2020-06-23,,0,0,,False
2020-06-24,,0,0,,False
2020-06-25,,0,0,,False
2020-06-26,,0,0,,False
2020-06-27,,0,0,,False
2020-06-28,,0,0,,False
2020-06-29,,0,0,,False
2020-06-30,,0,0,,False
2020-07-01,,0,0,,False
2020-07-02,,0,0,,False
2020-07-03,,0,0,,False
2020-07-04,,0,0,,False
2020-07-05,,0,0,,False
2020-07-06,,0,0,,False
2020-07-07,,0,0,,False
2020-07-08,,0,0,,False
2020-07-09,,0,0,,False
2020-07-10,,0,0,,False
2020-07-11,,0,0,,False
2020-07-12,,0,0,,False
2020-07-13,,0,0,,False
2020-07-14,,0,0,,False
2020-07-15,,0,0,,False
2020-07-16,,0,0,,False
2020-07-17,,0,0,,False
2020-07-18,,0,0,,False
2020-07-19,,0,0,,False
2020-07-20,,0,0,,False
2020-07-21,,0,0,,False
2020-07-22,,0,0,,False
2020-07-23,,0,0,,False
2020-07-24,,0,0,,False
2020-07-25,,0,0,,False
2020-07-26,,0,0,,False
2020-07-27,,0,0,,False
2020-07-28,,0,0,,False
2020-07-29,,0,0,,False
2020-07-30,,0,0,,False
2020-07-31,,0,0,,False
2020-08-01,,0,0,,False
2020-08-02,,0,0,,False
2020-08-03,,0,0,,False
2020-08-04,,0,0,,False
2020-08-05,,0,0,,False
2020-08-06,,0,0,,False
2020-08-07,,0,0,,False
2020-08-08,,0,0,,False
2020-08-09,,0,0,,False
2020-08-10,,0,0,,False
2020-08-11,,0,0,,False
2020-08-12,,0,0,,False
2020-08-13,,0,0,,False
2020-08-14,,0,0,,False
2020-08-15,,0,0,,False
2020-08-16,,0,0,,False
2020-08-17,,0,0,,False
2020-08-18,,0,0,,False
2020-08-19,,0,0,,False
2020-08-20,,0,0,,False
2020-08-21,,0,0,,False
2020-08-22,,0,0,,False
2020-08-23,,0,0,,False
2020-08-24,,0,0,,False
2020-08-25,,0,0,,False
2020-08-26,,0,0,,False
2020-08-27,,0,0,,False
2020-08-28,,0,0,,False
2020-08-29,,0,0,,False
2020-08-30,,0,0,,False
2020-08-31,,0,0,,False
2020-09-01,,0,0,,False
2020-09-02,,0,0,,False
2020-09-03,,0,0,,False
2020-09-04,,0,0,,False
2020-09-05,,0,0,,False
2020-09-06,,0,0,,False
2020-09-07,,0,0,,False
2020-09-08,,0,0,,False
2020-09-09,,0,0,,False
2020-09-10,,0,0,,False
2020-09-11,,0,0,,False
2020-09-12,,0,0,,False
2020-09-13,,0,0,,False
2020-09-14,,0,0,,False
2020-09-15,,0,0,,False
2020-09-16,,0,0,,False
2020-09-17,,0,0,,False
2020-09-18,,0,0,,False
2020-09-19,,0,0,,False
2020-09-20,,0,0,,False
2020-09-21,,0,0,,False
2020-09-22,,0,0,,False
2020-09-23,,0,0,,False
2020-09-24,,0,0,,False
2020-09-25,,0,0,,False
2020-09-26,,0,0,,False
2020-09-27,,0,0,,False
2020-09-28,,0,0,,False
2020-09-29,,0,0,,False
2020-09-30,,0,0,,False
2020-10-01,,0,0,,False
2020-10-02,,0,0,,False
2020-10-03,,0,0,,False
2020-10-04,,0,0,,False
2020-10-05,,0,0,,False
2020-10-06,,0,0,,False
2020-10-07,,0,0,,False
2020-10-08,,0,0,,False
2020-10-09,,0,0,,False
2020-10-10,,0,0,,False
2020-10-11,,0,0,,False
2020-10-12,,0,0,,False
2020-10-13,,0,0,,False
2020-10-14,,0,0,,False
2020-10-15,,0,0,,False
2020-10-16,,0,0,,False
2020-10-17,,0,0,,False
2020-10-18,,0,0,,False
2020-10-19,,0,0,,False
2020-10-20,,0,0,,False
2020-10-21,,0,0,,False
2020-10-22,,0,0,,False
2020-10-23,,0,0,,False
2020-10-24,,0,0,,False
2020-10-25,,0,0,,False
2020-10-26,,0,0,,False
2020-10-27,,0,0,,False
2020-10-28,,0,0,,False
2020-10-29,,0,0,,False
2020-10-30,,0,0,,False
2020-10-31,,0,0,,False
2020-11-01,,0,0,,False
2020-11-02,,0,0,,False
2020-11-03,,0,0,,False
2020-11-04,,0,0,,False
2020-11-05,,0,0,,False
2020-11-06,,0,0,,False
2020-11-07,,0,0,,False
2020-11-08,,0,0,,False
2020-11-09,,0,0,,False
2020-11-10,,0,0,,False
2020-11-11,,0,0,,False
2020-11-12,,0,0,,False
2020-11-13,,0,0,,False
2020-11-14,,0,0,,False
2020-11-15,,0,0,,False
2020-11-16,,0,0,,False
2020-11-17,,0,0,,False
2020-11-18,,0,0,,False
2020-11-19,,0,0,,False
2020-11-20,,0,0,,False
2020-11-21,,0,0,,False
2020-11-22,,0,0,,False
2020-11-23,,0,0,,False
2020-11-24,,0,0,,False
2020-11-25,,0,0,,False
2020-11-26,,0,0,,False
2020-11-27,,0,0,,False
2020-11-28,,0,0,,False
2020-11-29,,0,0,,False
2020-11-30,,0,0,,False
2020-12-01,,0,0,,False
2020-12-02,,0,0,,False
2020-12-03,,0,0,,False
2020-12-04,,0,0,,False
2020-12-05,,0,0,,False
2020-12-06,,0,0,,False
2020-12-07,,0,0,,False
2020-12-08,,0,0,,False
2020-12-09,,0,0,,False
2020-12-10,,0,0,,False
2020-12-11,,0,0,,False
2020-12-12,,0,0,,False
2020-12-13,,0,0,,False
2020-12-14,,0,0,,False
2020-12-15,,0,0,,False
2020-12-16,,0,0,,False
2020-12-17,,0,0,,False
2020-12-18,,0,0,,False
2020-12-19,,0,0,,False
2020-12-20,,0,0,,False
2020-12-21,,0,0,,False
2020-12-22,,0,0,,False
2020-12-23,,0,0,,False
2020-12-24,,0,0,,False
2020-12-25,,0,0,,False
2020-12-26,,0,0,,False
2020-12-27,,0,0,,False
2020-12-28,,0,0,,False
2020-12-29,,0,0,,False
2020-12-30,,0,0,,False
2020-12-31,,0,0,,False
2021-01-01,,0,0,,False
2021-01-02,,0,0,,False
2021-01-03,,0,0,,False
2021-01-04,,0,0,,False
2021-01-05,,0,0,,False
2021-01-06,,0,0,,False
2021-01-07,,0,0,,False
2021-01-08,,0,0,,False
2021-01-09,,0,0,,False
2021-01-10,,0,0,,False
2021-01-11,,0,0,,False
2021-01-12,,0,0,,False
2021-01-13,,0,0,,False
2021-01-14,,0,0,,False
2021-01-15,,0,0,,False
2021-01-16,,0,0,,False
2021-01-17,,0,0,,False
2021-01-18,,0,0,,False
2021-01-19,,0,0,,False
2021-01-20,,0,0,,False
2021-01-21,,0,0,,False
2021-01-22,,0,0,,False
2021-01-23,,0,0,,False
2021-01-24,,0,0,,False
2021-01-25,,0,0,,False
2021-01-26,,0,0,,False
2021-01-27,,0,0,,False
2021-01-28,,0,0,,False
2021-01-29,,0,0,,False
2021-01-30,,0,0,,False
2021-01-31,,0,0,,False
2021-02-01,,0,0,,False
2021-02-02,,0,0,,False
2021-02-03,,0,0,,False
2021-02-04,,0,0,,False
2021-02-05,,0,0,,False
2021-02-06,,0,0,,False
2021-02-07,,0,0,,False
2021-02-08,,0,0,,False
2021-02-09,,0,0,,False
2021-02-10,,0,0,,False
2021-02-11,,0,0,,False
2021-02-12,,0,0,,False
2021-02-13,,0,0,,False
2021-02-14,,0,0,,False
2021-02-15,,0,0,,False
2021-02-16,,0,0,,False
2021-02-17,,0,0,,False
2021-02-18,,0,0,,False
2021-02-19,,0,0,,False
2021-02-20,,0,0,,False
2021-02-21,,0,0,,False
2021-02-22,,0,0,,False
2021-02-23,,0,0,,False
2021-02-24,,0,0,,False
2021-02-25,,0,0,,False
2021-02-26,,0,0,,False
2021-02-27,,0,0,,False
2021-02-28,,0,0,,False
2021-03-01,,0,0,,False
2021-03-02,,0,0,,False
2021-03-03,,0,0,,False
2021-03-04,,0,0,,False
2021-03-05,,0,0,,False
2021-03-06,,0,0,,False
2021-03-07,,0,0,,False
2021-03-08,,0,0,,False
2021-03-09,,0,0,,False
2021-03-10,,0,0,,False
2021-03-11,,0,0,,False
2021-03-12,,0,0,,False
2021-03-13,,0,0,,False
2021-03-14,,0,0,,False
2021-03-15,,0,0,,False
2021-03-16,,0,0,,False
2021-03-17,,0,0,,False
2021-03-18,,0,0,,False
2021-03-19,,0,0,,False
2021-03-20,,0,0,,False
2021-03-21,,0,0,,False
2021-03-22,,0,0,,False
2021-03-23,,0,0,,False
2021-03-24,,0,0,,False
2021-03-25,,0,0,,False
2021-03-26,,0,0,,False
2021-03-27,,0,0,,False
2021-03-28,,0,0,,False
2021-03-29,,0,0,,False
2021-03-30,,0,0,,False
2021-03-31,,0,0,,False
2021-04-01,,0,0,,False
2021-04-02,,0,0,,False
2021-04-03,,0,0,,False
2021-04-04,,0,0,,False
2021-04-05,,0,0,,False
2021-04-06,,0,0,,False
2021-04-07,,0,0,,False
2021-04-08,,0,0,,False
2021-04-09,,0,0,,False
2021-04-10,,0,0,,False
2021-04-11,,0,0,,False
2021-04-12,,0,0,,False
2021-04-13,,0,0,,False
2021-04-14,,0,0,,False
2021-04-15,,0,0,,False
2021-04-16,,0,0,,False
2021-04-17,,0,0,,False
2021-04-18,,0,0,,False
2021-04-19,,0,0,,False
2021-04-20,,0,0,,False
2021-04-21,,0,0,,False
2021-04-22,,0,0,,False
2021-04-23,,0,0,,False
2021-04-24,,0,0,,False
2021-04-25,,0,0,,False
2021-04-26,,0,0,,False
2021-04-27,,0,0,,False
2021-04-28,,0,0,,False
2021-04-29,,0,0,,False
2021-04-30,,0,0,,False
2021-05-01,,0,0,,False
2021-05-02,,0,0,,False
2021-05-03,,0,0,,False
2021-05-04,,0,0,,False
2021-05-05,,0,0,,False
2021-05-06,,0,0,,False
2021-05-07,,0,0,,False
2021-05-08,,0,0,,False
2021-05-09,,0,0,,False
2021-05-10,,0,0,,False
2021-05-11,,0,0,,False
2021-05-12,,0,0,,False
2021-05-13,,0,0,,False
2021-05-14,,0,0,,False
2021-05-15,,0,0,,False
2021-05-16,,0,0,,False
2021-05-17,,0,0,,False
2021-05-18,,0,0,,False
2021-05-19,,0,0,,False
2021-05-20,,0,0,,False
2021-05-21,,0,0,,False
2021-05-22,,0,0,,False
2021-05-23,,0,0,,False
2021-05-24,,0,0,,False
2021-05-25,,0,0,,False
2021-05-26,,0,0,,False
2021-05-27,,0,0,,False
2021-05-28,,0,0,,False
2021-05-29,,0,0,,False
2021-05-30,,0,0,,False
2021-05-31,,0,0,,False
2021-06-01,,0,0,,False
2021-06-02,,0,0,,False
2021-06-03,,0,0,,False
2021-06-04,,0,0,,False
2021-06-05,,0,0,,False
2021-06-06,,0,0,,False
2021-06-07,,0,0,,False
2021-06-08,,0,0,,False
2021-06-09,,0,0,,False
2021-06-10,,0,0,,False
2021-06-11,,0,0,,False
2021-06-12,,0,0,,False
2021-06-13,,0,0,,False
2021-06-14,,0,0,,False
2021-06-15,,0,0,,False
2021-06-16,,0,0,,False
2021-06-17,,0,0,,False
2021-06-18,,0,0,,False
2021-06-19,,0,0,,False
2021-06-20,,0,0,,False
2021-06-21,,0,0,,False
2021-06-22,,0,0,,False
2021-06-23,,0,0,,False
2021-06-24,,0,0,,False
2021-06-25,,0,0,,False
2021-06-26,,0,0,,False
2021-06-27,,0,0,,False
2021-06-28,,0,0,,False
2021-06-29,,0,0,,False
2021-06-30,,0,0,,False
2021-07-01,,0,0,,False
2021-07-02,,0,0,,False
2021-07-03,,0,0,,False
2021-07-04,,0,0,,False
2021-07-05,,0,0,,False
2021-07-06,,0,0,,False
2021-07-07,,0,0,,False
2021-07-08,,0,0,,False
2021-07-09,,0,0,,False
2021-07-10,,0,0,,False
2021-07-11,,0,0,,False
2021-07-12,,0,0,,False
2021-07-13,,0,0,,False
2021-07-14,,0,0,,False
2021-07-15,,0,0,,False
2021-07-16,,0,0,,False
2021-07-17,,0,0,,False
2021-07-18,,0,0,,False
2021-07-19,,0,0,,False
2021-07-20,,0,0,,False
2021-07-21,,0,0,,False
2021-07-22,,0,0,,False
2021-07-23,,0,0,,False
2021-07-24,,0,0,,False
2021-07-25,,0,0,,False
2021-07-26,,0,0,,False
2021-07-27,,0,0,,False
2021-07-28,,0,0,,False
2021-07-29,,0,0,,False
2021-07-30,,0,0,,False
2021-07-31,,0,0,,False
2021-08-01,,0,0,,False
2021-08-02,,0,0,,False
2021-08-03,,0,0,,False
2021-08-04,,0,0,,False
2021-08-05,,0,0,,False
2021-08-06,,0,0,,False
2021-08-07,,0,0,,False
2021-08-08,,0,0,,False
2021-08-09,,0,0,,False
2021-08-10,,0,0,,False
2021-08-11,,0,0,,False
2021-08-12,,0,0,,False
2021-08-13,,0,0,,False
2021-08-14,,0,0,,False
2021-08-15,,0,0,,False
2021-08-16,,0,0,,False
2021-08-17,,0,0,,False
2021-08-18,,0,0,,False
2021-08-19,,0,0,,False
2021-08-20,,0,0,,False
2021-08-21,,0,0,,False
2021-08-22,,0,0,,False
2021-08-23,,0,0,,False
2021-08-24,,0,0,,False
2021-08-25,,0,0,,False
2021-08-26,,0,0,,False
2021-08-27,,0,0,,False
2021-08-28,,0,0,,False
2021-08-29,,0,0,,False
2021-08-30,,0,0,,False
2021-08-31,,0,0,,False
2021-09-01,,0,0,,False
2021-09-02,,0,0,,False
2021-09-03,,0,0,,False
2021-09-04,,0,0,,False
2021-09-05,,0,0,,False
2021-09-06,,0,0,,False
2021-09-07,,0,0,,False
2021-09-08,,0,0,,False
2021-09-09,,0,0,,False
2021-09-10,,0,0,,False
2021-09-11,,0,0,,False
2021-09-12,,0,0,,False
2021-09-13,,0,0,,False
2021-09-14,,0,0,,False
2021-09-15,,0,0,,False
2021-09-16,,0,0,,False
2021-09-17,,0,0,,False
2021-09-18,,0,0,,False
2021-09-19,,0,0,,False
2021-09-20,,0,0,,False
2021-09-21,,0,0,,False
2021-09-22,,0,0,,False
2021-09-23,,0,0,,False
2021-09-24,,0,0,,False
2021-09-25,,0,0,,False
2021-09-26,,0,0,,False
2021-09-27,,0,0,,False
2021-09-28,,0,0,,False
2021-09-29,,0,0,,False
2021-09-30,,0,0,,False
2021-10-01,,0,0,,False
2021-10-02,,0,0,,False
2021-10-03,,0,0,,False
2021-10-04,,0,0,,False
2021-10-05,,0,0,,False
2021-10-06,,0,0,,False
2021-10-07,,0,0,,False
2021-10-08,,0,0,,False
2021-10-09,,0,0,,False
2021-10-10,,0,0,,False
2021-10-11,,0,0,,False
2021-10-12,,0,0,,False
2021-10-13,,0,0,,False
2021-10-14,,0,0,,False
2021-10-15,,0,0,,False
2021-10-16,,0,0,,False
2021-10-17,,0,0,,False
2021-10-18,,0,0,,False
2021-10-19,,0,0,,False
2021-10-20,,0,0,,False
2021-10-21,,0,0,,False
2021-10-22,,0,0,,False
2021-10-23,,0,0,,False
2021-10-24,,0,0,,False
2021-10-25,,0,0,,False
2021-10-26,,0,0,,False
2021-10-27,,0,0,,False
2021-10-28,,0,0,,False
2021-10-29,,0,0,,False
2021-10-30,,0,0,,False
2021-10-31,,0,0,,False
2021-11-01,,0,0,,False
2021-11-02,,0,0,,False
2021-11-03,,0,0,,False
2021-11-04,,0,0,,False
2021-11-05,,0,0,,False
2021-11-06,,0,0,,False
2021-11-07,,0,0,,False
2021-11-08,,0,0,,False
2021-11-09,,0,0,,False
2021-11-10,,0,0,,False
2021-11-11,,0,0,,False
2021-11-12,,0,0,,False
2021-11-13,,0,0,,False
2021-11-14,,0,0,,False
2021-11-15,,0,0,,False
2021-11-16,,0,0,,False
2021-11-17,,0,0,,False
2021-11-18,,0,0,,False
2021-11-19,,0,0,,False
2021-11-20,,0,0,,False
2021-11-21,,0,0,,False
2021-11-22,,0,0,,False
2021-11-23,,0,0,,False
2021-11-24,,0,0,,False
2021-11-25,,0,0,,False
2021-11-26,,0,0,,False
2021-11-27,,0,0,,False
2021-11-28,,0,0,,False
2021-11-29,,0,0,,False
2021-11-30,,0,0,,False
2021-12-01,,0,0,,False
2021-12-02,,0,0,,False
2021-12-03,,0,0,,False
2021-12-04,,0,0,,False
2021-12-05,,0,0,,False
2021-12-06,,0,0,,False
2021-12-07,,0,0,,False
2021-12-08,,0,0,,False
2021-12-09,,0,0,,False
2021-12-10,,0,0,,False
2021-12-11,,0,0,,False
2021-12-12,,0,0,,False
2021-12-13,,0,0,,False
2021-12-14,,0,0,,False
2021-12-15,,0,0,,False
2021-12-16,,0,0,,False
2021-12-17,,0,0,,False
2021-12-18,,0,0,,False
2021-12-19,,0,0,,False
2021-12-20,,0,0,,False
2021-12-21,,0,0,,False
2021-12-22,,0,0,,False
2021-12-23,,0,0,,False
2021-12-24,,0,0,,False
2021-12-25,,0,0,,False
2021-12-26,,0,0,,False
2021-12-27,,0,0,,False
2021-12-28,,0,0,,False
2021-12-29,,0,0,,False
2021-12-30,,0,0,,False
2021-12-31,,0,0,,False
2022-01-01,,0,0,,False
2022-01-02,,0,0,,False
2022-01-03,,0,0,,False
2022-01-04,,0,0,,False
2022-01-05,,0,0,,False
2022-01-06,,0,0,,False
2022-01-07,,0,0,,False
2022-01-08,,0,0,,False
2022-01-09,,0,0,,False
2022-01-10,,0,0,,False
2022-01-11,,0,0,,False
2022-01-12,,0,0,,False
2022-01-13,,0,0,,False
2022-01-14,,0,0,,False
2022-01-15,,0,0,,False
2022-01-16,,0,0,,False
2022-01-17,,0,0,,False
2022-01-18,,0,0,,False
2022-01-19,,0,0,,False
2022-01-20,,0,0,,False
2022-01-21,,0,0,,False
2022-01-22,,0,0,,False
2022-01-23,,0,0,,False
2022-01-24,,0,0,,False
2022-01-25,,0,0,,False
2022-01-26,,0,0,,False
2022-01-27,,0,0,,False
2022-01-28,,0,0,,False
2022-01-29,,0,0,,False
2022-01-30,,0,0,,False
2022-01-31,,0,0,,False
2022-02-01,,0,0,,False
2022-02-02,,0,0,,False
2022-02-03,,0,0,,False
2022-02-04,,0,0,,False
2022-02-05,,0,0,,False
2022-02-06,,0,0,,False
2022-02-07,,0,0,,False
2022-02-08,,0,0,,False
2022-02-09,,0,0,,False
2022-02-10,,0,0,,False
2022-02-11,,0,0,,False
2022-02-12,,0,0,,False
2022-02-13,,0,0,,False
2022-02-14,,0,0,,False
2022-02-15,,0,0,,False
2022-02-16,,0,0,,False
2022-02-17,,0,0,,False
2022-02-18,,0,0,,False
2022-02-19,,0,0,,False
2022-02-20,,0,0,,False
2022-02-21,,0,0,,False
2022-02-22,,0,0,,False
2022-02-23,,0,0,,False
2022-02-24,,0,0,,False
2022-02-25,,0,0,,False
2022-02-26,,0,0,,False
2022-02-27,,0,0,,False
2022-02-28,,0,0,,False
2022-03-01,,0,0,,False
2022-03-02,,0,0,,False
2022-03-03,,0,0,,False
2022-03-04,,0,0,,False
2022-03-05,,0,0,,False
2022-03-06,,0,0,,False
2022-03-07,,0,0,,False
2022-03-08,,0,0,,False
2022-03-09,,0,0,,False
2022-03-10,,0,0,,False
2022-03-11,,0,0,,False
2022-03-12,,0,0,,False
2022-03-13,,0,0,,False
2022-03-14,,0,0,,False
2022-03-15,,0,0,,False
2022-03-16,,0,0,,False
2022-03-17,,0,0,,False
2022-03-18,,0,0,,False
2022-03-19,,0,0,,False
2022-03-20,,0,0,,False
2022-03-21,,0,0,,False
2022-03-22,,0,0,,False
2022-03-23,,0,0,,False
2022-03-24,,0,0,,False
2022-03-25,,0,0,,False
2022-03-26,,0,0,,False
2022-03-27,,0,0,,False
2022-03-28,,0,0,,False
2022-03-29,,0,0,,False
2022-03-30,,0,0,,False
2022-03-31,,0,0,,False
2022-04-01,,0,0,,False
2022-04-02,,0,0,,False
2022-04-03,,0,0,,False
2022-04-04,,0,0,,False
2022-04-05,,0,0,,False
2022-04-06,,0,0,,False
2022-04-07,,0,0,,False
2022-04-08,,0,0,,False
2022-04-09,,0,0,,False
2022-04-10,,0,0,,False
2022-04-11,,0,0,,False
2022-04-12,,0,0,,False
2022-04-13,,0,0,,False
2022-04-14,,0,0,,False
2022-04-15,,0,0,,False
2022-04-16,,0,0,,False
2022-04-17,,0,0,,False
2022-04-18,,0,0,,False
2022-04-19,,0,0,,False
2022-04-20,,0,0,,False
2022-04-21,,0,0,,False
2022-04-22,,0,0,,False
2022-04-23,,0,0,,False
2022-04-24,,0,0,,False
2022-04-25,,0,0,,False
2022-04-26,,0,0,,False
2022-04-27,,0,0,,False
2022-04-28,,0,0,,False
2022-04-29,,0,0,,False
2022-04-30,,0,0,,False
2022-05-01,,0,0,,False
2022-05-02,,0,0,,False
2022-05-03,,0,0,,False
2022-05-04,,0,0,,False
2022-05-05,,0,0,,False
2022-05-06,,0,0,,False
2022-05-07,,0,0,,False
2022-05-08,,0,0,,False
2022-05-09,,0,0,,False
2022-05-10,,0,0,,False
2022-05-11,,0,0,,False
2022-05-12,,0,0,,False
2022-05-13,,0,0,,False
2022-05-14,,0,0,,False
2022-05-15,,0,0,,False
2022-05-16,,0,0,,False
2022-05-17,,0,0,,False
2022-05-18,,0,0,,False
2022-05-19,,0,0,,False
2022-05-20,,0,0,,False
2022-05-21,,0,0,,False
2022-05-22,,0,0,,False
2022-05-23,,0,0,,False
2022-05-24,,0,0,,False
2022-05-25,,0,0,,False
2022-05-26,,0,0,,False
2022-05-27,,0,0,,False
2022-05-28,,0,0,,False
2022-05-29,,0,0,,False
2022-05-30,,0,0,,False
2022-05-31,,0,0,,False
2022-06-01,,0,0,,False
2022-06-02,,0,0,,False
2022-06-03,,0,0,,False
2022-06-04,,0,0,,False
2022-06-05,,0,0,,False
2022-06-06,,0,0,,False
2022-06-07,,0,0,,False
2022-06-08,,0,0,,False
2022-06-09,,0,0,,False
2022-06-10,,0,0,,False
2022-06-11,,0,0,,False
2022-06-12,,0,0,,False
2022-06-13,,0,0,,False
2022-06-14,,0,0,,False
2022-06-15,,0,0,,False
2022-06-16,,0,0,,False
2022-06-17,,0,0,,False
2022-06-18,,0,0,,False
2022-06-19,,0,0,,False
2022-06-20,,0,0,,False
2022-06-21,,0,0,,False
2022-06-22,,0,0,,False
2022-06-23,,0,0,,False
2022-06-24,,0,0,,False
2022-06-25,,0,0,,False
2022-06-26,,0,0,,False
2022-06-27,,0,0,,False
2022-06-28,,0,0,,False
2022-06-29,,0,0,,False
2022-06-30,,0,0,,False
2022-07-01,,0,0,,False
2022-07-02,,0,0,,False
2022-07-03,,0,0,,False
2022-07-04,,0,0,,False
2022-07-05,,0,0,,False
2022-07-06,,0,0,,False
2022-07-07,,0,0,,False
2022-07-08,,0,0,,False
2022-07-09,,0,0,,False
2022-07-10,,0,0,,False
2022-07-11,,0,0,,False
2022-07-12,,0,0,,False
2022-07-13,,0,0,,False
2022-07-14,,0,0,,False
2022-07-15,,0,0,,False
2022-07-16,,0,0,,False
2022-07-17,,0,0,,False
2022-07-18,,0,0,,False
2022-07-19,,0,0,,False
2022-07-20,,0,0,,False
2022-07-21,,0,0,,False
2022-07-22,,0,0,,False
2022-07-23,,0,0,,False
2022-07-24,,0,0,,False
2022-07-25,,0,0,,False
2022-07-26,,0,0,,False
2022-07-27,23.1383,17,3,4,False
2022-07-28,22.1905,24,4,4,True
2022-07-29,22.3417,24,4,4,True
2022-07-30,22.7858,24,4,4,True
2022-07-31,23.2378,24,4,4,True
2022-08-01,23.7191,24,4,4,True
2022-08-02,23.8487,24,4,4,True
2022-08-03,24.0547,24,4,4,True
2022-08-04,24.7990,24,4,4,True
2022-08-05,24.9571,24,4,4,True
2022-08-06,24.7801,24,4,4,True
2022-08-07,24.4852,24,4,4,True
2022-08-08,23.8525,24,4,4,True
2022-08-09,23.4480,24,4,4,True
2022-08-10,23.3400,24,4,4,True
2022-08-11,23.5695,24,4,4,True
2022-08-12,24.4739,24,4,4,True
2022-08-13,24.7530,24,4,4,True
2022-08-14,24.9364,24,4,4,True
2022-08-15,23.6463,24,4,4,True
2022-08-16,22.5115,24,4,4,True
2022-08-17,22.1363,24,4,4,True
2022-08-18,21.9062,24,4,4,True
2022-08-19,21.1144,24,4,4,True
2022-08-20,21.0405,24,4,4,True
2022-08-21,21.3087,24,4,4,True
2022-08-22,21.4485,24,4,4,True
2022-08-23,22.0877,24,4,4,True
2022-08-24,22.3855,24,4,4,True
2022-08-25,22.8658,24,4,4,True
2022-08-26,22.7763,24,4,4,True
2022-08-27,22.3503,24,4,4,True
2022-08-28,21.7691,24,4,4,True
2022-08-29,21.2127,24,4,4,True
2022-08-30,21.7963,24,4,4,True
2022-08-31,22.1330,24,4,4,True
2022-09-01,21.8002,24,4,4,True
2022-09-02,21.4620,24,4,4,True
2022-09-03,21.6820,24,4,4,True
2022-09-04,21.8397,24,4,4,True
2022-09-05,22.3989,24,4,4,True
2022-09-06,22.8070,24,4,4,True
2022-09-07,22.2360,24,4,4,True
2022-09-08,21.1325,24,4,4,True
2022-09-09,20.0938,24,4,4,True
2022-09-10,19.4327,24,4,4,True
2022-09-11,19.3268,24,4,4,True
2022-09-12,19.6887,24,4,4,True
2022-09-13,21.0905,24,4,4,True
2022-09-14,21.5051,24,4,4,True
2022-09-15,21.3530,24,4,4,True
2022-09-16,20.9325,24,4,4,True
2022-09-17,19.0272,24,4,4,True
2022-09-18,17.2578,24,4,4,True
2022-09-19,16.4112,24,4,4,True
2022-09-20,16.0824,24,4,4,True
2022-09-21,15.7354,24,4,4,True
2022-09-22,15.7323,24,4,4,True
2022-09-23,15.8402,24,4,4,True
2022-09-24,16.5056,24,4,4,True
2022-09-25,16.1880,24,4,4,True
2022-09-26,15.0143,24,4,4,True
2022-09-27,15.0921,24,4,4,True
2022-09-28,15.5550,24,4,4,True
2022-09-29,15.6117,24,4,4,True
2022-09-30,14.9627,24,4,4,True
2022-10-01,14.2515,24,4,4,True
2022-10-02,15.1605,24,4,4,True
2022-10-03,15.4661,24,4,4,True
2022-10-04,15.3019,24,4,4,True
2022-10-05,15.2749,24,4,4,True
2022-10-06,15.8620,24,4,4,True
2022-10-07,15.9045,24,4,4,True
2022-10-08,16.3378,24,4,4,True
2022-10-09,16.3517,24,4,4,True
2022-10-10,16.4271,24,4,4,True
2022-10-11,16.3715,24,4,4,True
2022-10-12,16.5283,24,4,4,True
2022-10-13,16.4075,24,4,4,True
2022-10-14,16.5374,24,4,4,True
2022-10-15,16.6108,24,4,4,True
2022-10-16,16.9827,24,4,4,True
2022-10-17,17.4786,24,4,4,True
2022-10-18,17.5221,24,4,4,True
2022-10-19,17.2783,24,4,4,True
2022-10-20,17.5282,24,4,4,True
2022-10-21,17.5548,24,4,4,True
2022-10-22,17.1622,24,4,4,True
2022-10-23,16.9194,24,4,4,True
2022-10-24,16.6822,24,4,4,True
2022-10-25,15.9864,24,4,4,True
2022-10-26,15.7309,24,4,4,True
2022-10-27,16.1042,24,4,4,True
2022-10-28,16.7536,24,4,4,True
2022-10-29,16.5235,24,4,4,True
2022-10-30,16.0748,24,4,4,True
2022-10-31,16.2624,24,4,4,True
2022-11-01,16.3944,24,4,4,True
2022-11-02,15.2643,24,4,4,True
2022-11-03,14.2656,24,4,4,True
2022-11-04,13.6999,24,4,4,True
2022-11-05,12.3459,24,4,4,True
2022-11-06,11.0663,24,4,4,True
2022-11-07,10.8018,24,4,4,True
2022-11-08,11.6833,24,4,4,True
2022-11-09,12.5737,24,4,4,True
2022-11-10,12.5787,24,4,4,True
2022-11-11,11.8543,24,4,4,True
2022-11-12,12.2834,24,4,4,True
2022-11-13,11.6250,24,4,4,True
2022-11-14,11.8677,24,4,4,True
2022-11-15,12.2735,24,4,4,True
2022-11-16,12.5756,24,4,4,True
2022-11-17,12.5545,24,4,4,True
2022-11-18,12.2181,24,4,4,True
2022-11-19,11.5825,24,4,4,True
2022-11-20,10.6853,24,4,4,True
2022-11-21,10.3518,24,4,4,True
2022-11-22,9.8745,24,4,4,True
2022-11-23,9.8220,24,4,4,True
2022-11-24,9.3187,24,4,4,True
2022-11-25,9.3054,24,4,4,True
2022-11-26,9.1582,24,4,4,True
2022-11-27,8.5608,24,4,4,True
2022-11-28,8.7577,24,4,4,True
2022-11-29,8.6511,24,4,4,True
2022-11-30,8.3640,24,4,4,True
2022-12-01,7.4697,24,4,4,True
2022-12-02,7.1279,24,4,4,True
2022-12-03,7.0081,24,4,4,True
2022-12-04,7.0396,24,4,4,True
2022-12-05,6.1338,24,4,4,True
2022-12-06,5.0629,24,4,4,True
2022-12-07,4.3367,24,4,4,True
2022-12-08,3.8816,24,4,4,True
2022-12-09,4.8364,24,4,4,True
2022-12-10,5.1177,24,4,4,True
2022-12-11,4.0453,24,4,4,True
2022-12-12,3.1892,24,4,4,True
2022-12-13,4.1926,24,4,4,True
2022-12-14,5.5196,24,4,4,True
2022-12-15,6.3142,24,4,4,True
2022-12-16,7.5791,24,4,4,True
2022-12-17,7.3869,24,4,4,True
2022-12-18,6.5501,24,4,4,True
2022-12-19,7.0404,24,4,4,True
2022-12-20,8.0352,24,4,4,True
2022-12-21,8.7140,24,4,4,True
2022-12-22,9.0847,24,4,4,True
2022-12-23,10.0377,24,4,4,True
2022-12-24,10.3630,24,4,4,True
2022-12-25,9.5563,24,4,4,True
2022-12-26,8.6593,24,4,4,True
2022-12-27,8.7955,24,4,4,True
2022-12-28,8.5485,24,4,4,True
2022-12-29,8.5515,24,4,4,True
2022-12-30,9.1587,24,4,4,True
2022-12-31,9.4440,24,4,4,True
2023-01-01,9.5860,24,4,4,True
2023-01-02,9.8641,24,4,4,True
2023-01-03,9.8345,24,4,4,True
2023-01-04,8.7937,24,4,4,True
2023-01-05,8.6334,24,4,4,True
2023-01-06,9.1641,24,4,4,True
2023-01-07,8.9981,24,4,4,True
2023-01-08,9.0779,24,4,4,True
2023-01-09,8.9672,24,4,4,True
2023-01-10,8.5858,24,4,4,True
2023-01-11,8.2925,24,4,4,True
2023-01-12,8.2661,24,4,4,True
2023-01-13,8.4542,24,4,4,True
2023-01-14,8.1220,24,4,4,True
2023-01-15,7.6915,24,4,4,True
2023-01-16,7.1731,24,4,4,True
2023-01-17,6.9323,24,4,4,True
2023-01-18,6.4647,24,4,4,True
2023-01-19,6.1235,24,4,4,True
2023-01-20,5.7028,24,4,4,True
2023-01-21,5.4014,24,4,4,True
2023-01-22,4.5491,24,4,4,True
2023-01-23,4.3771,24,4,4,True
2023-01-24,4.1760,24,4,4,True
2023-01-25,3.2904,24,4,4,True
2023-01-26,3.4566,24,4,4,True
2023-01-27,3.4435,24,4,4,True
2023-01-28,3.2443,24,4,4,True
2023-01-29,3.4816,24,4,4,True
2023-01-30,3.3300,24,4,4,True
2023-01-31,3.9457,24,4,4,True
2023-02-01,4.8317,24,4,4,True
2023-02-02,4.7891,24,4,4,True
2023-02-03,3.9902,24,4,4,True
2023-02-04,3.2884,24,4,4,True
2023-02-05,3.3642,24,4,4,True
2023-02-06,3.9122,24,4,4,True
2023-02-07,3.8153,24,4,4,True
2023-02-08,3.6420,24,4,4,True
2023-02-09,3.3150,24,4,4,True
2023-02-10,3.0031,24,4,4,True
2023-02-11,2.4277,24,4,4,True
2023-02-12,2.1781,24,4,4,True
2023-02-13,2.2145,24,4,4,True
2023-02-14,2.8038,24,4,4,True
2023-02-15,3.5382,24,4,4,True
2023-02-16,3.9110,24,4,4,True
2023-02-17,4.5363,24,4,4,True
2023-02-18,5.0122,24,4,4,True
2023-02-19,5.5326,24,4,4,True
2023-02-20,5.7052,24,4,4,True
2023-02-21,5.8890,24,4,4,True
2023-02-22,6.7962,24,4,4,True
2023-02-23,7.4613,24,4,4,True
2023-02-24,7.6425,24,4,4,True
2023-02-25,6.9612,24,4,4,True
2023-02-26,6.6837,24,4,4,True
2023-02-27,5.7153,24,4,4,True
2023-02-28,4.8108,24,4,4,True
2023-03-01,4.4303,24,4,4,True
2023-03-02,4.4569,24,4,4,True
2023-03-03,4.9303,24,4,4,True
2023-03-04,5.2324,24,4,4,True
2023-03-05,5.4577,24,4,4,True
2023-03-06,5.1603,24,4,4,True
2023-03-07,4.5392,24,4,4,True
2023-03-08,5.7085,24,4,4,True
2023-03-09,7.6012,24,4,4,True
2023-03-10,9.1018,24,4,4,True
2023-03-11,9.9813,24,4,4,True
2023-03-12,10.5903,24,4,4,True
2023-03-13,11.2559,24,4,4,True
2023-03-14,11.0655,24,4,4,True
2023-03-15,10.3467,24,4,4,True
2023-03-16,9.7548,24,4,4,True
2023-03-17,9.9764,24,4,4,True
2023-03-18,9.9552,24,4,4,True
2023-03-19,10.3759,24,4,4,True
2023-03-20,10.5789,24,4,4,True
2023-03-21,10.1359,24,4,4,True
2023-03-22,10.0440,24,4,4,True
2023-03-23,11.3717,24,4,4,True
2023-03-24,11.9345,24,4,4,True
2023-03-25,11.3877,24,4,4,True
2023-03-26,11.5622,22,4,4,True
2023-03-27,11.0370,24,4,4,True
2023-03-28,10.1813,24,4,4,True
2023-03-29,10.8006,24,4,4,True
2023-03-30,12.1296,24,4,4,True
2023-03-31,12.5495,24,4,4,True
2023-04-01,12.0648,24,4,4,True
2023-04-02,11.1569,24,4,4,True
2023-04-03,10.7115,24,4,4,True
2023-04-04,10.3846,24,4,4,True
2023-04-05,10.1085,24,4,4,True
2023-04-06,10.2908,24,4,4,True
2023-04-07,10.8652,24,4,4,True
2023-04-08,11.3280,24,4,4,True
2023-04-09,11.8056,24,4,4,True
2023-04-10,12.1970,24,4,4,True
2023-04-11,13.1722,24,4,4,True
2023-04-12,12.6752,24,4,4,True
2023-04-13,11.3687,24,4,4,True
2023-04-14,10.5922,24,4,4,True
2023-04-15,11.1846,24,4,4,True
2023-04-16,11.2067,24,4,4,True
2023-04-17,11.2474,24,4,4,True
2023-04-18,11.5738,24,4,4,True
2023-04-19,12.1547,24,4,4,True
2023-04-20,13.0779,24,4,4,True
2023-04-21,13.7698,24,4,4,True
2023-04-22,14.0759,24,4,4,True
2023-04-23,13.2588,24,4,4,True
2023-04-24,13.3176,24,4,4,True
2023-04-25,13.7557,24,4,4,True
2023-04-26,13.7015,24,4,4,True
2023-04-27,14.7617,24,4,4,True
2023-04-28,15.9078,24,4,4,True
2023-04-29,16.6703,24,4,4,True
2023-04-30,16.3388,24,4,4,True
2023-05-01,15.1200,24,4,4,True
2023-05-02,14.7450,24,4,4,True
2023-05-03,15.0617,24,4,4,True
2023-05-04,15.8475,24,4,4,True
2023-05-05,16.7188,24,4,4,True
2023-05-06,17.1847,24,4,4,True
2023-05-07,17.3230,24,4,4,True
2023-05-08,16.3090,24,4,4,True
2023-05-09,15.6782,24,4,4,True
2023-05-10,15.0014,24,4,4,True
2023-05-11,14.4532,24,4,4,True
2023-05-12,13.9800,24,4,4,True
2023-05-13,13.8538,24,4,4,True
2023-05-14,13.6211,24,4,4,True
2023-05-15,13.3449,24,4,4,True
2023-05-16,13.4651,24,4,4,True
2023-05-17,13.2151,24,4,4,True
2023-05-18,13.1384,24,4,4,True
2023-05-19,13.5710,24,4,4,True
2023-05-20,14.0196,24,4,4,True
2023-05-21,14.3585,24,4,4,True
2023-05-22,14.9064,24,4,4,True
2023-05-23,15.5575,24,4,4,True
2023-05-24,15.3707,24,4,4,True
2023-05-25,15.3360,24,4,4,True
2023-05-26,15.5372,24,4,4,True
2023-05-27,16.5837,24,4,4,True
2023-05-28,17.3288,24,4,4,True
2023-05-29,17.5309,24,4,4,True
2023-05-30,17.4557,24,4,4,True
2023-05-31,17.7262,24,4,4,True
2023-06-01,17.5764,24,4,4,True
2023-06-02,17.7827,24,4,4,True
2023-06-03,17.7182,24,4,4,True
2023-06-04,17.8600,24,4,4,True
2023-06-05,18.3683,24,4,4,True
2023-06-06,18.8845,24,4,4,True
2023-06-07,18.8964,24,4,4,True
2023-06-08,19.1758,24,4,4,True
2023-06-09,19.1223,24,4,4,True
2023-06-10,18.8737,24,4,4,True
2023-06-11,19.7330,24,4,4,True
2023-06-12,20.2279,24,4,4,True
2023-06-13,19.9331,24,4,4,True
2023-06-14,19.5951,24,4,4,True
2023-06-15,19.5396,24,4,4,True
2023-06-16,19.9096,24,4,4,True
2023-06-17,20.4485,24,4,4,True
2023-06-18,21.4935,24,4,4,True
2023-06-19,21.3510,24,4,4,True
2023-06-20,21.0830,24,4,4,True
2023-06-21,21.2763,24,4,4,True
2023-06-22,20.8918,24,4,4,True
2023-06-23,20.9559,24,4,4,True
2023-06-24,21.6387,24,4,4,True
2023-06-25,22.2427,24,4,4,True
2023-06-26,23.0311,24,4,4,True
2023-06-27,22.8200,24,4,4,True
2023-06-28,22.3630,24,4,4,True
2023-06-29,22.2321,24,4,4,True
2023-06-30,21.7756,24,4,4,True
2023-07-01,20.4658,24,4,4,True
2023-07-02,20.1495,24,4,4,True
2023-07-03,20.3948,24,4,4,True
2023-07-04,20.6717,24,4,4,True
2023-07-05,20.8970,24,4,4,True
2023-07-06,21.6361,24,4,4,True
2023-07-07,22.5967,24,4,4,True
2023-07-08,23.2012,24,4,4,True
2023-07-09,24.2439,24,4,4,True
2023-07-10,25.0862,24,4,4,True
2023-07-11,25.8810,24,4,4,True
2023-07-12,25.3057,24,4,4,True
2023-07-13,23.8046,24,4,4,True
2023-07-14,22.9727,24,4,4,True
2023-07-15,23.6882,24,4,4,True
2023-07-16,23.2168,24,4,4,True
2023-07-17,23.3210,24,4,4,True
2023-07-18,24.1289,24,4,4,True
2023-07-19,24.3780,24,4,4,True
2023-07-20,23.5844,24,4,4,True
2023-07-21,23.2397,24,4,4,True
2023-07-22,22.3283,24,4,4,True
2023-07-23,22.5926,24,4,4,True
2023-07-24,22.9625,24,4,4,True
2023-07-25,21.4862,24,4,4,True
2023-07-26,20.6297,24,4,4,True
2023-07-27,21.4498,24,4,4,True
2023-07-28,22.6955,24,4,4,True
2023-07-29,23.0576,24,4,4,True
2023-07-30,23.3160,24,4,4,True
2023-07-31,22.4590,24,4,4,True
2023-08-01,21.9540,24,4,4,True
2023-08-02,21.5619,24,4,4,True
2023-08-03,21.3290,24,4,4,True
2023-08-04,20.4063,24,4,4,True
2023-08-05,19.7538,24,4,4,True
2023-08-06,19.4970,24,4,4,True
2023-08-07,18.7022,24,4,4,True
2023-08-08,19.0968,24,4,4,True
2023-08-09,19.5886,24,4,4,True
2023-08-10,20.5658,24,4,4,True
2023-08-11,21.9770,24,4,4,True
2023-08-12,22.8978,24,4,4,True
2023-08-13,23.5950,24,4,4,True
2023-08-14,24.2267,24,4,4,True
2023-08-15,24.3083,24,4,4,True
2023-08-16,24.1670,24,4,4,True
2023-08-17,24.1686,24,4,4,True
2023-08-18,23.8142,24,4,4,True
2023-08-19,23.9623,24,4,4,True
2023-08-20,24.4248,24,4,4,True
2023-08-21,25.0402,24,4,4,True
2023-08-22,25.6135,24,4,4,True
2023-08-23,25.8454,24,4,4,True
2023-08-24,25.8144,24,4,4,True
2023-08-25,25.0428,24,4,4,True
2023-08-26,23.2334,24,4,4,True
2023-08-27,21.6115,24,4,4,True
2023-08-28,20.4461,24,4,4,True
2023-08-29,19.7467,24,4,4,True
2023-08-30,19.2869,24,4,4,True
2023-08-31,19.6835,24,4,4,True
2023-09-01,19.9624,24,4,4,True
2023-09-02,20.7349,24,4,4,True
2023-09-03,20.3917,24,4,4,True
2023-09-04,20.9766,24,4,4,True
2023-09-05,21.3722,24,4,4,True
2023-09-06,21.9327,24,4,4,True
2023-09-07,21.5128,24,4,4,True
2023-09-08,21.2176,24,4,4,True
2023-09-09,21.0688,24,4,4,True
2023-09-10,21.0795,24,4,4,True
2023-09-11,20.9898,24,4,4,True
2023-09-12,21.2098,24,4,4,True
2023-09-13,21.0220,24,4,4,True
2023-09-14,20.4921,24,4,4,True
2023-09-15,20.2438,24,4,4,True
2023-09-16,20.8227,24,4,4,True
2023-09-17,21.4468,24,4,4,True
2023-09-18,21.4066,24,4,4,True
2023-09-19,20.7727,24,4,4,True
2023-09-20,19.6310,24,4,4,True
2023-09-21,19.3453,24,4,4,True
2023-09-22,18.4387,24,4,4,True
2023-09-23,17.5043,24,4,4,True
2023-09-24,16.4675,24,4,4,True
2023-09-25,16.2879,24,4,4,True
2023-09-26,16.5489,24,4,4,True
2023-09-27,16.7335,24,4,4,True
2023-09-28,17.4051,24,4,4,True
2023-09-29,17.8640,24,4,4,True
2023-09-30,18.2484,24,4,4,True
2023-10-01,18.2375,24,4,4,True
2023-10-02,18.2870,24,4,4,True
2023-10-03,18.7587,24,4,4,True
2023-10-04,18.2296,24,4,4,True
2023-10-05,16.6452,24,4,4,True
2023-10-06,15.1003,24,4,4,True
2023-10-07,14.9195,24,4,4,True
2023-10-08,14.6767,24,4,4,True
2023-10-09,15.0831,24,4,4,True
2023-10-10,15.2245,24,4,4,True
2023-10-11,15.1790,24,4,4,True
2023-10-12,15.3423,24,4,4,True
2023-10-13,15.7517,24,4,4,True
2023-10-14,16.7854,24,4,4,True
2023-10-15,15.7305,24,4,4,True
2023-10-16,14.7869,24,4,4,True
2023-10-17,15.4161,24,4,4,True
2023-10-18,16.5708,24,4,4,True
2023-10-19,16.8876,24,4,4,True
2023-10-20,16.4421,24,4,4,True
2023-10-21,15.4862,24,4,4,True
2023-10-22,14.2305,24,4,4,True
2023-10-23,14.5100,24,4,4,True
2023-10-24,14.5002,24,4,4,True
2023-10-25,14.1778,24,4,4,True
2023-10-26,14.4920,24,4,4,True
2023-10-27,14.3275,24,4,4,True
2023-10-28,13.6495,24,4,4,True
2023-10-29,13.6218,24,4,4,True
2023-10-30,13.7120,24,4,4,True
2023-10-31,13.4083,24,4,4,True
2023-11-01,13.0231,24,4,4,True
2023-11-02,12.6180,24,4,4,True
2023-11-03,11.1035,24,4,4,True
2023-11-04,10.6832,24,4,4,True
2023-11-05,11.3121,24,4,4,True
2023-11-06,11.3944,24,4,4,True
2023-11-07,10.9945,24,4,4,True
2023-11-08,10.5978,24,4,4,True
2023-11-09,10.6862,24,4,4,True
2023-11-10,11.1022,24,4,4,True
2023-11-11,10.9121,24,4,4,True
2023-11-12,11.5884,24,4,4,True
2023-11-13,12.2747,24,4,4,True
2023-11-14,12.9394,24,4,4,True
2023-11-15,13.2117,24,4,4,True
2023-11-16,12.1264,24,4,4,True
2023-11-17,11.9678,24,4,4,True
2023-11-18,11.4440,24,4,4,True
2023-11-19,10.7412,24,4,4,True
2023-11-20,11.3364,24,4,4,True
2023-11-21,11.6020,24,4,4,True
2023-11-22,10.8784,24,4,4,True
2023-11-23,9.1653,24,4,4,True
2023-11-24,8.0908,24,4,4,True
2023-11-25,8.1174,24,4,4,True
2023-11-26,6.3762,24,4,4,True
2023-11-27,5.5403,24,4,4,True
2023-11-28,6.9173,24,4,4,True
2023-11-29,6.8248,24,4,4,True
2023-11-30,8.0810,24,4,4,True
2023-12-01,9.3856,24,4,4,True
2023-12-02,8.9515,24,4,4,True
2023-12-03,7.4375,24,4,4,True
2023-12-04,7.3441,24,4,4,True
2023-12-05,8.2988,24,4,4,True
2023-12-06,7.9335,24,4,4,True
2023-12-07,7.0919,24,4,4,True
2023-12-08,8.0905,24,4,4,True
2023-12-09,9.1767,24,4,4,True
2023-12-10,9.9254,24,4,4,True
2023-12-11,10.7907,24,4,4,True
2023-12-12,11.0778,24,4,4,True
2023-12-13,10.9060,24,4,4,True
2023-12-14,9.9426,24,4,4,True
2023-12-15,9.4650,24,4,4,True
2023-12-16,9.0754,24,4,4,True
2023-12-17,7.7172,24,4,4,True
2023-12-18,6.9490,24,4,4,True
2023-12-19,6.5250,24,4,4,True
2023-12-20,6.9171,24,4,4,True
2023-12-21,7.9058,24,4,4,True
2023-12-22,9.0610,24,4,4,True
2023-12-23,9.3580,24,4,4,True
2023-12-24,9.5594,24,4,4,True
2023-12-25,9.2516,24,4,4,True
2023-12-26,7.6812,24,4,4,True
2023-12-27,6.4656,24,4,4,True
2023-12-28,6.5700,24,4,4,True
2023-12-29,7.4956,24,4,4,True
2023-12-30,8.4055,24,4,4,True
2023-12-31,8.2188,24,4,4,True
2024-01-01,8.1093,24,4,4,True
2024-01-02,8.3879,24,4,4,True
2024-01-03,9.0373,24,4,4,True
2024-01-04,9.4545,24,4,4,True
2024-01-05,8.9550,24,4,4,True
2024-01-06,8.4718,24,4,4,True
2024-01-07,7.4861,24,4,4,True
2024-01-08,6.3904,24,4,4,True
2024-01-09,5.3956,24,4,4,True
2024-01-10,4.4670,24,4,4,True
2024-01-11,4.8134,24,4,4,True
2024-01-12,5.2554,24,4,4,True
2024-01-13,5.0126,24,4,4,True
2024-01-14,4.9574,24,4,4,True
2024-01-15,5.8983,24,4,4,True
2024-01-16,7.2820,24,4,4,True
2024-01-17,8.5628,24,4,4,True
2024-01-18,9.0631,24,4,4,True
2024-01-19,8.2774,24,4,4,True
2024-01-20,5.8109,24,4,4,True
2024-01-21,4.7728,24,4,4,True
2024-01-22,5.1741,24,4,4,True
2024-01-23,6.9231,24,4,4,True
2024-01-24,8.0965,24,4,4,True
2024-01-25,8.8155,24,4,4,True
2024-01-26,8.7638,24,4,4,True
2024-01-27,8.6179,24,4,4,True
2024-01-28,8.0231,24,4,4,True
2024-01-29,8.4955,24,4,4,True
2024-01-30,8.6117,24,4,4,True
2024-01-31,7.9262,24,4,4,True
2024-02-01,7.7414,24,4,4,True
2024-02-02,8.5793,24,4,4,True
2024-02-03,8.3058,24,4,4,True
2024-02-04,7.7229,24,4,4,True
2024-02-05,7.0795,24,4,4,True
2024-02-06,6.7972,24,4,4,True
2024-02-07,7.4824,24,4,4,True
2024-02-08,8.4108,24,4,4,True
2024-02-09,9.3533,24,4,4,True
2024-02-10,9.5409,24,4,4,True
2024-02-11,8.7399,24,4,4,True
2024-02-12,8.3816,24,4,4,True
2024-02-13,8.4221,24,4,4,True
2024-02-14,8.3826,24,4,4,True
2024-02-15,9.1975,24,4,4,True
2024-02-16,10.0186,24,4,4,True
2024-02-17,10.2570,24,4,4,True
2024-02-18,9.9193,24,4,4,True
2024-02-19,10.2283,24,4,4,True
2024-02-20,10.1813,24,4,4,True
2024-02-21,9.2578,24,4,4,True
2024-02-22,9.6578,24,4,4,True
2024-02-23,9.3073,24,4,4,True
2024-02-24,8.2320,24,4,4,True
2024-02-25,7.9449,24,4,4,True
2024-02-26,8.6562,24,4,4,True
2024-02-27,9.0334,24,4,4,True
2024-02-28,9.0479,24,4,4,True
2024-02-29,8.4560,24,4,4,True
2024-03-01,8.9868,24,4,4,True
2024-03-02,9.4410,24,4,4,True
2024-03-03,9.0886,24,4,4,True
2024-03-04,8.0488,24,4,4,True
2024-03-05,8.6001,24,4,4,True
2024-03-06,8.5993,24,4,4,True
2024-03-07,8.3491,24,4,4,True
2024-03-08,8.8783,24,4,4,True
2024-03-09,8.9962,24,4,4,True
2024-03-10,8.9576,24,4,4,True
2024-03-11,9.3207,24,4,4,True
2024-03-12,9.4554,24,4,4,True
2024-03-13,9.6759,24,4,4,True
2024-03-14,10.1356,24,4,4,True
2024-03-15,10.8717,24,4,4,True
2024-03-16,11.3230,24,4,4,True
2024-03-17,11.3928,24,4,4,True
2024-03-18,12.1034,24,4,4,True
2024-03-19,12.0824,24,4,4,True
2024-03-20,11.9633,24,4,4,True
2024-03-21,12.3685,24,4,4,True
2024-03-22,12.8456,24,4,4,True
2024-03-23,12.9938,24,4,4,True
2024-03-24,11.9061,24,4,4,True
2024-03-25,10.6749,24,4,4,True
2024-03-26,10.4130,24,4,4,True
2024-03-27,10.0593,24,4,4,True
2024-03-28,10.2272,24,4,4,True
2024-03-29,11.0102,24,4,4,True
2024-03-30,11.7247,24,4,4,True
2024-03-31,11.9798,22,4,4,True
2024-04-01,11.8252,24,4,4,True
2024-04-02,11.6225,24,4,4,True
2024-04-03,12.2219,24,4,4,True
2024-04-04,12.5233,24,4,4,True
2024-04-05,13.5046,24,4,4,True
2024-04-06,13.7776,24,4,4,True
2024-04-07,13.8880,24,4,4,True
2024-04-08,13.9642,24,4,4,True
2024-04-09,13.8239,24,4,4,True
2024-04-10,12.8220,24,4,4,True
2024-04-11,12.1346,24,4,4,True
2024-04-12,12.7241,24,4,4,True
2024-04-13,13.8421,24,4,4,True
2024-04-14,15.0753,24,4,4,True
2024-04-15,15.3579,24,4,4,True
2024-04-16,14.2087,24,4,4,True
2024-04-17,13.1504,24,4,4,True
2024-04-18,12.3500,24,4,4,True
2024-04-19,11.6380,24,4,4,True
2024-04-20,11.6992,24,4,4,True
2024-04-21,11.5770,24,4,4,True
2024-04-22,10.9052,24,4,4,True
2024-04-23,10.0708,24,4,4,True
2024-04-24,9.0352,24,4,4,True
2024-04-25,9.3624,24,4,4,True
2024-04-26,10.4209,24,4,4,True
2024-04-27,11.5554,24,4,4,True
2024-04-28,11.8452,24,4,4,True
2024-04-29,12.0779,24,4,4,True
2024-04-30,11.9829,24,4,4,True
2024-05-01,12.2625,24,4,4,True
2024-05-02,11.4065,24,4,4,True
2024-05-03,11.0877,24,4,4,True
2024-05-04,11.8268,24,4,4,True
2024-05-05,12.9252,24,4,4,True
2024-05-06,13.2328,24,4,4,True
2024-05-07,12.6382,24,4,4,True
2024-05-08,12.5049,24,4,4,True
2024-05-09,13.1098,24,4,4,True
2024-05-10,14.0479,24,4,4,True
2024-05-11,14.7308,24,4,4,True
2024-05-12,14.9456,24,4,4,True
2024-05-13,15.5345,24,4,4,True
2024-05-14,15.2961,24,4,4,True
2024-05-15,13.9039,24,4,4,True
2024-05-16,13.6314,24,4,4,True
2024-05-17,13.3379,24,4,4,True
2024-05-18,13.6706,24,4,4,True
2024-05-19,13.9059,24,4,4,True
2024-05-20,14.2036,24,4,4,True
2024-05-21,14.0948,24,4,4,True
2024-05-22,14.1656,24,4,4,True
2024-05-23,14.5928,24,4,4,True
2024-05-24,14.6476,24,4,4,True
2024-05-25,14.5068,24,4,4,True
2024-05-26,14.8750,24,4,4,True
2024-05-27,14.9299,24,4,4,True
2024-05-28,14.8375,24,4,4,True
2024-05-29,15.2952,24,4,4,True
2024-05-30,15.5539,24,4,4,True
2024-05-31,15.3628,24,4,4,True
2024-06-01,15.2582,24,4,4,True
2024-06-02,15.3816,24,4,4,True
2024-06-03,15.7911,24,4,4,True
2024-06-04,16.7820,24,4,4,True
2024-06-05,17.6150,24,4,4,True
2024-06-06,18.5883,24,4,4,True
2024-06-07,19.0628,24,4,4,True
2024-06-08,19.3592,24,4,4,True
2024-06-09,19.1154,24,4,4,True
2024-06-10,18.1363,24,4,4,True
2024-06-11,17.6401,24,4,4,True
2024-06-12,16.9330,24,4,4,True
2024-06-13,16.7567,24,4,4,True
2024-06-14,17.6566,24,4,4,True
2024-06-15,17.6014,24,4,4,True
2024-06-16,17.0728,24,4,4,True
2024-06-17,18.0462,24,4,4,True
2024-06-18,19.0085,24,4,4,True
2024-06-19,19.6437,24,4,4,True
2024-06-20,19.4324,24,4,4,True
2024-06-21,18.2534,24,4,4,True
2024-06-22,17.5152,24,4,4,True
2024-06-23,16.9668,24,4,4,True
2024-06-24,17.6291,24,4,4,True
2024-06-25,18.9026,24,4,4,True
2024-06-26,20.4273,24,4,4,True
2024-06-27,21.0671,24,4,4,True
2024-06-28,21.8903,24,4,4,True
2024-06-29,21.5551,24,4,4,True
2024-06-30,19.3424,24,4,4,True
2024-07-01,18.8776,24,4,4,True
2024-07-02,18.3159,24,4,4,True
2024-07-03,17.6469,24,4,4,True
2024-07-04,18.1128,24,4,4,True
2024-07-05,18.9542,24,4,4,True
2024-07-06,19.3998,24,4,4,True
2024-07-07,19.0005,24,4,4,True
2024-07-08,19.4063,24,4,4,True
2024-07-09,20.8111,24,4,4,True
2024-07-10,21.8929,24,4,4,True
2024-07-11,22.6630,24,4,4,True
2024-07-12,22.3766,24,4,4,True
2024-07-13,20.5115,24,4,4,True
2024-07-14,20.3344,24,4,4,True
2024-07-15,21.2553,24,4,4,True
2024-07-16,21.6356,24,4,4,True
2024-07-17,21.4212,24,4,4,True
2024-07-18,21.8247,24,4,4,True
2024-07-19,22.7663,24,4,4,True
2024-07-20,23.6171,24,4,4,True
2024-07-21,23.1237,24,4,4,True
2024-07-22,20.9805,24,4,4,True
2024-07-23,20.3157,24,4,4,True
2024-07-24,21.2136,24,4,4,True
2024-07-25,21.6630,24,4,4,True
2024-07-26,21.8999,24,4,4,True
2024-07-27,22.5907,24,4,4,True
2024-07-28,23.7472,24,4,4,True
2024-07-29,24.2725,24,4,4,True
2024-07-30,24.7498,24,4,4,True
2024-07-31,25.1920,24,4,4,True
2024-08-01,25.1830,24,4,4,True
2024-08-02,24.5489,24,4,4,True
2024-08-03,23.4536,24,4,4,True
2024-08-04,22.4598,24,4,4,True
2024-08-05,22.5807,24,4,4,True
2024-08-06,22.7734,24,4,4,True
2024-08-07,23.2258,24,4,4,True
2024-08-08,23.1732,24,4,4,True
2024-08-09,22.8465,24,4,4,True
2024-08-10,23.0157,24,4,4,True
2024-08-11,23.2855,24,4,4,True
2024-08-12,23.3831,24,4,4,True
2024-08-13,23.5398,24,4,4,True
2024-08-14,22.7041,24,4,4,True
2024-08-15,21.3171,24,4,4,True
2024-08-16,21.4737,24,4,4,True
2024-08-17,21.5219,24,4,4,True
2024-08-18,21.2307,24,4,4,True
2024-08-19,20.2843,24,4,4,True
2024-08-20,19.9987,24,4,4,True
2024-08-21,20.3548,24,4,4,True
2024-08-22,20.0048,24,4,4,True
2024-08-23,20.0167,24,4,4,True
2024-08-24,20.7631,24,4,4,True
2024-08-25,21.1372,24,4,4,True
2024-08-26,19.7706,24,4,4,True
2024-08-27,19.3463,24,4,4,True
2024-08-28,19.7916,24,4,4,True
2024-08-29,20.4750,24,4,4,True
2024-08-30,21.1206,24,4,4,True
2024-08-31,21.3540,24,4,4,True
2024-09-01,21.0279,24,4,4,True
2024-09-02,20.5742,24,4,4,True
2024-09-03,20.2507,24,4,4,True
2024-09-04,19.6010,24,4,4,True
2024-09-05,18.5655,24,4,4,True
2024-09-06,18.0523,24,4,4,True
2024-09-07,18.4188,24,4,4,True
2024-09-08,18.0215,24,4,4,True
2024-09-09,17.8254,24,4,4,True
2024-09-10,17.7223,24,4,4,True
2024-09-11,17.2298,24,4,4,True
2024-09-12,16.4432,24,4,4,True
2024-09-13,15.6255,24,4,4,True
2024-09-14,14.9028,24,4,4,True
2024-09-15,14.5569,24,4,4,True
2024-09-16,14.2943,24,4,4,True
2024-09-17,14.7770,24,4,4,True
2024-09-18,15.2373,24,4,4,True
2024-09-19,15.3665,24,4,4,True
2024-09-20,15.8541,24,4,4,True
2024-09-21,15.9345,24,4,4,True
2024-09-22,16.2883,24,4,4,True
2024-09-23,16.3051,24,4,4,True
2024-09-24,16.0380,24,4,4,True
2024-09-25,15.7995,24,4,4,True
2024-09-26,16.1433,24,4,4,True
2024-09-27,15.8313,24,4,4,True
2024-09-28,15.0623,24,4,4,True
2024-09-29,14.1648,24,4,4,True
2024-09-30,14.1507,24,4,4,True
2024-10-01,14.8600,24,4,4,True
2024-10-02,15.3730,24,4,4,True
2024-10-03,14.7702,24,4,4,True
2024-10-04,14.0919,24,4,4,True
2024-10-05,13.3909,24,4,4,True
2024-10-06,13.6071,24,4,4,True
2024-10-07,14.6975,24,4,4,True
2024-10-08,15.3706,24,4,4,True
2024-10-09,15.2117,24,4,4,True
2024-10-10,14.9270,24,4,4,True
2024-10-11,14.6106,24,4,4,True
2024-10-12,14.3186,24,4,4,True
2024-10-13,14.7761,24,4,4,True
2024-10-14,15.2841,24,4,4,True
2024-10-15,16.1332,24,4,4,True
2024-10-16,16.8042,24,4,4,True
2024-10-17,16.9937,24,4,4,True
2024-10-18,14.8938,24,4,4,True
2024-10-19,14.3175,24,4,4,True
2024-10-20,14.1478,24,4,4,True
2024-10-21,14.3103,24,4,4,True
2024-10-22,14.8442,24,4,4,True
2024-10-23,14.8671,24,4,4,True
2024-10-24,14.5898,24,4,4,True
2024-10-25,14.6626,24,4,4,True
2024-10-26,14.8880,24,4,4,True
2024-10-27,14.6238,24,4,4,True
2024-10-28,14.1477,24,4,4,True
2024-10-29,14.4033,24,4,4,True
2024-10-30,14.0579,24,4,4,True
2024-10-31,13.8920,24,4,4,True
2024-11-01,13.5366,24,4,4,True
2024-11-02,12.8693,24,4,4,True
2024-11-03,12.4073,24,4,4,True
2024-11-04,12.3833,24,4,4,True
2024-11-05,12.6047,24,4,4,True
2024-11-06,13.1844,24,4,4,True
2024-11-07,13.1856,24,4,4,True
2024-11-08,12.3711,24,4,4,True
2024-11-09,12.1755,24,4,4,True
2024-11-10,12.6923,24,4,4,True
2024-11-11,12.7558,24,4,4,True
2024-11-12,11.6472,24,4,4,True
2024-11-13,10.3180,24,4,4,True
2024-11-14,9.0577,24,4,4,True
2024-11-15,8.1671,24,4,4,True
2024-11-16,7.3717,24,4,4,True
2024-11-17,7.0478,24,4,4,True
2024-11-18,7.5146,24,4,4,True
2024-11-19,8.2733,24,4,4,True
2024-11-20,9.2003,24,4,4,True
2024-11-21,9.1900,24,4,4,True
2024-11-22,8.9086,24,4,4,True
2024-11-23,7.2883,24,4,4,True
2024-11-24,8.3972,24,4,4,True
2024-11-25,10.3610,24,4,4,True
2024-11-26,11.0373,24,4,4,True
2024-11-27,10.2609,24,4,4,True
2024-11-28,9.1982,24,4,4,True
2024-11-29,8.5682,24,4,4,True
2024-11-30,8.3225,24,4,4,True
2024-12-01,8.0773,24,4,4,True
2024-12-02,8.0937,24,4,4,True
2024-12-03,8.6633,24,4,4,True
2024-12-04,7.7358,24,4,4,True
2024-12-05,6.2740,24,4,4,True
2024-12-06,7.3278,24,4,4,True
2024-12-07,8.2508,24,4,4,True
2024-12-08,8.1385,24,4,4,True
2024-12-09,7.7523,24,4,4,True
2024-12-10,7.6487,24,4,4,True
2024-12-11,7.4740,24,4,4,True
2024-12-12,6.7498,24,4,4,True
2024-12-13,6.2995,24,4,4,True
2024-12-14,6.7161,24,4,4,True
2024-12-15,6.9954,24,4,4,True
2024-12-16,6.7384,24,4,4,True
2024-12-17,5.9585,24,4,4,True
2024-12-18,5.7262,24,4,4,True
2024-12-19,6.3181,24,4,4,True
2024-12-20,6.6560,24,4,4,True
2024-12-21,6.9023,24,4,4,True
2024-12-22,8.1211,24,4,4,True
2024-12-23,7.8989,24,4,4,True
2024-12-24,7.4477,24,4,4,True
2024-12-25,7.8044,24,4,4,True
2024-12-26,7.2239,24,4,4,True
2024-12-27,5.9772,24,4,4,True
2024-12-28,5.1286,24,4,4,True
2024-12-29,4.5569,24,4,4,True
2024-12-30,4.4356,24,4,4,True
2024-12-31,3.8936,24,4,4,True
2025-01-01,3.3160,24,4,4,True
2025-01-02,3.4010,24,4,4,True
2025-01-03,4.9581,24,4,4,True
2025-01-04,6.1938,24,4,4,True
2025-01-05,7.1560,24,4,4,True
2025-01-06,7.9533,24,4,4,True
2025-01-07,8.1054,24,4,4,True
2025-01-08,8.3731,24,4,4,True
2025-01-09,8.8672,24,4,4,True
2025-01-10,8.7864,24,4,4,True
2025-01-11,9.3855,24,4,4,True
2025-01-12,7.6225,24,4,4,True
2025-01-13,5.6237,24,4,4,True
2025-01-14,4.3529,24,4,4,True
2025-01-15,3.6026,24,4,4,True
2025-01-16,3.3973,24,4,4,True
2025-01-17,3.4116,24,4,4,True
2025-01-18,3.2785,24,4,4,True
2025-01-19,3.3938,24,4,4,True
2025-01-20,4.3602,24,4,4,True
2025-01-21,5.1476,24,4,4,True
2025-01-22,6.3231,24,4,4,True
2025-01-23,7.4788,24,4,4,True
2025-01-24,6.7359,24,4,4,True
2025-01-25,7.2096,24,4,4,True
2025-01-26,7.4824,24,4,4,True
2025-01-27,8.2006,24,4,4,True
2025-01-28,8.1698,24,4,4,True
2025-01-29,8.0085,24,4,4,True
2025-01-30,8.1950,24,4,4,True
2025-01-31,7.9408,24,4,4,True
2025-02-01,7.2915,24,4,4,True
2025-02-02,6.6992,24,4,4,True
2025-02-03,6.3842,24,4,4,True
2025-02-04,5.7709,24,4,4,True
2025-02-05,5.2423,24,4,4,True
2025-02-06,4.9110,24,4,4,True
2025-02-07,4.9590,24,4,4,True
2025-02-08,6.0235,24,4,4,True
2025-02-09,6.0999,24,4,4,True
2025-02-10,7.1098,24,4,4,True
2025-02-11,8.1714,24,4,4,True
2025-02-12,8.1643,24,4,4,True
2025-02-13,8.4739,24,4,4,True
2025-02-14,8.8750,24,4,4,True
2025-02-15,7.8910,24,4,4,True
2025-02-16,6.8613,24,4,4,True
2025-02-17,6.9550,24,4,4,True
2025-02-18,7.0600,24,4,4,True
2025-02-19,7.6945,24,4,4,True
2025-02-20,8.2245,24,4,4,True
2025-02-21,8.4911,24,4,4,True
2025-02-22,9.0786,24,4,4,True
2025-02-23,9.5183,24,4,4,True
2025-02-24,9.1641,24,4,4,True
2025-02-25,9.4749,24,4,4,True
2025-02-26,9.0199,24,4,4,True
2025-02-27,8.4819,24,4,4,True
2025-02-28,8.5118,24,4,4,True
2025-03-01,7.6032,24,4,4,True
2025-03-02,7.2364,24,4,4,True
2025-03-03,7.3240,24,4,4,True
2025-03-04,7.7912,24,4,4,True
2025-03-05,8.1663,24,4,4,True
2025-03-06,8.6033,24,4,4,True
2025-03-07,9.3037,24,4,4,True
2025-03-08,9.8832,24,4,4,True
2025-03-09,10.2529,24,4,4,True
2025-03-10,10.1255,24,4,4,True
2025-03-11,9.8690,24,4,4,True
2025-03-12,8.9860,24,4,4,True
2025-03-13,8.5960,24,4,4,True
2025-03-14,8.1165,24,4,4,True
2025-03-15,7.4936,24,4,4,True
2025-03-16,7.0000,24,4,4,True
2025-03-17,7.0349,24,4,4,True
2025-03-18,7.4496,24,4,4,True
2025-03-19,8.8580,24,4,4,True
2025-03-20,9.5759,24,4,4,True
2025-03-21,10.1157,24,4,4,True
2025-03-22,10.1997,24,4,4,True
2025-03-23,9.9561,24,4,4,True
2025-03-24,10.1501,24,4,4,True
2025-03-25,10.4068,24,4,4,True
2025-03-26,10.5633,24,4,4,True
2025-03-27,10.7969,24,4,4,True
2025-03-28,10.5261,24,4,4,True
2025-03-29,10.4140,24,4,4,True
2025-03-30,9.7229,22,4,4,True
2025-03-31,10.4467,24,4,4,True
2025-04-01,11.0256,24,4,4,True
2025-04-02,11.0340,24,4,4,True
2025-04-03,11.0833,24,4,4,True
2025-04-04,11.3879,24,4,4,True
2025-04-05,12.0754,24,4,4,True
2025-04-06,13.0304,24,4,4,True
2025-04-07,13.4665,24,4,4,True
2025-04-08,13.5677,24,4,4,True
2025-04-09,13.7534,24,4,4,True
2025-04-10,13.9409,24,4,4,True
2025-04-11,14.3898,24,4,4,True
2025-04-12,14.7807,24,4,4,True
2025-04-13,14.7016,24,4,4,True
2025-04-14,14.2220,24,4,4,True
2025-04-15,13.6816,24,4,4,True
2025-04-16,12.4388,24,4,4,True
2025-04-17,11.6655,24,4,4,True
2025-04-18,11.8994,24,4,4,True
2025-04-19,12.6241,24,4,4,True
2025-04-20,12.1227,24,4,4,True
2025-04-21,12.1635,24,4,4,True
2025-04-22,12.2825,24,4,4,True
2025-04-23,11.8072,24,4,4,True
2025-04-24,12.0151,24,4,4,True
2025-04-25,12.5050,24,4,4,True
2025-04-26,12.6582,24,4,4,True
2025-04-27,12.8662,24,4,4,True
2025-04-28,13.4708,24,4,4,True
2025-04-29,14.2488,24,4,4,True
2025-04-30,14.9094,24,4,4,True
2025-05-01,15.4731,24,4,4,True
2025-05-02,15.5777,24,4,4,True
2025-05-03,15.9332,24,4,4,True
2025-05-04,16.3478,24,4,4,True
2025-05-05,15.2365,24,4,4,True
2025-05-06,13.8216,24,4,4,True
2025-05-07,12.8733,24,4,4,True
2025-05-08,12.6620,24,4,4,True
2025-05-09,12.9788,24,4,4,True
2025-05-10,14.1433,24,4,4,True
2025-05-11,14.3285,24,4,4,True
2025-05-12,13.6714,24,4,4,True
2025-05-13,13.8323,24,4,4,True
2025-05-14,14.6011,24,4,4,True
2025-05-15,15.1495,24,4,4,True
2025-05-16,15.5227,24,4,4,True
2025-05-17,15.6259,24,4,4,True
2025-05-18,15.8870,24,4,4,True
2025-05-19,16.4160,24,4,4,True
2025-05-20,16.3767,24,4,4,True
2025-05-21,15.9365,24,4,4,True
2025-05-22,15.4346,24,4,4,True
2025-05-23,15.0785,24,4,4,True
2025-05-24,15.3973,24,4,4,True
2025-05-25,15.7449,24,4,4,True
2025-05-26,16.5539,24,4,4,True
2025-05-27,16.6897,24,4,4,True
2025-05-28,17.1349,24,4,4,True
2025-05-29,18.0569,24,4,4,True
2025-05-30,19.2536,24,4,4,True
2025-05-31,20.5531,24,4,4,True
2025-06-01,20.7012,24,4,4,True
2025-06-02,19.9165,24,4,4,True
2025-06-03,19.5586,24,4,4,True
2025-06-04,19.4375,24,4,4,True
2025-06-05,18.8132,24,4,4,True
2025-06-06,19.0213,24,4,4,True
2025-06-07,19.2115,24,4,4,True
2025-06-08,18.8420,24,4,4,True
2025-06-09,18.9848,24,4,4,True
2025-06-10,19.4627,24,4,4,True
2025-06-11,20.6235,24,4,4,True
2025-06-12,22.0537,24,4,4,True
2025-06-13,22.3977,24,4,4,True
2025-06-14,23.0822,24,4,4,True
2025-06-15,22.5972,24,4,4,True
2025-06-16,21.9300,24,4,4,True
2025-06-17,21.8482,24,4,4,True
2025-06-18,22.2798,24,4,4,True
2025-06-19,22.8359,24,4,4,True
2025-06-20,23.6165,24,4,4,True
2025-06-21,24.1935,24,4,4,True
2025-06-22,24.5575,24,4,4,True
2025-06-23,25.0693,24,4,4,True
2025-06-24,25.0212,24,4,4,True
2025-06-25,25.2103,24,4,4,True
2025-06-26,24.0412,24,4,4,True
2025-06-27,23.4988,24,4,4,True
2025-06-28,24.3256,24,4,4,True
2025-06-29,25.2312,24,4,4,True
2025-06-30,26.0257,24,4,4,True
2025-07-01,26.2172,24,4,4,True
2025-07-02,25.8004,24,4,4,True
2025-07-03,25.5937,24,4,4,True
2025-07-04,25.4314,24,4,4,True
2025-07-05,25.3267,24,4,4,True
2025-07-06,23.4493,24,4,4,True
2025-07-07,21.9230,24,4,4,True
2025-07-08,21.2966,24,4,4,True
2025-07-09,20.9550,24,4,4,True
2025-07-10,21.2903,24,4,4,True
2025-07-11,21.8123,24,4,4,True
2025-07-12,22.3355,24,4,4,True
2025-07-13,21.4231,24,4,4,True
2025-07-14,22.2295,24,4,4,True
2025-07-15,22.7806,24,4,4,True
2025-07-16,22.3067,24,4,4,True
2025-07-17,22.7870,24,4,4,True
2025-07-18,23.6167,24,4,4,True
2025-07-19,23.6483,10,2,4,False
