date,mean_c,n_hours,n_quarters,qual_codes,eligible
2010-07-27,13.0520,4,1,4,False
2010-07-28,14.3159,24,4,4,True
2010-07-29,15.0280,24,4,4,True
2010-07-30,16.1897,24,4,4,True
2010-07-31,14.7705,24,4,4,True
2010-08-01,14.7961,24,4,4,True
2010-08-02,14.2064,24,4,4,True
2010-08-03,14.8576,24,4,4,True
2010-08-04,15.0778,24,4,4,True
2010-08-05,14.7881,24,4,4,True
2010-08-06,14.7487,24,4,4,True
2010-08-07,14.8321,24,4,4,True
2010-08-08,15.9221,24,4,4,True
2010-08-09,15.8276,24,4,4,True
2010-08-10,15.6744,24,4,4,True
2010-08-11,15.9818,24,4,4,True
2010-08-12,14.2614,24,4,4,True
2010-08-13,13.6667,24,4,4,True
2010-08-14,13.1614,24,4,4,True
2010-08-15,12.5117,24,4,4,True
2010-08-16,12.8248,24,4,4,True
2010-08-17,13.5784,24,4,4,True
2010-08-18,14.1655,24,4,4,True
2010-08-19,14.2976,24,4,4,True
2010-08-20,15.4331,24,4,4,True
2010-08-21,15.2066,24,4,4,True
2010-08-22,15.6310,24,4,4,True
2010-08-23,15.3897,24,4,4,True
2010-08-24,15.0824,24,4,4,True
2010-08-25,11.8701,24,4,4,True
2010-08-26,10.6307,24,4,4,True
2010-08-27,12.1657,24,4,4,True
2010-08-28,14.3258,24,4,4,True
2010-08-29,14.2207,24,4,4,True
2010-08-30,13.6542,24,4,4,True
2010-08-31,12.2295,24,4,4,True
2010-09-01,11.8711,24,4,4,True
2010-09-02,13.0007,24,4,4,True
2010-09-03,12.5360,24,4,4,True
2010-09-04,12.3882,24,4,4,True
2010-09-05,12.4930,24,4,4,True
2010-09-06,12.9050,24,4,4,True
2010-09-07,12.2488,24,4,4,True
2010-09-08,13.2886,24,4,4,True
2010-09-09,11.8358,24,4,4,True
2010-09-10,12.6095,24,4,4,True
2010-09-11,13.1252,24,4,4,True
2010-09-12,13.2815,24,4,4,True
2010-09-13,12.4120,24,4,4,True
2010-09-14,11.4991,24,4,4,True
2010-09-15,12.9726,24,4,4,True
2010-09-16,12.7425,24,4,4,True
2010-09-17,12.4887,24,4,4,True
2010-09-18,11.8075,24,4,4,True
2010-09-19,10.8339,24,4,4,True
2010-09-20,11.1232,24,4,4,True
2010-09-21,11.0178,24,4,4,True
2010-09-22,11.3159,24,4,4,True
2010-09-23,12.7601,24,4,4,True
2010-09-24,12.9402,24,4,4,True
2010-09-25,11.3371,24,4,4,True
2010-09-26,10.4314,24,4,4,True
2010-09-27,9.2737,24,4,4,True
2010-09-28,9.2819,24,4,4,True
2010-09-29,9.8258,24,4,4,True
2010-09-30,10.2421,24,4,4,True
2010-10-01,10.4351,24,4,4,True
2010-10-02,11.2434,24,4,4,True
2010-10-03,12.0264,24,4,4,True
2010-10-04,11.8946,24,4,4,True
2010-10-05,11.4813,24,4,4,True
2010-10-06,11.2215,24,4,4,True
2010-10-07,11.6523,24,4,4,True
2010-10-08,12.6628,24,4,4,True
2010-10-09,13.1088,24,4,4,True
2010-10-10,12.7678,24,4,4,True
2010-10-11,10.7432,24,4,4,True
2010-10-12,10.3641,24,4,4,True
2010-10-13,10.2610,24,4,4,True
2010-10-14,9.9640,24,4,4,True
2010-10-15,8.5030,24,4,4,True
2010-10-16,8.3462,24,4,4,True
2010-10-17,7.8876,24,4,4,True
2010-10-18,7.0565,24,4,4,True
2010-10-19,6.3615,24,4,4,True
2010-10-20,6.9167,24,4,4,True
2010-10-21,7.6767,24,4,4,True
2010-10-22,6.9036,24,4,4,True
2010-10-23,7.7049,24,4,4,True
2010-10-24,8.9662,24,4,4,True
2010-10-25,6.4325,24,4,4,True
2010-10-26,5.3187,24,4,4,True
2010-10-27,5.3739,24,4,4,True
2010-10-28,6.0739,24,4,4,True
2010-10-29,6.9783,24,4,4,True
2010-10-30,8.4505,24,4,4,True
2010-10-31,8.2163,24,4,4,True
2010-11-01,7.4594,24,4,4,True
2010-11-02,7.2402,24,4,4,True
2010-11-03,7.5070,24,4,4,True
2010-11-04,7.8764,24,4,4,True
2010-11-05,7.5813,24,4,4,True
2010-11-06,7.4176,24,4,4,True
2010-11-07,7.7611,24,4,4,True
2010-11-08,6.3395,24,4,4,True
2010-11-09,6.3934,24,4,4,True
2010-11-10,6.2439,24,4,4,True
2010-11-11,5.9483,24,4,4,True
2010-11-12,7.1027,24,4,4,True
2010-11-13,7.1938,24,4,4,True
2010-11-14,7.5405,24,4,4,True
2010-11-15,7.5906,24,4,4,True
2010-11-16,6.1406,24,4,4,True
2010-11-17,5.1505,24,4,4,True
2010-11-18,5.7347,24,4,4,True
2010-11-19,5.2655,24,4,4,True
2010-11-20,5.3723,24,4,4,True
2010-11-21,5.0143,24,4,4,True
2010-11-22,5.4376,24,4,4,True
2010-11-23,5.5016,24,4,4,True
2010-11-24,5.1588,24,4,4,True
2010-11-25,4.4326,24,4,4,True
2010-11-26,4.2874,24,4,4,True
2010-11-27,3.3860,24,4,4,True
2010-11-28,3.4123,24,4,4,True
2010-11-29,3.2675,24,4,4,True
2010-11-30,4.2029,24,4,4,True
2010-12-01,4.2348,24,4,4,True
2010-12-02,3.4855,24,4,4,True
2010-12-03,3.3125,24,4,4,True
2010-12-04,3.4190,24,4,4,True
2010-12-05,4.6759,24,4,4,True
2010-12-06,5.6982,24,4,4,True
2010-12-07,6.0812,24,4,4,True
2010-12-08,6.4583,24,4,4,True
2010-12-09,6.1808,24,4,4,True
2010-12-10,4.8462,24,4,4,True
2010-12-11,3.8550,24,4,4,True
2010-12-12,3.8739,24,4,4,True
2010-12-13,3.8700,24,4,4,True
2010-12-14,3.1865,24,4,4,True
2010-12-15,2.8016,24,4,4,True
2010-12-16,2.3567,24,4,4,True
2010-12-17,2.7474,24,4,4,True
2010-12-18,2.3780,24,4,4,True
2010-12-19,2.2419,24,4,4,True
2010-12-20,2.2885,24,4,4,True
2010-12-21,3.1726,24,4,4,True
2010-12-22,4.7475,24,4,4,True
2010-12-23,5.0792,24,4,4,True
2010-12-24,3.9805,23,4,4,True
2010-12-25,2.6038,24,4,4,True
2010-12-26,1.4953,24,4,4,True
2010-12-27,2.3868,24,4,4,True
2010-12-28,2.9660,24,4,4,True
2010-12-29,3.2571,24,4,4,True
2010-12-30,4.2630,24,4,4,True
2010-12-31,4.6863,24,4,4,True
2011-01-01,5.0222,24,4,4,True
2011-01-02,4.8308,24,4,4,True
2011-01-03,4.0250,24,4,4,True
2011-01-04,3.1004,24,4,4,True
2011-01-05,3.6090,24,4,4,True
2011-01-06,5.0534,24,4,4,True
2011-01-07,6.1222,24,4,4,True
2011-01-08,6.2213,24,4,4,True
2011-01-09,6.2289,24,4,4,True
2011-01-10,5.0177,24,4,4,True
2011-01-11,4.8320,24,4,4,True
2011-01-12,4.9296,24,4,4,True
2011-01-13,5.1523,24,4,4,True
2011-01-14,4.4026,24,4,4,True
2011-01-15,4.5424,24,4,4,True
2011-01-16,4.3280,24,4,4,True
2011-01-17,3.8624,24,4,4,True
2011-01-18,3.9192,24,4,4,True
2011-01-19,5.1206,24,4,4,True
2011-01-20,4.6183,24,4,4,True
2011-01-21,2.3953,24,4,4,True
2011-01-22,2.2085,24,4,4,True
2011-01-23,1.1950,24,4,4,True
2011-01-24,1.1855,24,4,4,True
2011-01-25,1.2353,24,4,4,True
2011-01-26,1.6525,24,4,4,True
2011-01-27,1.4303,24,4,4,True
2011-01-28,2.2328,24,4,4,True
2011-01-29,3.1263,24,4,4,True
2011-01-30,3.9035,24,4,4,True
2011-01-31,3.9214,24,4,4,True
2011-02-01,3.6228,24,4,4,True
2011-02-02,2.8287,24,4,4,True
2011-02-03,2.9910,24,4,4,True
2011-02-04,3.7201,24,4,4,True
2011-02-05,3.8464,24,4,4,True
2011-02-06,3.5613,24,4,4,True
2011-02-07,3.9385,24,4,4,True
2011-02-08,3.9260,24,4,4,True
2011-02-09,3.7622,24,4,4,True
2011-02-10,3.9895,24,4,4,True
2011-02-11,4.0855,24,4,4,True
2011-02-12,4.5461,24,4,4,True
2011-02-13,5.2868,24,4,4,True
2011-02-14,4.9033,24,4,4,True
2011-02-15,4.8743,24,4,4,True
2011-02-16,5.1051,24,4,4,True
2011-02-17,4.5588,24,4,4,True
2011-02-18,4.1974,24,4,4,True
2011-02-19,4.3213,24,4,4,True
2011-02-20,5.9184,24,4,4,True
2011-02-21,5.3463,24,4,4,True
2011-02-22,5.1310,24,4,4,True
2011-02-23,4.3350,24,4,4,True
2011-02-24,5.0172,24,4,4,True
2011-02-25,5.7887,24,4,4,True
2011-02-26,5.4672,24,4,4,True
2011-02-27,4.7333,24,4,4,True
2011-02-28,3.6870,24,4,4,True
2011-03-01,3.7188,24,4,4,True
2011-03-02,3.5357,24,4,4,True
2011-03-03,3.9641,24,4,4,True
2011-03-04,4.3642,24,4,4,True
2011-03-05,4.8580,24,4,4,True
2011-03-06,5.2442,24,4,4,True
2011-03-07,4.9054,24,4,4,True
2011-03-08,5.3018,24,4,4,True
2011-03-09,5.7118,24,4,4,True
2011-03-10,6.2348,24,4,4,True
2011-03-11,5.9777,24,4,4,True
2011-03-12,6.6512,24,4,4,True
2011-03-13,7.1078,24,4,4,True
2011-03-14,7.0086,24,4,4,True
2011-03-15,7.0773,24,4,4,True
2011-03-16,6.3680,24,4,4,True
2011-03-17,5.7934,24,4,4,True
2011-03-18,6.3285,24,4,4,True
2011-03-19,6.6200,24,4,4,True
2011-03-20,6.7195,24,4,4,True
2011-03-21,6.7455,24,4,4,True
2011-03-22,6.6184,24,4,4,True
2011-03-23,5.6538,24,4,4,True
2011-03-24,6.0255,24,4,4,True
2011-03-25,6.4533,24,4,4,True
2011-03-26,6.7675,24,4,4,True
2011-03-27,7.6561,23,4,4,True
2011-03-28,7.0937,24,4,4,True
2011-03-29,6.9329,24,4,4,True
2011-03-30,7.0606,24,4,4,True
2011-03-31,7.2442,24,4,4,True
2011-04-01,6.7889,24,4,4,True
2011-04-02,7.5839,24,4,4,True
2011-04-03,8.0793,24,4,4,True
2011-04-04,7.2933,24,4,4,True
2011-04-05,7.3203,24,4,4,True
2011-04-06,7.9980,24,4,4,True
2011-04-07,7.8624,24,4,4,True
2011-04-08,8.4630,24,4,4,True
2011-04-09,9.2154,24,4,4,True
2011-04-10,8.4809,24,4,4,True
2011-04-11,7.8769,24,4,4,True
2011-04-12,8.0072,24,4,4,True
2011-04-13,7.5245,24,4,4,True
2011-04-14,7.3114,24,4,4,True
2011-04-15,7.5438,24,4,4,True
2011-04-16,7.8015,24,4,4,True
2011-04-17,7.6332,24,4,4,True
2011-04-18,7.6760,24,4,4,True
2011-04-19,7.6926,24,4,4,True
2011-04-20,7.8268,24,4,4,True
2011-04-21,8.7748,24,4,4,True
2011-04-22,8.2783,24,4,4,True
2011-04-23,8.6554,24,4,4,True
2011-04-24,8.9868,24,4,4,True
2011-04-25,8.8026,24,4,4,True
2011-04-26,9.1631,24,4,4,True
2011-04-27,9.2006,24,4,4,True
2011-04-28,7.9826,24,4,4,True
2011-04-29,7.2942,24,4,4,True
2011-04-30,8.4807,24,4,4,True
2011-05-01,9.7263,24,4,4,True
2011-05-02,8.7107,24,4,4,True
2011-05-03,8.6848,24,4,4,True
2011-05-04,9.0135,24,4,4,True
2011-05-05,9.3682,24,4,4,True
2011-05-06,9.9307,24,4,4,True
2011-05-07,9.8298,24,4,4,True
2011-05-08,10.7476,24,4,4,True
2011-05-09,10.9285,24,4,4,True
2011-05-10,11.2729,24,4,4,True
2011-05-11,11.2273,24,4,4,True
2011-05-12,10.5222,24,4,4,True
2011-05-13,11.4054,24,4,4,True
2011-05-14,9.4055,24,4,4,True
2011-05-15,9.5822,24,4,4,True
2011-05-16,10.0540,24,4,4,True
2011-05-17,9.6586,24,4,4,True
2011-05-18,9.2316,24,4,4,True
2011-05-19,8.3813,24,4,4,True
2011-05-20,8.1732,24,4,4,True
2011-05-21,9.3250,24,4,4,True
2011-05-22,10.7658,24,4,4,True
2011-05-23,11.1092,23,4,4,True
2011-05-24,11.7575,24,4,4,True
2011-05-25,12.2584,24,4,4,True
2011-05-26,10.4677,24,4,4,True
2011-05-27,11.3890,24,4,4,True
2011-05-28,11.3576,24,4,4,True
2011-05-29,10.9170,24,4,4,True
2011-05-30,10.4755,24,4,4,True
2011-05-31,11.9857,24,4,4,True
2011-06-01,9.6065,24,4,4,True
2011-06-02,7.1717,24,4,4,True
2011-06-03,8.4206,24,4,4,True
2011-06-04,8.9027,24,4,4,True
2011-06-05,9.4694,24,4,4,True
2011-06-06,9.6655,24,4,4,True
2011-06-07,9.1899,24,4,4,True
2011-06-08,8.8543,24,4,4,True
2011-06-09,9.3928,24,4,4,True
2011-06-10,9.0979,24,4,4,True
2011-06-11,9.1702,24,4,4,True
2011-06-12,9.8934,24,4,4,True
2011-06-13,10.4298,24,4,4,True
2011-06-14,11.2110,24,4,4,True
2011-06-15,11.9636,24,4,4,True
2011-06-16,12.4808,24,4,4,True
2011-06-17,10.3637,24,4,4,True
2011-06-18,9.5483,24,4,4,True
2011-06-19,10.4627,24,4,4,True
2011-06-20,11.2444,24,4,4,True
2011-06-21,10.8539,24,4,4,True
2011-06-22,10.4655,24,4,4,True
2011-06-23,11.9735,24,4,4,True
2011-06-24,12.3784,24,4,4,True
2011-06-25,10.6580,24,4,4,True
2011-06-26,11.7012,24,4,4,True
2011-06-27,13.5508,24,4,4,True
2011-06-28,13.1583,24,4,4,True
2011-06-29,12.8446,24,4,4,True
2011-06-30,11.9728,24,4,4,True
2011-07-01,11.9436,24,4,4,True
2011-07-02,12.4247,24,4,4,True
2011-07-03,13.8038,24,4,4,True
2011-07-04,12.9903,24,4,4,True
2011-07-05,10.4452,24,4,4,True
2011-07-06,11.9537,24,4,4,True
2011-07-07,14.1006,24,4,4,True
2011-07-08,13.8154,24,4,4,True
2011-07-09,13.0487,24,4,4,True
2011-07-10,14.9362,24,4,4,True
2011-07-11,15.4625,24,4,4,True
2011-07-12,14.3199,24,4,4,True
2011-07-13,13.8717,24,4,4,True
2011-07-14,13.1735,24,4,4,True
2011-07-15,12.5933,24,4,4,True
2011-07-16,13.5426,24,4,4,True
2011-07-17,14.7010,24,4,4,True
2011-07-18,13.4480,24,4,4,True
2011-07-19,13.2792,24,4,4,True
2011-07-20,13.0816,24,4,4,True
2011-07-21,13.7032,24,4,4,True
2011-07-22,12.6497,24,4,4,True
2011-07-23,12.0522,24,4,4,True
2011-07-24,11.8675,24,4,4,True
2011-07-25,11.5466,24,4,4,True
2011-07-26,9.8714,24,4,4,True
2011-07-27,9.2629,24,4,4,True
2011-07-28,8.9260,24,4,4,True
2011-07-29,8.8200,24,4,4,True
2011-07-30,10.6226,24,4,4,True
2011-07-31,11.7933,24,4,4,True
2011-08-01,11.1835,24,4,4,True
2011-08-02,10.6681,24,4,4,True
2011-08-03,10.7258,24,4,4,True
2011-08-04,11.9064,24,4,4,True
2011-08-05,10.2174,24,4,4,True
2011-08-06,12.1732,24,4,4,True
2011-08-07,14.1613,24,4,4,True
2011-08-08,13.6346,24,4,4,True
2011-08-09,13.2736,24,4,4,True
2011-08-10,12.4790,24,4,4,True
2011-08-11,13.5165,24,4,4,True
2011-08-12,11.5318,24,4,4,True
2011-08-13,12.2877,24,4,4,True
2011-08-14,11.8965,24,4,4,True
2011-08-15,9.7973,24,4,4,True
2011-08-16,10.2512,24,4,4,True
2011-08-17,10.7283,24,4,4,True
2011-08-18,12.1772,24,4,4,True
2011-08-19,15.2625,24,4,4,True
2011-08-20,14.9096,24,4,4,True
2011-08-21,15.1431,24,4,4,True
2011-08-22,15.3686,24,4,4,True
2011-08-23,14.4130,24,4,4,True
2011-08-24,11.4298,24,4,4,True
2011-08-25,12.5859,24,4,4,True
2011-08-26,13.2894,24,4,4,True
2011-08-27,12.2202,24,4,4,True
2011-08-28,13.7553,24,4,4,True
2011-08-29,13.5305,24,4,4,True
2011-08-30,12.9759,24,4,4,True
2011-08-31,12.7109,13,3,4,False
2011-09-01,,0,0,,False
2011-09-02,,0,0,,False
2011-09-03,,0,0,,False
2011-09-04,,0,0,,False
2011-09-05,,0,0,,False
2011-09-06,,0,0,,False
2011-09-07,,0,0,,False
2011-09-08,,0,0,,False
2011-09-09,,0,0,,False
2011-09-10,,0,0,,False
2011-09-11,,0,0,,False
2011-09-12,,0,0,,False
2011-09-13,,0,0,,False
2011-09-14,,0,0,,False
2011-09-15,,0,0,,False
2011-09-16,,0,0,,False
2011-09-17,,0,0,,False
2011-09-18,,0,0,,False
2011-09-19,,0,0,,False
2011-09-20,,0,0,,False
2011-09-21,,0,0,,False
2011-09-22,,0,0,,False
2011-09-23,,0,0,,False
2011-09-24,,0,0,,False
2011-09-25,,0,0,,False
2011-09-26,,0,0,,False
2011-09-27,,0,0,,False
2011-09-28,,0,0,,False
2011-09-29,,0,0,,False
2011-09-30,,0,0,,False
2011-10-01,,0,0,,False
2011-10-02,,0,0,,False
2011-10-03,,0,0,,False
2011-10-04,,0,0,,False
2011-10-05,,0,0,,False
2011-10-06,,0,0,,False
2011-10-07,,0,0,,False
2011-10-08,,0,0,,False
2011-10-09,,0,0,,False
2011-10-10,,0,0,,False
2011-10-11,,0,0,,False
2011-10-12,,0,0,,False
2011-10-13,,0,0,,False
2011-10-14,,0,0,,False
2011-10-15,,0,0,,False
2011-10-16,,0,0,,False
2011-10-17,,0,0,,False
2011-10-18,,0,0,,False
2011-10-19,,0,0,,False
2011-10-20,,0,0,,False
2011-10-21,,0,0,,False
2011-10-22,,0,0,,False
2011-10-23,,0,0,,False
2011-10-24,,0,0,,False
2011-10-25,,0,0,,False
2011-10-26,,0,0,,False
2011-10-27,,0,0,,False
2011-10-28,,0,0,,False
2011-10-29,,0,0,,False
2011-10-30,,0,0,,False
2011-10-31,,0,0,,False
2011-11-01,,0,0,,False
2011-11-02,,0,0,,False
2011-11-03,,0,0,,False
2011-11-04,,0,0,,False
2011-11-05,,0,0,,False
2011-11-06,,0,0,,False
2011-11-07,,0,0,,False
2011-11-08,,0,0,,False
2011-11-09,,0,0,,False
2011-11-10,,0,0,,False
2011-11-11,,0,0,,False
2011-11-12,,0,0,,False
2011-11-13,,0,0,,False
2011-11-14,,0,0,,False
2011-11-15,,0,0,,False
2011-11-16,,0,0,,False
2011-11-17,,0,0,,False
2011-11-18,,0,0,,False
2011-11-19,,0,0,,False
2011-11-20,,0,0,,False
2011-11-21,,0,0,,False
2011-11-22,,0,0,,False
2011-11-23,,0,0,,False
2011-11-24,,0,0,,False
2011-11-25,,0,0,,False
2011-11-26,,0,0,,False
2011-11-27,,0,0,,False
2011-11-28,,0,0,,False
2011-11-29,,0,0,,False
2011-11-30,,0,0,,False
2011-12-01,,0,0,,False
2011-12-02,,0,0,,False
2011-12-03,,0,0,,False
2011-12-04,,0,0,,False
2011-12-05,,0,0,,False
2011-12-06,,0,0,,False
2011-12-07,,0,0,,False
2011-12-08,,0,0,,False
2011-12-09,,0,0,,False
2011-12-10,,0,0,,False
2011-12-11,,0,0,,False
2011-12-12,,0,0,,False
2011-12-13,,0,0,,False
2011-12-14,,0,0,,False
2011-12-15,,0,0,,False
2011-12-16,,0,0,,False
2011-12-17,,0,0,,False
2011-12-18,,0,0,,False
2011-12-19,,0,0,,False
2011-12-20,,0,0,,False
2011-12-21,,0,0,,False
2011-12-22,,0,0,,False
2011-12-23,,0,0,,False
2011-12-24,,0,0,,False
2011-12-25,,0,0,,False
2011-12-26,,0,0,,False
2011-12-27,,0,0,,False
2011-12-28,,0,0,,False
2011-12-29,,0,0,,False
2011-12-30,,0,0,,False
2011-12-31,,0,0,,False
2012-01-01,,0,0,,False
2012-01-02,,0,0,,False
2012-01-03,,0,0,,False
2012-01-04,,0,0,,False
2012-01-05,,0,0,,False
2012-01-06,,0,0,,False
2012-01-07,,0,0,,False
2012-01-08,,0,0,,False
2012-01-09,,0,0,,False
2012-01-10,,0,0,,False
2012-01-11,,0,0,,False
2012-01-12,,0,0,,False
2012-01-13,,0,0,,False
2012-01-14,,0,0,,False
2012-01-15,,0,0,,False
2012-01-16,,0,0,,False
2012-01-17,,0,0,,False
2012-01-18,,0,0,,False
2012-01-19,,0,0,,False
2012-01-20,,0,0,,False
2012-01-21,,0,0,,False
2012-01-22,,0,0,,False
2012-01-23,,0,0,,False
2012-01-24,,0,0,,False
2012-01-25,,0,0,,False
2012-01-26,,0,0,,False
2012-01-27,,0,0,,False
2012-01-28,,0,0,,False
2012-01-29,,0,0,,False
2012-01-30,,0,0,,False
2012-01-31,,0,0,,False
2012-02-01,,0,0,,False
2012-02-02,,0,0,,False
2012-02-03,,0,0,,False
2012-02-04,,0,0,,False
2012-02-05,,0,0,,False
2012-02-06,,0,0,,False
2012-02-07,,0,0,,False
2012-02-08,,0,0,,False
2012-02-09,,0,0,,False
2012-02-10,,0,0,,False
2012-02-11,,0,0,,False
2012-02-12,,0,0,,False
2012-02-13,,0,0,,False
2012-02-14,,0,0,,False
2012-02-15,,0,0,,False
2012-02-16,,0,0,,False
2012-02-17,,0,0,,False
2012-02-18,,0,0,,False
2012-02-19,,0,0,,False
2012-02-20,,0,0,,False
2012-02-21,,0,0,,False
2012-02-22,,0,0,,False
2012-02-23,,0,0,,False
2012-02-24,,0,0,,False
2012-02-25,,0,0,,False
2012-02-26,,0,0,,False
2012-02-27,,0,0,,False
2012-02-28,,0,0,,False
2012-02-29,,0,0,,False
2012-03-01,,0,0,,False
2012-03-02,,0,0,,False
2012-03-03,,0,0,,False
2012-03-04,,0,0,,False
2012-03-05,,0,0,,False
2012-03-06,,0,0,,False
2012-03-07,,0,0,,False
2012-03-08,,0,0,,False
2012-03-09,,0,0,,False
2012-03-10,,0,0,,False
2012-03-11,,0,0,,False
2012-03-12,,0,0,,False
2012-03-13,,0,0,,False
2012-03-14,,0,0,,False
2012-03-15,,0,0,,False
2012-03-16,,0,0,,False
2012-03-17,,0,0,,False
2012-03-18,,0,0,,False
2012-03-19,,0,0,,False
2012-03-20,,0,0,,False
2012-03-21,,0,0,,False
2012-03-22,,0,0,,False
2012-03-23,,0,0,,False
2012-03-24,,0,0,,False
2012-03-25,,0,0,,False
2012-03-26,,0,0,,False
2012-03-27,,0,0,,False
2012-03-28,,0,0,,False
2012-03-29,,0,0,,False
2012-03-30,,0,0,,False
2012-03-31,,0,0,,False
2012-04-01,,0,0,,False
2012-04-02,,0,0,,False
2012-04-03,,0,0,,False
2012-04-04,,0,0,,False
2012-04-05,,0,0,,False
2012-04-06,,0,0,,False
2012-04-07,,0,0,,False
2012-04-08,,0,0,,False
2012-04-09,,0,0,,False
2012-04-10,,0,0,,False
2012-04-11,,0,0,,False
2012-04-12,,0,0,,False
2012-04-13,,0,0,,False
2012-04-14,,0,0,,False
2012-04-15,,0,0,,False
2012-04-16,,0,0,,False
2012-04-17,,0,0,,False
2012-04-18,,0,0,,False
2012-04-19,,0,0,,False
2012-04-20,,0,0,,False
2012-04-21,,0,0,,False
2012-04-22,,0,0,,False
2012-04-23,,0,0,,False
2012-04-24,,0,0,,False
2012-04-25,,0,0,,False
2012-04-26,,0,0,,False
2012-04-27,,0,0,,False
2012-04-28,,0,0,,False
2012-04-29,,0,0,,False
2012-04-30,,0,0,,False
2012-05-01,,0,0,,False
2012-05-02,,0,0,,False
2012-05-03,,0,0,,False
2012-05-04,,0,0,,False
2012-05-05,,0,0,,False
2012-05-06,,0,0,,False
2012-05-07,,0,0,,False
2012-05-08,,0,0,,False
2012-05-09,,0,0,,False
2012-05-10,,0,0,,False
2012-05-11,,0,0,,False
2012-05-12,,0,0,,False
2012-05-13,,0,0,,False
2012-05-14,,0,0,,False
2012-05-15,,0,0,,False
2012-05-16,,0,0,,False
2012-05-17,,0,0,,False
2012-05-18,,0,0,,False
2012-05-19,,0,0,,False
2012-05-20,,0,0,,False
2012-05-21,,0,0,,False
2012-05-22,,0,0,,False
2012-05-23,,0,0,,False
2012-05-24,,0,0,,False
2012-05-25,,0,0,,False
2012-05-26,,0,0,,False
2012-05-27,,0,0,,False
2012-05-28,,0,0,,False
2012-05-29,,0,0,,False
2012-05-30,,0,0,,False
2012-05-31,,0,0,,False
2012-06-01,,0,0,,False
2012-06-02,,0,0,,False
2012-06-03,,0,0,,False
2012-06-04,,0,0,,False
2012-06-05,,0,0,,False
2012-06-06,,0,0,,False
2012-06-07,,0,0,,False
2012-06-08,,0,0,,False
2012-06-09,,0,0,,False
2012-06-10,,0,0,,False
2012-06-11,,0,0,,False
2012-06-12,,0,0,,False
2012-06-13,,0,0,,False
2012-06-14,,0,0,,False
2012-06-15,,0,0,,False
2012-06-16,,0,0,,False
2012-06-17,,0,0,,False
2012-06-18,,0,0,,False
2012-06-19,,0,0,,False
2012-06-20,,0,0,,False
2012-06-21,,0,0,,False
2012-06-22,,0,0,,False
2012-06-23,,0,0,,False
2012-06-24,,0,0,,False
2012-06-25,,0,0,,False
2012-06-26,,0,0,,False
2012-06-27,,0,0,,False
2012-06-28,,0,0,,False
2012-06-29,,0,0,,False
2012-06-30,,0,0,,False
2012-07-01,,0,0,,False
2012-07-02,,0,0,,False
2012-07-03,,0,0,,False
2012-07-04,,0,0,,False
2012-07-05,,0,0,,False
2012-07-06,,0,0,,False
2012-07-07,,0,0,,False
2012-07-08,,0,0,,False
2012-07-09,,0,0,,False
2012-07-10,,0,0,,False
2012-07-11,,0,0,,False
2012-07-12,,0,0,,False
2012-07-13,,0,0,,False
2012-07-14,,0,0,,False
2012-07-15,,0,0,,False
2012-07-16,,0,0,,False
2012-07-17,,0,0,,False
2012-07-18,,0,0,,False
2012-07-19,,0,0,,False
2012-07-20,,0,0,,False
2012-07-21,,0,0,,False
2012-07-22,,0,0,,False
2012-07-23,,0,0,,False
2012-07-24,,0,0,,False
2012-07-25,,0,0,,False
2012-07-26,,0,0,,False
2012-07-27,,0,0,,False
2012-07-28,,0,0,,False
2012-07-29,,0,0,,False
2012-07-30,,0,0,,False
2012-07-31,,0,0,,False
2012-08-01,,0,0,,False
2012-08-02,,0,0,,False
2012-08-03,,0,0,,False
2012-08-04,,0,0,,False
2012-08-05,,0,0,,False
2012-08-06,,0,0,,False
2012-08-07,,0,0,,False
2012-08-08,,0,0,,False
2012-08-09,,0,0,,False
2012-08-10,,0,0,,False
2012-08-11,,0,0,,False
2012-08-12,,0,0,,False
2012-08-13,,0,0,,False
2012-08-14,,0,0,,False
2012-08-15,,0,0,,False
2012-08-16,,0,0,,False
2012-08-17,,0,0,,False
2012-08-18,,0,0,,False
2012-08-19,,0,0,,False
2012-08-20,,0,0,,False
2012-08-21,,0,0,,False
2012-08-22,,0,0,,False
2012-08-23,,0,0,,False
2012-08-24,,0,0,,False
2012-08-25,,0,0,,False
2012-08-26,,0,0,,False
2012-08-27,,0,0,,False
2012-08-28,,0,0,,False
2012-08-29,,0,0,,False
2012-08-30,,0,0,,False
2012-08-31,,0,0,,False
2012-09-01,,0,0,,False
2012-09-02,,0,0,,False
2012-09-03,,0,0,,False
2012-09-04,,0,0,,False
2012-09-05,,0,0,,False
2012-09-06,,0,0,,False
2012-09-07,,0,0,,False
2012-09-08,,0,0,,False
2012-09-09,,0,0,,False
2012-09-10,,0,0,,False
2012-09-11,,0,0,,False
2012-09-12,,0,0,,False
2012-09-13,,0,0,,False
2012-09-14,,0,0,,False
2012-09-15,,0,0,,False
2012-09-16,,0,0,,False
2012-09-17,,0,0,,False
2012-09-18,,0,0,,False
2012-09-19,,0,0,,False
2012-09-20,,0,0,,False
2012-09-21,,0,0,,False
2012-09-22,,0,0,,False
2012-09-23,,0,0,,False
2012-09-24,,0,0,,False
2012-09-25,,0,0,,False
2012-09-26,,0,0,,False
2012-09-27,,0,0,,False
2012-09-28,,0,0,,False
2012-09-29,,0,0,,False
2012-09-30,,0,0,,False
2012-10-01,,0,0,,False
2012-10-02,,0,0,,False
2012-10-03,,0,0,,False
2012-10-04,,0,0,,False
2012-10-05,,0,0,,False
2012-10-06,,0,0,,False
2012-10-07,,0,0,,False
2012-10-08,,0,0,,False
2012-10-09,,0,0,,False
2012-10-10,,0,0,,False
2012-10-11,,0,0,,False
2012-10-12,,0,0,,False
2012-10-13,,0,0,,False
2012-10-14,,0,0,,False
2012-10-15,,0,0,,False
2012-10-16,,0,0,,False
2012-10-17,,0,0,,False
2012-10-18,,0,0,,False
2012-10-19,,0,0,,False
2012-10-20,,0,0,,False
2012-10-21,,0,0,,False
2012-10-22,,0,0,,False
2012-10-23,,0,0,,False
2012-10-24,,0,0,,False
2012-10-25,,0,0,,False
2012-10-26,,0,0,,False
2012-10-27,,0,0,,False
2012-10-28,,0,0,,False
2012-10-29,,0,0,,False
2012-10-30,,0,0,,False
2012-10-31,,0,0,,False
2012-11-01,,0,0,,False
2012-11-02,,0,0,,False
2012-11-03,,0,0,,False
2012-11-04,,0,0,,False
2012-11-05,,0,0,,False
2012-11-06,,0,0,,False
2012-11-07,,0,0,,False
2012-11-08,,0,0,,False
2012-11-09,,0,0,,False
2012-11-10,,0,0,,False
2012-11-11,,0,0,,False
2012-11-12,,0,0,,False
2012-11-13,,0,0,,False
2012-11-14,,0,0,,False
2012-11-15,,0,0,,False
2012-11-16,,0,0,,False
2012-11-17,,0,0,,False
2012-11-18,,0,0,,False
2012-11-19,,0,0,,False
2012-11-20,,0,0,,False
2012-11-21,,0,0,,False
2012-11-22,,0,0,,False
2012-11-23,,0,0,,False
2012-11-24,,0,0,,False
2012-11-25,,0,0,,False
2012-11-26,,0,0,,False
2012-11-27,,0,0,,False
2012-11-28,,0,0,,False
2012-11-29,,0,0,,False
2012-11-30,,0,0,,False
2012-12-01,,0,0,,False
2012-12-02,,0,0,,False
2012-12-03,,0,0,,False
2012-12-04,,0,0,,False
2012-12-05,,0,0,,False
2012-12-06,,0,0,,False
2012-12-07,,0,0,,False
2012-12-08,,0,0,,False
2012-12-09,,0,0,,False
2012-12-10,,0,0,,False
2012-12-11,,0,0,,False
2012-12-12,,0,0,,False
2012-12-13,,0,0,,False
2012-12-14,,0,0,,False
2012-12-15,,0,0,,False
2012-12-16,,0,0,,False
2012-12-17,,0,0,,False
2012-12-18,,0,0,,False
2012-12-19,,0,0,,False
2012-12-20,,0,0,,False
2012-12-21,,0,0,,False
2012-12-22,,0,0,,False
2012-12-23,,0,0,,False
2012-12-24,,0,0,,False
2012-12-25,,0,0,,False
2012-12-26,,0,0,,False
2012-12-27,,0,0,,False
2012-12-28,,0,0,,False
2012-12-29,,0,0,,False
2012-12-30,,0,0,,False
2012-12-31,,0,0,,False
2013-01-01,,0,0,,False
2013-01-02,,0,0,,False
2013-01-03,,0,0,,False
2013-01-04,,0,0,,False
2013-01-05,,0,0,,False
2013-01-06,,0,0,,False
2013-01-07,,0,0,,False
2013-01-08,,0,0,,False
2013-01-09,,0,0,,False
2013-01-10,,0,0,,False
2013-01-11,,0,0,,False
2013-01-12,,0,0,,False
2013-01-13,,0,0,,False
2013-01-14,,0,0,,False
2013-01-15,,0,0,,False
2013-01-16,,0,0,,False
2013-01-17,,0,0,,False
2013-01-18,,0,0,,False
2013-01-19,,0,0,,False
2013-01-20,,0,0,,False
2013-01-21,,0,0,,False
2013-01-22,,0,0,,False
2013-01-23,,0,0,,False
2013-01-24,,0,0,,False
2013-01-25,,0,0,,False
2013-01-26,,0,0,,False
2013-01-27,,0,0,,False
2013-01-28,,0,0,,False
2013-01-29,,0,0,,False
2013-01-30,,0,0,,False
2013-01-31,,0,0,,False
2013-02-01,,0,0,,False
2013-02-02,,0,0,,False
2013-02-03,,0,0,,False
2013-02-04,,0,0,,False
2013-02-05,,0,0,,False
2013-02-06,,0,0,,False
2013-02-07,,0,0,,False
2013-02-08,,0,0,,False
2013-02-09,,0,0,,False
2013-02-10,,0,0,,False
2013-02-11,,0,0,,False
2013-02-12,,0,0,,False
2013-02-13,,0,0,,False
2013-02-14,,0,0,,False
2013-02-15,,0,0,,False
2013-02-16,,0,0,,False
2013-02-17,,0,0,,False
2013-02-18,,0,0,,False
2013-02-19,,0,0,,False
2013-02-20,,0,0,,False
2013-02-21,,0,0,,False
2013-02-22,,0,0,,False
2013-02-23,,0,0,,False
2013-02-24,,0,0,,False
2013-02-25,,0,0,,False
2013-02-26,,0,0,,False
2013-02-27,,0,0,,False
2013-02-28,,0,0,,False
2013-03-01,,0,0,,False
2013-03-02,,0,0,,False
2013-03-03,,0,0,,False
2013-03-04,,0,0,,False
2013-03-05,,0,0,,False
2013-03-06,,0,0,,False
2013-03-07,,0,0,,False
2013-03-08,,0,0,,False
2013-03-09,,0,0,,False
2013-03-10,,0,0,,False
2013-03-11,,0,0,,False
2013-03-12,,0,0,,False
2013-03-13,,0,0,,False
2013-03-14,,0,0,,False
2013-03-15,,0,0,,False
2013-03-16,,0,0,,False
2013-03-17,,0,0,,False
2013-03-18,,0,0,,False
2013-03-19,,0,0,,False
2013-03-20,,0,0,,False
2013-03-21,,0,0,,False
2013-03-22,,0,0,,False
2013-03-23,,0,0,,False
2013-03-24,,0,0,,False
2013-03-25,,0,0,,False
2013-03-26,,0,0,,False
2013-03-27,,0,0,,False
2013-03-28,,0,0,,False
2013-03-29,,0,0,,False
2013-03-30,,0,0,,False
2013-03-31,,0,0,,False
2013-04-01,,0,0,,False
2013-04-02,,0,0,,False
2013-04-03,,0,0,,False
2013-04-04,,0,0,,False
2013-04-05,,0,0,,False
2013-04-06,,0,0,,False
2013-04-07,,0,0,,False
2013-04-08,,0,0,,False
2013-04-09,,0,0,,False
2013-04-10,,0,0,,False
2013-04-11,,0,0,,False
2013-04-12,,0,0,,False
2013-04-13,,0,0,,False
2013-04-14,,0,0,,False
2013-04-15,,0,0,,False
2013-04-16,,0,0,,False
2013-04-17,,0,0,,False
2013-04-18,,0,0,,False
2013-04-19,,0,0,,False
2013-04-20,,0,0,,False
2013-04-21,,0,0,,False
2013-04-22,,0,0,,False
2013-04-23,,0,0,,False
2013-04-24,,0,0,,False
2013-04-25,,0,0,,False
2013-04-26,,0,0,,False
2013-04-27,,0,0,,False
2013-04-28,,0,0,,False
2013-04-29,,0,0,,False
2013-04-30,,0,0,,False
2013-05-01,,0,0,,False
2013-05-02,,0,0,,False
2013-05-03,,0,0,,False
2013-05-04,,0,0,,False
2013-05-05,,0,0,,False
2013-05-06,,0,0,,False
2013-05-07,,0,0,,False
2013-05-08,,0,0,,False
2013-05-09,,0,0,,False
2013-05-10,,0,0,,False
2013-05-11,,0,0,,False
2013-05-12,,0,0,,False
2013-05-13,,0,0,,False
2013-05-14,,0,0,,False
2013-05-15,,0,0,,False
2013-05-16,,0,0,,False
2013-05-17,,0,0,,False
2013-05-18,,0,0,,False
2013-05-19,,0,0,,False
2013-05-20,,0,0,,False
2013-05-21,,0,0,,False
2013-05-22,,0,0,,False
2013-05-23,,0,0,,False
2013-05-24,,0,0,,False
2013-05-25,,0,0,,False
2013-05-26,,0,0,,False
2013-05-27,,0,0,,False
2013-05-28,,0,0,,False
2013-05-29,,0,0,,False
2013-05-30,,0,0,,False
2013-05-31,,0,0,,False
2013-06-01,,0,0,,False
2013-06-02,,0,0,,False
2013-06-03,,0,0,,False
2013-06-04,,0,0,,False
2013-06-05,,0,0,,False
2013-06-06,,0,0,,False
2013-06-07,,0,0,,False
2013-06-08,,0,0,,False
2013-06-09,,0,0,,False
2013-06-10,,0,0,,False
2013-06-11,,0,0,,False
2013-06-12,,0,0,,False
2013-06-13,,0,0,,False
2013-06-14,,0,0,,False
2013-06-15,,0,0,,False
2013-06-16,,0,0,,False
2013-06-17,,0,0,,False
2013-06-18,,0,0,,False
2013-06-19,,0,0,,False
2013-06-20,,0,0,,False
2013-06-21,,0,0,,False
2013-06-22,,0,0,,False
2013-06-23,,0,0,,False
2013-06-24,,0,0,,False
2013-06-25,,0,0,,False
2013-06-26,,0,0,,False
2013-06-27,,0,0,,False
2013-06-28,,0,0,,False
2013-06-29,,0,0,,False
2013-06-30,,0,0,,False
2013-07-01,,0,0,,False
2013-07-02,,0,0,,False
2013-07-03,,0,0,,False
2013-07-04,,0,0,,False
2013-07-05,,0,0,,False
2013-07-06,,0,0,,False
2013-07-07,,0,0,,False
2013-07-08,,0,0,,False
2013-07-09,,0,0,,False
2013-07-10,,0,0,,False
2013-07-11,,0,0,,False
2013-07-12,,0,0,,False
2013-07-13,,0,0,,False
2013-07-14,,0,0,,False
2013-07-15,,0,0,,False
2013-07-16,,0,0,,False
2013-07-17,,0,0,,False
2013-07-18,,0,0,,False
2013-07-19,,0,0,,False
2013-07-20,,0,0,,False
2013-07-21,,0,0,,False
2013-07-22,,0,0,,False
2013-07-23,,0,0,,False
2013-07-24,,0,0,,False
2013-07-25,,0,0,,False
2013-07-26,,0,0,,False
2013-07-27,,0,0,,False
2013-07-28,,0,0,,False
2013-07-29,,0,0,,False
2013-07-30,,0,0,,False
2013-07-31,,0,0,,False
2013-08-01,,0,0,,False
2013-08-02,,0,0,,False
2013-08-03,,0,0,,False
2013-08-04,,0,0,,False
2013-08-05,,0,0,,False
2013-08-06,,0,0,,False
2013-08-07,,0,0,,False
2013-08-08,,0,0,,False
2013-08-09,,0,0,,False
2013-08-10,,0,0,,False
2013-08-11,,0,0,,False
2013-08-12,,0,0,,False
2013-08-13,,0,0,,False
2013-08-14,,0,0,,False
2013-08-15,,0,0,,False
2013-08-16,,0,0,,False
2013-08-17,,0,0,,False
2013-08-18,,0,0,,False
2013-08-19,,0,0,,False
2013-08-20,,0,0,,False
2013-08-21,,0,0,,False
2013-08-22,,0,0,,False
2013-08-23,,0,0,,False
2013-08-24,,0,0,,False
2013-08-25,,0,0,,False
2013-08-26,,0,0,,False
2013-08-27,,0,0,,False
2013-08-28,,0,0,,False
2013-08-29,,0,0,,False
2013-08-30,,0,0,,False
2013-08-31,,0,0,,False
2013-09-01,,0,0,,False
2013-09-02,,0,0,,False
2013-09-03,,0,0,,False
2013-09-04,,0,0,,False
2013-09-05,,0,0,,False
2013-09-06,,0,0,,False
2013-09-07,,0,0,,False
2013-09-08,,0,0,,False
2013-09-09,,0,0,,False
2013-09-10,,0,0,,False
2013-09-11,,0,0,,False
2013-09-12,,0,0,,False
2013-09-13,,0,0,,False
2013-09-14,,0,0,,False
2013-09-15,,0,0,,False
2013-09-16,,0,0,,False
2013-09-17,,0,0,,False
2013-09-18,,0,0,,False
2013-09-19,,0,0,,False
2013-09-20,,0,0,,False
2013-09-21,,0,0,,False
2013-09-22,,0,0,,False
2013-09-23,,0,0,,False
2013-09-24,,0,0,,False
2013-09-25,,0,0,,False
2013-09-26,,0,0,,False
2013-09-27,,0,0,,False
2013-09-28,,0,0,,False
2013-09-29,,0,0,,False
2013-09-30,,0,0,,False
2013-10-01,,0,0,,False
2013-10-02,,0,0,,False
2013-10-03,,0,0,,False
2013-10-04,,0,0,,False
2013-10-05,,0,0,,False
2013-10-06,,0,0,,False
2013-10-07,,0,0,,False
2013-10-08,,0,0,,False
2013-10-09,,0,0,,False
2013-10-10,,0,0,,False
2013-10-11,,0,0,,False
2013-10-12,,0,0,,False
2013-10-13,,0,0,,False
2013-10-14,,0,0,,False
2013-10-15,,0,0,,False
2013-10-16,,0,0,,False
2013-10-17,,0,0,,False
2013-10-18,,0,0,,False
2013-10-19,,0,0,,False
2013-10-20,,0,0,,False
2013-10-21,,0,0,,False
2013-10-22,,0,0,,False
2013-10-23,,0,0,,False
2013-10-24,,0,0,,False
2013-10-25,,0,0,,False
2013-10-26,,0,0,,False
2013-10-27,,0,0,,False
2013-10-28,,0,0,,False
2013-10-29,,0,0,,False
2013-10-30,,0,0,,False
2013-10-31,,0,0,,False
2013-11-01,,0,0,,False
2013-11-02,,0,0,,False
2013-11-03,,0,0,,False
2013-11-04,,0,0,,False
2013-11-05,,0,0,,False
2013-11-06,,0,0,,False
2013-11-07,,0,0,,False
2013-11-08,,0,0,,False
2013-11-09,,0,0,,False
2013-11-10,,0,0,,False
2013-11-11,,0,0,,False
2013-11-12,,0,0,,False
2013-11-13,,0,0,,False
2013-11-14,,0,0,,False
2013-11-15,,0,0,,False
2013-11-16,,0,0,,False
2013-11-17,,0,0,,False
2013-11-18,,0,0,,False
2013-11-19,,0,0,,False
2013-11-20,,0,0,,False
2013-11-21,,0,0,,False
2013-11-22,,0,0,,False
2013-11-23,,0,0,,False
2013-11-24,,0,0,,False
2013-11-25,,0,0,,False
2013-11-26,,0,0,,False
2013-11-27,,0,0,,False
2013-11-28,,0,0,,False
2013-11-29,,0,0,,False
2013-11-30,,0,0,,False
2013-12-01,,0,0,,False
2013-12-02,,0,0,,False
2013-12-03,,0,0,,False
2013-12-04,,0,0,,False
2013-12-05,,0,0,,False
2013-12-06,,0,0,,False
2013-12-07,,0,0,,False
2013-12-08,,0,0,,False
2013-12-09,,0,0,,False
2013-12-10,,0,0,,False
2013-12-11,,0,0,,False
2013-12-12,,0,0,,False
2013-12-13,,0,0,,False
2013-12-14,,0,0,,False
2013-12-15,,0,0,,False
2013-12-16,,0,0,,False
2013-12-17,,0,0,,False
2013-12-18,,0,0,,False
2013-12-19,,0,0,,False
2013-12-20,,0,0,,False
2013-12-21,,0,0,,False
2013-12-22,,0,0,,False
2013-12-23,,0,0,,False
2013-12-24,,0,0,,False
2013-12-25,,0,0,,False
2013-12-26,,0,0,,False
2013-12-27,,0,0,,False
2013-12-28,,0,0,,False
2013-12-29,,0,0,,False
2013-12-30,,0,0,,False
2013-12-31,,0,0,,False
2014-01-01,,0,0,,False
2014-01-02,,0,0,,False
2014-01-03,,0,0,,False
2014-01-04,,0,0,,False
2014-01-05,,0,0,,False
2014-01-06,,0,0,,False
2014-01-07,,0,0,,False
2014-01-08,,0,0,,False
2014-01-09,,0,0,,False
2014-01-10,,0,0,,False
2014-01-11,,0,0,,False
2014-01-12,,0,0,,False
2014-01-13,,0,0,,False
2014-01-14,,0,0,,False
2014-01-15,,0,0,,False
2014-01-16,,0,0,,False
2014-01-17,,0,0,,False
2014-01-18,,0,0,,False
2014-01-19,,0,0,,False
2014-01-20,,0,0,,False
2014-01-21,,0,0,,False
2014-01-22,,0,0,,False
2014-01-23,,0,0,,False
2014-01-24,,0,0,,False
2014-01-25,,0,0,,False
2014-01-26,,0,0,,False
2014-01-27,,0,0,,False
2014-01-28,,0,0,,False
2014-01-29,,0,0,,False
2014-01-30,,0,0,,False
2014-01-31,,0,0,,False
2014-02-01,,0,0,,False
2014-02-02,,0,0,,False
2014-02-03,,0,0,,False
2014-02-04,,0,0,,False
2014-02-05,,0,0,,False
2014-02-06,,0,0,,False
2014-02-07,,0,0,,False
2014-02-08,,0,0,,False
2014-02-09,,0,0,,False
2014-02-10,,0,0,,False
2014-02-11,,0,0,,False
2014-02-12,,0,0,,False
2014-02-13,,0,0,,False
2014-02-14,,0,0,,False
2014-02-15,,0,0,,False
2014-02-16,,0,0,,False
2014-02-17,,0,0,,False
2014-02-18,,0,0,,False
2014-02-19,,0,0,,False
2014-02-20,,0,0,,False
2014-02-21,,0,0,,False
2014-02-22,,0,0,,False
2014-02-23,,0,0,,False
2014-02-24,,0,0,,False
2014-02-25,,0,0,,False
2014-02-26,,0,0,,False
2014-02-27,,0,0,,False
2014-02-28,,0,0,,False
2014-03-01,,0,0,,False
2014-03-02,,0,0,,False
2014-03-03,,0,0,,False
2014-03-04,,0,0,,False
2014-03-05,,0,0,,False
2014-03-06,,0,0,,False
2014-03-07,,0,0,,False
2014-03-08,,0,0,,False
2014-03-09,,0,0,,False
2014-03-10,,0,0,,False
2014-03-11,,0,0,,False
2014-03-12,,0,0,,False
2014-03-13,,0,0,,False
2014-03-14,,0,0,,False
2014-03-15,,0,0,,False
2014-03-16,,0,0,,False
2014-03-17,,0,0,,False
2014-03-18,,0,0,,False
2014-03-19,,0,0,,False
2014-03-20,,0,0,,False
2014-03-21,,0,0,,False
2014-03-22,,0,0,,False
2014-03-23,,0,0,,False
2014-03-24,,0,0,,False
2014-03-25,,0,0,,False
2014-03-26,,0,0,,False
2014-03-27,,0,0,,False
2014-03-28,,0,0,,False
2014-03-29,,0,0,,False
2014-03-30,,0,0,,False
2014-03-31,,0,0,,False
2014-04-01,,0,0,,False
2014-04-02,,0,0,,False
2014-04-03,,0,0,,False
2014-04-04,,0,0,,False
2014-04-05,,0,0,,False
2014-04-06,,0,0,,False
2014-04-07,,0,0,,False
2014-04-08,,0,0,,False
2014-04-09,,0,0,,False
2014-04-10,,0,0,,False
2014-04-11,,0,0,,False
2014-04-12,,0,0,,False
2014-04-13,,0,0,,False
2014-04-14,,0,0,,False
2014-04-15,,0,0,,False
2014-04-16,,0,0,,False
2014-04-17,,0,0,,False
2014-04-18,,0,0,,False
2014-04-19,,0,0,,False
2014-04-20,,0,0,,False
2014-04-21,,0,0,,False
2014-04-22,,0,0,,False
2014-04-23,,0,0,,False
2014-04-24,,0,0,,False
2014-04-25,,0,0,,False
2014-04-26,,0,0,,False
2014-04-27,,0,0,,False
2014-04-28,,0,0,,False
2014-04-29,,0,0,,False
2014-04-30,,0,0,,False
2014-05-01,,0,0,,False
2014-05-02,,0,0,,False
2014-05-03,,0,0,,False
2014-05-04,,0,0,,False
2014-05-05,,0,0,,False
2014-05-06,,0,0,,False
2014-05-07,,0,0,,False
2014-05-08,,0,0,,False
2014-05-09,,0,0,,False
2014-05-10,,0,0,,False
2014-05-11,,0,0,,False
2014-05-12,,0,0,,False
2014-05-13,,0,0,,False
2014-05-14,,0,0,,False
2014-05-15,,0,0,,False
2014-05-16,,0,0,,False
2014-05-17,,0,0,,False
2014-05-18,,0,0,,False
2014-05-19,,0,0,,False
2014-05-20,,0,0,,False
2014-05-21,,0,0,,False
2014-05-22,,0,0,,False
2014-05-23,,0,0,,False
2014-05-24,,0,0,,False
2014-05-25,,0,0,,False
2014-05-26,,0,0,,False
2014-05-27,,0,0,,False
2014-05-28,,0,0,,False
2014-05-29,,0,0,,False
2014-05-30,,0,0,,False
2014-05-31,,0,0,,False
2014-06-01,,0,0,,False
2014-06-02,,0,0,,False
2014-06-03,,0,0,,False
2014-06-04,,0,0,,False
2014-06-05,,0,0,,False
2014-06-06,,0,0,,False
2014-06-07,,0,0,,False
2014-06-08,,0,0,,False
2014-06-09,,0,0,,False
2014-06-10,,0,0,,False
2014-06-11,,0,0,,False
2014-06-12,,0,0,,False
2014-06-13,,0,0,,False
2014-06-14,,0,0,,False
2014-06-15,,0,0,,False
2014-06-16,,0,0,,False
2014-06-17,,0,0,,False
2014-06-18,,0,0,,False
2014-06-19,,0,0,,False
2014-06-20,,0,0,,False
2014-06-21,,0,0,,False
2014-06-22,,0,0,,False
2014-06-23,,0,0,,False
2014-06-24,,0,0,,False
2014-06-25,,0,0,,False
2014-06-26,,0,0,,False
2014-06-27,,0,0,,False
2014-06-28,,0,0,,False
2014-06-29,,0,0,,False
2014-06-30,,0,0,,False
2014-07-01,,0,0,,False
2014-07-02,,0,0,,False
2014-07-03,,0,0,,False
2014-07-04,,0,0,,False
2014-07-05,,0,0,,False
2014-07-06,,0,0,,False
2014-07-07,,0,0,,False
2014-07-08,,0,0,,False
2014-07-09,,0,0,,False
2014-07-10,,0,0,,False
2014-07-11,,0,0,,False
2014-07-12,,0,0,,False
2014-07-13,,0,0,,False
2014-07-14,,0,0,,False
2014-07-15,,0,0,,False
2014-07-16,,0,0,,False
2014-07-17,,0,0,,False
2014-07-18,,0,0,,False
2014-07-19,,0,0,,False
2014-07-20,,0,0,,False
2014-07-21,,0,0,,False
2014-07-22,,0,0,,False
2014-07-23,,0,0,,False
2014-07-24,,0,0,,False
2014-07-25,,0,0,,False
2014-07-26,,0,0,,False
2014-07-27,,0,0,,False
2014-07-28,,0,0,,False
2014-07-29,,0,0,,False
2014-07-30,,0,0,,False
2014-07-31,,0,0,,False
2014-08-01,,0,0,,False
2014-08-02,,0,0,,False
2014-08-03,,0,0,,False
2014-08-04,,0,0,,False
2014-08-05,,0,0,,False
2014-08-06,,0,0,,False
2014-08-07,,0,0,,False
2014-08-08,,0,0,,False
2014-08-09,,0,0,,False
2014-08-10,,0,0,,False
2014-08-11,,0,0,,False
2014-08-12,,0,0,,False
2014-08-13,,0,0,,False
2014-08-14,,0,0,,False
2014-08-15,,0,0,,False
2014-08-16,,0,0,,False
2014-08-17,,0,0,,False
2014-08-18,,0,0,,False
2014-08-19,,0,0,,False
2014-08-20,,0,0,,False
2014-08-21,,0,0,,False
2014-08-22,,0,0,,False
2014-08-23,,0,0,,False
2014-08-24,,0,0,,False
2014-08-25,,0,0,,False
2014-08-26,,0,0,,False
2014-08-27,,0,0,,False
2014-08-28,,0,0,,False
2014-08-29,,0,0,,False
2014-08-30,,0,0,,False
2014-08-31,,0,0,,False
2014-09-01,,0,0,,False
2014-09-02,,0,0,,False
2014-09-03,,0,0,,False
2014-09-04,,0,0,,False
2014-09-05,,0,0,,False
2014-09-06,,0,0,,False
2014-09-07,,0,0,,False
2014-09-08,,0,0,,False
2014-09-09,,0,0,,False
2014-09-10,,0,0,,False
2014-09-11,,0,0,,False
2014-09-12,,0,0,,False
2014-09-13,,0,0,,False
2014-09-14,,0,0,,False
2014-09-15,,0,0,,False
2014-09-16,,0,0,,False
2014-09-17,,0,0,,False
2014-09-18,,0,0,,False
2014-09-19,,0,0,,False
2014-09-20,,0,0,,False
2014-09-21,,0,0,,False
2014-09-22,,0,0,,False
2014-09-23,,0,0,,False
2014-09-24,,0,0,,False
2014-09-25,,0,0,,False
2014-09-26,,0,0,,False
2014-09-27,,0,0,,False
2014-09-28,,0,0,,False
2014-09-29,,0,0,,False
2014-09-30,,0,0,,False
2014-10-01,,0,0,,False
2014-10-02,,0,0,,False
2014-10-03,,0,0,,False
2014-10-04,,0,0,,False
2014-10-05,,0,0,,False
2014-10-06,,0,0,,False
2014-10-07,,0,0,,False
2014-10-08,,0,0,,False
2014-10-09,,0,0,,False
2014-10-10,,0,0,,False
2014-10-11,,0,0,,False
2014-10-12,,0,0,,False
2014-10-13,,0,0,,False
2014-10-14,,0,0,,False
2014-10-15,,0,0,,False
2014-10-16,,0,0,,False
2014-10-17,,0,0,,False
2014-10-18,,0,0,,False
2014-10-19,,0,0,,False
2014-10-20,,0,0,,False
2014-10-21,,0,0,,False
2014-10-22,,0,0,,False
2014-10-23,,0,0,,False
2014-10-24,,0,0,,False
2014-10-25,,0,0,,False
2014-10-26,,0,0,,False
2014-10-27,,0,0,,False
2014-10-28,,0,0,,False
2014-10-29,,0,0,,False
2014-10-30,,0,0,,False
2014-10-31,,0,0,,False
2014-11-01,,0,0,,False
2014-11-02,,0,0,,False
2014-11-03,,0,0,,False
2014-11-04,,0,0,,False
2014-11-05,,0,0,,False
2014-11-06,,0,0,,False
2014-11-07,,0,0,,False
2014-11-08,,0,0,,False
2014-11-09,,0,0,,False
2014-11-10,,0,0,,False
2014-11-11,,0,0,,False
2014-11-12,,0,0,,False
2014-11-13,,0,0,,False
2014-11-14,,0,0,,False
2014-11-15,,0,0,,False
2014-11-16,,0,0,,False
2014-11-17,,0,0,,False
2014-11-18,,0,0,,False
2014-11-19,,0,0,,False
2014-11-20,,0,0,,False
2014-11-21,,0,0,,False
2014-11-22,,0,0,,False
2014-11-23,,0,0,,False
2014-11-24,,0,0,,False
2014-11-25,,0,0,,False
2014-11-26,,0,0,,False
2014-11-27,,0,0,,False
2014-11-28,,0,0,,False
2014-11-29,,0,0,,False
2014-11-30,,0,0,,False
2014-12-01,,0,0,,False
2014-12-02,,0,0,,False
2014-12-03,,0,0,,False
2014-12-04,,0,0,,False
2014-12-05,,0,0,,False
2014-12-06,,0,0,,False
2014-12-07,,0,0,,False
2014-12-08,,0,0,,False
2014-12-09,,0,0,,False
2014-12-10,,0,0,,False
2014-12-11,,0,0,,False
2014-12-12,,0,0,,False
2014-12-13,,0,0,,False
2014-12-14,,0,0,,False
2014-12-15,,0,0,,False
2014-12-16,,0,0,,False
2014-12-17,,0,0,,False
2014-12-18,,0,0,,False
2014-12-19,,0,0,,False
2014-12-20,,0,0,,False
2014-12-21,,0,0,,False
2014-12-22,,0,0,,False
2014-12-23,,0,0,,False
2014-12-24,,0,0,,False
2014-12-25,,0,0,,False
2014-12-26,,0,0,,False
2014-12-27,,0,0,,False
2014-12-28,,0,0,,False
2014-12-29,,0,0,,False
2014-12-30,,0,0,,False
2014-12-31,,0,0,,False
2015-01-01,,0,0,,False
2015-01-02,,0,0,,False
2015-01-03,,0,0,,False
2015-01-04,,0,0,,False
2015-01-05,,0,0,,False
2015-01-06,,0,0,,False
2015-01-07,,0,0,,False
2015-01-08,,0,0,,False
2015-01-09,,0,0,,False
2015-01-10,,0,0,,False
2015-01-11,,0,0,,False
2015-01-12,,0,0,,False
2015-01-13,,0,0,,False
2015-01-14,,0,0,,False
2015-01-15,,0,0,,False
2015-01-16,,0,0,,False
2015-01-17,,0,0,,False
2015-01-18,,0,0,,False
2015-01-19,,0,0,,False
2015-01-20,,0,0,,False
2015-01-21,,0,0,,False
2015-01-22,,0,0,,False
2015-01-23,,0,0,,False
2015-01-24,,0,0,,False
2015-01-25,,0,0,,False
2015-01-26,,0,0,,False
2015-01-27,,0,0,,False
2015-01-28,,0,0,,False
2015-01-29,,0,0,,False
2015-01-30,,0,0,,False
2015-01-31,,0,0,,False
2015-02-01,,0,0,,False
2015-02-02,,0,0,,False
2015-02-03,,0,0,,False
2015-02-04,,0,0,,False
2015-02-05,,0,0,,False
2015-02-06,,0,0,,False
2015-02-07,,0,0,,False
2015-02-08,,0,0,,False
2015-02-09,,0,0,,False
2015-02-10,,0,0,,False
2015-02-11,,0,0,,False
2015-02-12,,0,0,,False
2015-02-13,,0,0,,False
2015-02-14,,0,0,,False
2015-02-15,,0,0,,False
2015-02-16,,0,0,,False
2015-02-17,,0,0,,False
2015-02-18,,0,0,,False
2015-02-19,,0,0,,False
2015-02-20,,0,0,,False
2015-02-21,,0,0,,False
2015-02-22,,0,0,,False
2015-02-23,,0,0,,False
2015-02-24,,0,0,,False
2015-02-25,,0,0,,False
2015-02-26,,0,0,,False
2015-02-27,,0,0,,False
2015-02-28,,0,0,,False
2015-03-01,,0,0,,False
2015-03-02,,0,0,,False
2015-03-03,,0,0,,False
2015-03-04,,0,0,,False
2015-03-05,,0,0,,False
2015-03-06,,0,0,,False
2015-03-07,,0,0,,False
2015-03-08,,0,0,,False
2015-03-09,,0,0,,False
2015-03-10,,0,0,,False
2015-03-11,,0,0,,False
2015-03-12,,0,0,,False
2015-03-13,,0,0,,False
2015-03-14,,0,0,,False
2015-03-15,,0,0,,False
2015-03-16,,0,0,,False
2015-03-17,,0,0,,False
2015-03-18,,0,0,,False
2015-03-19,,0,0,,False
2015-03-20,,0,0,,False
2015-03-21,,0,0,,False
2015-03-22,,0,0,,False
2015-03-23,,0,0,,False
2015-03-24,,0,0,,False
2015-03-25,,0,0,,False
2015-03-26,,0,0,,False
2015-03-27,,0,0,,False
2015-03-28,,0,0,,False
2015-03-29,,0,0,,False
2015-03-30,,0,0,,False
2015-03-31,,0,0,,False
2015-04-01,,0,0,,False
2015-04-02,,0,0,,False
2015-04-03,,0,0,,False
2015-04-04,,0,0,,False
2015-04-05,,0,0,,False
2015-04-06,,0,0,,False
2015-04-07,,0,0,,False
2015-04-08,,0,0,,False
2015-04-09,,0,0,,False
2015-04-10,,0,0,,False
2015-04-11,,0,0,,False
2015-04-12,,0,0,,False
2015-04-13,,0,0,,False
2015-04-14,,0,0,,False
2015-04-15,,0,0,,False
2015-04-16,,0,0,,False
2015-04-17,,0,0,,False
2015-04-18,,0,0,,False
2015-04-19,,0,0,,False
2015-04-20,,0,0,,False
2015-04-21,,0,0,,False
2015-04-22,,0,0,,False
2015-04-23,,0,0,,False
2015-04-24,,0,0,,False
2015-04-25,,0,0,,False
2015-04-26,,0,0,,False
2015-04-27,,0,0,,False
2015-04-28,,0,0,,False
2015-04-29,,0,0,,False
2015-04-30,,0,0,,False
2015-05-01,,0,0,,False
2015-05-02,,0,0,,False
2015-05-03,,0,0,,False
2015-05-04,,0,0,,False
2015-05-05,,0,0,,False
2015-05-06,,0,0,,False
2015-05-07,,0,0,,False
2015-05-08,,0,0,,False
2015-05-09,,0,0,,False
2015-05-10,,0,0,,False
2015-05-11,,0,0,,False
2015-05-12,,0,0,,False
2015-05-13,,0,0,,False
2015-05-14,,0,0,,False
2015-05-15,,0,0,,False
2015-05-16,,0,0,,False
2015-05-17,,0,0,,False
2015-05-18,,0,0,,False
2015-05-19,,0,0,,False
2015-05-20,,0,0,,False
2015-05-21,,0,0,,False
2015-05-22,,0,0,,False
2015-05-23,,0,0,,False
2015-05-24,,0,0,,False
2015-05-25,,0,0,,False
2015-05-26,,0,0,,False
2015-05-27,,0,0,,False
2015-05-28,,0,0,,False
2015-05-29,,0,0,,False
2015-05-30,,0,0,,False
2015-05-31,,0,0,,False
2015-06-01,,0,0,,False
2015-06-02,,0,0,,False
2015-06-03,,0,0,,False
2015-06-04,,0,0,,False
2015-06-05,,0,0,,False
2015-06-06,,0,0,,False
2015-06-07,,0,0,,False
2015-06-08,,0,0,,False
2015-06-09,,0,0,,False
2015-06-10,,0,0,,False
2015-06-11,,0,0,,False
2015-06-12,,0,0,,False
2015-06-13,,0,0,,False
2015-06-14,,0,0,,False
2015-06-15,,0,0,,False
2015-06-16,,0,0,,False
2015-06-17,,0,0,,False
2015-06-18,,0,0,,False
2015-06-19,,0,0,,False
2015-06-20,,0,0,,False
2015-06-21,,0,0,,False
2015-06-22,,0,0,,False
2015-06-23,,0,0,,False
2015-06-24,,0,0,,False
2015-06-25,,0,0,,False
2015-06-26,,0,0,,False
2015-06-27,,0,0,,False
2015-06-28,,0,0,,False
2015-06-29,,0,0,,False
2015-06-30,,0,0,,False
2015-07-01,,0,0,,False
2015-07-02,,0,0,,False
2015-07-03,,0,0,,False
2015-07-04,,0,0,,False
2015-07-05,,0,0,,False
2015-07-06,,0,0,,False
2015-07-07,,0,0,,False
2015-07-08,,0,0,,False
2015-07-09,,0,0,,False
2015-07-10,,0,0,,False
2015-07-11,,0,0,,False
2015-07-12,,0,0,,False
2015-07-13,,0,0,,False
2015-07-14,,0,0,,False
2015-07-15,,0,0,,False
2015-07-16,,0,0,,False
2015-07-17,,0,0,,False
2015-07-18,,0,0,,False
2015-07-19,,0,0,,False
2015-07-20,,0,0,,False
2015-07-21,,0,0,,False
2015-07-22,,0,0,,False
2015-07-23,,0,0,,False
2015-07-24,,0,0,,False
2015-07-25,,0,0,,False
2015-07-26,,0,0,,False
2015-07-27,,0,0,,False
2015-07-28,,0,0,,False
2015-07-29,,0,0,,False
2015-07-30,,0,0,,False
2015-07-31,,0,0,,False
2015-08-01,,0,0,,False
2015-08-02,,0,0,,False
2015-08-03,,0,0,,False
2015-08-04,,0,0,,False
2015-08-05,,0,0,,False
2015-08-06,,0,0,,False
2015-08-07,,0,0,,False
2015-08-08,,0,0,,False
2015-08-09,,0,0,,False
2015-08-10,,0,0,,False
2015-08-11,,0,0,,False
2015-08-12,,0,0,,False
2015-08-13,,0,0,,False
2015-08-14,,0,0,,False
2015-08-15,,0,0,,False
2015-08-16,,0,0,,False
2015-08-17,,0,0,,False
2015-08-18,,0,0,,False
2015-08-19,,0,0,,False
2015-08-20,,0,0,,False
2015-08-21,,0,0,,False
2015-08-22,,0,0,,False
2015-08-23,,0,0,,False
2015-08-24,,0,0,,False
2015-08-25,,0,0,,False
2015-08-26,,0,0,,False
2015-08-27,,0,0,,False
2015-08-28,,0,0,,False
2015-08-29,,0,0,,False
2015-08-30,,0,0,,False
2015-08-31,,0,0,,False
2015-09-01,,0,0,,False
2015-09-02,,0,0,,False
2015-09-03,,0,0,,False
2015-09-04,,0,0,,False
2015-09-05,,0,0,,False
2015-09-06,,0,0,,False
2015-09-07,,0,0,,False
2015-09-08,,0,0,,False
2015-09-09,,0,0,,False
2015-09-10,,0,0,,False
2015-09-11,,0,0,,False
2015-09-12,,0,0,,False
2015-09-13,,0,0,,False
2015-09-14,,0,0,,False
2015-09-15,,0,0,,False
2015-09-16,,0,0,,False
2015-09-17,,0,0,,False
2015-09-18,,0,0,,False
2015-09-19,,0,0,,False
2015-09-20,,0,0,,False
2015-09-21,,0,0,,False
2015-09-22,,0,0,,False
2015-09-23,,0,0,,False
2015-09-24,,0,0,,False
2015-09-25,,0,0,,False
2015-09-26,,0,0,,False
2015-09-27,,0,0,,False
2015-09-28,,0,0,,False
2015-09-29,,0,0,,False
2015-09-30,,0,0,,False
2015-10-01,,0,0,,False
2015-10-02,,0,0,,False
2015-10-03,,0,0,,False
2015-10-04,,0,0,,False
2015-10-05,,0,0,,False
2015-10-06,,0,0,,False
2015-10-07,,0,0,,False
2015-10-08,,0,0,,False
2015-10-09,,0,0,,False
2015-10-10,,0,0,,False
2015-10-11,,0,0,,False
2015-10-12,,0,0,,False
2015-10-13,,0,0,,False
2015-10-14,,0,0,,False
2015-10-15,,0,0,,False
2015-10-16,,0,0,,False
2015-10-17,,0,0,,False
2015-10-18,,0,0,,False
2015-10-19,,0,0,,False
2015-10-20,,0,0,,False
2015-10-21,,0,0,,False
2015-10-22,,0,0,,False
2015-10-23,,0,0,,False
2015-10-24,,0,0,,False
2015-10-25,,0,0,,False
2015-10-26,,0,0,,False
2015-10-27,,0,0,,False
2015-10-28,,0,0,,False
2015-10-29,,0,0,,False
2015-10-30,,0,0,,False
2015-10-31,,0,0,,False
2015-11-01,,0,0,,False
2015-11-02,,0,0,,False
2015-11-03,,0,0,,False
2015-11-04,,0,0,,False
2015-11-05,,0,0,,False
2015-11-06,,0,0,,False
2015-11-07,,0,0,,False
2015-11-08,,0,0,,False
2015-11-09,,0,0,,False
2015-11-10,,0,0,,False
2015-11-11,,0,0,,False
2015-11-12,,0,0,,False
2015-11-13,,0,0,,False
2015-11-14,,0,0,,False
2015-11-15,,0,0,,False
2015-11-16,,0,0,,False
2015-11-17,,0,0,,False
2015-11-18,,0,0,,False
2015-11-19,,0,0,,False
2015-11-20,,0,0,,False
2015-11-21,,0,0,,False
2015-11-22,,0,0,,False
2015-11-23,,0,0,,False
2015-11-24,,0,0,,False
2015-11-25,,0,0,,False
2015-11-26,,0,0,,False
2015-11-27,,0,0,,False
2015-11-28,,0,0,,False
2015-11-29,,0,0,,False
2015-11-30,,0,0,,False
2015-12-01,,0,0,,False
2015-12-02,,0,0,,False
2015-12-03,,0,0,,False
2015-12-04,,0,0,,False
2015-12-05,,0,0,,False
2015-12-06,,0,0,,False
2015-12-07,,0,0,,False
2015-12-08,,0,0,,False
2015-12-09,,0,0,,False
2015-12-10,,0,0,,False
2015-12-11,,0,0,,False
2015-12-12,,0,0,,False
2015-12-13,,0,0,,False
2015-12-14,,0,0,,False
2015-12-15,,0,0,,False
2015-12-16,,0,0,,False
2015-12-17,,0,0,,False
2015-12-18,,0,0,,False
2015-12-19,,0,0,,False
2015-12-20,,0,0,,False
2015-12-21,,0,0,,False
2015-12-22,,0,0,,False
2015-12-23,,0,0,,False
2015-12-24,,0,0,,False
2015-12-25,,0,0,,False
2015-12-26,,0,0,,False
2015-12-27,,0,0,,False
2015-12-28,,0,0,,False
2015-12-29,,0,0,,False
2015-12-30,,0,0,,False
2015-12-31,,0,0,,False
2016-01-01,,0,0,,False
2016-01-02,,0,0,,False
2016-01-03,,0,0,,False
2016-01-04,,0,0,,False
2016-01-05,,0,0,,False
2016-01-06,,0,0,,False
2016-01-07,,0,0,,False
2016-01-08,,0,0,,False
2016-01-09,,0,0,,False
2016-01-10,,0,0,,False
2016-01-11,,0,0,,False
2016-01-12,,0,0,,False
2016-01-13,,0,0,,False
2016-01-14,,0,0,,False
2016-01-15,,0,0,,False
2016-01-16,,0,0,,False
2016-01-17,,0,0,,False
2016-01-18,,0,0,,False
2016-01-19,,0,0,,False
2016-01-20,,0,0,,False
2016-01-21,,0,0,,False
2016-01-22,,0,0,,False
2016-01-23,,0,0,,False
2016-01-24,,0,0,,False
2016-01-25,,0,0,,False
2016-01-26,,0,0,,False
2016-01-27,,0,0,,False
2016-01-28,,0,0,,False
2016-01-29,,0,0,,False
2016-01-30,,0,0,,False
2016-01-31,,0,0,,False
2016-02-01,,0,0,,False
2016-02-02,,0,0,,False
2016-02-03,,0,0,,False
2016-02-04,,0,0,,False
2016-02-05,,0,0,,False
2016-02-06,,0,0,,False
2016-02-07,,0,0,,False
2016-02-08,,0,0,,False
2016-02-09,,0,0,,False
2016-02-10,,0,0,,False
2016-02-11,,0,0,,False
2016-02-12,,0,0,,False
2016-02-13,,0,0,,False
2016-02-14,,0,0,,False
2016-02-15,,0,0,,False
2016-02-16,,0,0,,False
2016-02-17,,0,0,,False
2016-02-18,,0,0,,False
2016-02-19,,0,0,,False
2016-02-20,,0,0,,False
2016-02-21,,0,0,,False
2016-02-22,,0,0,,False
2016-02-23,,0,0,,False
2016-02-24,,0,0,,False
2016-02-25,,0,0,,False
2016-02-26,,0,0,,False
2016-02-27,,0,0,,False
2016-02-28,,0,0,,False
2016-02-29,,0,0,,False
2016-03-01,,0,0,,False
2016-03-02,,0,0,,False
2016-03-03,,0,0,,False
2016-03-04,,0,0,,False
2016-03-05,,0,0,,False
2016-03-06,,0,0,,False
2016-03-07,,0,0,,False
2016-03-08,,0,0,,False
2016-03-09,,0,0,,False
2016-03-10,,0,0,,False
2016-03-11,,0,0,,False
2016-03-12,,0,0,,False
2016-03-13,,0,0,,False
2016-03-14,,0,0,,False
2016-03-15,,0,0,,False
2016-03-16,,0,0,,False
2016-03-17,,0,0,,False
2016-03-18,,0,0,,False
2016-03-19,,0,0,,False
2016-03-20,,0,0,,False
2016-03-21,,0,0,,False
2016-03-22,,0,0,,False
2016-03-23,,0,0,,False
2016-03-24,,0,0,,False
2016-03-25,,0,0,,False
2016-03-26,,0,0,,False
2016-03-27,,0,0,,False
2016-03-28,,0,0,,False
2016-03-29,,0,0,,False
2016-03-30,,0,0,,False
2016-03-31,,0,0,,False
2016-04-01,,0,0,,False
2016-04-02,,0,0,,False
2016-04-03,,0,0,,False
2016-04-04,,0,0,,False
2016-04-05,,0,0,,False
2016-04-06,,0,0,,False
2016-04-07,,0,0,,False
2016-04-08,,0,0,,False
2016-04-09,,0,0,,False
2016-04-10,,0,0,,False
2016-04-11,,0,0,,False
2016-04-12,,0,0,,False
2016-04-13,,0,0,,False
2016-04-14,,0,0,,False
2016-04-15,,0,0,,False
2016-04-16,,0,0,,False
2016-04-17,,0,0,,False
2016-04-18,,0,0,,False
2016-04-19,,0,0,,False
2016-04-20,,0,0,,False
2016-04-21,,0,0,,False
2016-04-22,,0,0,,False
2016-04-23,,0,0,,False
2016-04-24,,0,0,,False
2016-04-25,,0,0,,False
2016-04-26,,0,0,,False
2016-04-27,,0,0,,False
2016-04-28,,0,0,,False
2016-04-29,,0,0,,False
2016-04-30,,0,0,,False
2016-05-01,,0,0,,False
2016-05-02,,0,0,,False
2016-05-03,,0,0,,False
2016-05-04,,0,0,,False
2016-05-05,,0,0,,False
2016-05-06,,0,0,,False
2016-05-07,,0,0,,False
2016-05-08,,0,0,,False
2016-05-09,,0,0,,False
2016-05-10,,0,0,,False
2016-05-11,,0,0,,False
2016-05-12,,0,0,,False
2016-05-13,,0,0,,False
2016-05-14,,0,0,,False
2016-05-15,,0,0,,False
2016-05-16,,0,0,,False
2016-05-17,,0,0,,False
2016-05-18,,0,0,,False
2016-05-19,,0,0,,False
2016-05-20,,0,0,,False
2016-05-21,,0,0,,False
2016-05-22,,0,0,,False
2016-05-23,,0,0,,False
2016-05-24,,0,0,,False
2016-05-25,,0,0,,False
2016-05-26,,0,0,,False
2016-05-27,,0,0,,False
2016-05-28,,0,0,,False
2016-05-29,,0,0,,False
2016-05-30,,0,0,,False
2016-05-31,,0,0,,False
2016-06-01,,0,0,,False
2016-06-02,,0,0,,False
2016-06-03,,0,0,,False
2016-06-04,,0,0,,False
2016-06-05,,0,0,,False
2016-06-06,,0,0,,False
2016-06-07,,0,0,,False
2016-06-08,,0,0,,False
2016-06-09,,0,0,,False
2016-06-10,,0,0,,False
2016-06-11,,0,0,,False
2016-06-12,,0,0,,False
2016-06-13,,0,0,,False
2016-06-14,,0,0,,False
2016-06-15,,0,0,,False
2016-06-16,,0,0,,False
2016-06-17,,0,0,,False
2016-06-18,,0,0,,False
2016-06-19,,0,0,,False
2016-06-20,,0,0,,False
2016-06-21,,0,0,,False
2016-06-22,,0,0,,False
2016-06-23,,0,0,,False
2016-06-24,,0,0,,False
2016-06-25,,0,0,,False
2016-06-26,,0,0,,False
2016-06-27,,0,0,,False
2016-06-28,,0,0,,False
2016-06-29,,0,0,,False
2016-06-30,,0,0,,False
2016-07-01,,0,0,,False
2016-07-02,,0,0,,False
2016-07-03,,0,0,,False
2016-07-04,,0,0,,False
2016-07-05,,0,0,,False
2016-07-06,,0,0,,False
2016-07-07,,0,0,,False
2016-07-08,14.4668,6,1,4,False
2016-07-09,14.5546,24,4,4,True
2016-07-10,15.5186,24,4,4,True
2016-07-11,15.4432,24,4,4,True
2016-07-12,14.2737,24,4,4,True
2016-07-13,12.7029,24,4,4,True
2016-07-14,12.2627,24,4,4,True
2016-07-15,12.3937,24,4,4,True
2016-07-16,12.8863,24,4,4,True
2016-07-17,14.0340,24,4,4,True
2016-07-18,15.3197,24,4,4,True
2016-07-19,15.8822,24,4,4,True
2016-07-20,14.5461,24,4,4,True
2016-07-21,14.6638,24,4,4,True
2016-07-22,14.3302,24,4,4,True
2016-07-23,13.9870,24,4,4,True
2016-07-24,14.4587,24,4,4,True
2016-07-25,15.2921,24,4,4,True
2016-07-26,15.5341,24,4,4,True
2016-07-27,15.3655,24,4,4,True
2016-07-28,16.3628,24,4,4,True
2016-07-29,16.0196,24,4,4,True
2016-07-30,16.4013,24,4,4,True
2016-07-31,16.2156,24,4,4,True
2016-08-01,15.5846,24,4,4,True
2016-08-02,15.6469,24,4,4,True
2016-08-03,16.0526,24,4,4,True
2016-08-04,14.7737,24,4,4,True
2016-08-05,14.4338,24,4,4,True
2016-08-06,14.9332,24,4,4,True
2016-08-07,14.7547,24,4,4,True
2016-08-08,15.3298,24,4,4,True
2016-08-09,15.7547,24,4,4,True
2016-08-10,14.4076,24,4,4,True
2016-08-11,14.0262,24,4,4,True
2016-08-12,14.2239,24,4,4,True
2016-08-13,14.9652,24,4,4,True
2016-08-14,14.9614,24,4,4,True
2016-08-15,15.1807,24,4,4,True
2016-08-16,15.0430,24,4,4,True
2016-08-17,14.7883,24,4,4,True
2016-08-18,15.4194,24,4,4,True
2016-08-19,15.1024,24,4,4,True
2016-08-20,14.5865,24,4,4,True
2016-08-21,14.3641,24,4,4,True
2016-08-22,14.0865,24,4,4,True
2016-08-23,14.3835,24,4,4,True
2016-08-24,15.0727,24,4,4,True
2016-08-25,15.3588,24,4,4,True
2016-08-26,12.9275,24,4,4,True
2016-08-27,13.5243,24,4,4,True
2016-08-28,14.7395,24,4,4,True
2016-08-29,13.5956,24,4,4,True
2016-08-30,13.6283,24,4,4,True
2016-08-31,12.3979,24,4,4,True
2016-09-01,13.7081,24,4,4,True
2016-09-02,14.6195,24,4,4,True
2016-09-03,12.4415,24,4,4,True
2016-09-04,12.3338,24,4,4,True
2016-09-05,12.6970,24,4,4,True
2016-09-06,12.6223,24,4,4,True
2016-09-07,12.8493,24,4,4,True
2016-09-08,12.6260,24,4,4,True
2016-09-09,11.2335,24,4,4,True
2016-09-10,12.2745,24,4,4,True
2016-09-11,12.9308,24,4,4,True
2016-09-12,12.7479,24,4,4,True
2016-09-13,12.9478,24,4,4,True
2016-09-14,12.5344,24,4,4,True
2016-09-15,11.7354,24,4,4,True
2016-09-16,11.3315,24,4,4,True
2016-09-17,11.2683,24,4,4,True
2016-09-18,11.1465,24,4,4,True
2016-09-19,11.3984,24,4,4,True
2016-09-20,10.9277,24,4,4,True
2016-09-21,10.9712,24,4,4,True
2016-09-22,11.7084,24,4,4,True
2016-09-23,10.6090,24,4,4,True
2016-09-24,11.0370,24,4,4,True
2016-09-25,11.9520,24,4,4,True
2016-09-26,11.5756,24,4,4,True
2016-09-27,10.7116,24,4,4,True
2016-09-28,11.1532,24,4,4,True
2016-09-29,10.4664,24,4,4,True
2016-09-30,10.7087,24,4,4,True
2016-10-01,11.1154,24,4,4,True
2016-10-02,12.0097,24,4,4,True
2016-10-03,11.7187,24,4,4,True
2016-10-04,10.6838,24,4,4,True
2016-10-05,9.3478,24,4,4,True
2016-10-06,10.1116,24,4,4,True
2016-10-07,8.5902,24,4,4,True
2016-10-08,9.8046,24,4,4,True
2016-10-09,8.6000,24,4,4,True
2016-10-10,9.0408,24,4,4,True
2016-10-11,7.6762,24,4,4,True
2016-10-12,7.8088,24,4,4,True
2016-10-13,8.0542,24,4,4,True
2016-10-14,9.0192,24,4,4,True
2016-10-15,8.9840,24,4,4,True
2016-10-16,8.7622,24,4,4,True
2016-10-17,9.1039,24,4,4,True
2016-10-18,9.9093,24,4,4,True
2016-10-19,9.3643,24,4,4,True
2016-10-20,8.6910,24,4,4,True
2016-10-21,7.7365,24,4,4,True
2016-10-22,7.1063,24,4,4,True
2016-10-23,9.1267,24,4,4,True
2016-10-24,10.1677,24,4,4,True
2016-10-25,10.6699,24,4,4,True
2016-10-26,10.7413,24,4,4,True
2016-10-27,9.7044,24,4,4,True
2016-10-28,7.6809,24,4,4,True
2016-10-29,8.4451,24,4,4,True
2016-10-30,8.2311,24,4,4,True
2016-10-31,8.1161,24,4,4,True
2016-11-01,8.0538,24,4,4,True
2016-11-02,7.9090,24,4,4,True
2016-11-03,7.6616,24,4,4,True
2016-11-04,7.9839,24,4,4,True
2016-11-05,8.8281,24,4,4,True
2016-11-06,7.9425,24,4,4,True
2016-11-07,6.7876,24,4,4,True
2016-11-08,6.6560,24,4,4,True
2016-11-09,6.6571,24,4,4,True
2016-11-10,7.4433,24,4,4,True
2016-11-11,8.0001,24,4,4,True
2016-11-12,7.4631,24,4,4,True
2016-11-13,7.3786,24,4,4,True
2016-11-14,7.1220,24,4,4,True
2016-11-15,6.1552,24,4,4,True
2016-11-16,6.5266,24,4,4,True
2016-11-17,6.7152,24,4,4,True
2016-11-18,6.9633,24,4,4,True
2016-11-19,7.8570,24,4,4,True
2016-11-20,7.5374,24,4,4,True
2016-11-21,8.7058,24,4,4,True
2016-11-22,8.5199,24,4,4,True
2016-11-23,7.8529,24,4,4,True
2016-11-24,6.9810,24,4,4,True
2016-11-25,5.6950,24,4,4,True
2016-11-26,4.9765,24,4,4,True
2016-11-27,6.1108,24,4,4,True
2016-11-28,5.1345,24,4,4,True
2016-11-29,4.9617,24,4,4,True
2016-11-30,4.8468,24,4,4,True
2016-12-01,4.2573,24,4,4,True
2016-12-02,3.5165,24,4,4,True
2016-12-03,2.9478,24,4,4,True
2016-12-04,4.2955,24,4,4,True
2016-12-05,4.9309,24,4,4,True
2016-12-06,5.1839,24,4,4,True
2016-12-07,4.8687,24,4,4,True
2016-12-08,4.2345,24,4,4,True
2016-12-09,4.0492,24,4,4,True
2016-12-10,4.5495,24,4,4,True
2016-12-11,4.0444,24,4,4,True
2016-12-12,4.4622,24,4,4,True
2016-12-13,3.9135,24,4,4,True
2016-12-14,3.9155,24,4,4,True
2016-12-15,4.1341,24,4,4,True
2016-12-16,5.0572,24,4,4,True
2016-12-17,5.2298,24,4,4,True
2016-12-18,4.2532,24,4,4,True
2016-12-19,4.1883,24,4,4,True
2016-12-20,5.0429,24,4,4,True
2016-12-21,5.2021,24,4,4,True
2016-12-22,5.1746,24,4,4,True
2016-12-23,6.0483,24,4,4,True
2016-12-24,6.3013,24,4,4,True
2016-12-25,5.1352,24,4,4,True
2016-12-26,4.3722,24,4,4,True
2016-12-27,4.1883,24,4,4,True
2016-12-28,3.7299,24,4,4,True
2016-12-29,3.7442,24,4,4,True
2016-12-30,4.2211,24,4,4,True
2016-12-31,4.6033,24,4,4,True
2017-01-01,3.8090,24,4,4,True
2017-01-02,3.3867,24,4,4,True
2017-01-03,3.8495,24,4,4,True
2017-01-04,3.9082,24,4,4,True
2017-01-05,3.1312,24,4,4,True
2017-01-06,2.9258,24,4,4,True
2017-01-07,3.4771,24,4,4,True
2017-01-08,3.4098,24,4,4,True
2017-01-09,3.9659,24,4,4,True
2017-01-10,3.7764,24,4,4,True
2017-01-11,3.8899,24,4,4,True
2017-01-12,4.3603,24,4,4,True
2017-01-13,3.8761,24,4,4,True
2017-01-14,3.2598,24,4,4,True
2017-01-15,2.5294,24,4,4,True
2017-01-16,2.1884,24,4,4,True
2017-01-17,2.1455,24,4,4,True
2017-01-18,2.1601,24,4,4,True
2017-01-19,2.0856,24,4,4,True
2017-01-20,2.7580,24,4,4,True
2017-01-21,2.9285,24,4,4,True
2017-01-22,3.2443,24,4,4,True
2017-01-23,3.2267,24,4,4,True
2017-01-24,3.1881,24,4,4,True
2017-01-25,2.8340,24,4,4,True
2017-01-26,2.6921,24,4,4,True
2017-01-27,3.2650,24,4,4,True
2017-01-28,3.9147,24,4,4,True
2017-01-29,3.9790,24,4,4,True
2017-01-30,3.7925,24,4,4,True
2017-01-31,3.9468,24,4,4,True
2017-02-01,3.8678,24,4,4,True
2017-02-02,4.5188,24,4,4,True
2017-02-03,4.5111,24,4,4,True
2017-02-04,5.1225,24,4,4,True
2017-02-05,4.7955,24,4,4,True
2017-02-06,3.6446,24,4,4,True
2017-02-07,4.4234,24,4,4,True
2017-02-08,3.6095,24,4,4,True
2017-02-09,3.3903,24,4,4,True
2017-02-10,3.4848,24,4,4,True
2017-02-11,3.7988,24,4,4,True
2017-02-12,4.9979,24,4,4,True
2017-02-13,5.4454,24,4,4,True
2017-02-14,5.4282,24,4,4,True
2017-02-15,4.6754,24,4,4,True
2017-02-16,4.5485,24,4,4,True
2017-02-17,4.7148,24,4,4,True
2017-02-18,4.8505,24,4,4,True
2017-02-19,5.1302,24,4,4,True
2017-02-20,4.9732,24,4,4,True
2017-02-21,4.6716,24,4,4,True
2017-02-22,4.8572,24,4,4,True
2017-02-23,5.2834,24,4,4,True
2017-02-24,5.6016,24,4,4,True
2017-02-25,4.8190,24,4,4,True
2017-02-26,4.8338,24,4,4,True
2017-02-27,5.2405,24,4,4,True
2017-02-28,5.4685,24,4,4,True
2017-03-01,4.7237,24,4,4,True
2017-03-02,5.4802,24,4,4,True
2017-03-03,6.1534,24,4,4,True
2017-03-04,5.0151,24,4,4,True
2017-03-05,4.7202,24,4,4,True
2017-03-06,5.0362,24,4,4,True
2017-03-07,4.9393,24,4,4,True
2017-03-08,5.8356,24,4,4,True
2017-03-09,6.1427,24,4,4,True
2017-03-10,6.3438,24,4,4,True
2017-03-11,6.5098,24,4,4,True
2017-03-12,6.9930,24,4,4,True
2017-03-13,6.3440,24,4,4,True
2017-03-14,6.4854,24,4,4,True
2017-03-15,6.6046,24,4,4,True
2017-03-16,6.8689,24,4,4,True
2017-03-17,7.4677,24,4,4,True
2017-03-18,7.5328,24,4,4,True
2017-03-19,7.2892,24,4,4,True
2017-03-20,7.5771,24,4,4,True
2017-03-21,7.3923,24,4,4,True
2017-03-22,6.9556,24,4,4,True
2017-03-23,5.8625,24,4,4,True
2017-03-24,4.7418,24,4,4,True
2017-03-25,3.8854,24,4,4,True
2017-03-26,5.2610,22,4,4,True
2017-03-27,5.6794,24,4,4,True
2017-03-28,6.7346,24,4,4,True
2017-03-29,7.0722,24,4,4,True
2017-03-30,7.6291,24,4,4,True
2017-03-31,8.2420,24,4,4,True
2017-04-01,7.1719,24,4,4,True
2017-04-02,6.3835,24,4,4,True
2017-04-03,6.8814,24,4,4,True
2017-04-04,7.2980,24,4,4,True
2017-04-05,6.8123,24,4,4,True
2017-04-06,7.5324,24,4,4,True
2017-04-07,6.9931,24,4,4,True
2017-04-08,7.2807,24,4,4,True
2017-04-09,8.0633,24,4,4,True
2017-04-10,8.4777,24,4,4,True
2017-04-11,8.7150,24,4,4,True
2017-04-12,8.0810,24,4,4,True
2017-04-13,8.2510,24,4,4,True
2017-04-14,8.5203,24,4,4,True
2017-04-15,7.7916,24,4,4,True
2017-04-16,8.3127,24,4,4,True
2017-04-17,8.7666,24,4,4,True
2017-04-18,8.0162,24,4,4,True
2017-04-19,7.1727,24,4,4,True
2017-04-20,6.0337,24,4,4,True
2017-04-21,6.4047,24,4,4,True
2017-04-22,7.8277,24,4,4,True
2017-04-23,9.1275,24,4,4,True
2017-04-24,8.6863,24,4,4,True
2017-04-25,8.8097,24,4,4,True
2017-04-26,7.2227,24,4,4,True
2017-04-27,4.8241,24,4,4,True
2017-04-28,5.2046,24,4,4,True
2017-04-29,6.2400,24,4,4,True
2017-04-30,7.8913,24,4,4,True
2017-05-01,6.8608,24,4,4,True
2017-05-02,6.6118,24,4,4,True
2017-05-03,7.1750,24,4,4,True
2017-05-04,7.6633,24,4,4,True
2017-05-05,8.5212,24,4,4,True
2017-05-06,8.8516,24,4,4,True
2017-05-07,8.7937,24,4,4,True
2017-05-08,8.7641,24,4,4,True
2017-05-09,8.4623,24,4,4,True
2017-05-10,8.9961,24,4,4,True
2017-05-11,9.2900,24,4,4,True
2017-05-12,8.9008,24,4,4,True
2017-05-13,9.2409,24,4,4,True
2017-05-14,9.7423,24,4,4,True
2017-05-15,10.3485,24,4,4,True
2017-05-16,11.4395,24,4,4,True
2017-05-17,10.9035,24,4,4,True
2017-05-18,10.6307,24,4,4,True
2017-05-19,8.5799,24,4,4,True
2017-05-20,9.3299,24,4,4,True
2017-05-21,10.2313,24,4,4,True
2017-05-22,11.4701,24,4,4,True
2017-05-23,11.5779,24,4,4,True
2017-05-24,12.0099,24,4,4,True
2017-05-25,12.8735,24,4,4,True
2017-05-26,12.7431,24,4,4,True
2017-05-27,12.0887,24,4,4,True
2017-05-28,13.0729,24,4,4,True
2017-05-29,12.1299,24,4,4,True
2017-05-30,10.5946,24,4,4,True
2017-05-31,11.9657,24,4,4,True
2017-06-01,12.3303,24,4,4,True
2017-06-02,12.0631,24,4,4,True
2017-06-03,12.2975,24,4,4,True
2017-06-04,11.3777,24,4,4,True
2017-06-05,10.4863,24,4,4,True
2017-06-06,10.3680,24,4,4,True
2017-06-07,10.7647,24,4,4,True
2017-06-08,12.1257,24,4,4,True
2017-06-09,13.2645,24,4,4,True
2017-06-10,14.3630,24,4,4,True
2017-06-11,15.1765,24,4,4,True
2017-06-12,15.8494,24,4,4,True
2017-06-13,15.5544,24,4,4,True
2017-06-14,15.5422,24,4,4,True
2017-06-15,15.7480,24,4,4,True
2017-06-16,16.2660,24,4,4,True
2017-06-17,16.3766,24,4,4,True
2017-06-18,15.8460,24,4,4,True
2017-06-19,16.7907,24,4,4,True
2017-06-20,16.6939,24,4,4,True
2017-06-21,15.8309,24,4,4,True
2017-06-22,16.0954,24,4,4,True
2017-06-23,16.8059,24,4,4,True
2017-06-24,16.6287,24,4,4,True
2017-06-25,16.7572,24,4,4,True
2017-06-26,16.2902,24,4,4,True
2017-06-27,15.8197,24,4,4,True
2017-06-28,15.3747,24,4,4,True
2017-06-29,13.7247,24,4,4,True
2017-06-30,12.3909,24,4,4,True
2017-07-01,12.1421,24,4,4,True
2017-07-02,12.4462,24,4,4,True
2017-07-03,14.3900,24,4,4,True
2017-07-04,16.0509,24,4,4,True
2017-07-05,16.6241,24,4,4,True
2017-07-06,16.4481,24,4,4,True
2017-07-07,16.0933,24,4,4,True
2017-07-08,15.6540,24,4,4,True
2017-07-09,15.6183,24,4,4,True
2017-07-10,15.5535,24,4,4,True
2017-07-11,15.9448,24,4,4,True
2017-07-12,16.4045,24,4,4,True
2017-07-13,16.1827,24,4,4,True
2017-07-14,16.6775,24,4,4,True
2017-07-15,16.9622,24,4,4,True
2017-07-16,17.1662,24,4,4,True
2017-07-17,16.9997,24,4,4,True
2017-07-18,15.2911,24,4,4,True
2017-07-19,15.7890,24,4,4,True
2017-07-20,15.5855,24,4,4,True
2017-07-21,15.6193,24,4,4,True
2017-07-22,15.9347,24,4,4,True
2017-07-23,15.2711,24,4,4,True
2017-07-24,14.8407,24,4,4,True
2017-07-25,15.0978,24,4,4,True
2017-07-26,14.5327,24,4,4,True
2017-07-27,14.6119,24,4,4,True
2017-07-28,16.2974,24,4,4,True
2017-07-29,16.5524,24,4,4,True
2017-07-30,17.2369,24,4,4,True
2017-07-31,16.9426,24,4,4,True
2017-08-01,15.2437,24,4,4,True
2017-08-02,17.1600,24,4,4,True
2017-08-03,18.2046,24,4,4,True
2017-08-04,19.0240,24,4,4,True
2017-08-05,18.8935,24,4,4,True
2017-08-06,17.4943,24,4,4,True
2017-08-07,17.3682,24,4,4,True
2017-08-08,16.4130,24,4,4,True
2017-08-09,14.5998,24,4,4,True
2017-08-10,13.3125,24,4,4,True
2017-08-11,13.7354,24,4,4,True
2017-08-12,14.0314,24,4,4,True
2017-08-13,15.0707,24,4,4,True
2017-08-14,16.0384,24,4,4,True
2017-08-15,16.3887,24,4,4,True
2017-08-16,16.9606,24,4,4,True
2017-08-17,17.5893,24,4,4,True
2017-08-18,16.8477,24,4,4,True
2017-08-19,16.0890,24,4,4,True
2017-08-20,16.1881,24,4,4,True
2017-08-21,15.8316,24,4,4,True
2017-08-22,16.4346,24,4,4,True
2017-08-23,16.9793,24,4,4,True
2017-08-24,17.6665,24,4,4,True
2017-08-25,17.2740,24,4,4,True
2017-08-26,17.4127,24,4,4,True
2017-08-27,17.5507,24,4,4,True
2017-08-28,16.6942,24,4,4,True
2017-08-29,16.8990,24,4,4,True
2017-08-30,17.0968,24,4,4,True
2017-08-31,16.2225,24,4,4,True
2017-09-01,14.5219,24,4,4,True
2017-09-02,13.8522,24,4,4,True
2017-09-03,12.9995,24,4,4,True
2017-09-04,14.7013,24,4,4,True
2017-09-05,15.2764,24,4,4,True
2017-09-06,15.2729,24,4,4,True
2017-09-07,14.3188,24,4,4,True
2017-09-08,13.5645,24,4,4,True
2017-09-09,12.4584,24,4,4,True
2017-09-10,11.4353,24,4,4,True
2017-09-11,11.9074,24,4,4,True
2017-09-12,11.8323,24,4,4,True
2017-09-13,11.7524,24,4,4,True
2017-09-14,11.8997,24,4,4,True
2017-09-15,10.4093,24,4,4,True
2017-09-16,9.9932,24,4,4,True
2017-09-17,9.4966,24,4,4,True
2017-09-18,10.4711,24,4,4,True
2017-09-19,9.9729,24,4,4,True
2017-09-20,9.9625,24,4,4,True
2017-09-21,9.9945,24,4,4,True
2017-09-22,10.8089,24,4,4,True
2017-09-23,11.7095,24,4,4,True
2017-09-24,11.9732,24,4,4,True
2017-09-25,12.0696,24,4,4,True
2017-09-26,11.7441,24,4,4,True
2017-09-27,11.3033,24,4,4,True
2017-09-28,11.4061,24,4,4,True
2017-09-29,11.6570,24,4,4,True
2017-09-30,11.3715,24,4,4,True
2017-10-01,11.8522,24,4,4,True
2017-10-02,11.9493,24,4,4,True
2017-10-03,12.2955,24,4,4,True
2017-10-04,11.7975,24,4,4,True
2017-10-05,10.6417,24,4,4,True
2017-10-06,11.1027,24,4,4,True
2017-10-07,10.1572,24,4,4,True
2017-10-08,9.2973,24,4,4,True
2017-10-09,9.0999,24,4,4,True
2017-10-10,9.6475,24,4,4,True
2017-10-11,9.5932,24,4,4,True
2017-10-12,9.5724,24,4,4,True
2017-10-13,9.9691,24,4,4,True
2017-10-14,10.4850,24,4,4,True
2017-10-15,10.7759,24,4,4,True
2017-10-16,10.9614,24,4,4,True
2017-10-17,10.5766,24,4,4,True
2017-10-18,10.3441,24,4,4,True
2017-10-19,10.7430,24,4,4,True
2017-10-20,10.8046,24,4,4,True
2017-10-21,10.8888,24,4,4,True
2017-10-22,10.2609,24,4,4,True
2017-10-23,9.3193,24,4,4,True
2017-10-24,9.8144,24,4,4,True
2017-10-25,9.6550,24,4,4,True
2017-10-26,9.5509,24,4,4,True
2017-10-27,9.9929,24,4,4,True
2017-10-28,10.6015,24,4,4,True
2017-10-29,9.0910,24,4,4,True
2017-10-30,9.3915,24,4,4,True
2017-10-31,8.5482,24,4,4,True
2017-11-01,7.7920,24,4,4,True
2017-11-02,7.7792,24,4,4,True
2017-11-03,7.9516,24,4,4,True
2017-11-04,8.6847,24,4,4,True
2017-11-05,9.0867,24,4,4,True
2017-11-06,6.1073,24,4,4,True
2017-11-07,5.8143,24,4,4,True
2017-11-08,6.4853,24,4,4,True
2017-11-09,6.3512,24,4,4,True
2017-11-10,6.5120,24,4,4,True
2017-11-11,7.1992,24,4,4,True
2017-11-12,6.8688,24,4,4,True
2017-11-13,5.5489,24,4,4,True
2017-11-14,4.6598,24,4,4,True
2017-11-15,3.9445,24,4,4,True
2017-11-16,4.3838,24,4,4,True
2017-11-17,4.7737,24,4,4,True
2017-11-18,5.5217,24,4,4,True
2017-11-19,4.3088,24,4,4,True
2017-11-20,4.9038,24,4,4,True
2017-11-21,4.9519,24,4,4,True
2017-11-22,5.2113,24,4,4,True
2017-11-23,5.2433,24,4,4,True
2017-11-24,5.8671,24,4,4,True
2017-11-25,5.9448,24,4,4,True
2017-11-26,5.5231,24,4,4,True
2017-11-27,4.2808,24,4,4,True
2017-11-28,4.1949,24,4,4,True
2017-11-29,4.9114,24,4,4,True
2017-11-30,4.8365,24,4,4,True
2017-12-01,4.3252,24,4,4,True
2017-12-02,2.9059,24,4,4,True
2017-12-03,2.8608,24,4,4,True
2017-12-04,3.3562,24,4,4,True
2017-12-05,3.5155,24,4,4,True
2017-12-06,3.6746,24,4,4,True
2017-12-07,4.2331,24,4,4,True
2017-12-08,4.5352,24,4,4,True
2017-12-09,4.4963,24,4,4,True
2017-12-10,4.7238,24,4,4,True
2017-12-11,5.3355,24,4,4,True
2017-12-12,4.0136,24,4,4,True
2017-12-13,3.1003,24,4,4,True
2017-12-14,4.7676,24,4,4,True
2017-12-15,4.6187,24,4,4,True
2017-12-16,3.7462,24,4,4,True
2017-12-17,3.3566,24,4,4,True
2017-12-18,3.5159,24,4,4,True
2017-12-19,3.9572,24,4,4,True
2017-12-20,3.7448,24,4,4,True
2017-12-21,4.4680,24,4,4,True
2017-12-22,4.5600,24,4,4,True
2017-12-23,5.0823,24,4,4,True
2017-12-24,4.0212,24,4,4,True
2017-12-25,3.8105,24,4,4,True
2017-12-26,4.0400,24,4,4,True
2017-12-27,3.9727,24,4,4,True
2017-12-28,2.8615,24,4,4,True
2017-12-29,3.1744,24,4,4,True
2017-12-30,3.9189,24,4,4,True
2017-12-31,4.3093,24,4,4,True
2018-01-01,4.6508,24,4,4,True
2018-01-02,4.6952,24,4,4,True
2018-01-03,5.2848,24,4,4,True
2018-01-04,5.8882,24,4,4,True
2018-01-05,5.1468,24,4,4,True
2018-01-06,5.1457,24,4,4,True
2018-01-07,5.4836,24,4,4,True
2018-01-08,4.6324,24,4,4,True
2018-01-09,4.4399,24,4,4,True
2018-01-10,4.2424,24,4,4,True
2018-01-11,4.2629,24,4,4,True
2018-01-12,4.4482,24,4,4,True
2018-01-13,3.9102,24,4,4,True
2018-01-14,4.4287,24,4,4,True
2018-01-15,4.2531,24,4,4,True
2018-01-16,4.6416,24,4,4,True
2018-01-17,5.1705,24,4,4,True
2018-01-18,4.2249,24,4,4,True
2018-01-19,4.3144,24,4,4,True
2018-01-20,4.8183,24,4,4,True
2018-01-21,5.5500,24,4,4,True
2018-01-22,5.6863,24,4,4,True
2018-01-23,5.5602,24,4,4,True
2018-01-24,5.1384,24,4,4,True
2018-01-25,5.4225,24,4,4,True
2018-01-26,4.2433,24,4,4,True
2018-01-27,3.6792,24,4,4,True
2018-01-28,3.5630,24,4,4,True
2018-01-29,3.7612,24,4,4,True
2018-01-30,4.0775,24,4,4,True
2018-01-31,4.1108,24,4,4,True
2018-02-01,3.9780,24,4,4,True
2018-02-02,3.7452,24,4,4,True
2018-02-03,3.4346,24,4,4,True
2018-02-04,4.0325,24,4,4,True
2018-02-05,3.6455,24,4,4,True
2018-02-06,3.5939,24,4,4,True
2018-02-07,3.0789,24,4,4,True
2018-02-08,2.9418,24,4,4,True
2018-02-09,2.7012,24,4,4,True
2018-02-10,2.7404,24,4,4,True
2018-02-11,2.9427,24,4,4,True
2018-02-12,3.6014,24,4,4,True
2018-02-13,2.7661,24,4,4,True
2018-02-14,3.4434,24,4,4,True
2018-02-15,4.1461,24,4,4,True
2018-02-16,4.7695,24,4,4,True
2018-02-17,4.9563,24,4,4,True
2018-02-18,4.7262,24,4,4,True
2018-02-19,5.0353,24,4,4,True
2018-02-20,4.5728,24,4,4,True
2018-02-21,4.3355,24,4,4,True
2018-02-22,3.8687,24,4,4,True
2018-02-23,3.7717,24,4,4,True
2018-02-24,3.6696,24,4,4,True
2018-02-25,4.5735,24,4,4,True
2018-02-26,4.1581,24,4,4,True
2018-02-27,3.0559,24,4,4,True
2018-02-28,3.2939,24,4,4,True
2018-03-01,4.6614,24,4,4,True
2018-03-02,4.6865,24,4,4,True
2018-03-03,4.7352,24,4,4,True
2018-03-04,4.9603,24,4,4,True
2018-03-05,4.8553,24,4,4,True
2018-03-06,5.6247,24,4,4,True
2018-03-07,5.0763,24,4,4,True
2018-03-08,4.9984,24,4,4,True
2018-03-09,5.0533,24,4,4,True
2018-03-10,6.0293,24,4,4,True
2018-03-11,6.1984,24,4,4,True
2018-03-12,5.7097,24,4,4,True
2018-03-13,5.3307,24,4,4,True
2018-03-14,5.4486,24,4,4,True
2018-03-15,6.5648,24,4,4,True
2018-03-16,5.6790,24,4,4,True
2018-03-17,4.9489,24,4,4,True
2018-03-18,4.4326,24,4,4,True
2018-03-19,3.9938,24,4,4,True
2018-03-20,3.2338,24,4,4,True
2018-03-21,3.0945,24,4,4,True
2018-03-22,3.1985,24,4,4,True
2018-03-23,4.0626,24,4,4,True
2018-03-24,4.5818,24,4,4,True
2018-03-25,5.3363,22,4,4,True
2018-03-26,5.3043,24,4,4,True
2018-03-27,4.7226,24,4,4,True
2018-03-28,6.3213,24,4,4,True
2018-03-29,6.4939,24,4,4,True
2018-03-30,6.2905,24,4,4,True
2018-03-31,5.2101,24,4,4,True
2018-04-01,5.4111,24,4,4,True
2018-04-02,6.7280,24,4,4,True
2018-04-03,7.3538,24,4,4,True
2018-04-04,7.6173,24,4,4,True
2018-04-05,7.6200,24,4,4,True
2018-04-06,7.4460,24,4,4,True
2018-04-07,8.1174,24,4,4,True
2018-04-08,6.5532,24,4,4,True
2018-04-09,6.0322,24,4,4,True
2018-04-10,6.2804,24,4,4,True
2018-04-11,6.6306,24,4,4,True
2018-04-12,6.0176,24,4,4,True
2018-04-13,5.8823,24,4,4,True
2018-04-14,6.7837,24,4,4,True
2018-04-15,7.8331,24,4,4,True
2018-04-16,7.5956,24,4,4,True
2018-04-17,7.4658,24,4,4,True
2018-04-18,8.2827,24,4,4,True
2018-04-19,8.7095,24,4,4,True
2018-04-20,8.3417,24,4,4,True
2018-04-21,8.3370,24,4,4,True
2018-04-22,8.4103,24,4,4,True
2018-04-23,8.2227,24,4,4,True
2018-04-24,8.1630,24,4,4,True
2018-04-25,8.6125,24,4,4,True
2018-04-26,8.3626,24,4,4,True
2018-04-27,8.0965,24,4,4,True
2018-04-28,8.3659,24,4,4,True
2018-04-29,7.2500,24,4,4,True
2018-04-30,6.5572,24,4,4,True
2018-05-01,6.0749,24,4,4,True
2018-05-02,6.0497,24,4,4,True
2018-05-03,5.9993,24,4,4,True
2018-05-04,5.7543,24,4,4,True
2018-05-05,6.5921,24,4,4,True
2018-05-06,7.3365,24,4,4,True
2018-05-07,8.4397,24,4,4,True
2018-05-08,7.8128,24,4,4,True
2018-05-09,7.7602,24,4,4,True
2018-05-10,7.6808,24,4,4,True
2018-05-11,7.8353,24,4,4,True
2018-05-12,7.9471,24,4,4,True
2018-05-13,5.5662,24,4,4,True
2018-05-14,5.4589,24,4,4,True
2018-05-15,5.8463,24,4,4,True
2018-05-16,6.5862,24,4,4,True
2018-05-17,7.3463,24,4,4,True
2018-05-18,7.7136,24,4,4,True
2018-05-19,8.0655,24,4,4,True
2018-05-20,8.3887,24,4,4,True
2018-05-21,8.4833,24,4,4,True
2018-05-22,7.9464,24,4,4,True
2018-05-23,9.1028,24,4,4,True
2018-05-24,9.5928,24,4,4,True
2018-05-25,9.0466,24,4,4,True
2018-05-26,9.3074,24,4,4,True
2018-05-27,9.3429,24,4,4,True
2018-05-28,8.6337,24,4,4,True
2018-05-29,9.1904,24,4,4,True
2018-05-30,8.7480,24,4,4,True
2018-05-31,9.2357,24,4,4,True
2018-06-01,9.2925,24,4,4,True
2018-06-02,9.7854,24,4,4,True
2018-06-03,9.8816,24,4,4,True
2018-06-04,10.0792,24,4,4,True
2018-06-05,9.8441,24,4,4,True
2018-06-06,9.6168,24,4,4,True
2018-06-07,9.3784,24,4,4,True
2018-06-08,9.7217,24,4,4,True
2018-06-09,10.8927,24,4,4,True
2018-06-10,11.0150,24,4,4,True
2018-06-11,9.6192,24,4,4,True
2018-06-12,9.4392,24,4,4,True
2018-06-13,9.3853,24,4,4,True
2018-06-14,10.0220,24,4,4,True
2018-06-15,9.9523,24,4,4,True
2018-06-16,11.0046,24,4,4,True
2018-06-17,11.1435,24,4,4,True
2018-06-18,10.6988,24,4,4,True
2018-06-19,12.1248,24,4,4,True
2018-06-20,12.9813,24,4,4,True
2018-06-21,13.5312,24,4,4,True
2018-06-22,14.0167,24,4,4,True
2018-06-23,13.3732,24,4,4,True
2018-06-24,12.9309,24,4,4,True
2018-06-25,13.3460,24,4,4,True
2018-06-26,13.7713,24,4,4,True
2018-06-27,14.0845,24,4,4,True
2018-06-28,14.6280,24,4,4,True
2018-06-29,13.6563,24,4,4,True
2018-06-30,13.3704,24,4,4,True
2018-07-01,13.4894,24,4,4,True
2018-07-02,12.6607,24,4,4,True
2018-07-03,11.3962,24,4,4,True
2018-07-04,11.1160,24,4,4,True
2018-07-05,10.8933,24,4,4,True
2018-07-06,12.5168,24,4,4,True
2018-07-07,12.9964,24,4,4,True
2018-07-08,13.0844,24,4,4,True
2018-07-09,12.0522,24,4,4,True
2018-07-10,12.9750,24,4,4,True
2018-07-11,13.2875,24,4,4,True
2018-07-12,13.4380,24,4,4,True
2018-07-13,13.1403,24,4,4,True
2018-07-14,13.3703,24,4,4,True
2018-07-15,14.2372,24,4,4,True
2018-07-16,15.1460,24,4,4,True
2018-07-17,14.5511,24,4,4,True
2018-07-18,15.3014,24,4,4,True
2018-07-19,15.7574,24,4,4,True
2018-07-20,13.9282,24,4,4,True
2018-07-21,13.2696,24,4,4,True
2018-07-22,12.4931,24,4,4,True
2018-07-23,12.8134,24,4,4,True
2018-07-24,11.2307,24,4,4,True
2018-07-25,11.4357,24,4,4,True
2018-07-26,11.5805,24,4,4,True
2018-07-27,12.8105,24,4,4,True
2018-07-28,13.4644,24,4,4,True
2018-07-29,15.7023,24,4,4,True
2018-07-30,14.1018,24,4,4,True
2018-07-31,13.3928,24,4,4,True
2018-08-01,14.5073,24,4,4,True
2018-08-02,10.1515,24,4,4,True
2018-08-03,10.8577,24,4,4,True
2018-08-04,12.8413,24,4,4,True
2018-08-05,15.6007,24,4,4,True
2018-08-06,13.7833,24,4,4,True
2018-08-07,12.2903,24,4,4,True
2018-08-08,13.8551,24,4,4,True
2018-08-09,13.2282,24,4,4,True
2018-08-10,13.4900,24,4,4,True
2018-08-11,15.5740,24,4,4,True
2018-08-12,14.0179,24,4,4,True
2018-08-13,13.0469,24,4,4,True
2018-08-14,14.8317,24,4,4,True
2018-08-15,15.0313,24,4,4,True
2018-08-16,15.3720,24,4,4,True
2018-08-17,15.6871,24,4,4,True
2018-08-18,14.7262,24,4,4,True
2018-08-19,15.0901,24,4,4,True
2018-08-20,14.8148,24,4,4,True
2018-08-21,13.1286,24,4,4,True
2018-08-22,13.5135,24,4,4,True
2018-08-23,13.7277,24,4,4,True
2018-08-24,14.0637,24,4,4,True
2018-08-25,13.7274,24,4,4,True
2018-08-26,13.9442,24,4,4,True
2018-08-27,14.0239,24,4,4,True
2018-08-28,13.4997,24,4,4,True
2018-08-29,12.5683,24,4,4,True
2018-08-30,12.2931,24,4,4,True
2018-08-31,12.6838,24,4,4,True
2018-09-01,13.8096,24,4,4,True
2018-09-02,13.7952,24,4,4,True
2018-09-03,13.0345,24,4,4,True
2018-09-04,11.2154,24,4,4,True
2018-09-05,13.0039,24,4,4,True
2018-09-06,11.3657,24,4,4,True
2018-09-07,11.4315,24,4,4,True
2018-09-08,12.3061,24,4,4,True
2018-09-09,14.1715,24,4,4,True
2018-09-10,12.4241,24,4,4,True
2018-09-11,11.4711,24,4,4,True
2018-09-12,10.5250,24,4,4,True
2018-09-13,12.3614,24,4,4,True
2018-09-14,12.6650,24,4,4,True
2018-09-15,14.0018,24,4,4,True
2018-09-16,14.3065,24,4,4,True
2018-09-17,14.5495,24,4,4,True
2018-09-18,13.4106,24,4,4,True
2018-09-19,13.9192,24,4,4,True
2018-09-20,13.1633,24,4,4,True
2018-09-21,14.2502,24,4,4,True
2018-09-22,15.1793,24,4,4,True
2018-09-23,15.2431,24,4,4,True
2018-09-24,15.1925,24,4,4,True
2018-09-25,12.2870,24,4,4,True
2018-09-26,10.3263,24,4,4,True
2018-09-27,11.2172,24,4,4,True
2018-09-28,11.6324,24,4,4,True
2018-09-29,12.3060,24,4,4,True
2018-09-30,12.3668,24,4,4,True
2018-10-01,11.4905,24,4,4,True
2018-10-02,10.1496,24,4,4,True
2018-10-03,9.3943,24,4,4,True
2018-10-04,10.7362,24,4,4,True
2018-10-05,11.4381,24,4,4,True
2018-10-06,11.6257,24,4,4,True
2018-10-07,11.0124,24,4,4,True
2018-10-08,10.3667,24,4,4,True
2018-10-09,10.2139,24,4,4,True
2018-10-10,10.9981,24,4,4,True
2018-10-11,11.4395,24,4,4,True
2018-10-12,11.9465,24,4,4,True
2018-10-13,11.4992,24,4,4,True
2018-10-14,12.0675,24,4,4,True
2018-10-15,10.7082,24,4,4,True
2018-10-16,9.9931,24,4,4,True
2018-10-17,10.0212,24,4,4,True
2018-10-18,10.1860,24,4,4,True
2018-10-19,11.0135,24,4,4,True
2018-10-20,11.5495,24,4,4,True
2018-10-21,11.2557,24,4,4,True
2018-10-22,10.3186,24,4,4,True
2018-10-23,9.3838,24,4,4,True
2018-10-24,8.5415,24,4,4,True
2018-10-25,8.8418,24,4,4,True
2018-10-26,8.5152,24,4,4,True
2018-10-27,9.1429,24,4,4,True
2018-10-28,6.7098,24,4,4,True
2018-10-29,5.6792,24,4,4,True
2018-10-30,5.5428,24,4,4,True
2018-10-31,6.7425,24,4,4,True
2018-11-01,6.9345,24,4,4,True
2018-11-02,6.7456,24,4,4,True
2018-11-03,6.2019,24,4,4,True
2018-11-04,6.0405,24,4,4,True
2018-11-05,7.3000,24,4,4,True
2018-11-06,7.2692,24,4,4,True
2018-11-07,7.3284,24,4,4,True
2018-11-08,7.3645,24,4,4,True
2018-11-09,7.4737,24,4,4,True
2018-11-10,7.1358,24,4,4,True
2018-11-11,7.6071,24,4,4,True
2018-11-12,8.1173,24,4,4,True
2018-11-13,7.8942,24,4,4,True
2018-11-14,6.8414,24,4,4,True
2018-11-15,7.0958,24,4,4,True
2018-11-16,6.7656,24,4,4,True
2018-11-17,6.5703,24,4,4,True
2018-11-18,6.7801,24,4,4,True
2018-11-19,6.1252,24,4,4,True
2018-11-20,5.9510,24,4,4,True
2018-11-21,5.8650,24,4,4,True
2018-11-22,5.6135,24,4,4,True
2018-11-23,5.9071,24,4,4,True
2018-11-24,5.6172,24,4,4,True
2018-11-25,5.3039,24,4,4,True
2018-11-26,5.4564,24,4,4,True
2018-11-27,5.6225,24,4,4,True
2018-11-28,5.5394,24,4,4,True
2018-11-29,5.9873,24,4,4,True
2018-11-30,6.2025,24,4,4,True
2018-12-01,6.1706,24,4,4,True
2018-12-02,6.6329,24,4,4,True
2018-12-03,7.5820,24,4,4,True
2018-12-04,7.5739,24,4,4,True
2018-12-05,6.6706,24,4,4,True
2018-12-06,6.8505,24,4,4,True
2018-12-07,7.0993,24,4,4,True
2018-12-08,6.8119,24,4,4,True
2018-12-09,6.6142,24,4,4,True
2018-12-10,6.1347,24,4,4,True
2018-12-11,4.8247,24,4,4,True
2018-12-12,5.4793,24,4,4,True
2018-12-13,6.3493,24,4,4,True
2018-12-14,6.0775,24,4,4,True
2018-12-15,5.9295,24,4,4,True
2018-12-16,6.6755,24,4,4,True
2018-12-17,5.9768,24,4,4,True
2018-12-18,4.7807,24,4,4,True
2018-12-19,5.4869,24,4,4,True
2018-12-20,5.3348,24,4,4,True
2018-12-21,5.1077,24,4,4,True
2018-12-22,5.9558,24,4,4,True
2018-12-23,6.8592,24,4,4,True
2018-12-24,6.1030,24,4,4,True
2018-12-25,5.4064,24,4,4,True
2018-12-26,4.9500,24,4,4,True
2018-12-27,4.7754,24,4,4,True
2018-12-28,4.3367,24,4,4,True
2018-12-29,3.8192,24,4,4,True
2018-12-30,3.3212,24,4,4,True
2018-12-31,3.2526,24,4,4,True
2019-01-01,3.5265,24,4,4,True
2019-01-02,2.9373,24,4,4,True
2019-01-03,2.9385,24,4,4,True
2019-01-04,2.6852,24,4,4,True
2019-01-05,2.8356,24,4,4,True
2019-01-06,2.8414,24,4,4,True
2019-01-07,2.6732,24,4,4,True
2019-01-08,2.7465,24,4,4,True
2019-01-09,4.0351,24,4,4,True
2019-01-10,3.4672,24,4,4,True
2019-01-11,3.3366,24,4,4,True
2019-01-12,3.3732,24,4,4,True
2019-01-13,4.1666,24,4,4,True
2019-01-14,4.8483,24,4,4,True
2019-01-15,3.9184,24,4,4,True
2019-01-16,3.5998,24,4,4,True
2019-01-17,4.0098,24,4,4,True
2019-01-18,4.2139,24,4,4,True
2019-01-19,3.8439,24,4,4,True
2019-01-20,3.9740,24,4,4,True
2019-01-21,4.1229,24,4,4,True
2019-01-22,3.3528,24,4,4,True
2019-01-23,2.6604,24,4,4,True
2019-01-24,2.6937,24,4,4,True
2019-01-25,2.9077,24,4,4,True
2019-01-26,3.7406,24,4,4,True
2019-01-27,3.1235,24,4,4,True
2019-01-28,2.6965,24,4,4,True
2019-01-29,3.0577,24,4,4,True
2019-01-30,3.1192,24,4,4,True
2019-01-31,3.2917,24,4,4,True
2019-02-01,3.9545,24,4,4,True
2019-02-02,3.4981,24,4,4,True
2019-02-03,2.4933,24,4,4,True
2019-02-04,2.0865,24,4,4,True
2019-02-05,3.3109,24,4,4,True
2019-02-06,4.0067,24,4,4,True
2019-02-07,3.9723,24,4,4,True
2019-02-08,4.3995,24,4,4,True
2019-02-09,4.5830,24,4,4,True
2019-02-10,5.0919,24,4,4,True
2019-02-11,4.8668,24,4,4,True
2019-02-12,4.4115,24,4,4,True
2019-02-13,3.9750,24,4,4,True
2019-02-14,4.5018,24,4,4,True
2019-02-15,4.5389,24,4,4,True
2019-02-16,4.5540,24,4,4,True
2019-02-17,4.7038,24,4,4,True
2019-02-18,4.4425,24,4,4,True
2019-02-19,4.4677,24,4,4,True
2019-02-20,4.5580,24,4,4,True
2019-02-21,4.5816,24,4,4,True
2019-02-22,4.6898,24,4,4,True
2019-02-23,5.1233,24,4,4,True
2019-02-24,5.6188,24,4,4,True
2019-02-25,5.2569,24,4,4,True
2019-02-26,5.3708,24,4,4,True
2019-02-27,5.4212,24,4,4,True
2019-02-28,5.6033,24,4,4,True
2019-03-01,5.5476,24,4,4,True
2019-03-02,5.7301,24,4,4,True
2019-03-03,5.8871,24,4,4,True
2019-03-04,6.0990,24,4,4,True
2019-03-05,6.0575,24,4,4,True
2019-03-06,6.2227,24,4,4,True
2019-03-07,6.2228,24,4,4,True
2019-03-08,5.5797,24,4,4,True
2019-03-09,6.2796,24,4,4,True
2019-03-10,7.0818,24,4,4,True
2019-03-11,7.1310,24,4,4,True
2019-03-12,5.6562,24,4,4,True
2019-03-13,5.7568,24,4,4,True
2019-03-14,5.8624,24,4,4,True
2019-03-15,6.5583,24,4,4,True
2019-03-16,6.1663,24,4,4,True
2019-03-17,6.5869,24,4,4,True
2019-03-18,5.9312,24,4,4,True
2019-03-19,5.7161,24,4,4,True
2019-03-20,5.5167,24,4,4,True
2019-03-21,5.4761,24,4,4,True
2019-03-22,5.7009,24,4,4,True
2019-03-23,7.0687,24,4,4,True
2019-03-24,7.5133,24,4,4,True
2019-03-25,7.5176,24,4,4,True
2019-03-26,6.9553,24,4,4,True
2019-03-27,5.9788,24,4,4,True
2019-03-28,6.1321,24,4,4,True
2019-03-29,7.1595,24,4,4,True
2019-03-30,7.3945,24,4,4,True
2019-03-31,7.4785,22,4,4,True
2019-04-01,7.7092,24,4,4,True
2019-04-02,7.1365,24,4,4,True
2019-04-03,6.0165,24,4,4,True
2019-04-04,5.2267,24,4,4,True
2019-04-05,5.4327,24,4,4,True
2019-04-06,6.4146,24,4,4,True
2019-04-07,6.1642,24,4,4,True
2019-04-08,5.7992,24,4,4,True
2019-04-09,7.3468,24,4,4,True
2019-04-10,7.0150,24,4,4,True
2019-04-11,5.6969,24,4,4,True
2019-04-12,6.2778,24,4,4,True
2019-04-13,6.7251,24,4,4,True
2019-04-14,6.7140,24,4,4,True
2019-04-15,7.4154,24,4,4,True
2019-04-16,7.8845,24,4,4,True
2019-04-17,7.4365,24,4,4,True
2019-04-18,7.8535,24,4,4,True
2019-04-19,8.1399,24,4,4,True
2019-04-20,8.0308,24,4,4,True
2019-04-21,7.6249,24,4,4,True
2019-04-22,7.7003,24,4,4,True
2019-04-23,8.3148,24,4,4,True
2019-04-24,8.1123,24,4,4,True
2019-04-25,8.3871,24,4,4,True
2019-04-26,6.9505,24,4,4,True
2019-04-27,7.5844,24,4,4,True
2019-04-28,8.6340,24,4,4,True
2019-04-29,8.4167,24,4,4,True
2019-04-30,9.0015,24,4,4,True
2019-05-01,9.0609,24,4,4,True
2019-05-02,9.0479,24,4,4,True
2019-05-03,7.7853,24,4,4,True
2019-05-04,7.4272,24,4,4,True
2019-05-05,7.3107,24,4,4,True
2019-05-06,7.5716,24,4,4,True
2019-05-07,8.3692,24,4,4,True
2019-05-08,10.4055,24,4,4,True
2019-05-09,9.5311,24,4,4,True
2019-05-10,9.9994,24,4,4,True
2019-05-11,9.1724,24,4,4,True
2019-05-12,8.5187,24,4,4,True
2019-05-13,8.7643,24,4,4,True
2019-05-14,8.9138,24,4,4,True
2019-05-15,9.4370,24,4,4,True
2019-05-16,9.7331,24,4,4,True
2019-05-17,9.4182,24,4,4,True
2019-05-18,7.6907,24,4,4,True
2019-05-19,7.7725,24,4,4,True
2019-05-20,7.9243,24,4,4,True
2019-05-21,8.7002,24,4,4,True
2019-05-22,9.8289,24,4,4,True
2019-05-23,10.3189,24,4,4,True
2019-05-24,9.4956,24,4,4,True
2019-05-25,8.0220,24,4,4,True
2019-05-26,7.7845,24,4,4,True
2019-05-27,8.6787,24,4,4,True
2019-05-28,8.8855,24,4,4,True
2019-05-29,8.4762,24,4,4,True
2019-05-30,9.4099,24,4,4,True
2019-05-31,10.3321,24,4,4,True
2019-06-01,11.0986,24,4,4,True
2019-06-02,11.7028,24,4,4,True
2019-06-03,10.8911,24,4,4,True
2019-06-04,12.0871,24,4,4,True
2019-06-05,11.6613,24,4,4,True
2019-06-06,10.0776,24,4,4,True
2019-06-07,10.6058,24,4,4,True
2019-06-08,11.0116,24,4,4,True
2019-06-09,11.7342,24,4,4,True
2019-06-10,10.4426,24,4,4,True
2019-06-11,9.3751,24,4,4,True
2019-06-12,8.5011,24,4,4,True
2019-06-13,10.1904,24,4,4,True
2019-06-14,11.1647,24,4,4,True
2019-06-15,10.8050,24,4,4,True
2019-06-16,11.0508,24,4,4,True
2019-06-17,12.1755,24,4,4,True
2019-06-18,11.9865,24,4,4,True
2019-06-19,12.5205,24,4,4,True
2019-06-20,13.5826,24,4,4,True
2019-06-21,11.8195,24,4,4,True
2019-06-22,12.0248,24,4,4,True
2019-06-23,13.3926,24,4,4,True
2019-06-24,14.1125,24,4,4,True
2019-06-25,11.7334,24,4,4,True
2019-06-26,11.9388,24,4,4,True
2019-06-27,13.8955,24,4,4,True
2019-06-28,14.0237,24,4,4,True
2019-06-29,15.4797,24,4,4,True
2019-06-30,15.4650,24,4,4,True
2019-07-01,16.2563,24,4,4,True
2019-07-02,16.9430,24,4,4,True
2019-07-03,15.6577,24,4,4,True
2019-07-04,14.4555,24,4,4,True
2019-07-05,14.8750,24,4,4,True
2019-07-06,16.7168,24,4,4,True
2019-07-07,18.6283,24,4,4,True
2019-07-08,16.0508,24,4,4,True
2019-07-09,14.6536,24,4,4,True
2019-07-10,13.8194,24,4,4,True
2019-07-11,14.1241,24,4,4,True
2019-07-12,12.0052,24,4,4,True
2019-07-13,14.0364,24,4,4,True
2019-07-14,16.4499,24,4,4,True
2019-07-15,15.1912,24,4,4,True
2019-07-16,14.1879,24,4,4,True
2019-07-17,12.0880,24,4,4,True
2019-07-18,14.4853,24,4,4,True
2019-07-19,15.8491,24,4,4,True
2019-07-20,14.8883,24,4,4,True
2019-07-21,18.0860,24,4,4,True
2019-07-22,18.6836,24,4,4,True
2019-07-23,15.2050,24,4,4,True
2019-07-24,13.2999,24,4,4,True
2019-07-25,12.7815,24,4,4,True
2019-07-26,12.1848,24,4,4,True
2019-07-27,14.1666,24,4,4,True
2019-07-28,13.6738,24,4,4,True
2019-07-29,15.3407,24,4,4,True
2019-07-30,15.1299,24,4,4,True
2019-07-31,15.2638,24,4,4,True
2019-08-01,15.0527,24,4,4,True
2019-08-02,15.2083,24,4,4,True
2019-08-03,16.2373,24,4,4,True
2019-08-04,16.9127,24,4,4,True
2019-08-05,17.8211,24,4,4,True
2019-08-06,18.0255,24,4,4,True
2019-08-07,17.5925,24,4,4,True
2019-08-08,17.9897,24,4,4,True
2019-08-09,17.5953,24,4,4,True
2019-08-10,17.6914,24,4,4,True
2019-08-11,16.8102,24,4,4,True
2019-08-12,15.1562,24,4,4,True
2019-08-13,13.8495,24,4,4,True
2019-08-14,14.3812,24,4,4,True
2019-08-15,14.4829,24,4,4,True
2019-08-16,14.4875,24,4,4,True
2019-08-17,15.5313,24,4,4,True
2019-08-18,17.0489,24,4,4,True
2019-08-19,16.4182,24,4,4,True
2019-08-20,12.3459,24,4,4,True
2019-08-21,13.2196,24,4,4,True
2019-08-22,14.1828,24,4,4,True
2019-08-23,14.3037,24,4,4,True
2019-08-24,13.1705,24,4,4,True
2019-08-25,15.0448,24,4,4,True
2019-08-26,15.1878,24,4,4,True
2019-08-27,12.7160,24,4,4,True
2019-08-28,13.8209,24,4,4,True
2019-08-29,13.3778,24,4,4,True
2019-08-30,13.8877,24,4,4,True
2019-08-31,13.7110,24,4,4,True
2019-09-01,14.4928,24,4,4,True
2019-09-02,14.4780,24,4,4,True
2019-09-03,13.7630,24,4,4,True
2019-09-04,13.8698,24,4,4,True
2019-09-05,14.1665,24,4,4,True
2019-09-06,12.3637,24,4,4,True
2019-09-07,12.0565,24,4,4,True
2019-09-08,11.6918,24,4,4,True
2019-09-09,11.6378,24,4,4,True
2019-09-10,11.3469,24,4,4,True
2019-09-11,9.9226,24,4,4,True
2019-09-12,10.5848,24,4,4,True
2019-09-13,10.9644,24,4,4,True
2019-09-14,10.9826,24,4,4,True
2019-09-15,12.8284,24,4,4,True
2019-09-16,12.2153,24,4,4,True
2019-09-17,11.4678,24,4,4,True
2019-09-18,12.2273,24,4,4,True
2019-09-19,11.2800,24,4,4,True
2019-09-20,10.8552,24,4,4,True
2019-09-21,11.7061,24,4,4,True
2019-09-22,13.5904,24,4,4,True
2019-09-23,12.5648,24,4,4,True
2019-09-24,10.5334,24,4,4,True
2019-09-25,9.6249,24,4,4,True
2019-09-26,10.9885,24,4,4,True
2019-09-27,12.0840,24,4,4,True
2019-09-28,13.4674,24,4,4,True
2019-09-29,12.5744,24,4,4,True
2019-09-30,11.1902,24,4,4,True
2019-10-01,11.3682,24,4,4,True
2019-10-02,11.6792,24,4,4,True
2019-10-03,11.3012,24,4,4,True
2019-10-04,10.3575,24,4,4,True
2019-10-05,11.8198,24,4,4,True
2019-10-06,11.6426,24,4,4,True
2019-10-07,10.7077,24,4,4,True
2019-10-08,10.4217,24,4,4,True
2019-10-09,11.4744,24,4,4,True
2019-10-10,11.2237,24,4,4,True
2019-10-11,10.4943,24,4,4,True
2019-10-12,11.6765,24,4,4,True
2019-10-13,12.0617,24,4,4,True
2019-10-14,12.6525,24,4,4,True
2019-10-15,12.3769,24,4,4,True
2019-10-16,9.9387,24,4,4,True
2019-10-17,10.0230,24,4,4,True
2019-10-18,9.9140,24,4,4,True
2019-10-19,10.9585,24,4,4,True
2019-10-20,11.3980,24,4,4,True
2019-10-21,9.9148,24,4,4,True
2019-10-22,8.8346,24,4,4,True
2019-10-23,9.0679,24,4,4,True
2019-10-24,8.0212,24,4,4,True
2019-10-25,8.5985,24,4,4,True
2019-10-26,8.4730,24,4,4,True
2019-10-27,8.7805,24,4,4,True
2019-10-28,8.5526,24,4,4,True
2019-10-29,8.2606,24,4,4,True
2019-10-30,7.7694,24,4,4,True
2019-10-31,8.9007,24,4,4,True
2019-11-01,9.1581,24,4,4,True
2019-11-02,10.0462,24,4,4,True
2019-11-03,9.7643,24,4,4,True
2019-11-04,8.8210,24,4,4,True
2019-11-05,8.6799,24,4,4,True
2019-11-06,7.4625,24,4,4,True
2019-11-07,6.4360,24,4,4,True
2019-11-08,6.1085,24,4,4,True
2019-11-09,5.8820,24,4,4,True
2019-11-10,6.2560,24,4,4,True
2019-11-11,5.7017,24,4,4,True
2019-11-12,5.8605,24,4,4,True
2019-11-13,6.2029,24,4,4,True
2019-11-14,5.2620,24,4,4,True
2019-11-15,4.5221,24,4,4,True
2019-11-16,4.5656,24,4,4,True
2019-11-17,5.1923,24,4,4,True
2019-11-18,5.2167,24,4,4,True
2019-11-19,4.9501,24,4,4,True
2019-11-20,4.5500,24,4,4,True
2019-11-21,4.4497,24,4,4,True
2019-11-22,4.8439,24,4,4,True
2019-11-23,5.8946,24,4,4,True
2019-11-24,5.9340,24,4,4,True
2019-11-25,5.5214,24,4,4,True
2019-11-26,5.6768,24,4,4,True
2019-11-27,6.5227,24,4,4,True
2019-11-28,6.1787,24,4,4,True
2019-11-29,6.3695,24,4,4,True
2019-11-30,5.5743,24,4,4,True
2019-12-01,6.3120,24,4,4,True
2019-12-02,5.9778,24,4,4,True
2019-12-03,5.5613,24,4,4,True
2019-12-04,5.1118,24,4,4,True
2019-12-05,5.9683,24,4,4,True
2019-12-06,5.7283,24,4,4,True
2019-12-07,5.2114,24,4,4,True
2019-12-08,5.0239,24,4,4,True
2019-12-09,5.4537,24,4,4,True
2019-12-10,5.1037,24,4,4,True
2019-12-11,4.7135,24,4,4,True
2019-12-12,5.1498,24,4,4,True
2019-12-13,5.5135,24,4,4,True
2019-12-14,5.8210,1,1,4,False
2019-12-15,,0,0,,False
2019-12-16,,0,0,,False
2019-12-17,,0,0,,False
2019-12-18,,0,0,,False
2019-12-19,,0,0,,False
2019-12-20,,0,0,,False
2019-12-21,,0,0,,False
2019-12-22,,0,0,,False
2019-12-23,,0,0,,False
2019-12-24,,0,0,,False
2019-12-25,,0,0,,False
2019-12-26,,0,0,,False
2019-12-27,,0,0,,False
2019-12-28,,0,0,,False
2019-12-29,,0,0,,False
2019-12-30,,0,0,,False
2019-12-31,,0,0,,False
2020-01-01,,0,0,,False
2020-01-02,,0,0,,False
2020-01-03,,0,0,,False
2020-01-04,,0,0,,False
2020-01-05,,0,0,,False
2020-01-06,,0,0,,False
2020-01-07,,0,0,,False
2020-01-08,,0,0,,False
2020-01-09,,0,0,,False
2020-01-10,,0,0,,False
2020-01-11,,0,0,,False
2020-01-12,,0,0,,False
2020-01-13,,0,0,,False
2020-01-14,,0,0,,False
2020-01-15,,0,0,,False
2020-01-16,,0,0,,False
2020-01-17,,0,0,,False
2020-01-18,,0,0,,False
2020-01-19,,0,0,,False
2020-01-20,,0,0,,False
2020-01-21,,0,0,,False
2020-01-22,,0,0,,False
2020-01-23,,0,0,,False
2020-01-24,,0,0,,False
2020-01-25,,0,0,,False
2020-01-26,,0,0,,False
2020-01-27,,0,0,,False
2020-01-28,,0,0,,False
2020-01-29,,0,0,,False
2020-01-30,,0,0,,False
2020-01-31,,0,0,,False
2020-02-01,,0,0,,False
2020-02-02,,0,0,,False
2020-02-03,,0,0,,False
2020-02-04,,0,0,,False
2020-02-05,,0,0,,False
2020-02-06,,0,0,,False
2020-02-07,,0,0,,False
2020-02-08,,0,0,,False
2020-02-09,,0,0,,False
2020-02-10,,0,0,,False
2020-02-11,,0,0,,False
2020-02-12,,0,0,,False
2020-02-13,,0,0,,False
2020-02-14,,0,0,,False
2020-02-15,,0,0,,False
2020-02-16,,0,0,,False
2020-02-17,,0,0,,False
2020-02-18,,0,0,,False
2020-02-19,,0,0,,False
2020-02-20,,0,0,,False
2020-02-21,,0,0,,False
2020-02-22,,0,0,,False
2020-02-23,,0,0,,False
2020-02-24,,0,0,,False
2020-02-25,,0,0,,False
2020-02-26,,0,0,,False
2020-02-27,,0,0,,False
2020-02-28,,0,0,,False
2020-02-29,,0,0,,False
2020-03-01,,0,0,,False
2020-03-02,,0,0,,False
2020-03-03,,0,0,,False
2020-03-04,,0,0,,False
2020-03-05,,0,0,,False
2020-03-06,,0,0,,False
2020-03-07,,0,0,,False
2020-03-08,,0,0,,False
2020-03-09,,0,0,,False
2020-03-10,,0,0,,False
2020-03-11,,0,0,,False
2020-03-12,,0,0,,False
2020-03-13,,0,0,,False
2020-03-14,,0,0,,False
2020-03-15,,0,0,,False
2020-03-16,,0,0,,False
2020-03-17,,0,0,,False
2020-03-18,,0,0,,False
2020-03-19,,0,0,,False
2020-03-20,,0,0,,False
2020-03-21,,0,0,,False
2020-03-22,,0,0,,False
2020-03-23,,0,0,,False
2020-03-24,,0,0,,False
2020-03-25,,0,0,,False
2020-03-26,,0,0,,False
2020-03-27,,0,0,,False
2020-03-28,,0,0,,False
2020-03-29,,0,0,,False
2020-03-30,,0,0,,False
2020-03-31,,0,0,,False
2020-04-01,,0,0,,False
2020-04-02,,0,0,,False
2020-04-03,,0,0,,False
2020-04-04,,0,0,,False
2020-04-05,,0,0,,False
2020-04-06,,0,0,,False
2020-04-07,,0,0,,False
2020-04-08,,0,0,,False
2020-04-09,,0,0,,False
2020-04-10,,0,0,,False
2020-04-11,,0,0,,False
2020-04-12,,0,0,,False
2020-04-13,,0,0,,False
2020-04-14,,0,0,,False
2020-04-15,,0,0,,False
2020-04-16,,0,0,,False
2020-04-17,,0,0,,False
2020-04-18,,0,0,,False
2020-04-19,,0,0,,False
2020-04-20,,0,0,,False
2020-04-21,,0,0,,False
2020-04-22,,0,0,,False
2020-04-23,,0,0,,False
2020-04-24,,0,0,,False
2020-04-25,,0,0,,False
2020-04-26,,0,0,,False
2020-04-27,,0,0,,False
2020-04-28,,0,0,,False
2020-04-29,,0,0,,False
2020-04-30,,0,0,,False
2020-05-01,,0,0,,False
2020-05-02,,0,0,,False
2020-05-03,,0,0,,False
2020-05-04,,0,0,,False
2020-05-05,,0,0,,False
2020-05-06,,0,0,,False
2020-05-07,,0,0,,False
2020-05-08,,0,0,,False
2020-05-09,,0,0,,False
2020-05-10,,0,0,,False
2020-05-11,,0,0,,False
2020-05-12,,0,0,,False
2020-05-13,,0,0,,False
2020-05-14,,0,0,,False
2020-05-15,,0,0,,False
2020-05-16,,0,0,,False
2020-05-17,,0,0,,False
2020-05-18,,0,0,,False
2020-05-19,,0,0,,False
2020-05-20,,0,0,,False
2020-05-21,,0,0,,False
2020-05-22,,0,0,,False
2020-05-23,,0,0,,False
2020-05-24,,0,0,,False
2020-05-25,,0,0,,False
2020-05-26,,0,0,,False
2020-05-27,,0,0,,False
2020-05-28,,0,0,,False
2020-05-29,,0,0,,False
2020-05-30,,0,0,,False
2020-05-31,,0,0,,False
2020-06-01,,0,0,,False
2020-06-02,,0,0,,False
2020-06-03,,0,0,,False
2020-06-04,,0,0,,False
2020-06-05,,0,0,,False
2020-06-06,,0,0,,False
2020-06-07,,0,0,,False
2020-06-08,,0,0,,False
2020-06-09,,0,0,,False
2020-06-10,,0,0,,False
2020-06-11,,0,0,,False
2020-06-12,,0,0,,False
2020-06-13,,0,0,,False
2020-06-14,,0,0,,False
2020-06-15,,0,0,,False
2020-06-16,,0,0,,False
2020-06-17,,0,0,,False
2020-06-18,,0,0,,False
2020-06-19,,0,0,,False
2020-06-20,,0,0,,False
2020-06-21,,0,0,,False
2020-06-22,,0,0,,False
2020-06-23,,0,0,,False
2020-06-24,,0,0,,False
2020-06-25,,0,0,,False
2020-06-26,,0,0,,False
2020-06-27,,0,0,,False
2020-06-28,,0,0,,False
2020-06-29,,0,0,,False
2020-06-30,,0,0,,False
2020-07-01,,0,0,,False
2020-07-02,,0,0,,False
2020-07-03,,0,0,,False
2020-07-04,,0,0,,False
2020-07-05,,0,0,,False
2020-07-06,,0,0,,False
2020-07-07,,0,0,,False
2020-07-08,,0,0,,False
2020-07-09,,0,0,,False
2020-07-10,,0,0,,False
2020-07-11,,0,0,,False
2020-07-12,,0,0,,False
2020-07-13,,0,0,,False
2020-07-14,,0,0,,False
2020-07-15,,0,0,,False
2020-07-16,,0,0,,False
2020-07-17,,0,0,,False
2020-07-18,,0,0,,False
2020-07-19,,0,0,,False
2020-07-20,,0,0,,False
2020-07-21,,0,0,,False
2020-07-22,,0,0,,False
2020-07-23,,0,0,,False
2020-07-24,,0,0,,False
2020-07-25,,0,0,,False
2020-07-26,,0,0,,False
2020-07-27,,0,0,,False
2020-07-28,,0,0,,False
2020-07-29,,0,0,,False
2020-07-30,,0,0,,False
2020-07-31,,0,0,,False
2020-08-01,,0,0,,False
2020-08-02,,0,0,,False
2020-08-03,,0,0,,False
2020-08-04,,0,0,,False
2020-08-05,,0,0,,False
2020-08-06,,0,0,,False
2020-08-07,,0,0,,False
2020-08-08,,0,0,,False
2020-08-09,,0,0,,False
2020-08-10,,0,0,,False
2020-08-11,,0,0,,False
2020-08-12,,0,0,,False
2020-08-13,,0,0,,False
2020-08-14,,0,0,,False
2020-08-15,,0,0,,False
2020-08-16,,0,0,,False
2020-08-17,,0,0,,False
2020-08-18,,0,0,,False
2020-08-19,,0,0,,False
2020-08-20,,0,0,,False
2020-08-21,,0,0,,False
2020-08-22,,0,0,,False
2020-08-23,,0,0,,False
2020-08-24,,0,0,,False
2020-08-25,,0,0,,False
2020-08-26,,0,0,,False
2020-08-27,,0,0,,False
2020-08-28,,0,0,,False
2020-08-29,,0,0,,False
2020-08-30,,0,0,,False
2020-08-31,,0,0,,False
2020-09-01,,0,0,,False
2020-09-02,,0,0,,False
2020-09-03,,0,0,,False
2020-09-04,,0,0,,False
2020-09-05,,0,0,,False
2020-09-06,,0,0,,False
2020-09-07,,0,0,,False
2020-09-08,,0,0,,False
2020-09-09,,0,0,,False
2020-09-10,,0,0,,False
2020-09-11,,0,0,,False
2020-09-12,,0,0,,False
2020-09-13,,0,0,,False
2020-09-14,,0,0,,False
2020-09-15,,0,0,,False
2020-09-16,,0,0,,False
2020-09-17,,0,0,,False
2020-09-18,,0,0,,False
2020-09-19,,0,0,,False
2020-09-20,,0,0,,False
2020-09-21,,0,0,,False
2020-09-22,,0,0,,False
2020-09-23,,0,0,,False
2020-09-24,,0,0,,False
2020-09-25,,0,0,,False
2020-09-26,,0,0,,False
2020-09-27,,0,0,,False
2020-09-28,,0,0,,False
2020-09-29,,0,0,,False
2020-09-30,,0,0,,False
2020-10-01,,0,0,,False
2020-10-02,,0,0,,False
2020-10-03,,0,0,,False
2020-10-04,,0,0,,False
2020-10-05,,0,0,,False
2020-10-06,,0,0,,False
2020-10-07,,0,0,,False
2020-10-08,,0,0,,False
2020-10-09,,0,0,,False
2020-10-10,,0,0,,False
2020-10-11,,0,0,,False
2020-10-12,,0,0,,False
2020-10-13,,0,0,,False
2020-10-14,,0,0,,False
2020-10-15,,0,0,,False
2020-10-16,,0,0,,False
2020-10-17,,0,0,,False
2020-10-18,,0,0,,False
2020-10-19,,0,0,,False
2020-10-20,,0,0,,False
2020-10-21,,0,0,,False
2020-10-22,,0,0,,False
2020-10-23,,0,0,,False
2020-10-24,,0,0,,False
2020-10-25,,0,0,,False
2020-10-26,,0,0,,False
2020-10-27,,0,0,,False
2020-10-28,,0,0,,False
2020-10-29,,0,0,,False
2020-10-30,,0,0,,False
2020-10-31,,0,0,,False
2020-11-01,,0,0,,False
2020-11-02,,0,0,,False
2020-11-03,,0,0,,False
2020-11-04,,0,0,,False
2020-11-05,,0,0,,False
2020-11-06,,0,0,,False
2020-11-07,,0,0,,False
2020-11-08,,0,0,,False
2020-11-09,,0,0,,False
2020-11-10,,0,0,,False
2020-11-11,,0,0,,False
2020-11-12,,0,0,,False
2020-11-13,,0,0,,False
2020-11-14,,0,0,,False
2020-11-15,,0,0,,False
2020-11-16,,0,0,,False
2020-11-17,,0,0,,False
2020-11-18,,0,0,,False
2020-11-19,,0,0,,False
2020-11-20,,0,0,,False
2020-11-21,,0,0,,False
2020-11-22,,0,0,,False
2020-11-23,,0,0,,False
2020-11-24,,0,0,,False
2020-11-25,,0,0,,False
2020-11-26,,0,0,,False
2020-11-27,,0,0,,False
2020-11-28,,0,0,,False
2020-11-29,,0,0,,False
2020-11-30,,0,0,,False
2020-12-01,,0,0,,False
2020-12-02,,0,0,,False
2020-12-03,,0,0,,False
2020-12-04,,0,0,,False
2020-12-05,,0,0,,False
2020-12-06,,0,0,,False
2020-12-07,,0,0,,False
2020-12-08,,0,0,,False
2020-12-09,,0,0,,False
2020-12-10,,0,0,,False
2020-12-11,,0,0,,False
2020-12-12,,0,0,,False
2020-12-13,,0,0,,False
2020-12-14,,0,0,,False
2020-12-15,,0,0,,False
2020-12-16,,0,0,,False
2020-12-17,,0,0,,False
2020-12-18,,0,0,,False
2020-12-19,,0,0,,False
2020-12-20,,0,0,,False
2020-12-21,,0,0,,False
2020-12-22,,0,0,,False
2020-12-23,,0,0,,False
2020-12-24,,0,0,,False
2020-12-25,,0,0,,False
2020-12-26,,0,0,,False
2020-12-27,,0,0,,False
2020-12-28,,0,0,,False
2020-12-29,,0,0,,False
2020-12-30,,0,0,,False
2020-12-31,,0,0,,False
2021-01-01,,0,0,,False
2021-01-02,,0,0,,False
2021-01-03,,0,0,,False
2021-01-04,,0,0,,False
2021-01-05,,0,0,,False
2021-01-06,,0,0,,False
2021-01-07,,0,0,,False
2021-01-08,,0,0,,False
2021-01-09,,0,0,,False
2021-01-10,,0,0,,False
2021-01-11,,0,0,,False
2021-01-12,,0,0,,False
2021-01-13,,0,0,,False
2021-01-14,,0,0,,False
2021-01-15,,0,0,,False
2021-01-16,,0,0,,False
2021-01-17,,0,0,,False
2021-01-18,,0,0,,False
2021-01-19,,0,0,,False
2021-01-20,,0,0,,False
2021-01-21,,0,0,,False
2021-01-22,,0,0,,False
2021-01-23,,0,0,,False
2021-01-24,,0,0,,False
2021-01-25,,0,0,,False
2021-01-26,,0,0,,False
2021-01-27,,0,0,,False
2021-01-28,,0,0,,False
2021-01-29,,0,0,,False
2021-01-30,,0,0,,False
2021-01-31,,0,0,,False
2021-02-01,,0,0,,False
2021-02-02,,0,0,,False
2021-02-03,,0,0,,False
2021-02-04,,0,0,,False
2021-02-05,,0,0,,False
2021-02-06,,0,0,,False
2021-02-07,,0,0,,False
2021-02-08,,0,0,,False
2021-02-09,,0,0,,False
2021-02-10,,0,0,,False
2021-02-11,,0,0,,False
2021-02-12,,0,0,,False
2021-02-13,,0,0,,False
2021-02-14,,0,0,,False
2021-02-15,,0,0,,False
2021-02-16,,0,0,,False
2021-02-17,,0,0,,False
2021-02-18,,0,0,,False
2021-02-19,,0,0,,False
2021-02-20,,0,0,,False
2021-02-21,,0,0,,False
2021-02-22,,0,0,,False
2021-02-23,,0,0,,False
2021-02-24,,0,0,,False
2021-02-25,,0,0,,False
2021-02-26,,0,0,,False
2021-02-27,,0,0,,False
2021-02-28,,0,0,,False
2021-03-01,,0,0,,False
2021-03-02,,0,0,,False
2021-03-03,,0,0,,False
2021-03-04,,0,0,,False
2021-03-05,,0,0,,False
2021-03-06,,0,0,,False
2021-03-07,,0,0,,False
2021-03-08,,0,0,,False
2021-03-09,,0,0,,False
2021-03-10,,0,0,,False
2021-03-11,,0,0,,False
2021-03-12,,0,0,,False
2021-03-13,,0,0,,False
2021-03-14,,0,0,,False
2021-03-15,,0,0,,False
2021-03-16,,0,0,,False
2021-03-17,,0,0,,False
2021-03-18,,0,0,,False
2021-03-19,,0,0,,False
2021-03-20,,0,0,,False
2021-03-21,,0,0,,False
2021-03-22,,0,0,,False
2021-03-23,,0,0,,False
2021-03-24,,0,0,,False
2021-03-25,,0,0,,False
2021-03-26,,0,0,,False
2021-03-27,,0,0,,False
2021-03-28,,0,0,,False
2021-03-29,,0,0,,False
2021-03-30,,0,0,,False
2021-03-31,,0,0,,False
2021-04-01,,0,0,,False
2021-04-02,,0,0,,False
2021-04-03,,0,0,,False
2021-04-04,,0,0,,False
2021-04-05,,0,0,,False
2021-04-06,,0,0,,False
2021-04-07,,0,0,,False
2021-04-08,,0,0,,False
2021-04-09,,0,0,,False
2021-04-10,,0,0,,False
2021-04-11,,0,0,,False
2021-04-12,,0,0,,False
2021-04-13,,0,0,,False
2021-04-14,,0,0,,False
2021-04-15,,0,0,,False
2021-04-16,,0,0,,False
2021-04-17,,0,0,,False
2021-04-18,,0,0,,False
2021-04-19,,0,0,,False
2021-04-20,,0,0,,False
2021-04-21,,0,0,,False
2021-04-22,,0,0,,False
2021-04-23,,0,0,,False
2021-04-24,,0,0,,False
2021-04-25,,0,0,,False
2021-04-26,,0,0,,False
2021-04-27,,0,0,,False
2021-04-28,,0,0,,False
2021-04-29,,0,0,,False
2021-04-30,,0,0,,False
2021-05-01,,0,0,,False
2021-05-02,,0,0,,False
2021-05-03,,0,0,,False
2021-05-04,,0,0,,False
2021-05-05,,0,0,,False
2021-05-06,,0,0,,False
2021-05-07,,0,0,,False
2021-05-08,,0,0,,False
2021-05-09,,0,0,,False
2021-05-10,,0,0,,False
2021-05-11,,0,0,,False
2021-05-12,,0,0,,False
2021-05-13,,0,0,,False
2021-05-14,,0,0,,False
2021-05-15,,0,0,,False
2021-05-16,,0,0,,False
2021-05-17,,0,0,,False
2021-05-18,,0,0,,False
2021-05-19,,0,0,,False
2021-05-20,,0,0,,False
2021-05-21,,0,0,,False
2021-05-22,,0,0,,False
2021-05-23,,0,0,,False
2021-05-24,,0,0,,False
2021-05-25,,0,0,,False
2021-05-26,,0,0,,False
2021-05-27,,0,0,,False
2021-05-28,,0,0,,False
2021-05-29,,0,0,,False
2021-05-30,,0,0,,False
2021-05-31,,0,0,,False
2021-06-01,,0,0,,False
2021-06-02,,0,0,,False
2021-06-03,,0,0,,False
2021-06-04,,0,0,,False
2021-06-05,,0,0,,False
2021-06-06,,0,0,,False
2021-06-07,,0,0,,False
2021-06-08,,0,0,,False
2021-06-09,,0,0,,False
2021-06-10,,0,0,,False
2021-06-11,,0,0,,False
2021-06-12,,0,0,,False
2021-06-13,,0,0,,False
2021-06-14,,0,0,,False
2021-06-15,,0,0,,False
2021-06-16,,0,0,,False
2021-06-17,,0,0,,False
2021-06-18,,0,0,,False
2021-06-19,,0,0,,False
2021-06-20,,0,0,,False
2021-06-21,,0,0,,False
2021-06-22,,0,0,,False
2021-06-23,,0,0,,False
2021-06-24,,0,0,,False
2021-06-25,,0,0,,False
2021-06-26,,0,0,,False
2021-06-27,,0,0,,False
2021-06-28,,0,0,,False
2021-06-29,,0,0,,False
2021-06-30,,0,0,,False
2021-07-01,,0,0,,False
2021-07-02,,0,0,,False
2021-07-03,,0,0,,False
2021-07-04,,0,0,,False
2021-07-05,,0,0,,False
2021-07-06,,0,0,,False
2021-07-07,,0,0,,False
2021-07-08,,0,0,,False
2021-07-09,,0,0,,False
2021-07-10,,0,0,,False
2021-07-11,,0,0,,False
2021-07-12,,0,0,,False
2021-07-13,,0,0,,False
2021-07-14,,0,0,,False
2021-07-15,,0,0,,False
2021-07-16,,0,0,,False
2021-07-17,,0,0,,False
2021-07-18,,0,0,,False
2021-07-19,,0,0,,False
2021-07-20,,0,0,,False
2021-07-21,,0,0,,False
2021-07-22,,0,0,,False
2021-07-23,,0,0,,False
2021-07-24,,0,0,,False
2021-07-25,,0,0,,False
2021-07-26,,0,0,,False
2021-07-27,,0,0,,False
2021-07-28,,0,0,,False
2021-07-29,,0,0,,False
2021-07-30,,0,0,,False
2021-07-31,,0,0,,False
2021-08-01,,0,0,,False
2021-08-02,,0,0,,False
2021-08-03,,0,0,,False
2021-08-04,,0,0,,False
2021-08-05,,0,0,,False
2021-08-06,,0,0,,False
2021-08-07,,0,0,,False
2021-08-08,,0,0,,False
2021-08-09,,0,0,,False
2021-08-10,,0,0,,False
2021-08-11,,0,0,,False
2021-08-12,,0,0,,False
2021-08-13,,0,0,,False
2021-08-14,,0,0,,False
2021-08-15,,0,0,,False
2021-08-16,,0,0,,False
2021-08-17,,0,0,,False
2021-08-18,,0,0,,False
2021-08-19,,0,0,,False
2021-08-20,,0,0,,False
2021-08-21,,0,0,,False
2021-08-22,,0,0,,False
2021-08-23,,0,0,,False
2021-08-24,,0,0,,False
2021-08-25,,0,0,,False
2021-08-26,,0,0,,False
2021-08-27,,0,0,,False
2021-08-28,,0,0,,False
2021-08-29,,0,0,,False
2021-08-30,,0,0,,False
2021-08-31,,0,0,,False
2021-09-01,,0,0,,False
2021-09-02,,0,0,,False
2021-09-03,,0,0,,False
2021-09-04,,0,0,,False
2021-09-05,,0,0,,False
2021-09-06,,0,0,,False
2021-09-07,,0,0,,False
2021-09-08,,0,0,,False
2021-09-09,,0,0,,False
2021-09-10,,0,0,,False
2021-09-11,,0,0,,False
2021-09-12,,0,0,,False
2021-09-13,,0,0,,False
2021-09-14,,0,0,,False
2021-09-15,,0,0,,False
2021-09-16,,0,0,,False
2021-09-17,,0,0,,False
2021-09-18,,0,0,,False
2021-09-19,,0,0,,False
2021-09-20,,0,0,,False
2021-09-21,,0,0,,False
2021-09-22,,0,0,,False
2021-09-23,,0,0,,False
2021-09-24,,0,0,,False
2021-09-25,,0,0,,False
2021-09-26,,0,0,,False
2021-09-27,,0,0,,False
2021-09-28,,0,0,,False
2021-09-29,,0,0,,False
2021-09-30,,0,0,,False
2021-10-01,,0,0,,False
2021-10-02,,0,0,,False
2021-10-03,,0,0,,False
2021-10-04,,0,0,,False
2021-10-05,,0,0,,False
2021-10-06,,0,0,,False
2021-10-07,,0,0,,False
2021-10-08,,0,0,,False
2021-10-09,,0,0,,False
2021-10-10,,0,0,,False
2021-10-11,,0,0,,False
2021-10-12,,0,0,,False
2021-10-13,,0,0,,False
2021-10-14,,0,0,,False
2021-10-15,,0,0,,False
2021-10-16,,0,0,,False
2021-10-17,,0,0,,False
2021-10-18,,0,0,,False
2021-10-19,,0,0,,False
2021-10-20,,0,0,,False
2021-10-21,,0,0,,False
2021-10-22,,0,0,,False
2021-10-23,,0,0,,False
2021-10-24,,0,0,,False
2021-10-25,,0,0,,False
2021-10-26,,0,0,,False
2021-10-27,,0,0,,False
2021-10-28,,0,0,,False
2021-10-29,,0,0,,False
2021-10-30,,0,0,,False
2021-10-31,,0,0,,False
2021-11-01,,0,0,,False
2021-11-02,,0,0,,False
2021-11-03,,0,0,,False
2021-11-04,,0,0,,False
2021-11-05,,0,0,,False
2021-11-06,,0,0,,False
2021-11-07,,0,0,,False
2021-11-08,,0,0,,False
2021-11-09,,0,0,,False
2021-11-10,,0,0,,False
2021-11-11,,0,0,,False
2021-11-12,,0,0,,False
2021-11-13,,0,0,,False
2021-11-14,,0,0,,False
2021-11-15,,0,0,,False
2021-11-16,,0,0,,False
2021-11-17,,0,0,,False
2021-11-18,,0,0,,False
2021-11-19,,0,0,,False
2021-11-20,,0,0,,False
2021-11-21,,0,0,,False
2021-11-22,,0,0,,False
2021-11-23,,0,0,,False
2021-11-24,,0,0,,False
2021-11-25,,0,0,,False
2021-11-26,,0,0,,False
2021-11-27,,0,0,,False
2021-11-28,,0,0,,False
2021-11-29,,0,0,,False
2021-11-30,,0,0,,False
2021-12-01,,0,0,,False
2021-12-02,,0,0,,False
2021-12-03,,0,0,,False
2021-12-04,,0,0,,False
2021-12-05,,0,0,,False
2021-12-06,,0,0,,False
2021-12-07,,0,0,,False
2021-12-08,,0,0,,False
2021-12-09,,0,0,,False
2021-12-10,,0,0,,False
2021-12-11,,0,0,,False
2021-12-12,,0,0,,False
2021-12-13,,0,0,,False
2021-12-14,,0,0,,False
2021-12-15,,0,0,,False
2021-12-16,,0,0,,False
2021-12-17,,0,0,,False
2021-12-18,,0,0,,False
2021-12-19,,0,0,,False
2021-12-20,,0,0,,False
2021-12-21,,0,0,,False
2021-12-22,,0,0,,False
2021-12-23,,0,0,,False
2021-12-24,,0,0,,False
2021-12-25,,0,0,,False
2021-12-26,,0,0,,False
2021-12-27,,0,0,,False
2021-12-28,,0,0,,False
2021-12-29,,0,0,,False
2021-12-30,,0,0,,False
2021-12-31,,0,0,,False
2022-01-01,,0,0,,False
2022-01-02,,0,0,,False
2022-01-03,,0,0,,False
2022-01-04,,0,0,,False
2022-01-05,,0,0,,False
2022-01-06,,0,0,,False
2022-01-07,,0,0,,False
2022-01-08,,0,0,,False
2022-01-09,,0,0,,False
2022-01-10,,0,0,,False
2022-01-11,,0,0,,False
2022-01-12,,0,0,,False
2022-01-13,,0,0,,False
2022-01-14,,0,0,,False
2022-01-15,,0,0,,False
2022-01-16,,0,0,,False
2022-01-17,,0,0,,False
2022-01-18,,0,0,,False
2022-01-19,,0,0,,False
2022-01-20,,0,0,,False
2022-01-21,,0,0,,False
2022-01-22,,0,0,,False
2022-01-23,,0,0,,False
2022-01-24,,0,0,,False
2022-01-25,,0,0,,False
2022-01-26,,0,0,,False
2022-01-27,,0,0,,False
2022-01-28,,0,0,,False
2022-01-29,,0,0,,False
2022-01-30,,0,0,,False
2022-01-31,,0,0,,False
2022-02-01,,0,0,,False
2022-02-02,,0,0,,False
2022-02-03,,0,0,,False
2022-02-04,,0,0,,False
2022-02-05,,0,0,,False
2022-02-06,,0,0,,False
2022-02-07,,0,0,,False
2022-02-08,,0,0,,False
2022-02-09,,0,0,,False
2022-02-10,,0,0,,False
2022-02-11,,0,0,,False
2022-02-12,,0,0,,False
2022-02-13,,0,0,,False
2022-02-14,,0,0,,False
2022-02-15,,0,0,,False
2022-02-16,,0,0,,False
2022-02-17,,0,0,,False
2022-02-18,,0,0,,False
2022-02-19,,0,0,,False
2022-02-20,,0,0,,False
2022-02-21,,0,0,,False
2022-02-22,,0,0,,False
2022-02-23,,0,0,,False
2022-02-24,,0,0,,False
2022-02-25,,0,0,,False
2022-02-26,,0,0,,False
2022-02-27,,0,0,,False
2022-02-28,,0,0,,False
2022-03-01,,0,0,,False
2022-03-02,,0,0,,False
2022-03-03,,0,0,,False
2022-03-04,,0,0,,False
2022-03-05,,0,0,,False
2022-03-06,,0,0,,False
2022-03-07,,0,0,,False
2022-03-08,,0,0,,False
2022-03-09,,0,0,,False
2022-03-10,,0,0,,False
2022-03-11,,0,0,,False
2022-03-12,,0,0,,False
2022-03-13,,0,0,,False
2022-03-14,,0,0,,False
2022-03-15,,0,0,,False
2022-03-16,,0,0,,False
2022-03-17,,0,0,,False
2022-03-18,,0,0,,False
2022-03-19,,0,0,,False
2022-03-20,,0,0,,False
2022-03-21,,0,0,,False
2022-03-22,,0,0,,False
2022-03-23,,0,0,,False
2022-03-24,,0,0,,False
2022-03-25,,0,0,,False
2022-03-26,,0,0,,False
2022-03-27,,0,0,,False
2022-03-28,,0,0,,False
2022-03-29,,0,0,,False
2022-03-30,,0,0,,False
2022-03-31,,0,0,,False
2022-04-01,,0,0,,False
2022-04-02,,0,0,,False
2022-04-03,,0,0,,False
2022-04-04,,0,0,,False
2022-04-05,,0,0,,False
2022-04-06,,0,0,,False
2022-04-07,,0,0,,False
2022-04-08,,0,0,,False
2022-04-09,,0,0,,False
2022-04-10,,0,0,,False
2022-04-11,,0,0,,False
2022-04-12,,0,0,,False
2022-04-13,,0,0,,False
2022-04-14,,0,0,,False
2022-04-15,,0,0,,False
2022-04-16,,0,0,,False
2022-04-17,,0,0,,False
2022-04-18,,0,0,,False
2022-04-19,,0,0,,False
2022-04-20,,0,0,,False
2022-04-21,,0,0,,False
2022-04-22,,0,0,,False
2022-04-23,,0,0,,False
2022-04-24,,0,0,,False
2022-04-25,,0,0,,False
2022-04-26,,0,0,,False
2022-04-27,,0,0,,False
2022-04-28,,0,0,,False
2022-04-29,,0,0,,False
2022-04-30,,0,0,,False
2022-05-01,,0,0,,False
2022-05-02,,0,0,,False
2022-05-03,,0,0,,False
2022-05-04,,0,0,,False
2022-05-05,,0,0,,False
2022-05-06,,0,0,,False
2022-05-07,,0,0,,False
2022-05-08,,0,0,,False
2022-05-09,,0,0,,False
2022-05-10,,0,0,,False
2022-05-11,,0,0,,False
2022-05-12,,0,0,,False
2022-05-13,,0,0,,False
2022-05-14,,0,0,,False
2022-05-15,,0,0,,False
2022-05-16,,0,0,,False
2022-05-17,,0,0,,False
2022-05-18,,0,0,,False
2022-05-19,,0,0,,False
2022-05-20,,0,0,,False
2022-05-21,,0,0,,False
2022-05-22,,0,0,,False
2022-05-23,,0,0,,False
2022-05-24,,0,0,,False
2022-05-25,,0,0,,False
2022-05-26,,0,0,,False
2022-05-27,,0,0,,False
2022-05-28,,0,0,,False
2022-05-29,,0,0,,False
2022-05-30,,0,0,,False
2022-05-31,,0,0,,False
2022-06-01,,0,0,,False
2022-06-02,,0,0,,False
2022-06-03,,0,0,,False
2022-06-04,,0,0,,False
2022-06-05,,0,0,,False
2022-06-06,,0,0,,False
2022-06-07,,0,0,,False
2022-06-08,,0,0,,False
2022-06-09,,0,0,,False
2022-06-10,,0,0,,False
2022-06-11,,0,0,,False
2022-06-12,,0,0,,False
2022-06-13,,0,0,,False
2022-06-14,,0,0,,False
2022-06-15,,0,0,,False
2022-06-16,,0,0,,False
2022-06-17,,0,0,,False
2022-06-18,,0,0,,False
2022-06-19,,0,0,,False
2022-06-20,,0,0,,False
2022-06-21,,0,0,,False
2022-06-22,,0,0,,False
2022-06-23,,0,0,,False
2022-06-24,,0,0,,False
2022-06-25,,0,0,,False
2022-06-26,,0,0,,False
2022-06-27,,0,0,,False
2022-06-28,,0,0,,False
2022-06-29,,0,0,,False
2022-06-30,,0,0,,False
2022-07-01,,0,0,,False
2022-07-02,,0,0,,False
2022-07-03,,0,0,,False
2022-07-04,,0,0,,False
2022-07-05,,0,0,,False
2022-07-06,,0,0,,False
2022-07-07,,0,0,,False
2022-07-08,,0,0,,False
2022-07-09,,0,0,,False
2022-07-10,,0,0,,False
2022-07-11,,0,0,,False
2022-07-12,,0,0,,False
2022-07-13,,0,0,,False
2022-07-14,,0,0,,False
2022-07-15,,0,0,,False
2022-07-16,,0,0,,False
2022-07-17,,0,0,,False
2022-07-18,,0,0,,False
2022-07-19,,0,0,,False
2022-07-20,,0,0,,False
2022-07-21,,0,0,,False
2022-07-22,,0,0,,False
2022-07-23,,0,0,,False
2022-07-24,,0,0,,False
2022-07-25,,0,0,,False
2022-07-26,,0,0,,False
2022-07-27,,0,0,,False
2022-07-28,,0,0,,False
2022-07-29,,0,0,,False
2022-07-30,,0,0,,False
2022-07-31,,0,0,,False
2022-08-01,,0,0,,False
2022-08-02,,0,0,,False
2022-08-03,,0,0,,False
2022-08-04,,0,0,,False
2022-08-05,,0,0,,False
2022-08-06,,0,0,,False
2022-08-07,,0,0,,False
2022-08-08,,0,0,,False
2022-08-09,,0,0,,False
2022-08-10,,0,0,,False
2022-08-11,,0,0,,False
2022-08-12,,0,0,,False
2022-08-13,,0,0,,False
2022-08-14,,0,0,,False
2022-08-15,,0,0,,False
2022-08-16,,0,0,,False
2022-08-17,,0,0,,False
2022-08-18,,0,0,,False
2022-08-19,,0,0,,False
2022-08-20,,0,0,,False
2022-08-21,,0,0,,False
2022-08-22,,0,0,,False
2022-08-23,,0,0,,False
2022-08-24,,0,0,,False
2022-08-25,,0,0,,False
2022-08-26,,0,0,,False
2022-08-27,,0,0,,False
2022-08-28,,0,0,,False
2022-08-29,,0,0,,False
2022-08-30,,0,0,,False
2022-08-31,,0,0,,False
2022-09-01,,0,0,,False
2022-09-02,,0,0,,False
2022-09-03,,0,0,,False
2022-09-04,,0,0,,False
2022-09-05,,0,0,,False
2022-09-06,,0,0,,False
2022-09-07,,0,0,,False
2022-09-08,,0,0,,False
2022-09-09,,0,0,,False
2022-09-10,,0,0,,False
2022-09-11,,0,0,,False
2022-09-12,,0,0,,False
2022-09-13,,0,0,,False
2022-09-14,,0,0,,False
2022-09-15,,0,0,,False
2022-09-16,,0,0,,False
2022-09-17,,0,0,,False
2022-09-18,,0,0,,False
2022-09-19,,0,0,,False
2022-09-20,,0,0,,False
2022-09-21,,0,0,,False
2022-09-22,,0,0,,False
2022-09-23,,0,0,,False
2022-09-24,,0,0,,False
2022-09-25,,0,0,,False
2022-09-26,,0,0,,False
2022-09-27,,0,0,,False
2022-09-28,,0,0,,False
2022-09-29,,0,0,,False
2022-09-30,,0,0,,False
2022-10-01,,0,0,,False
2022-10-02,,0,0,,False
2022-10-03,,0,0,,False
2022-10-04,,0,0,,False
2022-10-05,,0,0,,False
2022-10-06,,0,0,,False
2022-10-07,,0,0,,False
2022-10-08,,0,0,,False
2022-10-09,,0,0,,False
2022-10-10,,0,0,,False
2022-10-11,,0,0,,False
2022-10-12,,0,0,,False
2022-10-13,,0,0,,False
2022-10-14,,0,0,,False
2022-10-15,,0,0,,False
2022-10-16,,0,0,,False
2022-10-17,,0,0,,False
2022-10-18,,0,0,,False
2022-10-19,,0,0,,False
2022-10-20,,0,0,,False
2022-10-21,,0,0,,False
2022-10-22,,0,0,,False
2022-10-23,,0,0,,False
2022-10-24,,0,0,,False
2022-10-25,,0,0,,False
2022-10-26,,0,0,,False
2022-10-27,,0,0,,False
2022-10-28,,0,0,,False
2022-10-29,,0,0,,False
2022-10-30,,0,0,,False
2022-10-31,,0,0,,False
2022-11-01,,0,0,,False
2022-11-02,,0,0,,False
2022-11-03,,0,0,,False
2022-11-04,,0,0,,False
2022-11-05,,0,0,,False
2022-11-06,,0,0,,False
2022-11-07,,0,0,,False
2022-11-08,,0,0,,False
2022-11-09,,0,0,,False
2022-11-10,,0,0,,False
2022-11-11,,0,0,,False
2022-11-12,,0,0,,False
2022-11-13,,0,0,,False
2022-11-14,,0,0,,False
2022-11-15,,0,0,,False
2022-11-16,,0,0,,False
2022-11-17,,0,0,,False
2022-11-18,,0,0,,False
2022-11-19,,0,0,,False
2022-11-20,,0,0,,False
2022-11-21,,0,0,,False
2022-11-22,,0,0,,False
2022-11-23,,0,0,,False
2022-11-24,,0,0,,False
2022-11-25,,0,0,,False
2022-11-26,,0,0,,False
2022-11-27,,0,0,,False
2022-11-28,,0,0,,False
2022-11-29,,0,0,,False
2022-11-30,,0,0,,False
2022-12-01,,0,0,,False
2022-12-02,,0,0,,False
2022-12-03,,0,0,,False
2022-12-04,,0,0,,False
2022-12-05,,0,0,,False
2022-12-06,,0,0,,False
2022-12-07,,0,0,,False
2022-12-08,,0,0,,False
2022-12-09,,0,0,,False
2022-12-10,,0,0,,False
2022-12-11,,0,0,,False
2022-12-12,,0,0,,False
2022-12-13,,0,0,,False
2022-12-14,,0,0,,False
2022-12-15,,0,0,,False
2022-12-16,,0,0,,False
2022-12-17,,0,0,,False
2022-12-18,,0,0,,False
2022-12-19,,0,0,,False
2022-12-20,,0,0,,False
2022-12-21,,0,0,,False
2022-12-22,,0,0,,False
2022-12-23,,0,0,,False
2022-12-24,,0,0,,False
2022-12-25,,0,0,,False
2022-12-26,,0,0,,False
2022-12-27,,0,0,,False
2022-12-28,,0,0,,False
2022-12-29,,0,0,,False
2022-12-30,,0,0,,False
2022-12-31,,0,0,,False
2023-01-01,,0,0,,False
2023-01-02,,0,0,,False
2023-01-03,,0,0,,False
2023-01-04,,0,0,,False
2023-01-05,,0,0,,False
2023-01-06,,0,0,,False
2023-01-07,,0,0,,False
2023-01-08,,0,0,,False
2023-01-09,,0,0,,False
2023-01-10,,0,0,,False
2023-01-11,,0,0,,False
2023-01-12,,0,0,,False
2023-01-13,,0,0,,False
2023-01-14,,0,0,,False
2023-01-15,,0,0,,False
2023-01-16,,0,0,,False
2023-01-17,,0,0,,False
2023-01-18,,0,0,,False
2023-01-19,,0,0,,False
2023-01-20,,0,0,,False
2023-01-21,,0,0,,False
2023-01-22,,0,0,,False
2023-01-23,,0,0,,False
2023-01-24,,0,0,,False
2023-01-25,,0,0,,False
2023-01-26,,0,0,,False
2023-01-27,,0,0,,False
2023-01-28,,0,0,,False
2023-01-29,,0,0,,False
2023-01-30,,0,0,,False
2023-01-31,,0,0,,False
2023-02-01,,0,0,,False
2023-02-02,,0,0,,False
2023-02-03,,0,0,,False
2023-02-04,,0,0,,False
2023-02-05,,0,0,,False
2023-02-06,,0,0,,False
2023-02-07,,0,0,,False
2023-02-08,,0,0,,False
2023-02-09,,0,0,,False
2023-02-10,,0,0,,False
2023-02-11,,0,0,,False
2023-02-12,,0,0,,False
2023-02-13,,0,0,,False
2023-02-14,,0,0,,False
2023-02-15,,0,0,,False
2023-02-16,,0,0,,False
2023-02-17,,0,0,,False
2023-02-18,,0,0,,False
2023-02-19,,0,0,,False
2023-02-20,,0,0,,False
2023-02-21,,0,0,,False
2023-02-22,,0,0,,False
2023-02-23,,0,0,,False
2023-02-24,,0,0,,False
2023-02-25,,0,0,,False
2023-02-26,,0,0,,False
2023-02-27,,0,0,,False
2023-02-28,,0,0,,False
2023-03-01,,0,0,,False
2023-03-02,,0,0,,False
2023-03-03,,0,0,,False
2023-03-04,,0,0,,False
2023-03-05,,0,0,,False
2023-03-06,,0,0,,False
2023-03-07,,0,0,,False
2023-03-08,,0,0,,False
2023-03-09,,0,0,,False
2023-03-10,,0,0,,False
2023-03-11,,0,0,,False
2023-03-12,,0,0,,False
2023-03-13,,0,0,,False
2023-03-14,,0,0,,False
2023-03-15,,0,0,,False
2023-03-16,,0,0,,False
2023-03-17,,0,0,,False
2023-03-18,,0,0,,False
2023-03-19,,0,0,,False
2023-03-20,,0,0,,False
2023-03-21,,0,0,,False
2023-03-22,,0,0,,False
2023-03-23,,0,0,,False
2023-03-24,,0,0,,False
2023-03-25,,0,0,,False
2023-03-26,,0,0,,False
2023-03-27,,0,0,,False
2023-03-28,,0,0,,False
2023-03-29,,0,0,,False
2023-03-30,,0,0,,False
2023-03-31,,0,0,,False
2023-04-01,,0,0,,False
2023-04-02,,0,0,,False
2023-04-03,,0,0,,False
2023-04-04,,0,0,,False
2023-04-05,,0,0,,False
2023-04-06,,0,0,,False
2023-04-07,,0,0,,False
2023-04-08,,0,0,,False
2023-04-09,,0,0,,False
2023-04-10,,0,0,,False
2023-04-11,,0,0,,False
2023-04-12,,0,0,,False
2023-04-13,,0,0,,False
2023-04-14,,0,0,,False
2023-04-15,,0,0,,False
2023-04-16,,0,0,,False
2023-04-17,,0,0,,False
2023-04-18,,0,0,,False
2023-04-19,,0,0,,False
2023-04-20,,0,0,,False
2023-04-21,,0,0,,False
2023-04-22,,0,0,,False
2023-04-23,,0,0,,False
2023-04-24,,0,0,,False
2023-04-25,,0,0,,False
2023-04-26,,0,0,,False
2023-04-27,,0,0,,False
2023-04-28,,0,0,,False
2023-04-29,,0,0,,False
2023-04-30,,0,0,,False
2023-05-01,,0,0,,False
2023-05-02,,0,0,,False
2023-05-03,,0,0,,False
2023-05-04,,0,0,,False
2023-05-05,,0,0,,False
2023-05-06,,0,0,,False
2023-05-07,,0,0,,False
2023-05-08,,0,0,,False
2023-05-09,,0,0,,False
2023-05-10,,0,0,,False
2023-05-11,,0,0,,False
2023-05-12,,0,0,,False
2023-05-13,,0,0,,False
2023-05-14,,0,0,,False
2023-05-15,,0,0,,False
2023-05-16,,0,0,,False
2023-05-17,,0,0,,False
2023-05-18,,0,0,,False
2023-05-19,,0,0,,False
2023-05-20,,0,0,,False
2023-05-21,,0,0,,False
2023-05-22,,0,0,,False
2023-05-23,,0,0,,False
2023-05-24,,0,0,,False
2023-05-25,,0,0,,False
2023-05-26,,0,0,,False
2023-05-27,,0,0,,False
2023-05-28,,0,0,,False
2023-05-29,,0,0,,False
2023-05-30,,0,0,,False
2023-05-31,,0,0,,False
2023-06-01,,0,0,,False
2023-06-02,,0,0,,False
2023-06-03,,0,0,,False
2023-06-04,,0,0,,False
2023-06-05,,0,0,,False
2023-06-06,,0,0,,False
2023-06-07,,0,0,,False
2023-06-08,,0,0,,False
2023-06-09,,0,0,,False
2023-06-10,,0,0,,False
2023-06-11,,0,0,,False
2023-06-12,,0,0,,False
2023-06-13,,0,0,,False
2023-06-14,,0,0,,False
2023-06-15,,0,0,,False
2023-06-16,,0,0,,False
2023-06-17,,0,0,,False
2023-06-18,,0,0,,False
2023-06-19,,0,0,,False
2023-06-20,,0,0,,False
2023-06-21,,0,0,,False
2023-06-22,,0,0,,False
2023-06-23,,0,0,,False
2023-06-24,,0,0,,False
2023-06-25,,0,0,,False
2023-06-26,,0,0,,False
2023-06-27,,0,0,,False
2023-06-28,,0,0,,False
2023-06-29,,0,0,,False
2023-06-30,,0,0,,False
2023-07-01,,0,0,,False
2023-07-02,,0,0,,False
2023-07-03,,0,0,,False
2023-07-04,,0,0,,False
2023-07-05,,0,0,,False
2023-07-06,,0,0,,False
2023-07-07,,0,0,,False
2023-07-08,,0,0,,False
2023-07-09,,0,0,,False
2023-07-10,,0,0,,False
2023-07-11,,0,0,,False
2023-07-12,,0,0,,False
2023-07-13,,0,0,,False
2023-07-14,,0,0,,False
2023-07-15,,0,0,,False
2023-07-16,,0,0,,False
2023-07-17,,0,0,,False
2023-07-18,,0,0,,False
2023-07-19,,0,0,,False
2023-07-20,,0,0,,False
2023-07-21,,0,0,,False
2023-07-22,,0,0,,False
2023-07-23,,0,0,,False
2023-07-24,,0,0,,False
2023-07-25,,0,0,,False
2023-07-26,,0,0,,False
2023-07-27,,0,0,,False
2023-07-28,,0,0,,False
2023-07-29,,0,0,,False
2023-07-30,,0,0,,False
2023-07-31,,0,0,,False
2023-08-01,,0,0,,False
2023-08-02,,0,0,,False
2023-08-03,,0,0,,False
2023-08-04,,0,0,,False
2023-08-05,,0,0,,False
2023-08-06,,0,0,,False
2023-08-07,,0,0,,False
2023-08-08,,0,0,,False
2023-08-09,,0,0,,False
2023-08-10,,0,0,,False
2023-08-11,,0,0,,False
2023-08-12,,0,0,,False
2023-08-13,,0,0,,False
2023-08-14,,0,0,,False
2023-08-15,,0,0,,False
2023-08-16,,0,0,,False
2023-08-17,,0,0,,False
2023-08-18,,0,0,,False
2023-08-19,,0,0,,False
2023-08-20,,0,0,,False
2023-08-21,,0,0,,False
2023-08-22,,0,0,,False
2023-08-23,,0,0,,False
2023-08-24,,0,0,,False
2023-08-25,,0,0,,False
2023-08-26,,0,0,,False
2023-08-27,,0,0,,False
2023-08-28,,0,0,,False
2023-08-29,,0,0,,False
2023-08-30,,0,0,,False
2023-08-31,,0,0,,False
2023-09-01,,0,0,,False
2023-09-02,,0,0,,False
2023-09-03,,0,0,,False
2023-09-04,,0,0,,False
2023-09-05,,0,0,,False
2023-09-06,,0,0,,False
2023-09-07,,0,0,,False
2023-09-08,,0,0,,False
2023-09-09,,0,0,,False
2023-09-10,,0,0,,False
2023-09-11,,0,0,,False
2023-09-12,,0,0,,False
2023-09-13,,0,0,,False
2023-09-14,,0,0,,False
2023-09-15,,0,0,,False
2023-09-16,,0,0,,False
2023-09-17,,0,0,,False
2023-09-18,,0,0,,False
2023-09-19,,0,0,,False
2023-09-20,,0,0,,False
2023-09-21,,0,0,,False
2023-09-22,,0,0,,False
2023-09-23,,0,0,,False
2023-09-24,,0,0,,False
2023-09-25,,0,0,,False
2023-09-26,,0,0,,False
2023-09-27,,0,0,,False
2023-09-28,,0,0,,False
2023-09-29,,0,0,,False
2023-09-30,,0,0,,False
2023-10-01,,0,0,,False
2023-10-02,,0,0,,False
2023-10-03,,0,0,,False
2023-10-04,,0,0,,False
2023-10-05,,0,0,,False
2023-10-06,,0,0,,False
2023-10-07,,0,0,,False
2023-10-08,,0,0,,False
2023-10-09,,0,0,,False
2023-10-10,,0,0,,False
2023-10-11,,0,0,,False
2023-10-12,,0,0,,False
2023-10-13,,0,0,,False
2023-10-14,,0,0,,False
2023-10-15,,0,0,,False
2023-10-16,,0,0,,False
2023-10-17,,0,0,,False
2023-10-18,,0,0,,False
2023-10-19,,0,0,,False
2023-10-20,,0,0,,False
2023-10-21,,0,0,,False
2023-10-22,,0,0,,False
2023-10-23,,0,0,,False
2023-10-24,,0,0,,False
2023-10-25,,0,0,,False
2023-10-26,,0,0,,False
2023-10-27,,0,0,,False
2023-10-28,,0,0,,False
2023-10-29,,0,0,,False
2023-10-30,,0,0,,False
2023-10-31,,0,0,,False
2023-11-01,,0,0,,False
2023-11-02,,0,0,,False
2023-11-03,,0,0,,False
2023-11-04,,0,0,,False
2023-11-05,,0,0,,False
2023-11-06,,0,0,,False
2023-11-07,,0,0,,False
2023-11-08,,0,0,,False
2023-11-09,,0,0,,False
2023-11-10,,0,0,,False
2023-11-11,,0,0,,False
2023-11-12,,0,0,,False
2023-11-13,,0,0,,False
2023-11-14,,0,0,,False
2023-11-15,,0,0,,False
2023-11-16,,0,0,,False
2023-11-17,,0,0,,False
2023-11-18,,0,0,,False
2023-11-19,,0,0,,False
2023-11-20,,0,0,,False
2023-11-21,,0,0,,False
2023-11-22,,0,0,,False
2023-11-23,,0,0,,False
2023-11-24,,0,0,,False
2023-11-25,,0,0,,False
2023-11-26,,0,0,,False
2023-11-27,,0,0,,False
2023-11-28,,0,0,,False
2023-11-29,,0,0,,False
2023-11-30,,0,0,,False
2023-12-01,,0,0,,False
2023-12-02,,0,0,,False
2023-12-03,,0,0,,False
2023-12-04,,0,0,,False
2023-12-05,,0,0,,False
2023-12-06,,0,0,,False
2023-12-07,,0,0,,False
2023-12-08,,0,0,,False
2023-12-09,,0,0,,False
2023-12-10,,0,0,,False
2023-12-11,,0,0,,False
2023-12-12,,0,0,,False
2023-12-13,,0,0,,False
2023-12-14,,0,0,,False
2023-12-15,,0,0,,False
2023-12-16,,0,0,,False
2023-12-17,,0,0,,False
2023-12-18,,0,0,,False
2023-12-19,,0,0,,False
2023-12-20,,0,0,,False
2023-12-21,,0,0,,False
2023-12-22,,0,0,,False
2023-12-23,,0,0,,False
2023-12-24,,0,0,,False
2023-12-25,,0,0,,False
2023-12-26,,0,0,,False
2023-12-27,,0,0,,False
2023-12-28,,0,0,,False
2023-12-29,,0,0,,False
2023-12-30,,0,0,,False
2023-12-31,,0,0,,False
2024-01-01,,0,0,,False
2024-01-02,,0,0,,False
2024-01-03,,0,0,,False
2024-01-04,,0,0,,False
2024-01-05,,0,0,,False
2024-01-06,,0,0,,False
2024-01-07,,0,0,,False
2024-01-08,,0,0,,False
2024-01-09,,0,0,,False
2024-01-10,,0,0,,False
2024-01-11,,0,0,,False
2024-01-12,,0,0,,False
2024-01-13,,0,0,,False
2024-01-14,,0,0,,False
2024-01-15,,0,0,,False
2024-01-16,,0,0,,False
2024-01-17,,0,0,,False
2024-01-18,,0,0,,False
2024-01-19,,0,0,,False
2024-01-20,,0,0,,False
2024-01-21,,0,0,,False
2024-01-22,,0,0,,False
2024-01-23,,0,0,,False
2024-01-24,,0,0,,False
2024-01-25,,0,0,,False
2024-01-26,,0,0,,False
2024-01-27,,0,0,,False
2024-01-28,,0,0,,False
2024-01-29,,0,0,,False
2024-01-30,,0,0,,False
2024-01-31,,0,0,,False
2024-02-01,,0,0,,False
2024-02-02,,0,0,,False
2024-02-03,,0,0,,False
2024-02-04,,0,0,,False
2024-02-05,,0,0,,False
2024-02-06,,0,0,,False
2024-02-07,,0,0,,False
2024-02-08,,0,0,,False
2024-02-09,,0,0,,False
2024-02-10,,0,0,,False
2024-02-11,,0,0,,False
2024-02-12,,0,0,,False
2024-02-13,,0,0,,False
2024-02-14,,0,0,,False
2024-02-15,,0,0,,False
2024-02-16,,0,0,,False
2024-02-17,,0,0,,False
2024-02-18,,0,0,,False
2024-02-19,,0,0,,False
2024-02-20,,0,0,,False
2024-02-21,,0,0,,False
2024-02-22,,0,0,,False
2024-02-23,,0,0,,False
2024-02-24,,0,0,,False
2024-02-25,,0,0,,False
2024-02-26,,0,0,,False
2024-02-27,,0,0,,False
2024-02-28,,0,0,,False
2024-02-29,,0,0,,False
2024-03-01,,0,0,,False
2024-03-02,,0,0,,False
2024-03-03,,0,0,,False
2024-03-04,,0,0,,False
2024-03-05,,0,0,,False
2024-03-06,,0,0,,False
2024-03-07,,0,0,,False
2024-03-08,,0,0,,False
2024-03-09,,0,0,,False
2024-03-10,,0,0,,False
2024-03-11,,0,0,,False
2024-03-12,,0,0,,False
2024-03-13,,0,0,,False
2024-03-14,,0,0,,False
2024-03-15,,0,0,,False
2024-03-16,,0,0,,False
2024-03-17,,0,0,,False
2024-03-18,,0,0,,False
2024-03-19,,0,0,,False
2024-03-20,,0,0,,False
2024-03-21,,0,0,,False
2024-03-22,,0,0,,False
2024-03-23,,0,0,,False
2024-03-24,,0,0,,False
2024-03-25,,0,0,,False
2024-03-26,,0,0,,False
2024-03-27,,0,0,,False
2024-03-28,,0,0,,False
2024-03-29,,0,0,,False
2024-03-30,,0,0,,False
2024-03-31,,0,0,,False
2024-04-01,,0,0,,False
2024-04-02,,0,0,,False
2024-04-03,,0,0,,False
2024-04-04,,0,0,,False
2024-04-05,,0,0,,False
2024-04-06,,0,0,,False
2024-04-07,,0,0,,False
2024-04-08,,0,0,,False
2024-04-09,,0,0,,False
2024-04-10,,0,0,,False
2024-04-11,,0,0,,False
2024-04-12,,0,0,,False
2024-04-13,,0,0,,False
2024-04-14,,0,0,,False
2024-04-15,,0,0,,False
2024-04-16,,0,0,,False
2024-04-17,,0,0,,False
2024-04-18,,0,0,,False
2024-04-19,,0,0,,False
2024-04-20,,0,0,,False
2024-04-21,,0,0,,False
2024-04-22,,0,0,,False
2024-04-23,,0,0,,False
2024-04-24,,0,0,,False
2024-04-25,,0,0,,False
2024-04-26,,0,0,,False
2024-04-27,,0,0,,False
2024-04-28,,0,0,,False
2024-04-29,,0,0,,False
2024-04-30,,0,0,,False
2024-05-01,,0,0,,False
2024-05-02,,0,0,,False
2024-05-03,,0,0,,False
2024-05-04,,0,0,,False
2024-05-05,,0,0,,False
2024-05-06,,0,0,,False
2024-05-07,,0,0,,False
2024-05-08,,0,0,,False
2024-05-09,,0,0,,False
2024-05-10,,0,0,,False
2024-05-11,,0,0,,False
2024-05-12,,0,0,,False
2024-05-13,,0,0,,False
2024-05-14,,0,0,,False
2024-05-15,,0,0,,False
2024-05-16,,0,0,,False
2024-05-17,,0,0,,False
2024-05-18,,0,0,,False
2024-05-19,,0,0,,False
2024-05-20,,0,0,,False
2024-05-21,,0,0,,False
2024-05-22,,0,0,,False
2024-05-23,,0,0,,False
2024-05-24,,0,0,,False
2024-05-25,,0,0,,False
2024-05-26,,0,0,,False
2024-05-27,,0,0,,False
2024-05-28,,0,0,,False
2024-05-29,,0,0,,False
2024-05-30,,0,0,,False
2024-05-31,,0,0,,False
2024-06-01,,0,0,,False
2024-06-02,,0,0,,False
2024-06-03,,0,0,,False
2024-06-04,,0,0,,False
2024-06-05,,0,0,,False
2024-06-06,,0,0,,False
2024-06-07,,0,0,,False
2024-06-08,,0,0,,False
2024-06-09,,0,0,,False
2024-06-10,,0,0,,False
2024-06-11,,0,0,,False
2024-06-12,,0,0,,False
2024-06-13,,0,0,,False
2024-06-14,,0,0,,False
2024-06-15,,0,0,,False
2024-06-16,,0,0,,False
2024-06-17,,0,0,,False
2024-06-18,,0,0,,False
2024-06-19,,0,0,,False
2024-06-20,,0,0,,False
2024-06-21,,0,0,,False
2024-06-22,,0,0,,False
2024-06-23,,0,0,,False
2024-06-24,,0,0,,False
2024-06-25,,0,0,,False
2024-06-26,,0,0,,False
2024-06-27,,0,0,,False
2024-06-28,,0,0,,False
2024-06-29,,0,0,,False
2024-06-30,,0,0,,False
2024-07-01,,0,0,,False
2024-07-02,,0,0,,False
2024-07-03,,0,0,,False
2024-07-04,,0,0,,False
2024-07-05,,0,0,,False
2024-07-06,,0,0,,False
2024-07-07,,0,0,,False
2024-07-08,,0,0,,False
2024-07-09,,0,0,,False
2024-07-10,,0,0,,False
2024-07-11,,0,0,,False
2024-07-12,,0,0,,False
2024-07-13,,0,0,,False
2024-07-14,,0,0,,False
2024-07-15,,0,0,,False
2024-07-16,,0,0,,False
2024-07-17,,0,0,,False
2024-07-18,,0,0,,False
2024-07-19,,0,0,,False
2024-07-20,,0,0,,False
2024-07-21,,0,0,,False
2024-07-22,,0,0,,False
2024-07-23,,0,0,,False
2024-07-24,,0,0,,False
2024-07-25,,0,0,,False
2024-07-26,,0,0,,False
2024-07-27,,0,0,,False
2024-07-28,,0,0,,False
2024-07-29,,0,0,,False
2024-07-30,,0,0,,False
2024-07-31,,0,0,,False
2024-08-01,,0,0,,False
2024-08-02,,0,0,,False
2024-08-03,,0,0,,False
2024-08-04,,0,0,,False
2024-08-05,,0,0,,False
2024-08-06,,0,0,,False
2024-08-07,,0,0,,False
2024-08-08,,0,0,,False
2024-08-09,,0,0,,False
2024-08-10,,0,0,,False
2024-08-11,,0,0,,False
2024-08-12,,0,0,,False
2024-08-13,,0,0,,False
2024-08-14,,0,0,,False
2024-08-15,,0,0,,False
2024-08-16,,0,0,,False
2024-08-17,,0,0,,False
2024-08-18,,0,0,,False
2024-08-19,,0,0,,False
2024-08-20,,0,0,,False
2024-08-21,,0,0,,False
2024-08-22,,0,0,,False
2024-08-23,,0,0,,False
2024-08-24,,0,0,,False
2024-08-25,,0,0,,False
2024-08-26,,0,0,,False
2024-08-27,,0,0,,False
2024-08-28,,0,0,,False
2024-08-29,,0,0,,False
2024-08-30,,0,0,,False
2024-08-31,,0,0,,False
2024-09-01,,0,0,,False
2024-09-02,,0,0,,False
2024-09-03,,0,0,,False
2024-09-04,,0,0,,False
2024-09-05,,0,0,,False
2024-09-06,,0,0,,False
2024-09-07,,0,0,,False
2024-09-08,,0,0,,False
2024-09-09,,0,0,,False
2024-09-10,,0,0,,False
2024-09-11,,0,0,,False
2024-09-12,,0,0,,False
2024-09-13,,0,0,,False
2024-09-14,,0,0,,False
2024-09-15,,0,0,,False
2024-09-16,,0,0,,False
2024-09-17,,0,0,,False
2024-09-18,,0,0,,False
2024-09-19,,0,0,,False
2024-09-20,,0,0,,False
2024-09-21,,0,0,,False
2024-09-22,,0,0,,False
2024-09-23,,0,0,,False
2024-09-24,,0,0,,False
2024-09-25,,0,0,,False
2024-09-26,,0,0,,False
2024-09-27,,0,0,,False
2024-09-28,,0,0,,False
2024-09-29,,0,0,,False
2024-09-30,,0,0,,False
2024-10-01,,0,0,,False
2024-10-02,,0,0,,False
2024-10-03,,0,0,,False
2024-10-04,,0,0,,False
2024-10-05,,0,0,,False
2024-10-06,,0,0,,False
2024-10-07,,0,0,,False
2024-10-08,,0,0,,False
2024-10-09,,0,0,,False
2024-10-10,,0,0,,False
2024-10-11,,0,0,,False
2024-10-12,,0,0,,False
2024-10-13,,0,0,,False
2024-10-14,,0,0,,False
2024-10-15,,0,0,,False
2024-10-16,,0,0,,False
2024-10-17,,0,0,,False
2024-10-18,,0,0,,False
2024-10-19,,0,0,,False
2024-10-20,,0,0,,False
2024-10-21,,0,0,,False
2024-10-22,,0,0,,False
2024-10-23,,0,0,,False
2024-10-24,,0,0,,False
2024-10-25,,0,0,,False
2024-10-26,,0,0,,False
2024-10-27,,0,0,,False
2024-10-28,,0,0,,False
2024-10-29,,0,0,,False
2024-10-30,,0,0,,False
2024-10-31,,0,0,,False
2024-11-01,,0,0,,False
2024-11-02,,0,0,,False
2024-11-03,,0,0,,False
2024-11-04,,0,0,,False
2024-11-05,,0,0,,False
2024-11-06,,0,0,,False
2024-11-07,,0,0,,False
2024-11-08,,0,0,,False
2024-11-09,,0,0,,False
2024-11-10,,0,0,,False
2024-11-11,,0,0,,False
2024-11-12,,0,0,,False
2024-11-13,,0,0,,False
2024-11-14,,0,0,,False
2024-11-15,,0,0,,False
2024-11-16,,0,0,,False
2024-11-17,,0,0,,False
2024-11-18,,0,0,,False
2024-11-19,,0,0,,False
2024-11-20,,0,0,,False
2024-11-21,,0,0,,False
2024-11-22,,0,0,,False
2024-11-23,,0,0,,False
2024-11-24,,0,0,,False
2024-11-25,,0,0,,False
2024-11-26,,0,0,,False
2024-11-27,,0,0,,False
2024-11-28,,0,0,,False
2024-11-29,,0,0,,False
2024-11-30,,0,0,,False
2024-12-01,,0,0,,False
2024-12-02,,0,0,,False
2024-12-03,,0,0,,False
2024-12-04,,0,0,,False
2024-12-05,,0,0,,False
2024-12-06,,0,0,,False
2024-12-07,,0,0,,False
2024-12-08,,0,0,,False
2024-12-09,,0,0,,False
2024-12-10,,0,0,,False
2024-12-11,,0,0,,False
2024-12-12,,0,0,,False
2024-12-13,,0,0,,False
2024-12-14,,0,0,,False
2024-12-15,,0,0,,False
2024-12-16,,0,0,,False
2024-12-17,,0,0,,False
2024-12-18,,0,0,,False
2024-12-19,,0,0,,False
2024-12-20,,0,0,,False
2024-12-21,,0,0,,False
2024-12-22,,0,0,,False
2024-12-23,,0,0,,False
2024-12-24,,0,0,,False
2024-12-25,,0,0,,False
2024-12-26,,0,0,,False
2024-12-27,,0,0,,False
2024-12-28,,0,0,,False
2024-12-29,,0,0,,False
2024-12-30,,0,0,,False
2024-12-31,,0,0,,False
2025-01-01,,0,0,,False
2025-01-02,,0,0,,False
2025-01-03,,0,0,,False
2025-01-04,,0,0,,False
2025-01-05,,0,0,,False
2025-01-06,,0,0,,False
2025-01-07,,0,0,,False
2025-01-08,,0,0,,False
2025-01-09,,0,0,,False
2025-01-10,,0,0,,False
2025-01-11,,0,0,,False
2025-01-12,,0,0,,False
2025-01-13,,0,0,,False
2025-01-14,,0,0,,False
2025-01-15,3.3500,24,4,4,True
2025-01-16,3.4475,24,4,4,True
2025-01-17,3.6071,24,4,4,True
2025-01-18,3.3786,24,4,4,True
2025-01-19,4.1880,24,4,4,True
2025-01-20,4.1115,24,4,4,True
2025-01-21,4.0214,24,4,4,True
2025-01-22,4.9913,24,4,4,True
2025-01-23,5.3754,24,4,4,True
2025-01-24,4.8768,24,4,4,True
2025-01-25,5.8490,24,4,4,True
2025-01-26,5.8776,24,4,4,True
2025-01-27,6.6958,24,4,4,True
2025-01-28,6.3097,24,4,4,True
2025-01-29,5.1069,24,4,4,True
2025-01-30,4.6500,24,4,4,True
2025-01-31,4.5481,24,4,4,True
2025-02-01,4.4623,24,4,4,True
2025-02-02,4.5901,24,4,4,True
2025-02-03,4.5152,24,4,4,True
2025-02-04,4.1160,24,4,4,True
2025-02-05,4.0452,24,4,4,True
2025-02-06,3.8727,24,4,4,True
2025-02-07,3.9705,24,4,4,True
2025-02-08,4.2617,24,4,4,True
2025-02-09,4.0730,24,4,4,True
2025-02-10,5.1345,24,4,4,True
2025-02-11,5.4684,24,4,4,True
2025-02-12,4.8000,24,4,4,True
2025-02-13,5.3981,24,4,4,True
2025-02-14,5.7408,24,4,4,True
2025-02-15,5.7638,24,4,4,True
2025-02-16,5.6174,24,4,4,True
2025-02-17,5.8055,24,4,4,True
2025-02-18,5.9333,24,4,4,True
2025-02-19,6.3570,24,4,4,True
2025-02-20,6.3673,24,4,4,True
2025-02-21,6.8370,24,4,4,True
2025-02-22,7.4088,24,4,4,True
2025-02-23,6.8579,24,4,4,True
2025-02-24,6.3183,24,4,4,True
2025-02-25,6.1475,24,4,4,True
2025-02-26,5.9832,24,4,4,True
2025-02-27,5.2420,24,4,4,True
2025-02-28,5.6271,24,4,4,True
2025-03-01,5.9465,24,4,4,True
2025-03-02,5.6595,24,4,4,True
2025-03-03,5.3347,24,4,4,True
2025-03-04,6.1919,24,4,4,True
2025-03-05,6.2965,24,4,4,True
2025-03-06,6.7220,24,4,4,True
2025-03-07,7.1960,24,4,4,True
2025-03-08,8.1701,24,4,4,True
2025-03-09,7.7883,24,4,4,True
2025-03-10,6.5635,24,4,4,True
2025-03-11,6.3201,24,4,4,True
2025-03-12,6.1567,24,4,4,True
2025-03-13,5.5295,24,4,4,True
2025-03-14,4.7945,24,4,4,True
2025-03-15,4.7209,24,4,4,True
2025-03-16,4.7838,24,4,4,True
2025-03-17,5.2958,24,4,4,True
2025-03-18,5.8107,24,4,4,True
2025-03-19,7.6164,24,4,4,True
2025-03-20,7.3067,24,4,4,True
2025-03-21,7.3177,24,4,4,True
2025-03-22,6.8864,24,4,4,True
2025-03-23,6.1527,24,4,4,True
2025-03-24,5.8920,24,4,4,True
2025-03-25,6.1218,24,4,4,True
2025-03-26,6.1476,24,4,4,True
2025-03-27,6.0122,24,4,4,True
2025-03-28,6.2621,24,4,4,True
2025-03-29,5.6226,24,4,4,True
2025-03-30,6.5430,22,4,4,True
2025-03-31,6.9692,24,4,4,True
2025-04-01,7.5399,24,4,4,True
2025-04-02,7.5431,24,4,4,True
2025-04-03,7.6573,24,4,4,True
2025-04-04,7.4058,24,4,4,True
2025-04-05,7.8325,24,4,4,True
2025-04-06,8.4900,24,4,4,True
2025-04-07,8.2855,24,4,4,True
2025-04-08,7.8068,24,4,4,True
2025-04-09,8.5059,24,4,4,True
2025-04-10,9.3445,24,4,4,True
2025-04-11,8.4413,24,4,4,True
2025-04-12,9.3605,24,4,4,True
2025-04-13,8.2398,24,4,4,True
2025-04-14,8.2083,24,4,4,True
2025-04-15,7.7540,24,4,4,True
2025-04-16,6.5242,24,4,4,True
2025-04-17,6.6028,24,4,4,True
2025-04-18,7.8348,24,4,4,True
2025-04-19,8.7249,24,4,4,True
2025-04-20,7.5842,24,4,4,True
2025-04-21,8.6032,24,4,4,True
2025-04-22,7.9988,24,4,4,True
2025-04-23,7.9963,24,4,4,True
2025-04-24,9.4370,24,4,4,True
2025-04-25,10.0195,24,4,4,True
2025-04-26,9.2780,24,4,4,True
2025-04-27,7.9280,24,4,4,True
2025-04-28,8.7219,24,4,4,True
2025-04-29,9.8481,24,4,4,True
2025-04-30,10.0144,24,4,4,True
2025-05-01,10.3066,24,4,4,True
2025-05-02,10.3190,24,4,4,True
2025-05-03,10.7377,24,4,4,True
2025-05-04,9.9608,24,4,4,True
2025-05-05,8.7055,24,4,4,True
2025-05-06,7.8599,24,4,4,True
2025-05-07,8.3045,24,4,4,True
2025-05-08,8.6690,24,4,4,True
2025-05-09,9.1330,24,4,4,True
2025-05-10,9.8000,24,4,4,True
2025-05-11,10.3497,24,4,4,True
2025-05-12,10.2827,24,4,4,True
2025-05-13,9.6835,24,4,4,True
2025-05-14,9.5793,24,4,4,True
2025-05-15,9.8345,24,4,4,True
2025-05-16,10.6986,24,4,4,True
2025-05-17,11.0418,24,4,4,True
2025-05-18,11.5415,24,4,4,True
2025-05-19,11.7079,14,3,4,False
