date,mean_c,n_hours,n_quarters,qual_codes,eligible
2010-01-01,8.2227,24,4,4,True
2010-01-02,6.8728,24,4,4,True
2010-01-03,6.0882,24,4,4,True
2010-01-04,6.5237,24,4,4,True
2010-01-05,7.2820,24,4,4,True
2010-01-06,6.3306,24,4,4,True
2010-01-07,5.3325,24,4,4,True
2010-01-08,5.4354,24,4,4,True
2010-01-09,4.1062,24,4,4,True
2010-01-10,3.3872,24,4,4,True
2010-01-11,3.4903,24,4,4,True
2010-01-12,3.5289,24,4,4,True
2010-01-13,4.7995,24,4,4,True
2010-01-14,6.3715,24,4,4,True
2010-01-15,7.2747,24,4,4,True
2010-01-16,6.7323,24,4,4,True
2010-01-17,7.8880,24,4,4,True
2010-01-18,7.1049,24,4,4,True
2010-01-19,6.5342,24,4,4,True
2010-01-20,7.5978,24,4,4,True
2010-01-21,7.5429,24,4,4,True
2010-01-22,6.6850,24,4,4,True
2010-01-23,6.0730,24,4,4,True
2010-01-24,7.1002,24,4,4,True
2010-01-25,7.2477,24,4,4,True
2010-01-26,6.7846,24,4,4,True
2010-01-27,6.0670,24,4,4,True
2010-01-28,5.2938,24,4,4,True
2010-01-29,5.9163,24,4,4,True
2010-01-30,6.3460,24,4,4,True
2010-01-31,5.4823,24,4,4,True
2010-02-01,4.6218,24,4,4,True
2010-02-02,4.3915,24,4,4,True
2010-02-03,4.6775,24,4,4,True
2010-02-04,5.1939,24,4,4,True
2010-02-05,7.5158,24,4,4,True
2010-02-06,7.7241,24,4,4,True
2010-02-07,7.9768,24,4,4,True
2010-02-08,7.2281,24,4,4,True
2010-02-09,7.5784,24,4,4,True
2010-02-10,6.0135,24,4,4,True
2010-02-11,5.0092,24,4,4,True
2010-02-12,3.9635,24,4,4,True
2010-02-13,4.2678,24,4,4,True
2010-02-14,4.4102,24,4,4,True
2010-02-15,4.2656,24,4,4,True
2010-02-16,4.9240,24,4,4,True
2010-02-17,7.0757,24,4,4,True
2010-02-18,7.9550,24,4,4,True
2010-02-19,8.0939,24,4,4,True
2010-02-20,7.3403,24,4,4,True
2010-02-21,7.3483,24,4,4,True
2010-02-22,8.2635,24,4,4,True
2010-02-23,8.2453,24,4,4,True
2010-02-24,9.3721,24,4,4,True
2010-02-25,9.0825,24,4,4,True
2010-02-26,8.7757,24,4,4,True
2010-02-27,7.9176,24,4,4,True
2010-02-28,9.1305,24,4,4,True
2010-03-01,8.5190,24,4,4,True
2010-03-02,8.0667,24,4,4,True
2010-03-03,8.2228,24,4,4,True
2010-03-04,8.4773,24,4,4,True
2010-03-05,8.2505,24,4,4,True
2010-03-06,6.8771,24,4,4,True
2010-03-07,6.8836,24,4,4,True
2010-03-08,6.0983,24,4,4,True
2010-03-09,5.2542,24,4,4,True
2010-03-10,4.8670,24,4,4,True
2010-03-11,4.8933,24,4,4,True
2010-03-12,5.4588,24,4,4,True
2010-03-13,5.9806,24,4,4,True
2010-03-14,6.5178,24,4,4,True
2010-03-15,7.1557,24,4,4,True
2010-03-16,7.2401,24,4,4,True
2010-03-17,7.6673,24,4,4,True
2010-03-18,8.5941,24,4,4,True
2010-03-19,8.6396,24,4,4,True
2010-03-20,9.0677,24,4,4,True
2010-03-21,9.9587,24,4,4,True
2010-03-22,10.4752,24,4,4,True
2010-03-23,10.6880,24,4,4,True
2010-03-24,10.4812,24,4,4,True
2010-03-25,10.1119,24,4,4,True
2010-03-26,10.6787,24,4,4,True
2010-03-27,9.9353,24,4,4,True
2010-03-28,10.4454,22,4,4,True
2010-03-29,10.3326,24,4,4,True
2010-03-30,10.4435,24,4,4,True
2010-03-31,9.8486,24,4,4,True
2010-04-01,9.9883,24,4,4,True
2010-04-02,9.3842,24,4,4,True
2010-04-03,9.5982,24,4,4,True
2010-04-04,10.2432,24,4,4,True
2010-04-05,10.3239,24,4,4,True
2010-04-06,10.2786,24,4,4,True
2010-04-07,10.5495,24,4,4,True
2010-04-08,10.0392,24,4,4,True
2010-04-09,10.5639,24,4,4,True
2010-04-10,11.7331,24,4,4,True
2010-04-11,12.2805,24,4,4,True
2010-04-12,11.4210,24,4,4,True
2010-04-13,10.4245,24,4,4,True
2010-04-14,10.4416,24,4,4,True
2010-04-15,10.4630,24,4,4,True
2010-04-16,10.9167,24,4,4,True
2010-04-17,11.3038,24,4,4,True
2010-04-18,11.6314,24,4,4,True
2010-04-19,11.9884,24,4,4,True
2010-04-20,12.7738,24,4,4,True
2010-04-21,13.1139,24,4,4,True
2010-04-22,13.1570,24,4,4,True
2010-04-23,12.9045,24,4,4,True
2010-04-24,13.5374,24,4,4,True
2010-04-25,14.4575,24,4,4,True
2010-04-26,14.9481,24,4,4,True
2010-04-27,14.6515,24,4,4,True
2010-04-28,14.5695,24,4,4,True
2010-04-29,14.5070,24,4,4,True
2010-04-30,14.3495,24,4,4,True
2010-05-01,13.8920,24,4,4,True
2010-05-02,13.7887,24,4,4,True
2010-05-03,13.1143,24,4,4,True
2010-05-04,10.7262,24,4,4,True
2010-05-05,9.3957,24,4,4,True
2010-05-06,9.3403,24,4,4,True
2010-05-07,10.0077,24,4,4,True
2010-05-08,11.1064,24,4,4,True
2010-05-09,11.8983,24,4,4,True
2010-05-10,12.1882,24,4,4,True
2010-05-11,13.0146,24,4,4,True
2010-05-12,12.7555,24,4,4,True
2010-05-13,12.1735,24,4,4,True
2010-05-14,11.5227,24,4,4,True
2010-05-15,11.1866,24,4,4,True
2010-05-16,11.7912,24,4,4,True
2010-05-17,11.9838,24,4,4,True
2010-05-18,12.4855,24,4,4,True
2010-05-19,13.2302,24,4,4,True
2010-05-20,13.4293,24,4,4,True
2010-05-21,14.7454,24,4,4,True
2010-05-22,15.2679,24,4,4,True
2010-05-23,15.5528,24,4,4,True
2010-05-24,15.4114,24,4,4,True
2010-05-25,15.4170,24,4,4,True
2010-05-26,15.8773,24,4,4,True
2010-05-27,15.8071,24,4,4,True
2010-05-28,15.7446,24,4,4,True
2010-05-29,15.6610,24,4,4,True
2010-05-30,15.5768,24,4,4,True
2010-05-31,16.1250,24,4,4,True
2010-06-01,15.7597,24,4,4,True
2010-06-02,15.9658,24,4,4,True
2010-06-03,16.5769,24,4,4,True
2010-06-04,17.4412,24,4,4,True
2010-06-05,18.2315,24,4,4,True
2010-06-06,17.4903,24,4,4,True
2010-06-07,17.4334,24,4,4,True
2010-06-08,16.9817,24,4,4,True
2010-06-09,16.1324,24,4,4,True
2010-06-10,16.0450,24,4,4,True
2010-06-11,15.9485,24,4,4,True
2010-06-12,16.2882,24,4,4,True
2010-06-13,17.2530,24,4,4,True
2010-06-14,16.7000,24,4,4,True
2010-06-15,15.3650,24,4,4,True
2010-06-16,15.8465,24,4,4,True
2010-06-17,15.9583,24,4,4,True
2010-06-18,16.4540,24,4,4,True
2010-06-19,16.2853,24,4,4,True
2010-06-20,15.0755,24,4,4,True
2010-06-21,14.6270,24,4,4,True
2010-06-22,15.2447,24,4,4,True
2010-06-23,16.1646,24,4,4,True
2010-06-24,16.9978,24,4,4,True
2010-06-25,17.6615,24,4,4,True
2010-06-26,18.1878,24,4,4,True
2010-06-27,18.2196,24,4,4,True
2010-06-28,18.9433,24,4,4,True
2010-06-29,19.8653,24,4,4,True
2010-06-30,20.1668,24,4,4,True
2010-07-01,20.3931,24,4,4,True
2010-07-02,20.2065,24,4,4,True
2010-07-03,20.0925,24,4,4,True
2010-07-04,20.9037,24,4,4,True
2010-07-05,20.9650,24,4,4,True
2010-07-06,20.7605,24,4,4,True
2010-07-07,20.8277,24,4,4,True
2010-07-08,20.8800,24,4,4,True
2010-07-09,20.7688,24,4,4,True
2010-07-10,20.9662,24,4,4,True
2010-07-11,21.5733,24,4,4,True
2010-07-12,21.7078,24,4,4,True
2010-07-13,21.5720,24,4,4,True
2010-07-14,21.2468,24,4,4,True
2010-07-15,21.0398,24,4,4,True
2010-07-16,21.2929,24,4,4,True
2010-07-17,21.5157,24,4,4,True
2010-07-18,20.9842,24,4,4,True
2010-07-19,21.0285,24,4,4,True
2010-07-20,21.3763,24,4,4,True
2010-07-21,20.7935,24,4,4,True
2010-07-22,20.2853,24,4,4,True
2010-07-23,20.0207,24,4,4,True
2010-07-24,19.6259,24,4,4,True
2010-07-25,19.9178,24,4,4,True
2010-07-26,19.8649,24,4,4,True
2010-07-27,20.4375,24,4,4,True
2010-07-28,21.2590,24,4,4,True
2010-07-29,21.1404,24,4,4,True
2010-07-30,20.5023,24,4,4,True
2010-07-31,20.7274,24,4,4,True
2010-08-01,20.6722,24,4,4,True
2010-08-02,20.3775,24,4,4,True
2010-08-03,20.1130,24,4,4,True
2010-08-04,20.1420,24,4,4,True
2010-08-05,19.9880,24,4,4,True
2010-08-06,19.5072,24,4,4,True
2010-08-07,20.1685,24,4,4,True
2010-08-08,20.8228,24,4,4,True
2010-08-09,21.0479,24,4,4,True
2010-08-10,21.0418,24,4,4,True
2010-08-11,20.9908,24,4,4,True
2010-08-12,20.6962,24,4,4,True
2010-08-13,19.7758,24,4,4,True
2010-08-14,19.6759,24,4,4,True
2010-08-15,19.4158,24,4,4,True
2010-08-16,19.0906,24,4,4,True
2010-08-17,19.3489,24,4,4,True
2010-08-18,19.7326,24,4,4,True
2010-08-19,20.1630,24,4,4,True
2010-08-20,21.0048,24,4,4,True
2010-08-21,21.2826,24,4,4,True
2010-08-22,21.2875,24,4,4,True
2010-08-23,21.4854,24,4,4,True
2010-08-24,21.3034,24,4,4,True
2010-08-25,20.7193,24,4,4,True
2010-08-26,21.1783,24,4,4,True
2010-08-27,21.5506,24,4,4,True
2010-08-28,20.5545,24,4,4,True
2010-08-29,19.7619,24,4,4,True
2010-08-30,19.3296,24,4,4,True
2010-08-31,18.9608,24,4,4,True
2010-09-01,18.6528,24,4,4,True
2010-09-02,18.9321,24,4,4,True
2010-09-03,19.2990,24,4,4,True
2010-09-04,19.5347,24,4,4,True
2010-09-05,19.7401,24,4,4,True
2010-09-06,19.3475,24,4,4,True
2010-09-07,19.5337,24,4,4,True
2010-09-08,18.5823,24,4,4,True
2010-09-09,18.4436,24,4,4,True
2010-09-10,18.4416,24,4,4,True
2010-09-11,18.4773,24,4,4,True
2010-09-12,18.5130,24,4,4,True
2010-09-13,18.5555,24,4,4,True
2010-09-14,18.0868,24,4,4,True
2010-09-15,18.5141,24,4,4,True
2010-09-16,18.0127,24,4,4,True
2010-09-17,18.0849,24,4,4,True
2010-09-18,17.7729,24,4,4,True
2010-09-19,17.1056,24,4,4,True
2010-09-20,16.7153,24,4,4,True
2010-09-21,17.5083,24,4,4,True
2010-09-22,17.2552,24,4,4,True
2010-09-23,16.9421,24,4,4,True
2010-09-24,17.2693,24,4,4,True
2010-09-25,16.2137,24,4,4,True
2010-09-26,15.3170,24,4,4,True
2010-09-27,14.6921,24,4,4,True
2010-09-28,14.9243,24,4,4,True
2010-09-29,15.3772,24,4,4,True
2010-09-30,15.7692,24,4,4,True
2010-10-01,15.7566,24,4,4,True
2010-10-02,15.4284,24,4,4,True
2010-10-03,16.0252,24,4,4,True
2010-10-04,16.4551,24,4,4,True
2010-10-05,16.0179,24,4,4,True
2010-10-06,15.8698,24,4,4,True
2010-10-07,16.5164,24,4,4,True
2010-10-08,16.3874,24,4,4,True
2010-10-09,16.3121,24,4,4,True
2010-10-10,15.4980,24,4,4,True
2010-10-11,13.9110,24,4,4,True
2010-10-12,13.8758,24,4,4,True
2010-10-13,14.2146,24,4,4,True
2010-10-14,14.1758,24,4,4,True
2010-10-15,13.1304,24,4,4,True
2010-10-16,12.3138,24,4,4,True
2010-10-17,11.8850,24,4,4,True
2010-10-18,10.9027,24,4,4,True
2010-10-19,10.2965,24,4,4,True
2010-10-20,10.9697,24,4,4,True
2010-10-21,10.7420,24,4,4,True
2010-10-22,10.2402,24,4,4,True
2010-10-23,11.3449,24,4,4,True
2010-10-24,11.9032,24,4,4,True
2010-10-25,11.2916,24,4,4,True
2010-10-26,9.8791,24,4,4,True
2010-10-27,9.6527,24,4,4,True
2010-10-28,9.7372,24,4,4,True
2010-10-29,9.8185,24,4,4,True
2010-10-30,11.3260,24,4,4,True
2010-10-31,11.3982,24,4,4,True
2010-11-01,11.5725,24,4,4,True
2010-11-02,11.7071,24,4,4,True
2010-11-03,11.7825,24,4,4,True
2010-11-04,12.6290,24,4,4,True
2010-11-05,12.6641,24,4,4,True
2010-11-06,12.5776,24,4,4,True
2010-11-07,12.4740,24,4,4,True
2010-11-08,11.2014,24,4,4,True
2010-11-09,10.7240,24,4,4,True
2010-11-10,10.5671,24,4,4,True
2010-11-11,10.2208,24,4,4,True
2010-11-12,11.1694,24,4,4,True
2010-11-13,11.2917,24,4,4,True
2010-11-14,11.6420,24,4,4,True
2010-11-15,12.1263,24,4,4,True
2010-11-16,10.4798,24,4,4,True
2010-11-17,9.0795,24,4,4,True
2010-11-18,9.6104,24,4,4,True
2010-11-19,9.7718,24,4,4,True
2010-11-20,9.7545,24,4,4,True
2010-11-21,9.5172,24,4,4,True
2010-11-22,9.5882,24,4,4,True
2010-11-23,8.7750,24,4,4,True
2010-11-24,7.8468,24,4,4,True
2010-11-25,7.4477,24,4,4,True
2010-11-26,7.0738,24,4,4,True
2010-11-27,5.8442,24,4,4,True
2010-11-28,6.4735,24,4,4,True
2010-11-29,6.6656,24,4,4,True
2010-11-30,6.7097,24,4,4,True
2010-12-01,7.4875,24,4,4,True
2010-12-02,6.5949,24,4,4,True
2010-12-03,5.7625,24,4,4,True
2010-12-04,4.9434,24,4,4,True
2010-12-05,5.3438,24,4,4,True
2010-12-06,7.2293,24,4,4,True
2010-12-07,8.4360,24,4,4,True
2010-12-08,8.5648,24,4,4,True
2010-12-09,8.5296,24,4,4,True
2010-12-10,7.0331,24,4,4,True
2010-12-11,5.9424,24,4,4,True
2010-12-12,6.3985,24,4,4,True
2010-12-13,6.1294,24,4,4,True
2010-12-14,5.0927,24,4,4,True
2010-12-15,4.0308,24,4,4,True
2010-12-16,3.2982,24,4,4,True
2010-12-17,4.5048,24,4,4,True
2010-12-18,4.2704,24,4,4,True
2010-12-19,4.7246,24,4,4,True
2010-12-20,6.3059,24,4,4,True
2010-12-21,7.2727,24,4,4,True
2010-12-22,8.0040,24,4,4,True
2010-12-23,9.1364,24,4,4,True
2010-12-24,7.0213,24,4,4,True
2010-12-25,5.1519,24,4,4,True
2010-12-26,3.7367,24,4,4,True
2010-12-27,3.5540,24,4,4,True
2010-12-28,4.7828,24,4,4,True
2010-12-29,5.5176,24,4,4,True
2010-12-30,6.5900,24,4,4,True
2010-12-31,7.7530,24,4,4,True
2011-01-01,7.6790,24,4,4,True
2011-01-02,7.4194,24,4,4,True
2011-01-03,6.1385,24,4,4,True
2011-01-04,4.7254,24,4,4,True
2011-01-05,5.0039,24,4,4,True
2011-01-06,6.5260,24,4,4,True
2011-01-07,7.5776,12,2,4,False
2011-01-08,,0,0,,False
2011-01-09,,0,0,,False
2011-01-10,,0,0,,False
2011-01-11,,0,0,,False
2011-01-12,,0,0,,False
2011-01-13,,0,0,,False
2011-01-14,,0,0,,False
2011-01-15,,0,0,,False
2011-01-16,,0,0,,False
2011-01-17,,0,0,,False
2011-01-18,,0,0,,False
2011-01-19,,0,0,,False
2011-01-20,,0,0,,False
2011-01-21,,0,0,,False
2011-01-22,,0,0,,False
2011-01-23,,0,0,,False
2011-01-24,,0,0,,False
2011-01-25,,0,0,,False
2011-01-26,,0,0,,False
2011-01-27,,0,0,,False
2011-01-28,,0,0,,False
2011-01-29,,0,0,,False
2011-01-30,,0,0,,False
2011-01-31,,0,0,,False
2011-02-01,,0,0,,False
2011-02-02,,0,0,,False
2011-02-03,,0,0,,False
2011-02-04,,0,0,,False
2011-02-05,,0,0,,False
2011-02-06,,0,0,,False
2011-02-07,,0,0,,False
2011-02-08,,0,0,,False
2011-02-09,,0,0,,False
2011-02-10,,0,0,,False
2011-02-11,,0,0,,False
2011-02-12,,0,0,,False
2011-02-13,,0,0,,False
2011-02-14,,0,0,,False
2011-02-15,,0,0,,False
2011-02-16,,0,0,,False
2011-02-17,,0,0,,False
2011-02-18,,0,0,,False
2011-02-19,,0,0,,False
2011-02-20,,0,0,,False
2011-02-21,,0,0,,False
2011-02-22,,0,0,,False
2011-02-23,,0,0,,False
2011-02-24,,0,0,,False
2011-02-25,,0,0,,False
2011-02-26,,0,0,,False
2011-02-27,,0,0,,False
2011-02-28,,0,0,,False
2011-03-01,,0,0,,False
2011-03-02,,0,0,,False
2011-03-03,,0,0,,False
2011-03-04,,0,0,,False
2011-03-05,,0,0,,False
2011-03-06,,0,0,,False
2011-03-07,,0,0,,False
2011-03-08,,0,0,,False
2011-03-09,,0,0,,False
2011-03-10,,0,0,,False
2011-03-11,,0,0,,False
2011-03-12,,0,0,,False
2011-03-13,,0,0,,False
2011-03-14,,0,0,,False
2011-03-15,,0,0,,False
2011-03-16,,0,0,,False
2011-03-17,,0,0,,False
2011-03-18,,0,0,,False
2011-03-19,,0,0,,False
2011-03-20,,0,0,,False
2011-03-21,,0,0,,False
2011-03-22,,0,0,,False
2011-03-23,,0,0,,False
2011-03-24,,0,0,,False
2011-03-25,,0,0,,False
2011-03-26,,0,0,,False
2011-03-27,,0,0,,False
2011-03-28,,0,0,,False
2011-03-29,,0,0,,False
2011-03-30,,0,0,,False
2011-03-31,,0,0,,False
2011-04-01,,0,0,,False
2011-04-02,,0,0,,False
2011-04-03,,0,0,,False
2011-04-04,,0,0,,False
2011-04-05,,0,0,,False
2011-04-06,,0,0,,False
2011-04-07,,0,0,,False
2011-04-08,,0,0,,False
2011-04-09,,0,0,,False
2011-04-10,,0,0,,False
2011-04-11,,0,0,,False
2011-04-12,,0,0,,False
2011-04-13,,0,0,,False
2011-04-14,,0,0,,False
2011-04-15,,0,0,,False
2011-04-16,,0,0,,False
2011-04-17,,0,0,,False
2011-04-18,,0,0,,False
2011-04-19,,0,0,,False
2011-04-20,,0,0,,False
2011-04-21,,0,0,,False
2011-04-22,,0,0,,False
2011-04-23,,0,0,,False
2011-04-24,,0,0,,False
2011-04-25,,0,0,,False
2011-04-26,,0,0,,False
2011-04-27,,0,0,,False
2011-04-28,,0,0,,False
2011-04-29,,0,0,,False
2011-04-30,,0,0,,False
2011-05-01,,0,0,,False
2011-05-02,,0,0,,False
2011-05-03,,0,0,,False
2011-05-04,,0,0,,False
2011-05-05,,0,0,,False
2011-05-06,,0,0,,False
2011-05-07,,0,0,,False
2011-05-08,,0,0,,False
2011-05-09,,0,0,,False
2011-05-10,,0,0,,False
2011-05-11,,0,0,,False
2011-05-12,,0,0,,False
2011-05-13,,0,0,,False
2011-05-14,,0,0,,False
2011-05-15,,0,0,,False
2011-05-16,,0,0,,False
2011-05-17,,0,0,,False
2011-05-18,,0,0,,False
2011-05-19,,0,0,,False
2011-05-20,,0,0,,False
2011-05-21,,0,0,,False
2011-05-22,,0,0,,False
2011-05-23,,0,0,,False
2011-05-24,,0,0,,False
2011-05-25,,0,0,,False
2011-05-26,,0,0,,False
2011-05-27,,0,0,,False
2011-05-28,,0,0,,False
2011-05-29,,0,0,,False
2011-05-30,,0,0,,False
2011-05-31,,0,0,,False
2011-06-01,,0,0,,False
2011-06-02,,0,0,,False
2011-06-03,,0,0,,False
2011-06-04,,0,0,,False
2011-06-05,,0,0,,False
2011-06-06,,0,0,,False
2011-06-07,,0,0,,False
2011-06-08,,0,0,,False
2011-06-09,,0,0,,False
2011-06-10,,0,0,,False
2011-06-11,,0,0,,False
2011-06-12,,0,0,,False
2011-06-13,,0,0,,False
2011-06-14,,0,0,,False
2011-06-15,,0,0,,False
2011-06-16,,0,0,,False
2011-06-17,,0,0,,False
2011-06-18,,0,0,,False
2011-06-19,,0,0,,False
2011-06-20,,0,0,,False
2011-06-21,,0,0,,False
2011-06-22,,0,0,,False
2011-06-23,,0,0,,False
2011-06-24,,0,0,,False
2011-06-25,,0,0,,False
2011-06-26,,0,0,,False
2011-06-27,,0,0,,False
2011-06-28,,0,0,,False
2011-06-29,,0,0,,False
2011-06-30,,0,0,,False
2011-07-01,,0,0,,False
2011-07-02,,0,0,,False
2011-07-03,,0,0,,False
2011-07-04,,0,0,,False
2011-07-05,,0,0,,False
2011-07-06,,0,0,,False
2011-07-07,,0,0,,False
2011-07-08,,0,0,,False
2011-07-09,,0,0,,False
2011-07-10,,0,0,,False
2011-07-11,,0,0,,False
2011-07-12,,0,0,,False
2011-07-13,,0,0,,False
2011-07-14,,0,0,,False
2011-07-15,,0,0,,False
2011-07-16,,0,0,,False
2011-07-17,,0,0,,False
2011-07-18,,0,0,,False
2011-07-19,,0,0,,False
2011-07-20,,0,0,,False
2011-07-21,,0,0,,False
2011-07-22,,0,0,,False
2011-07-23,,0,0,,False
2011-07-24,,0,0,,False
2011-07-25,,0,0,,False
2011-07-26,,0,0,,False
2011-07-27,,0,0,,False
2011-07-28,,0,0,,False
2011-07-29,,0,0,,False
2011-07-30,,0,0,,False
2011-07-31,,0,0,,False
2011-08-01,,0,0,,False
2011-08-02,,0,0,,False
2011-08-03,,0,0,,False
2011-08-04,,0,0,,False
2011-08-05,,0,0,,False
2011-08-06,,0,0,,False
2011-08-07,,0,0,,False
2011-08-08,,0,0,,False
2011-08-09,,0,0,,False
2011-08-10,,0,0,,False
2011-08-11,,0,0,,False
2011-08-12,,0,0,,False
2011-08-13,,0,0,,False
2011-08-14,,0,0,,False
2011-08-15,,0,0,,False
2011-08-16,,0,0,,False
2011-08-17,,0,0,,False
2011-08-18,,0,0,,False
2011-08-19,,0,0,,False
2011-08-20,,0,0,,False
2011-08-21,,0,0,,False
2011-08-22,,0,0,,False
2011-08-23,,0,0,,False
2011-08-24,,0,0,,False
2011-08-25,,0,0,,False
2011-08-26,,0,0,,False
2011-08-27,,0,0,,False
2011-08-28,,0,0,,False
2011-08-29,,0,0,,False
2011-08-30,,0,0,,False
2011-08-31,,0,0,,False
2011-09-01,,0,0,,False
2011-09-02,,0,0,,False
2011-09-03,,0,0,,False
2011-09-04,,0,0,,False
2011-09-05,,0,0,,False
2011-09-06,,0,0,,False
2011-09-07,,0,0,,False
2011-09-08,,0,0,,False
2011-09-09,,0,0,,False
2011-09-10,,0,0,,False
2011-09-11,,0,0,,False
2011-09-12,,0,0,,False
2011-09-13,,0,0,,False
2011-09-14,,0,0,,False
2011-09-15,,0,0,,False
2011-09-16,,0,0,,False
2011-09-17,,0,0,,False
2011-09-18,,0,0,,False
2011-09-19,,0,0,,False
2011-09-20,,0,0,,False
2011-09-21,,0,0,,False
2011-09-22,,0,0,,False
2011-09-23,,0,0,,False
2011-09-24,,0,0,,False
2011-09-25,,0,0,,False
2011-09-26,,0,0,,False
2011-09-27,,0,0,,False
2011-09-28,,0,0,,False
2011-09-29,,0,0,,False
2011-09-30,,0,0,,False
2011-10-01,,0,0,,False
2011-10-02,,0,0,,False
2011-10-03,,0,0,,False
2011-10-04,,0,0,,False
2011-10-05,,0,0,,False
2011-10-06,,0,0,,False
2011-10-07,,0,0,,False
2011-10-08,,0,0,,False
2011-10-09,,0,0,,False
2011-10-10,,0,0,,False
2011-10-11,,0,0,,False
2011-10-12,,0,0,,False
2011-10-13,,0,0,,False
2011-10-14,,0,0,,False
2011-10-15,,0,0,,False
2011-10-16,,0,0,,False
2011-10-17,,0,0,,False
2011-10-18,,0,0,,False
2011-10-19,,0,0,,False
2011-10-20,,0,0,,False
2011-10-21,,0,0,,False
2011-10-22,,0,0,,False
2011-10-23,,0,0,,False
2011-10-24,,0,0,,False
2011-10-25,,0,0,,False
2011-10-26,,0,0,,False
2011-10-27,,0,0,,False
2011-10-28,,0,0,,False
2011-10-29,,0,0,,False
2011-10-30,,0,0,,False
2011-10-31,,0,0,,False
2011-11-01,,0,0,,False
2011-11-02,,0,0,,False
2011-11-03,,0,0,,False
2011-11-04,,0,0,,False
2011-11-05,,0,0,,False
2011-11-06,,0,0,,False
2011-11-07,,0,0,,False
2011-11-08,,0,0,,False
2011-11-09,,0,0,,False
2011-11-10,,0,0,,False
2011-11-11,,0,0,,False
2011-11-12,,0,0,,False
2011-11-13,,0,0,,False
2011-11-14,,0,0,,False
2011-11-15,,0,0,,False
2011-11-16,,0,0,,False
2011-11-17,,0,0,,False
2011-11-18,,0,0,,False
2011-11-19,,0,0,,False
2011-11-20,,0,0,,False
2011-11-21,,0,0,,False
2011-11-22,,0,0,,False
2011-11-23,,0,0,,False
2011-11-24,,0,0,,False
2011-11-25,,0,0,,False
2011-11-26,,0,0,,False
2011-11-27,,0,0,,False
2011-11-28,,0,0,,False
2011-11-29,,0,0,,False
2011-11-30,,0,0,,False
2011-12-01,,0,0,,False
2011-12-02,,0,0,,False
2011-12-03,,0,0,,False
2011-12-04,,0,0,,False
2011-12-05,,0,0,,False
2011-12-06,,0,0,,False
2011-12-07,,0,0,,False
2011-12-08,,0,0,,False
2011-12-09,,0,0,,False
2011-12-10,,0,0,,False
2011-12-11,,0,0,,False
2011-12-12,,0,0,,False
2011-12-13,,0,0,,False
2011-12-14,,0,0,,False
2011-12-15,,0,0,,False
2011-12-16,,0,0,,False
2011-12-17,,0,0,,False
2011-12-18,,0,0,,False
2011-12-19,,0,0,,False
2011-12-20,,0,0,,False
2011-12-21,,0,0,,False
2011-12-22,,0,0,,False
2011-12-23,,0,0,,False
2011-12-24,,0,0,,False
2011-12-25,,0,0,,False
2011-12-26,,0,0,,False
2011-12-27,,0,0,,False
2011-12-28,,0,0,,False
2011-12-29,,0,0,,False
2011-12-30,,0,0,,False
2011-12-31,,0,0,,False
2012-01-01,,0,0,,False
2012-01-02,,0,0,,False
2012-01-03,,0,0,,False
2012-01-04,,0,0,,False
2012-01-05,,0,0,,False
2012-01-06,,0,0,,False
2012-01-07,,0,0,,False
2012-01-08,,0,0,,False
2012-01-09,,0,0,,False
2012-01-10,,0,0,,False
2012-01-11,,0,0,,False
2012-01-12,,0,0,,False
2012-01-13,,0,0,,False
2012-01-14,,0,0,,False
2012-01-15,,0,0,,False
2012-01-16,,0,0,,False
2012-01-17,,0,0,,False
2012-01-18,,0,0,,False
2012-01-19,,0,0,,False
2012-01-20,,0,0,,False
2012-01-21,,0,0,,False
2012-01-22,,0,0,,False
2012-01-23,,0,0,,False
2012-01-24,,0,0,,False
2012-01-25,,0,0,,False
2012-01-26,,0,0,,False
2012-01-27,,0,0,,False
2012-01-28,,0,0,,False
2012-01-29,,0,0,,False
2012-01-30,,0,0,,False
2012-01-31,,0,0,,False
2012-02-01,,0,0,,False
2012-02-02,,0,0,,False
2012-02-03,,0,0,,False
2012-02-04,,0,0,,False
2012-02-05,,0,0,,False
2012-02-06,,0,0,,False
2012-02-07,,0,0,,False
2012-02-08,,0,0,,False
2012-02-09,,0,0,,False
2012-02-10,,0,0,,False
2012-02-11,,0,0,,False
2012-02-12,,0,0,,False
2012-02-13,,0,0,,False
2012-02-14,,0,0,,False
2012-02-15,,0,0,,False
2012-02-16,,0,0,,False
2012-02-17,,0,0,,False
2012-02-18,,0,0,,False
2012-02-19,,0,0,,False
2012-02-20,,0,0,,False
2012-02-21,,0,0,,False
2012-02-22,,0,0,,False
2012-02-23,,0,0,,False
2012-02-24,,0,0,,False
2012-02-25,,0,0,,False
2012-02-26,,0,0,,False
2012-02-27,,0,0,,False
2012-02-28,,0,0,,False
2012-02-29,,0,0,,False
2012-03-01,,0,0,,False
2012-03-02,,0,0,,False
2012-03-03,,0,0,,False
2012-03-04,,0,0,,False
2012-03-05,,0,0,,False
2012-03-06,,0,0,,False
2012-03-07,,0,0,,False
2012-03-08,,0,0,,False
2012-03-09,,0,0,,False
2012-03-10,,0,0,,False
2012-03-11,,0,0,,False
2012-03-12,,0,0,,False
2012-03-13,,0,0,,False
2012-03-14,,0,0,,False
2012-03-15,,0,0,,False
2012-03-16,,0,0,,False
2012-03-17,,0,0,,False
2012-03-18,,0,0,,False
2012-03-19,,0,0,,False
2012-03-20,,0,0,,False
2012-03-21,,0,0,,False
2012-03-22,,0,0,,False
2012-03-23,,0,0,,False
2012-03-24,,0,0,,False
2012-03-25,,0,0,,False
2012-03-26,,0,0,,False
2012-03-27,,0,0,,False
2012-03-28,,0,0,,False
2012-03-29,,0,0,,False
2012-03-30,,0,0,,False
2012-03-31,,0,0,,False
2012-04-01,,0,0,,False
2012-04-02,,0,0,,False
2012-04-03,,0,0,,False
2012-04-04,,0,0,,False
2012-04-05,,0,0,,False
2012-04-06,,0,0,,False
2012-04-07,,0,0,,False
2012-04-08,,0,0,,False
2012-04-09,,0,0,,False
2012-04-10,,0,0,,False
2012-04-11,,0,0,,False
2012-04-12,,0,0,,False
2012-04-13,,0,0,,False
2012-04-14,,0,0,,False
2012-04-15,,0,0,,False
2012-04-16,,0,0,,False
2012-04-17,,0,0,,False
2012-04-18,,0,0,,False
2012-04-19,,0,0,,False
2012-04-20,,0,0,,False
2012-04-21,,0,0,,False
2012-04-22,,0,0,,False
2012-04-23,,0,0,,False
2012-04-24,,0,0,,False
2012-04-25,,0,0,,False
2012-04-26,,0,0,,False
2012-04-27,,0,0,,False
2012-04-28,,0,0,,False
2012-04-29,,0,0,,False
2012-04-30,,0,0,,False
2012-05-01,,0,0,,False
2012-05-02,,0,0,,False
2012-05-03,,0,0,,False
2012-05-04,,0,0,,False
2012-05-05,,0,0,,False
2012-05-06,,0,0,,False
2012-05-07,,0,0,,False
2012-05-08,,0,0,,False
2012-05-09,,0,0,,False
2012-05-10,,0,0,,False
2012-05-11,,0,0,,False
2012-05-12,,0,0,,False
2012-05-13,,0,0,,False
2012-05-14,,0,0,,False
2012-05-15,,0,0,,False
2012-05-16,,0,0,,False
2012-05-17,,0,0,,False
2012-05-18,,0,0,,False
2012-05-19,,0,0,,False
2012-05-20,,0,0,,False
2012-05-21,,0,0,,False
2012-05-22,,0,0,,False
2012-05-23,,0,0,,False
2012-05-24,,0,0,,False
2012-05-25,,0,0,,False
2012-05-26,,0,0,,False
2012-05-27,,0,0,,False
2012-05-28,,0,0,,False
2012-05-29,,0,0,,False
2012-05-30,,0,0,,False
2012-05-31,,0,0,,False
2012-06-01,,0,0,,False
2012-06-02,,0,0,,False
2012-06-03,,0,0,,False
2012-06-04,,0,0,,False
2012-06-05,,0,0,,False
2012-06-06,,0,0,,False
2012-06-07,,0,0,,False
2012-06-08,,0,0,,False
2012-06-09,,0,0,,False
2012-06-10,,0,0,,False
2012-06-11,,0,0,,False
2012-06-12,,0,0,,False
2012-06-13,,0,0,,False
2012-06-14,,0,0,,False
2012-06-15,,0,0,,False
2012-06-16,,0,0,,False
2012-06-17,,0,0,,False
2012-06-18,,0,0,,False
2012-06-19,,0,0,,False
2012-06-20,,0,0,,False
2012-06-21,,0,0,,False
2012-06-22,,0,0,,False
2012-06-23,,0,0,,False
2012-06-24,,0,0,,False
2012-06-25,,0,0,,False
2012-06-26,,0,0,,False
2012-06-27,,0,0,,False
2012-06-28,,0,0,,False
2012-06-29,,0,0,,False
2012-06-30,,0,0,,False
2012-07-01,,0,0,,False
2012-07-02,,0,0,,False
2012-07-03,,0,0,,False
2012-07-04,,0,0,,False
2012-07-05,,0,0,,False
2012-07-06,,0,0,,False
2012-07-07,,0,0,,False
2012-07-08,,0,0,,False
2012-07-09,,0,0,,False
2012-07-10,,0,0,,False
2012-07-11,,0,0,,False
2012-07-12,,0,0,,False
2012-07-13,,0,0,,False
2012-07-14,,0,0,,False
2012-07-15,,0,0,,False
2012-07-16,,0,0,,False
2012-07-17,,0,0,,False
2012-07-18,,0,0,,False
2012-07-19,,0,0,,False
2012-07-20,,0,0,,False
2012-07-21,,0,0,,False
2012-07-22,,0,0,,False
2012-07-23,,0,0,,False
2012-07-24,,0,0,,False
2012-07-25,,0,0,,False
2012-07-26,,0,0,,False
2012-07-27,,0,0,,False
2012-07-28,,0,0,,False
2012-07-29,,0,0,,False
2012-07-30,,0,0,,False
2012-07-31,,0,0,,False
2012-08-01,,0,0,,False
2012-08-02,,0,0,,False
2012-08-03,,0,0,,False
2012-08-04,,0,0,,False
2012-08-05,,0,0,,False
2012-08-06,,0,0,,False
2012-08-07,,0,0,,False
2012-08-08,,0,0,,False
2012-08-09,,0,0,,False
2012-08-10,,0,0,,False
2012-08-11,,0,0,,False
2012-08-12,,0,0,,False
2012-08-13,,0,0,,False
2012-08-14,,0,0,,False
2012-08-15,,0,0,,False
2012-08-16,,0,0,,False
2012-08-17,,0,0,,False
2012-08-18,,0,0,,False
2012-08-19,,0,0,,False
2012-08-20,,0,0,,False
2012-08-21,,0,0,,False
2012-08-22,,0,0,,False
2012-08-23,,0,0,,False
2012-08-24,,0,0,,False
2012-08-25,,0,0,,False
2012-08-26,,0,0,,False
2012-08-27,,0,0,,False
2012-08-28,,0,0,,False
2012-08-29,,0,0,,False
2012-08-30,,0,0,,False
2012-08-31,,0,0,,False
2012-09-01,,0,0,,False
2012-09-02,,0,0,,False
2012-09-03,,0,0,,False
2012-09-04,,0,0,,False
2012-09-05,,0,0,,False
2012-09-06,,0,0,,False
2012-09-07,,0,0,,False
2012-09-08,,0,0,,False
2012-09-09,,0,0,,False
2012-09-10,,0,0,,False
2012-09-11,,0,0,,False
2012-09-12,,0,0,,False
2012-09-13,,0,0,,False
2012-09-14,,0,0,,False
2012-09-15,,0,0,,False
2012-09-16,,0,0,,False
2012-09-17,,0,0,,False
2012-09-18,,0,0,,False
2012-09-19,,0,0,,False
2012-09-20,,0,0,,False
2012-09-21,,0,0,,False
2012-09-22,,0,0,,False
2012-09-23,,0,0,,False
2012-09-24,,0,0,,False
2012-09-25,,0,0,,False
2012-09-26,,0,0,,False
2012-09-27,,0,0,,False
2012-09-28,,0,0,,False
2012-09-29,,0,0,,False
2012-09-30,,0,0,,False
2012-10-01,,0,0,,False
2012-10-02,,0,0,,False
2012-10-03,,0,0,,False
2012-10-04,,0,0,,False
2012-10-05,,0,0,,False
2012-10-06,,0,0,,False
2012-10-07,,0,0,,False
2012-10-08,,0,0,,False
2012-10-09,,0,0,,False
2012-10-10,,0,0,,False
2012-10-11,,0,0,,False
2012-10-12,,0,0,,False
2012-10-13,,0,0,,False
2012-10-14,,0,0,,False
2012-10-15,,0,0,,False
2012-10-16,,0,0,,False
2012-10-17,,0,0,,False
2012-10-18,,0,0,,False
2012-10-19,,0,0,,False
2012-10-20,,0,0,,False
2012-10-21,,0,0,,False
2012-10-22,,0,0,,False
2012-10-23,,0,0,,False
2012-10-24,,0,0,,False
2012-10-25,,0,0,,False
2012-10-26,,0,0,,False
2012-10-27,,0,0,,False
2012-10-28,,0,0,,False
2012-10-29,,0,0,,False
2012-10-30,,0,0,,False
2012-10-31,,0,0,,False
2012-11-01,,0,0,,False
2012-11-02,,0,0,,False
2012-11-03,,0,0,,False
2012-11-04,,0,0,,False
2012-11-05,,0,0,,False
2012-11-06,,0,0,,False
2012-11-07,,0,0,,False
2012-11-08,,0,0,,False
2012-11-09,,0,0,,False
2012-11-10,,0,0,,False
2012-11-11,,0,0,,False
2012-11-12,,0,0,,False
2012-11-13,,0,0,,False
2012-11-14,,0,0,,False
2012-11-15,,0,0,,False
2012-11-16,,0,0,,False
2012-11-17,,0,0,,False
2012-11-18,,0,0,,False
2012-11-19,,0,0,,False
2012-11-20,,0,0,,False
2012-11-21,,0,0,,False
2012-11-22,,0,0,,False
2012-11-23,,0,0,,False
2012-11-24,,0,0,,False
2012-11-25,,0,0,,False
2012-11-26,,0,0,,False
2012-11-27,,0,0,,False
2012-11-28,,0,0,,False
2012-11-29,,0,0,,False
2012-11-30,,0,0,,False
2012-12-01,,0,0,,False
2012-12-02,,0,0,,False
2012-12-03,,0,0,,False
2012-12-04,,0,0,,False
2012-12-05,,0,0,,False
2012-12-06,,0,0,,False
2012-12-07,,0,0,,False
2012-12-08,,0,0,,False
2012-12-09,,0,0,,False
2012-12-10,,0,0,,False
2012-12-11,,0,0,,False
2012-12-12,,0,0,,False
2012-12-13,,0,0,,False
2012-12-14,,0,0,,False
2012-12-15,,0,0,,False
2012-12-16,,0,0,,False
2012-12-17,,0,0,,False
2012-12-18,,0,0,,False
2012-12-19,,0,0,,False
2012-12-20,,0,0,,False
2012-12-21,,0,0,,False
2012-12-22,,0,0,,False
2012-12-23,,0,0,,False
2012-12-24,,0,0,,False
2012-12-25,,0,0,,False
2012-12-26,,0,0,,False
2012-12-27,,0,0,,False
2012-12-28,,0,0,,False
2012-12-29,,0,0,,False
2012-12-30,,0,0,,False
2012-12-31,,0,0,,False
2013-01-01,,0,0,,False
2013-01-02,,0,0,,False
2013-01-03,,0,0,,False
2013-01-04,,0,0,,False
2013-01-05,,0,0,,False
2013-01-06,,0,0,,False
2013-01-07,,0,0,,False
2013-01-08,,0,0,,False
2013-01-09,,0,0,,False
2013-01-10,,0,0,,False
2013-01-11,,0,0,,False
2013-01-12,,0,0,,False
2013-01-13,,0,0,,False
2013-01-14,,0,0,,False
2013-01-15,,0,0,,False
2013-01-16,,0,0,,False
2013-01-17,,0,0,,False
2013-01-18,,0,0,,False
2013-01-19,,0,0,,False
2013-01-20,,0,0,,False
2013-01-21,,0,0,,False
2013-01-22,,0,0,,False
2013-01-23,,0,0,,False
2013-01-24,,0,0,,False
2013-01-25,,0,0,,False
2013-01-26,,0,0,,False
2013-01-27,,0,0,,False
2013-01-28,,0,0,,False
2013-01-29,,0,0,,False
2013-01-30,,0,0,,False
2013-01-31,,0,0,,False
2013-02-01,,0,0,,False
2013-02-02,,0,0,,False
2013-02-03,,0,0,,False
2013-02-04,,0,0,,False
2013-02-05,,0,0,,False
2013-02-06,,0,0,,False
2013-02-07,,0,0,,False
2013-02-08,,0,0,,False
2013-02-09,,0,0,,False
2013-02-10,,0,0,,False
2013-02-11,,0,0,,False
2013-02-12,,0,0,,False
2013-02-13,,0,0,,False
2013-02-14,,0,0,,False
2013-02-15,,0,0,,False
2013-02-16,,0,0,,False
2013-02-17,,0,0,,False
2013-02-18,,0,0,,False
2013-02-19,,0,0,,False
2013-02-20,,0,0,,False
2013-02-21,,0,0,,False
2013-02-22,,0,0,,False
2013-02-23,,0,0,,False
2013-02-24,,0,0,,False
2013-02-25,,0,0,,False
2013-02-26,,0,0,,False
2013-02-27,,0,0,,False
2013-02-28,,0,0,,False
2013-03-01,,0,0,,False
2013-03-02,,0,0,,False
2013-03-03,,0,0,,False
2013-03-04,,0,0,,False
2013-03-05,,0,0,,False
2013-03-06,,0,0,,False
2013-03-07,,0,0,,False
2013-03-08,,0,0,,False
2013-03-09,,0,0,,False
2013-03-10,,0,0,,False
2013-03-11,,0,0,,False
2013-03-12,,0,0,,False
2013-03-13,,0,0,,False
2013-03-14,,0,0,,False
2013-03-15,,0,0,,False
2013-03-16,,0,0,,False
2013-03-17,,0,0,,False
2013-03-18,,0,0,,False
2013-03-19,,0,0,,False
2013-03-20,,0,0,,False
2013-03-21,,0,0,,False
2013-03-22,,0,0,,False
2013-03-23,,0,0,,False
2013-03-24,,0,0,,False
2013-03-25,,0,0,,False
2013-03-26,,0,0,,False
2013-03-27,,0,0,,False
2013-03-28,,0,0,,False
2013-03-29,,0,0,,False
2013-03-30,,0,0,,False
2013-03-31,,0,0,,False
2013-04-01,,0,0,,False
2013-04-02,,0,0,,False
2013-04-03,,0,0,,False
2013-04-04,,0,0,,False
2013-04-05,,0,0,,False
2013-04-06,,0,0,,False
2013-04-07,,0,0,,False
2013-04-08,,0,0,,False
2013-04-09,,0,0,,False
2013-04-10,,0,0,,False
2013-04-11,,0,0,,False
2013-04-12,,0,0,,False
2013-04-13,,0,0,,False
2013-04-14,,0,0,,False
2013-04-15,,0,0,,False
2013-04-16,,0,0,,False
2013-04-17,,0,0,,False
2013-04-18,,0,0,,False
2013-04-19,,0,0,,False
2013-04-20,,0,0,,False
2013-04-21,,0,0,,False
2013-04-22,,0,0,,False
2013-04-23,,0,0,,False
2013-04-24,,0,0,,False
2013-04-25,,0,0,,False
2013-04-26,,0,0,,False
2013-04-27,,0,0,,False
2013-04-28,,0,0,,False
2013-04-29,,0,0,,False
2013-04-30,,0,0,,False
2013-05-01,,0,0,,False
2013-05-02,,0,0,,False
2013-05-03,,0,0,,False
2013-05-04,,0,0,,False
2013-05-05,,0,0,,False
2013-05-06,,0,0,,False
2013-05-07,,0,0,,False
2013-05-08,,0,0,,False
2013-05-09,,0,0,,False
2013-05-10,,0,0,,False
2013-05-11,,0,0,,False
2013-05-12,,0,0,,False
2013-05-13,,0,0,,False
2013-05-14,,0,0,,False
2013-05-15,,0,0,,False
2013-05-16,,0,0,,False
2013-05-17,,0,0,,False
2013-05-18,,0,0,,False
2013-05-19,,0,0,,False
2013-05-20,,0,0,,False
2013-05-21,,0,0,,False
2013-05-22,,0,0,,False
2013-05-23,,0,0,,False
2013-05-24,,0,0,,False
2013-05-25,,0,0,,False
2013-05-26,,0,0,,False
2013-05-27,,0,0,,False
2013-05-28,,0,0,,False
2013-05-29,,0,0,,False
2013-05-30,,0,0,,False
2013-05-31,,0,0,,False
2013-06-01,,0,0,,False
2013-06-02,,0,0,,False
2013-06-03,15.1508,10,2,4,False
2013-06-04,13.4381,24,4,4,True
2013-06-05,13.6670,24,4,4,True
2013-06-06,14.5025,24,4,4,True
2013-06-07,14.6064,24,4,4,True
2013-06-08,13.9825,24,4,4,True
2013-06-09,12.6510,24,4,4,True
2013-06-10,13.3310,24,4,4,True
2013-06-11,14.2400,24,4,4,True
2013-06-12,15.4548,24,4,4,True
2013-06-13,16.3945,24,4,4,True
2013-06-14,16.6400,24,4,4,True
2013-06-15,16.6830,24,4,4,True
2013-06-16,16.9823,24,4,4,True
2013-06-17,16.9745,24,4,4,True
2013-06-18,17.0471,24,4,4,True
2013-06-19,16.7893,24,4,4,True
2013-06-20,16.1589,24,4,4,True
2013-06-21,15.9223,24,4,4,True
2013-06-22,16.4998,24,4,4,True
2013-06-23,16.6274,24,4,4,True
2013-06-24,15.2761,24,4,4,True
2013-06-25,15.1964,24,4,4,True
2013-06-26,15.6112,24,4,4,True
2013-06-27,15.8159,24,4,4,True
2013-06-28,15.6072,24,4,4,True
2013-06-29,15.9950,24,4,4,True
2013-06-30,17.0267,24,4,4,True
2013-07-01,17.7032,24,4,4,True
2013-07-02,17.9133,24,4,4,True
2013-07-03,17.5311,24,4,4,True
2013-07-04,17.8034,24,4,4,True
2013-07-05,18.5576,24,4,4,True
2013-07-06,19.2672,24,4,4,True
2013-07-07,19.5628,24,4,4,True
2013-07-08,19.9297,24,4,4,True
2013-07-09,19.9257,24,4,4,True
2013-07-10,19.3591,24,4,4,True
2013-07-11,19.1015,24,4,4,True
2013-07-12,19.4161,24,4,4,True
2013-07-13,19.5942,24,4,4,True
2013-07-14,19.1403,24,4,4,True
2013-07-15,19.6213,24,4,4,True
2013-07-16,20.0595,24,4,4,True
2013-07-17,20.1012,24,4,4,True
2013-07-18,20.2082,24,4,4,True
2013-07-19,20.2081,24,4,4,True
2013-07-20,19.9441,24,4,4,True
2013-07-21,20.1847,24,4,4,True
2013-07-22,20.3891,24,4,4,True
2013-07-23,20.2946,24,4,4,True
2013-07-24,20.2371,24,4,4,True
2013-07-25,20.4655,24,4,4,True
2013-07-26,20.8306,24,4,4,True
2013-07-27,20.9087,24,4,4,True
2013-07-28,20.6049,24,4,4,True
2013-07-29,20.2866,24,4,4,True
2013-07-30,20.0495,24,4,4,True
2013-07-31,20.2382,24,4,4,True
2013-08-01,20.4486,24,4,4,True
2013-08-02,20.3900,24,4,4,True
2013-08-03,20.6467,24,4,4,True
2013-08-04,21.1062,24,4,4,True
2013-08-05,21.2469,24,4,4,True
2013-08-06,20.9960,24,4,4,True
2013-08-07,20.4292,24,4,4,True
2013-08-08,19.4851,24,4,4,True
2013-08-09,18.9163,24,4,4,True
2013-08-10,19.3227,24,4,4,True
2013-08-11,19.7938,24,4,4,True
2013-08-12,20.1400,24,4,4,True
2013-08-13,20.3580,24,4,4,True
2013-08-14,19.9741,24,4,4,True
2013-08-15,19.7680,24,4,4,True
2013-08-16,19.8294,24,4,4,True
2013-08-17,19.9669,24,4,4,True
2013-08-18,20.0098,24,4,4,True
2013-08-19,19.6991,24,4,4,True
2013-08-20,19.4575,24,4,4,True
2013-08-21,19.3920,24,4,4,True
2013-08-22,18.9807,24,4,4,True
2013-08-23,19.5757,24,4,4,True
2013-08-24,19.5732,24,4,4,True
2013-08-25,18.2672,24,4,4,True
2013-08-26,18.0523,24,4,4,True
2013-08-27,18.2286,24,4,4,True
2013-08-28,18.2820,24,4,4,True
2013-08-29,18.3882,24,4,4,True
2013-08-30,18.4020,24,4,4,True
2013-08-31,18.5487,24,4,4,True
2013-09-01,18.8004,24,4,4,True
2013-09-02,18.7361,24,4,4,True
2013-09-03,18.4903,24,4,4,True
2013-09-04,18.4981,24,4,4,True
2013-09-05,18.4743,24,4,4,True
2013-09-06,18.3336,24,4,4,True
2013-09-07,17.9582,24,4,4,True
2013-09-08,17.9076,24,4,4,True
2013-09-09,17.7500,24,4,4,True
2013-09-10,17.8520,24,4,4,True
2013-09-11,17.1740,24,4,4,True
2013-09-12,16.3170,24,4,4,True
2013-09-13,16.8801,24,4,4,True
2013-09-14,17.3068,24,4,4,True
2013-09-15,16.8815,24,4,4,True
2013-09-16,16.1540,24,4,4,True
2013-09-17,16.1432,24,4,4,True
2013-09-18,16.4966,24,4,4,True
2013-09-19,16.4223,24,4,4,True
2013-09-20,16.1123,24,4,4,True
2013-09-21,16.6828,24,4,4,True
2013-09-22,16.6988,24,4,4,True
2013-09-23,16.4923,24,4,4,True
2013-09-24,16.2524,24,4,4,True
2013-09-25,17.0469,24,4,4,True
2013-09-26,17.1642,24,4,4,True
2013-09-27,17.5896,24,4,4,True
2013-09-28,17.5647,24,4,4,True
2013-09-29,17.4825,24,4,4,True
2013-09-30,17.3585,24,4,4,True
2013-10-01,17.4120,24,4,4,True
2013-10-02,17.6538,24,4,4,True
2013-10-03,17.3299,24,4,4,True
2013-10-04,16.6615,24,4,4,True
2013-10-05,16.2535,24,4,4,True
2013-10-06,16.1413,24,4,4,True
2013-10-07,16.0080,24,4,4,True
2013-10-08,15.5707,24,4,4,True
2013-10-09,15.3180,24,4,4,True
2013-10-10,14.7623,24,4,4,True
2013-10-11,13.5413,24,4,4,True
2013-10-12,12.6911,24,4,4,True
2013-10-13,13.1709,24,4,4,True
2013-10-14,13.4878,24,4,4,True
2013-10-15,13.7277,24,4,4,True
2013-10-16,14.5746,24,4,4,True
2013-10-17,14.8140,24,4,4,True
2013-10-18,14.0588,24,4,4,True
2013-10-19,14.7633,24,4,4,True
2013-10-20,15.1839,24,4,4,True
2013-10-21,15.3212,24,4,4,True
2013-10-22,15.7418,24,4,4,True
2013-10-23,15.8313,24,4,4,True
2013-10-24,14.7773,24,4,4,True
2013-10-25,15.3759,24,4,4,True
2013-10-26,15.5300,24,4,4,True
2013-10-27,15.7310,24,4,4,True
2013-10-28,14.5689,24,4,4,True
2013-10-29,13.9159,24,4,4,True
2013-10-30,12.6207,24,4,4,True
2013-10-31,11.6635,24,4,4,True
2013-11-01,11.4639,24,4,4,True
2013-11-02,12.4531,24,4,4,True
2013-11-03,13.0803,24,4,4,True
2013-11-04,12.3634,24,4,4,True
2013-11-05,12.4482,24,4,4,True
2013-11-06,13.5071,24,4,4,True
2013-11-07,13.2017,24,4,4,True
2013-11-08,12.8583,24,4,4,True
2013-11-09,12.2796,24,4,4,True
2013-11-10,12.0120,24,4,4,True
2013-11-11,10.5244,24,4,4,True
2013-11-12,9.4935,24,4,4,True
2013-11-13,10.7303,24,4,4,True
2013-11-14,10.5351,24,4,4,True
2013-11-15,8.9516,24,4,4,True
2013-11-16,8.5516,24,4,4,True
2013-11-17,9.1536,24,4,4,True
2013-11-18,10.1270,24,4,4,True
2013-11-19,10.1576,24,4,4,True
2013-11-20,8.5197,24,4,4,True
2013-11-21,8.0926,24,4,4,True
2013-11-22,7.7354,24,4,4,True
2013-11-23,7.2623,24,4,4,True
2013-11-24,7.6879,24,4,4,True
2013-11-25,7.5343,24,4,4,True
2013-11-26,6.2560,24,4,4,True
2013-11-27,5.7762,24,4,4,True
2013-11-28,5.2452,24,4,4,True
2013-11-29,5.2431,24,4,4,True
2013-11-30,6.3080,24,4,4,True
2013-12-01,6.1699,24,4,4,True
2013-12-02,6.1538,24,4,4,True
2013-12-03,5.7615,24,4,4,True
2013-12-04,5.8685,24,4,4,True
2013-12-05,7.0488,24,4,4,True
2013-12-06,7.0206,24,4,4,True
2013-12-07,6.7331,24,4,4,True
2013-12-08,5.9125,24,4,4,True
2013-12-09,5.3669,24,4,4,True
2013-12-10,4.8615,24,4,4,True
2013-12-11,6.1474,24,4,4,True
2013-12-12,7.8693,24,4,4,True
2013-12-13,8.6572,24,4,4,True
2013-12-14,8.4002,24,4,4,True
2013-12-15,7.2714,24,4,4,True
2013-12-16,7.1317,24,4,4,True
2013-12-17,8.2967,24,4,4,True
2013-12-18,9.1784,24,4,4,True
2013-12-19,9.2930,24,4,4,True
2013-12-20,8.6645,24,4,4,True
2013-12-21,7.9168,24,4,4,True
2013-12-22,8.2135,24,4,4,True
2013-12-23,7.7519,24,4,4,True
2013-12-24,7.8843,24,4,4,True
2013-12-25,8.4968,24,4,4,True
2013-12-26,7.9574,24,4,4,True
2013-12-27,7.7562,24,4,4,True
2013-12-28,8.0301,24,4,4,True
2013-12-29,8.0804,24,4,4,True
2013-12-30,7.3502,24,4,4,True
2013-12-31,6.8676,24,4,4,True
2014-01-01,7.8153,24,4,4,True
2014-01-02,8.4977,24,4,4,True
2014-01-03,8.7378,24,4,4,True
2014-01-04,9.3218,24,4,4,True
2014-01-05,8.2587,24,4,4,True
2014-01-06,8.1861,24,4,4,True
2014-01-07,8.9556,24,4,4,True
2014-01-08,9.4595,24,4,4,True
2014-01-09,9.4615,24,4,4,True
2014-01-10,9.4739,24,4,4,True
2014-01-11,9.4493,24,4,4,True
2014-01-12,9.9071,24,4,4,True
2014-01-13,9.8744,24,4,4,True
2014-01-14,8.4475,24,4,4,True
2014-01-15,7.9301,24,4,4,True
2014-01-16,8.2105,24,4,4,True
2014-01-17,7.7225,24,4,4,True
2014-01-18,8.2143,24,4,4,True
2014-01-19,9.1664,24,4,4,True
2014-01-20,8.2138,24,4,4,True
2014-01-21,7.2978,24,4,4,True
2014-01-22,6.2915,24,4,4,True
2014-01-23,6.9310,24,4,4,True
2014-01-24,7.8613,24,4,4,True
2014-01-25,8.6782,24,4,4,True
2014-01-26,8.9495,24,4,4,True
2014-01-27,8.9177,24,4,4,True
2014-01-28,7.4120,24,4,4,True
2014-01-29,7.8495,24,4,4,True
2014-01-30,7.9666,24,4,4,True
2014-01-31,7.2600,24,4,4,True
2014-02-01,7.2398,24,4,4,True
2014-02-02,7.0015,24,4,4,True
2014-02-03,6.5364,24,4,4,True
2014-02-04,7.2048,24,4,4,True
2014-02-05,7.8173,24,4,4,True
2014-02-06,7.3761,24,4,4,True
2014-02-07,8.3105,24,4,4,True
2014-02-08,7.6685,24,4,4,True
2014-02-09,7.5727,24,4,4,True
2014-02-10,8.2693,24,4,4,True
2014-02-11,7.6354,24,4,4,True
2014-02-12,7.3497,24,4,4,True
2014-02-13,7.3299,24,4,4,True
2014-02-14,7.8049,24,4,4,True
2014-02-15,8.7930,24,4,4,True
2014-02-16,8.9485,24,4,4,True
2014-02-17,8.2796,24,4,4,True
2014-02-18,8.7538,24,4,4,True
2014-02-19,8.6426,24,4,4,True
2014-02-20,8.7881,24,4,4,True
2014-02-21,9.1333,24,4,4,True
2014-02-22,8.9416,24,4,4,True
2014-02-23,8.9400,24,4,4,True
2014-02-24,9.5562,24,4,4,True
2014-02-25,9.8137,24,4,4,True
2014-02-26,9.1890,24,4,4,True
2014-02-27,8.6789,24,4,4,True
2014-02-28,8.3193,24,4,4,True
2014-03-01,7.4653,24,4,4,True
2014-03-02,7.4443,24,4,4,True
2014-03-03,8.1945,24,4,4,True
2014-03-04,7.8184,24,4,4,True
2014-03-05,8.4303,24,4,4,True
2014-03-06,8.5105,24,4,4,True
2014-03-07,8.3780,24,4,4,True
2014-03-08,8.6682,24,4,4,True
2014-03-09,8.9045,24,4,4,True
2014-03-10,8.8698,24,4,4,True
2014-03-11,9.3875,24,4,4,True
2014-03-12,9.5461,24,4,4,True
2014-03-13,8.9872,24,4,4,True
2014-03-14,9.3140,24,4,4,True
2014-03-15,10.3816,24,4,4,True
2014-03-16,10.6975,24,4,4,True
2014-03-17,11.0783,24,4,4,True
2014-03-18,11.2908,24,4,4,True
2014-03-19,11.2338,24,4,4,True
2014-03-20,10.7948,24,4,4,True
2014-03-21,11.0179,24,4,4,True
2014-03-22,10.9883,24,4,4,True
2014-03-23,9.8840,24,4,4,True
2014-03-24,9.2862,24,4,4,True
2014-03-25,9.5524,24,4,4,True
2014-03-26,8.9378,24,4,4,True
2014-03-27,9.1480,24,4,4,True
2014-03-28,9.0694,24,4,4,True
2014-03-29,10.3735,24,4,4,True
2014-03-30,10.8223,22,4,4,True
2014-03-31,10.9997,24,4,4,True
2014-04-01,10.6932,24,4,4,True
2014-04-02,11.0575,24,4,4,True
2014-04-03,11.1509,24,4,4,True
2014-04-04,10.8002,24,4,4,True
2014-04-05,11.2830,24,4,4,True
2014-04-06,12.0486,24,4,4,True
2014-04-07,12.4900,24,4,4,True
2014-04-08,12.8145,24,4,4,True
2014-04-09,12.3265,24,4,4,True
2014-04-10,12.5029,24,4,4,True
2014-04-11,12.6380,24,4,4,True
2014-04-12,13.3648,24,4,4,True
2014-04-13,13.9841,24,4,4,True
2014-04-14,13.6575,24,4,4,True
2014-04-15,13.4562,24,4,4,True
2014-04-16,12.8045,24,4,4,True
2014-04-17,12.9257,24,4,4,True
2014-04-18,12.7847,24,4,4,True
2014-04-19,12.6499,24,4,4,True
2014-04-20,11.7240,24,4,4,True
2014-04-21,11.4243,24,4,4,True
2014-04-22,12.0413,24,4,4,True
2014-04-23,12.9055,24,4,4,True
2014-04-24,13.7994,24,4,4,True
2014-04-25,13.8146,24,4,4,True
2014-04-26,13.0274,24,4,4,True
2014-04-27,12.6318,24,4,4,True
2014-04-28,12.3032,24,4,4,True
2014-04-29,12.7651,24,4,4,True
2014-04-30,13.2311,24,4,4,True
2014-05-01,13.0859,24,4,4,True
2014-05-02,12.7785,24,4,4,True
2014-05-03,13.0899,24,4,4,True
2014-05-04,13.1391,24,4,4,True
2014-05-05,13.5383,24,4,4,True
2014-05-06,13.6967,24,4,4,True
2014-05-07,14.0200,24,4,4,True
2014-05-08,14.8590,24,4,4,True
2014-05-09,15.8313,24,4,4,True
2014-05-10,15.6430,24,4,4,True
2014-05-11,15.3310,24,4,4,True
2014-05-12,14.6521,24,4,4,True
2014-05-13,14.2550,24,4,4,True
2014-05-14,14.0732,24,4,4,True
2014-05-15,14.2342,24,4,4,True
2014-05-16,14.4038,24,4,4,True
2014-05-17,14.9722,24,4,4,True
2014-05-18,15.2626,24,4,4,True
2014-05-19,14.3921,24,4,4,True
2014-05-20,13.9576,24,4,4,True
2014-05-21,14.0210,24,4,4,True
2014-05-22,13.9767,24,4,4,True
2014-05-23,13.0638,24,4,4,True
2014-05-24,12.6555,24,4,4,True
2014-05-25,13.2633,24,4,4,True
2014-05-26,12.9095,24,4,4,True
2014-05-27,12.9674,24,4,4,True
2014-05-28,13.3177,24,4,4,True
2014-05-29,13.9271,24,4,4,True
2014-05-30,14.5723,24,4,4,True
2014-05-31,15.2163,24,4,4,True
2014-06-01,15.6374,24,4,4,True
2014-06-02,15.3976,24,4,4,True
2014-06-03,15.4221,24,4,4,True
2014-06-04,15.3120,24,4,4,True
2014-06-05,15.2150,24,4,4,True
2014-06-06,14.9614,23,4,4,True
2014-06-07,15.5147,24,4,4,True
2014-06-08,16.6893,24,4,4,True
2014-06-09,17.3651,24,4,4,True
2014-06-10,17.6010,24,4,4,True
2014-06-11,18.4198,24,4,4,True
2014-06-12,18.7300,24,4,4,True
2014-06-13,19.3815,24,4,4,True
2014-06-14,19.7459,24,4,4,True
2014-06-15,18.5745,24,4,4,True
2014-06-16,18.3268,24,4,4,True
2014-06-17,18.3475,24,4,4,True
2014-06-18,17.8371,24,4,4,True
2014-06-19,17.6308,24,4,4,True
2014-06-20,18.5250,24,4,4,True
2014-06-21,19.0413,24,4,4,True
2014-06-22,19.2850,24,4,4,True
2014-06-23,19.5684,24,4,4,True
2014-06-24,19.8551,24,4,4,True
2014-06-25,19.2444,24,4,4,True
2014-06-26,19.1444,24,4,4,True
2014-06-27,19.3537,24,4,4,True
2014-06-28,19.7797,24,4,4,True
2014-06-29,19.1025,24,4,4,True
2014-06-30,18.5476,24,4,4,True
2014-07-01,18.2503,24,4,4,True
2014-07-02,17.6220,24,4,4,True
2014-07-03,16.8418,24,4,4,True
2014-07-04,16.8736,24,4,4,True
2014-07-05,18.2534,24,4,4,True
2014-07-06,18.6120,24,4,4,True
2014-07-07,17.3753,24,4,4,True
2014-07-08,16.8407,24,4,4,True
2014-07-09,17.0809,24,4,4,True
2014-07-10,16.4849,24,4,4,True
2014-07-11,16.5381,24,4,4,True
2014-07-12,17.2025,24,4,4,True
2014-07-13,17.7243,24,4,4,True
2014-07-14,18.0353,24,4,4,True
2014-07-15,18.6439,24,4,4,True
2014-07-16,19.4240,24,4,4,True
2014-07-17,20.0013,24,4,4,True
2014-07-18,20.2601,24,4,4,True
2014-07-19,20.2257,24,4,4,True
2014-07-20,19.7429,24,4,4,True
2014-07-21,19.4493,24,4,4,True
2014-07-22,19.2126,24,4,4,True
2014-07-23,19.3026,24,4,4,True
2014-07-24,20.0418,24,4,4,True
2014-07-25,19.8221,24,4,4,True
2014-07-26,19.6302,24,4,4,True
2014-07-27,20.2767,24,4,4,True
2014-07-28,19.5951,24,4,4,True
2014-07-29,18.5505,24,4,4,True
2014-07-30,18.5655,24,4,4,True
2014-07-31,19.3398,24,4,4,True
2014-08-01,19.5763,24,4,4,True
2014-08-02,19.3809,24,4,4,True
2014-08-03,19.2414,24,4,4,True
2014-08-04,19.6248,24,4,4,True
2014-08-05,19.7947,24,4,4,True
2014-08-06,19.7718,24,4,4,True
2014-08-07,20.2201,24,4,4,True
2014-08-08,20.3025,24,4,4,True
2014-08-09,20.2427,24,4,4,True
2014-08-10,20.3021,24,4,4,True
2014-08-11,19.9966,24,4,4,True
2014-08-12,19.5993,24,4,4,True
2014-08-13,19.1837,24,4,4,True
2014-08-14,18.5694,24,4,4,True
2014-08-15,18.4604,24,4,4,True
2014-08-16,18.3931,24,4,4,True
2014-08-17,18.4723,24,4,4,True
2014-08-18,18.5398,24,4,4,True
2014-08-19,18.9984,24,4,4,True
2014-08-20,18.2493,24,4,4,True
2014-08-21,18.1621,24,4,4,True
2014-08-22,17.9016,24,4,4,True
2014-08-23,17.9779,24,4,4,True
2014-08-24,18.0393,24,4,4,True
2014-08-25,18.3168,24,4,4,True
2014-08-26,18.7052,24,4,4,True
2014-08-27,19.2680,24,4,4,True
2014-08-28,19.1552,24,4,4,True
2014-08-29,19.6062,24,4,4,True
2014-08-30,19.4168,24,4,4,True
2014-08-31,19.2841,24,4,4,True
2014-09-01,19.1751,24,4,4,True
2014-09-02,18.9322,24,4,4,True
2014-09-03,18.6182,24,4,4,True
2014-09-04,18.3196,24,4,4,True
2014-09-05,18.5932,24,4,4,True
2014-09-06,18.9274,24,4,4,True
2014-09-07,19.2187,24,4,4,True
2014-09-08,19.2056,24,4,4,True
2014-09-09,18.5556,24,4,4,True
2014-09-10,18.9906,24,4,4,True
2014-09-11,19.0828,24,4,4,True
2014-09-12,18.5832,24,4,4,True
2014-09-13,18.1483,24,4,4,True
2014-09-14,18.1552,24,4,4,True
2014-09-15,18.0452,24,4,4,True
2014-09-16,16.9183,24,4,4,True
2014-09-17,17.1048,24,4,4,True
2014-09-18,16.7984,24,4,4,True
2014-09-19,17.2535,24,4,4,True
2014-09-20,16.8995,24,4,4,True
2014-09-21,16.6873,24,4,4,True
2014-09-22,16.1770,24,4,4,True
2014-09-23,14.8509,24,4,4,True
2014-09-24,15.1448,24,4,4,True
2014-09-25,14.7872,24,4,4,True
2014-09-26,14.3611,24,4,4,True
2014-09-27,14.3091,24,4,4,True
2014-09-28,14.7952,24,4,4,True
2014-09-29,15.5480,24,4,4,True
2014-09-30,15.4852,24,4,4,True
2014-10-01,15.4633,24,4,4,True
2014-10-02,15.4285,24,4,4,True
2014-10-03,14.9724,24,4,4,True
2014-10-04,14.8150,24,4,4,True
2014-10-05,14.9398,24,4,4,True
2014-10-06,13.4332,24,4,4,True
2014-10-07,14.4725,24,4,4,True
2014-10-08,15.3358,24,4,4,True
2014-10-09,16.2742,24,4,4,True
2014-10-10,16.0052,24,4,4,True
2014-10-11,15.7399,24,4,4,True
2014-10-12,16.0954,24,4,4,True
2014-10-13,15.9526,24,4,4,True
2014-10-14,15.0224,24,4,4,True
2014-10-15,15.0353,24,4,4,True
2014-10-16,15.1667,24,4,4,True
2014-10-17,15.0423,24,4,4,True
2014-10-18,14.8807,24,4,4,True
2014-10-19,15.6294,24,4,4,True
2014-10-20,15.9178,24,4,4,True
2014-10-21,15.7210,24,4,4,True
2014-10-22,14.1142,24,4,4,True
2014-10-23,12.8964,24,4,4,True
2014-10-24,12.9092,24,4,4,True
2014-10-25,13.4108,24,4,4,True
2014-10-26,13.5835,24,4,4,True
2014-10-27,13.3078,24,4,4,True
2014-10-28,13.7717,24,4,4,True
2014-10-29,13.9658,24,4,4,True
2014-10-30,13.2908,24,4,4,True
2014-10-31,12.8320,24,4,4,True
2014-11-01,13.1173,24,4,4,True
2014-11-02,13.4142,24,4,4,True
2014-11-03,14.1246,24,4,4,True
2014-11-04,13.9068,24,4,4,True
2014-11-05,12.5262,24,4,4,True
2014-11-06,11.5309,24,4,4,True
2014-11-07,10.5381,24,4,4,True
2014-11-08,10.8784,24,4,4,True
2014-11-09,11.5280,24,4,4,True
2014-11-10,11.4205,24,4,4,True
2014-11-11,11.5259,24,4,4,True
2014-11-12,11.7707,24,4,4,True
2014-11-13,11.1599,24,4,4,True
2014-11-14,11.1272,24,4,4,True
2014-11-15,11.6089,24,4,4,True
2014-11-16,10.8245,24,4,4,True
2014-11-17,10.9700,24,4,4,True
2014-11-18,11.0684,24,4,4,True
2014-11-19,10.0052,24,4,4,True
2014-11-20,9.7057,24,4,4,True
2014-11-21,10.7288,24,4,4,True
2014-11-22,11.5583,24,4,4,True
2014-11-23,12.2020,24,4,4,True
2014-11-24,12.8110,24,4,4,True
2014-11-25,12.8121,24,4,4,True
2014-11-26,12.5435,24,4,4,True
2014-11-27,12.5205,24,4,4,True
2014-11-28,12.9599,24,4,4,True
2014-11-29,13.2040,24,4,4,True
2014-11-30,12.9195,24,4,4,True
2014-12-01,12.0566,24,4,4,True
2014-12-02,10.5669,24,4,4,True
2014-12-03,9.4802,24,4,4,True
2014-12-04,9.0071,24,4,4,True
2014-12-05,9.2509,24,4,4,True
2014-12-06,8.9621,24,4,4,True
2014-12-07,8.1874,24,4,4,True
2014-12-08,8.4331,24,4,4,True
2014-12-09,7.6610,24,4,4,True
2014-12-10,7.2443,24,4,4,True
2014-12-11,8.5544,24,4,4,True
2014-12-12,8.2391,24,4,4,True
2014-12-13,9.0064,24,4,4,True
2014-12-14,10.0210,24,4,4,True
2014-12-15,10.1302,24,4,4,True
2014-12-16,9.3164,24,4,4,True
2014-12-17,9.1208,24,4,4,True
2014-12-18,10.0856,24,4,4,True
2014-12-19,10.3865,24,4,4,True
2014-12-20,10.1843,24,4,4,True
2014-12-21,9.1196,24,4,4,True
2014-12-22,7.8508,24,4,4,True
2014-12-23,7.2625,24,4,4,True
2014-12-24,8.0200,24,4,4,True
2014-12-25,8.2063,24,4,4,True
2014-12-26,8.1946,24,4,4,True
2014-12-27,8.0403,24,4,4,True
2014-12-28,7.5970,24,4,4,True
2014-12-29,6.0313,24,4,4,True
2014-12-30,5.5017,24,4,4,True
2014-12-31,5.3680,24,4,4,True
2015-01-01,5.2153,24,4,4,True
2015-01-02,5.8676,24,4,4,True
2015-01-03,7.0627,24,4,4,True
2015-01-04,8.4745,24,4,4,True
2015-01-05,7.8199,24,4,4,True
2015-01-06,6.4747,24,4,4,True
2015-01-07,7.0485,24,4,4,True
2015-01-08,6.7515,24,4,4,True
2015-01-09,8.1238,24,4,4,True
2015-01-10,9.5577,24,4,4,True
2015-01-11,9.3290,24,4,4,True
2015-01-12,7.7406,24,4,4,True
2015-01-13,6.7917,24,4,4,True
2015-01-14,7.5733,24,4,4,True
2015-01-15,7.6292,24,4,4,True
2015-01-16,7.7674,24,4,4,True
2015-01-17,7.7457,24,4,4,True
2015-01-18,7.3923,24,4,4,True
2015-01-19,7.1800,24,4,4,True
2015-01-20,7.2958,24,4,4,True
2015-01-21,6.2557,24,4,4,True
2015-01-22,6.2142,24,4,4,True
2015-01-23,5.8802,24,4,4,True
2015-01-24,4.9188,24,4,4,True
2015-01-25,4.8107,24,4,4,True
2015-01-26,5.5647,24,4,4,True
2015-01-27,6.2356,24,4,4,True
2015-01-28,6.1683,24,4,4,True
2015-01-29,6.7814,24,4,4,True
2015-01-30,6.9838,24,4,4,True
2015-01-31,6.8361,24,4,4,True
2015-02-01,6.3290,24,4,4,True
2015-02-02,5.7438,24,4,4,True
2015-02-03,5.6920,24,4,4,True
2015-02-04,5.4073,24,4,4,True
2015-02-05,4.6035,24,4,4,True
2015-02-06,4.2691,24,4,4,True
2015-02-07,4.7612,24,4,4,True
2015-02-08,5.1132,24,4,4,True
2015-02-09,5.2880,24,4,4,True
2015-02-10,5.4393,24,4,4,True
2015-02-11,5.8508,24,4,4,True
2015-02-12,7.0668,24,4,4,True
2015-02-13,7.7182,24,4,4,True
2015-02-14,8.1319,24,4,4,True
2015-02-15,8.1040,24,4,4,True
2015-02-16,7.7892,24,4,4,True
2015-02-17,7.2750,24,4,4,True
2015-02-18,7.4203,24,4,4,True
2015-02-19,7.1198,24,4,4,True
2015-02-20,6.8957,24,4,4,True
2015-02-21,7.8904,24,4,4,True
2015-02-22,6.5888,24,4,4,True
2015-02-23,7.4711,24,4,4,True
2015-02-24,7.7410,24,4,4,True
2015-02-25,6.7659,24,4,4,True
2015-02-26,7.8539,24,4,4,True
2015-02-27,7.9931,24,4,4,True
2015-02-28,6.9154,24,4,4,True
2015-03-01,7.9790,24,4,4,True
2015-03-02,10.1928,24,4,4,True
2015-03-03,9.9688,24,4,4,True
2015-03-04,9.7530,24,4,4,True
2015-03-05,7.8313,24,4,4,True
2015-03-06,7.7525,24,4,4,True
2015-03-07,8.1265,24,4,4,True
2015-03-08,8.9147,24,4,4,True
2015-03-09,9.9514,24,4,4,True
2015-03-10,9.7661,24,4,4,True
2015-03-11,10.1399,24,4,4,True
2015-03-12,11.0675,24,4,4,True
2015-03-13,10.3700,24,4,4,True
2015-03-14,9.6955,24,4,4,True
2015-03-15,8.9960,24,4,4,True
2015-03-16,8.2961,24,4,4,True
2015-03-17,8.3945,24,4,4,True
2015-03-18,9.3175,24,4,4,True
2015-03-19,9.5699,24,4,4,True
2015-03-20,10.1880,24,4,4,True
2015-03-21,9.8907,24,4,4,True
2015-03-22,9.7441,24,4,4,True
2015-03-23,9.8080,24,4,4,True
2015-03-24,9.5203,24,4,4,True
2015-03-25,9.1979,24,4,4,True
2015-03-26,8.1445,24,4,4,True
2015-03-27,9.4281,24,4,4,True
2015-03-28,10.1078,24,4,4,True
2015-03-29,10.5514,22,4,4,True
2015-03-30,11.2176,24,4,4,True
2015-03-31,11.7798,24,4,4,True
2015-04-01,10.7924,24,4,4,True
2015-04-02,10.2450,24,4,4,True
2015-04-03,11.1778,24,4,4,True
2015-04-04,10.7407,24,4,4,True
2015-04-05,10.7029,24,4,4,True
2015-04-06,10.1722,24,4,4,True
2015-04-07,10.3442,24,4,4,True
2015-04-08,10.4684,24,4,4,True
2015-04-09,10.5355,24,4,4,True
2015-04-10,11.6476,24,4,4,True
2015-04-11,11.3911,24,4,4,True
2015-04-12,12.2250,24,4,4,True
2015-04-13,12.8661,24,4,4,True
2015-04-14,13.3440,24,4,4,True
2015-04-15,13.2578,24,4,4,True
2015-04-16,12.5525,24,4,4,True
2015-04-17,12.8340,24,4,4,True
2015-04-18,13.1553,24,4,4,True
2015-04-19,12.9908,24,4,4,True
2015-04-20,12.6917,24,4,4,True
2015-04-21,13.2305,24,4,4,True
2015-04-22,13.1531,24,4,4,True
2015-04-23,12.8191,24,4,4,True
2015-04-24,13.5002,24,4,4,True
2015-04-25,13.9628,24,4,4,True
2015-04-26,13.5337,24,4,4,True
2015-04-27,12.1897,24,4,4,True
2015-04-28,11.5712,24,4,4,True
2015-04-29,10.9452,24,4,4,True
2015-04-30,11.5004,24,4,4,True
2015-05-01,12.3797,24,4,4,True
2015-05-02,13.3123,24,4,4,True
2015-05-03,13.9207,24,4,4,True
2015-05-04,13.7680,24,4,4,True
2015-05-05,13.8879,24,4,4,True
2015-05-06,14.0857,24,4,4,True
2015-05-07,13.7011,24,4,4,True
2015-05-08,13.3235,24,4,4,True
2015-05-09,14.3995,24,4,4,True
2015-05-10,14.8002,24,4,4,True
2015-05-11,14.8082,24,4,4,True
2015-05-12,14.9915,24,4,4,True
2015-05-13,15.1185,24,4,4,True
2015-05-14,15.7272,24,4,4,True
2015-05-15,14.5446,24,4,4,True
2015-05-16,14.0479,24,4,4,True
2015-05-17,14.8792,24,4,4,True
2015-05-18,15.5060,24,4,4,True
2015-05-19,14.8618,24,4,4,True
2015-05-20,13.5722,24,4,4,True
2015-05-21,13.2983,24,4,4,True
2015-05-22,13.6792,24,4,4,True
2015-05-23,14.1115,24,4,4,True
2015-05-24,14.7802,24,4,4,True
2015-05-25,15.3551,24,4,4,True
2015-05-26,15.2264,24,4,4,True
2015-05-27,14.8834,24,4,4,True
2015-05-28,15.5306,24,4,4,True
2015-05-29,16.0359,24,4,4,True
2015-05-30,16.6599,24,4,4,True
2015-05-31,16.9305,24,4,4,True
2015-06-01,16.9062,24,4,4,True
2015-06-02,17.0845,24,4,4,True
2015-06-03,17.2790,24,4,4,True
2015-06-04,18.0659,24,4,4,True
2015-06-05,18.4180,24,4,4,True
2015-06-06,18.5873,24,4,4,True
2015-06-07,18.8746,24,4,4,True
2015-06-08,18.4090,24,4,4,True
2015-06-09,18.6814,24,4,4,True
2015-06-10,18.5210,24,4,4,True
2015-06-11,18.6418,24,4,4,True
2015-06-12,17.6697,24,4,4,True
2015-06-13,17.0361,24,4,4,True
2015-06-14,17.9263,24,4,4,True
2015-06-15,18.4298,24,4,4,True
2015-06-16,18.0424,24,4,4,True
2015-06-17,17.6229,24,4,4,True
2015-06-18,17.9232,24,4,4,True
2015-06-19,18.4426,24,4,4,True
2015-06-20,18.5289,24,4,4,True
2015-06-21,18.9689,24,4,4,True
2015-06-22,19.3714,24,4,4,True
2015-06-23,19.5050,24,4,4,True
2015-06-24,19.3000,24,4,4,True
2015-06-25,19.2772,24,4,4,True
2015-06-26,19.5759,24,4,4,True
2015-06-27,20.1175,24,4,4,True
2015-06-28,20.5235,24,4,4,True
2015-06-29,21.0571,24,4,4,True
2015-06-30,21.2676,24,4,4,True
2015-07-01,21.1620,24,4,4,True
2015-07-02,20.9479,24,4,4,True
2015-07-03,20.9385,24,4,4,True
2015-07-04,21.2975,24,4,4,True
2015-07-05,21.8730,24,4,4,True
2015-07-06,22.6498,24,4,4,True
2015-07-07,22.9756,24,4,4,True
2015-07-08,22.4200,24,4,4,True
2015-07-09,21.1304,24,4,4,True
2015-07-10,21.2520,24,4,4,True
2015-07-11,21.6307,24,4,4,True
2015-07-12,21.8439,24,4,4,True
2015-07-13,21.0580,24,4,4,True
2015-07-14,21.3135,24,4,4,True
2015-07-15,22.0840,24,4,4,True
2015-07-16,22.2945,24,4,4,True
2015-07-17,22.7419,24,4,4,True
2015-07-18,22.9407,24,4,4,True
2015-07-19,22.9515,24,4,4,True
2015-07-20,23.2741,24,4,4,True
2015-07-21,23.7546,24,4,4,True
2015-07-22,23.0515,24,4,4,True
2015-07-23,22.7949,24,4,4,True
2015-07-24,22.8580,24,4,4,True
2015-07-25,21.8897,24,4,4,True
2015-07-26,21.4960,24,4,4,True
2015-07-27,21.9093,24,4,4,True
2015-07-28,21.6297,24,4,4,True
2015-07-29,21.6839,24,4,4,True
2015-07-30,20.3162,24,4,4,True
2015-07-31,19.6302,24,4,4,True
2015-08-01,19.8105,24,4,4,True
2015-08-02,20.2996,24,4,4,True
2015-08-03,20.9156,24,4,4,True
2015-08-04,21.8650,24,4,4,True
2015-08-05,22.2694,24,4,4,True
2015-08-06,22.5528,24,4,4,True
2015-08-07,22.8458,24,4,4,True
2015-08-08,21.8448,24,4,4,True
2015-08-09,20.5555,24,4,4,True
2015-08-10,20.5552,24,4,4,True
2015-08-11,21.4819,24,4,4,True
2015-08-12,21.6202,24,4,4,True
2015-08-13,21.0041,24,4,4,True
2015-08-14,19.2847,24,4,4,True
2015-08-15,18.8916,24,4,4,True
2015-08-16,18.9560,24,4,4,True
2015-08-17,19.1532,24,4,4,True
2015-08-18,19.1859,24,4,4,True
2015-08-19,19.3565,24,4,4,True
2015-08-20,19.6592,24,4,4,True
2015-08-21,20.0730,24,4,4,True
2015-08-22,19.6447,24,4,4,True
2015-08-23,19.9153,24,4,4,True
2015-08-24,19.7934,24,4,4,True
2015-08-25,19.4073,24,4,4,True
2015-08-26,19.5739,24,4,4,True
2015-08-27,19.6694,24,4,4,True
2015-08-28,19.8341,24,4,4,True
2015-08-29,20.5342,24,4,4,True
2015-08-30,20.4081,24,4,4,True
2015-08-31,19.8398,24,4,4,True
2015-09-01,19.3354,24,4,4,True
2015-09-02,18.9083,24,4,4,True
2015-09-03,18.5497,24,4,4,True
2015-09-04,18.4288,24,4,4,True
2015-09-05,17.7748,24,4,4,True
2015-09-06,17.3384,24,4,4,True
2015-09-07,17.2391,24,4,4,True
2015-09-08,17.1480,24,4,4,True
2015-09-09,17.1202,24,4,4,True
2015-09-10,16.8052,24,4,4,True
2015-09-11,16.8694,24,4,4,True
2015-09-12,17.6510,24,4,4,True
2015-09-13,17.6827,24,4,4,True
2015-09-14,16.9472,24,4,4,True
2015-09-15,16.2615,24,4,4,True
2015-09-16,17.2849,24,4,4,True
2015-09-17,17.5469,24,4,4,True
2015-09-18,17.0878,24,4,4,True
2015-09-19,16.6662,24,4,4,True
2015-09-20,16.4882,24,4,4,True
2015-09-21,16.3521,24,4,4,True
2015-09-22,16.1244,24,4,4,True
2015-09-23,15.9852,24,4,4,True
2015-09-24,15.4019,24,4,4,True
2015-09-25,15.6586,24,4,4,True
2015-09-26,15.8861,24,4,4,True
2015-09-27,15.9816,24,4,4,True
2015-09-28,16.1088,24,4,4,True
2015-09-29,15.6633,24,4,4,True
2015-09-30,15.4893,24,4,4,True
2015-10-01,15.0230,24,4,4,True
2015-10-02,15.3705,24,4,4,True
2015-10-03,15.2683,24,4,4,True
2015-10-04,14.3702,24,4,4,True
2015-10-05,14.7294,24,4,4,True
2015-10-06,15.7543,24,4,4,True
2015-10-07,15.3868,24,4,4,True
2015-10-08,14.9532,24,4,4,True
2015-10-09,14.4624,24,4,4,True
2015-10-10,14.4952,24,4,4,True
2015-10-11,14.3356,24,4,4,True
2015-10-12,14.4712,24,4,4,True
2015-10-13,14.6705,24,4,4,True
2015-10-14,13.8974,24,4,4,True
2015-10-15,12.3288,24,4,4,True
2015-10-16,12.1506,24,4,4,True
2015-10-17,11.6012,24,4,4,True
2015-10-18,12.3742,24,4,4,True
2015-10-19,13.2927,24,4,4,True
2015-10-20,13.1503,24,4,4,True
2015-10-21,12.5925,24,4,4,True
2015-10-22,12.0052,24,4,4,True
2015-10-23,12.6589,24,4,4,True
2015-10-24,12.1980,24,4,4,True
2015-10-25,12.8864,24,4,4,True
2015-10-26,12.8531,24,4,4,True
2015-10-27,13.6316,24,4,4,True
2015-10-28,13.8369,24,4,4,True
2015-10-29,12.6813,24,4,4,True
2015-10-30,12.0453,24,4,4,True
2015-10-31,11.7159,24,4,4,True
2015-11-01,11.5035,24,4,4,True
2015-11-02,11.7280,24,4,4,True
2015-11-03,13.2405,24,4,4,True
2015-11-04,13.4885,24,4,4,True
2015-11-05,13.5205,24,4,4,True
2015-11-06,12.9397,24,4,4,True
2015-11-07,12.7739,24,4,4,True
2015-11-08,12.6955,24,4,4,True
2015-11-09,13.3921,24,4,4,True
2015-11-10,13.0491,24,4,4,True
2015-11-11,12.0504,24,4,4,True
2015-11-12,11.3394,24,4,4,True
2015-11-13,11.5989,24,4,4,True
2015-11-14,11.7696,24,4,4,True
2015-11-15,11.3647,24,4,4,True
2015-11-16,11.1142,24,4,4,True
2015-11-17,10.8252,24,4,4,True
2015-11-18,12.1323,24,4,4,True
2015-11-19,12.9876,24,4,4,True
2015-11-20,13.1966,24,4,4,True
2015-11-21,12.0718,24,4,4,True
2015-11-22,9.5192,24,4,4,True
2015-11-23,8.0385,24,4,4,True
2015-11-24,7.1475,24,4,4,True
2015-11-25,8.1549,24,4,4,True
2015-11-26,8.4468,24,4,4,True
2015-11-27,7.6150,24,4,4,True
2015-11-28,7.9085,24,4,4,True
2015-11-29,8.2887,24,4,4,True
2015-11-30,8.9609,24,4,4,True
2015-12-01,8.5784,24,4,4,True
2015-12-02,7.5772,24,4,4,True
2015-12-03,6.9979,24,4,4,True
2015-12-04,7.6921,24,4,4,True
2015-12-05,8.6591,24,4,4,True
2015-12-06,9.5435,24,4,4,True
2015-12-07,10.2946,24,4,4,True
2015-12-08,10.8492,24,4,4,True
2015-12-09,10.5128,24,4,4,True
2015-12-10,8.2839,24,4,4,True
2015-12-11,7.4790,24,4,4,True
2015-12-12,7.1864,24,4,4,True
2015-12-13,8.1296,24,4,4,True
2015-12-14,8.8193,24,4,4,True
2015-12-15,9.6095,24,4,4,True
2015-12-16,9.9039,24,4,4,True
2015-12-17,9.8682,24,4,4,True
2015-12-18,10.2302,24,4,4,True
2015-12-19,9.8795,24,4,4,True
2015-12-20,10.3436,24,4,4,True
2015-12-21,10.9335,24,4,4,True
2015-12-22,11.0646,24,4,4,True
2015-12-23,10.7209,24,4,4,True
2015-12-24,10.9070,24,4,4,True
2015-12-25,11.0748,24,4,4,True
2015-12-26,11.3732,24,4,4,True
2015-12-27,11.4825,24,4,4,True
2015-12-28,11.5242,24,4,4,True
2015-12-29,11.6100,24,4,4,True
2015-12-30,10.6119,24,4,4,True
2015-12-31,10.5936,24,4,4,True
2016-01-01,10.4397,24,4,4,True
2016-01-02,10.4540,24,4,4,True
2016-01-03,10.0259,24,4,4,True
2016-01-04,10.0045,24,4,4,True
2016-01-05,9.5655,24,4,4,True
2016-01-06,8.9611,24,4,4,True
2016-01-07,8.9901,24,4,4,True
2016-01-08,9.7216,24,4,4,True
2016-01-09,9.5962,24,4,4,True
2016-01-10,9.5881,24,4,4,True
2016-01-11,9.4135,24,4,4,True
2016-01-12,8.6974,24,4,4,True
2016-01-13,8.2134,24,4,4,True
2016-01-14,8.2046,24,4,4,True
2016-01-15,7.7738,24,4,4,True
2016-01-16,5.9522,24,4,4,True
2016-01-17,5.6352,24,4,4,True
2016-01-18,5.9468,24,4,4,True
2016-01-19,5.8310,24,4,4,True
2016-01-20,6.9793,24,4,4,True
2016-01-21,7.5084,24,4,4,True
2016-01-22,8.0072,24,4,4,True
2016-01-23,8.7408,24,4,4,True
2016-01-24,7.9197,24,4,4,True
2016-01-25,8.7498,24,4,4,True
2016-01-26,9.1227,24,4,4,True
2016-01-27,9.2425,24,4,4,True
2016-01-28,9.4930,24,4,4,True
2016-01-29,9.7365,24,4,4,True
2016-01-30,9.1600,24,4,4,True
2016-01-31,9.6891,24,4,4,True
2016-02-01,10.7867,24,4,4,True
2016-02-02,10.0852,24,4,4,True
2016-02-03,9.8363,24,4,4,True
2016-02-04,8.4064,24,4,4,True
2016-02-05,8.5285,24,4,4,True
2016-02-06,8.8045,24,4,4,True
2016-02-07,9.5048,24,4,4,True
2016-02-08,9.3598,24,4,4,True
2016-02-09,9.0217,24,4,4,True
2016-02-10,8.4935,24,4,4,True
2016-02-11,8.3077,24,4,4,True
2016-02-12,8.4635,24,4,4,True
2016-02-13,9.3750,24,4,4,True
2016-02-14,9.5109,24,4,4,True
2016-02-15,8.6818,24,4,4,True
2016-02-16,7.4431,24,4,4,True
2016-02-17,6.8079,24,4,4,True
2016-02-18,6.7500,24,4,4,True
2016-02-19,7.0313,24,4,4,True
2016-02-20,7.0909,24,4,4,True
2016-02-21,8.0870,24,4,4,True
2016-02-22,8.9134,24,4,4,True
2016-02-23,9.0298,24,4,4,True
2016-02-24,9.6855,24,4,4,True
2016-02-25,9.0928,24,4,4,True
2016-02-26,8.8038,24,4,4,True
2016-02-27,8.4584,24,4,4,True
2016-02-28,8.9055,24,4,4,True
2016-02-29,7.8769,24,4,4,True
2016-03-01,7.0171,24,4,4,True
2016-03-02,8.4339,24,4,4,True
2016-03-03,8.4061,24,4,4,True
2016-03-04,8.8104,24,4,4,True
2016-03-05,8.7508,24,4,4,True
2016-03-06,7.9127,24,4,4,True
2016-03-07,7.8028,24,4,4,True
2016-03-08,7.1998,24,4,4,True
2016-03-09,6.9297,24,4,4,True
2016-03-10,7.6380,24,4,4,True
2016-03-11,7.8361,24,4,4,True
2016-03-12,8.0700,24,4,4,True
2016-03-13,8.2443,24,4,4,True
2016-03-14,8.7845,24,4,4,True
2016-03-15,8.7335,24,4,4,True
2016-03-16,8.7410,24,4,4,True
2016-03-17,8.1834,24,4,4,True
2016-03-18,8.3463,24,4,4,True
2016-03-19,8.7495,24,4,4,True
2016-03-20,9.4123,24,4,4,True
2016-03-21,9.8651,24,4,4,True
2016-03-22,9.7380,24,4,4,True
2016-03-23,9.6081,24,4,4,True
2016-03-24,9.6476,24,4,4,True
2016-03-25,9.6384,24,4,4,True
2016-03-26,10.3075,24,4,4,True
2016-03-27,10.9979,22,4,4,True
2016-03-28,10.3197,24,4,4,True
2016-03-29,10.7494,24,4,4,True
2016-03-30,10.4198,24,4,4,True
2016-03-31,10.7666,24,4,4,True
2016-04-01,10.1695,24,4,4,True
2016-04-02,9.8455,24,4,4,True
2016-04-03,11.0685,24,4,4,True
2016-04-04,11.1946,24,4,4,True
2016-04-05,11.1670,24,4,4,True
2016-04-06,11.5678,24,4,4,True
2016-04-07,10.8425,24,4,4,True
2016-04-08,10.4417,24,4,4,True
2016-04-09,9.7882,24,4,4,True
2016-04-10,10.5962,24,4,4,True
2016-04-11,11.4743,24,4,4,True
2016-04-12,11.9127,24,4,4,True
2016-04-13,12.2520,24,4,4,True
2016-04-14,12.0938,24,4,4,True
2016-04-15,12.6206,24,4,4,True
2016-04-16,12.8870,24,4,4,True
2016-04-17,12.8100,24,4,4,True
2016-04-18,12.2393,24,4,4,True
2016-04-19,11.8784,24,4,4,True
2016-04-20,12.4658,24,4,4,True
2016-04-21,12.3098,24,4,4,True
2016-04-22,12.3890,24,4,4,True
2016-04-23,12.5525,24,4,4,True
2016-04-24,12.0758,24,4,4,True
2016-04-25,11.6595,24,4,4,True
2016-04-26,11.7381,24,4,4,True
2016-04-27,12.0112,24,4,4,True
2016-04-28,12.3504,24,4,4,True
2016-04-29,12.4898,24,4,4,True
2016-04-30,12.1944,24,4,4,True
2016-05-01,10.7194,24,4,4,True
2016-05-02,11.3402,24,4,4,True
2016-05-03,12.4487,24,4,4,True
2016-05-04,13.2465,24,4,4,True
2016-05-05,13.5145,24,4,4,True
2016-05-06,13.7146,24,4,4,True
2016-05-07,14.0228,24,4,4,True
2016-05-08,13.3990,24,4,4,True
2016-05-09,12.4379,24,4,4,True
2016-05-10,12.2412,24,4,4,True
2016-05-11,11.8860,24,4,4,True
2016-05-12,12.0813,24,4,4,True
2016-05-13,11.9657,24,4,4,True
2016-05-14,12.4779,24,4,4,True
2016-05-15,12.7317,24,4,4,True
2016-05-16,12.5230,24,4,4,True
2016-05-17,12.5935,24,4,4,True
2016-05-18,12.5647,24,4,4,True
2016-05-19,12.7831,24,4,4,True
2016-05-20,13.3657,24,4,4,True
2016-05-21,13.8937,24,4,4,True
2016-05-22,13.4489,24,4,4,True
2016-05-23,12.6986,24,4,4,True
2016-05-24,13.0564,24,4,4,True
2016-05-25,12.7405,24,4,4,True
2016-05-26,13.4267,24,4,4,True
2016-05-27,14.1900,24,4,4,True
2016-05-28,13.9789,24,4,4,True
2016-05-29,12.8329,24,4,4,True
2016-05-30,14.1277,24,4,4,True
2016-05-31,13.7639,24,4,4,True
2016-06-01,13.1816,24,4,4,True
2016-06-02,13.8998,24,4,4,True
2016-06-03,15.0991,24,4,4,True
2016-06-04,15.2945,24,4,4,True
2016-06-05,16.1244,24,4,4,True
2016-06-06,16.2816,24,4,4,True
2016-06-07,16.8770,24,4,4,True
2016-06-08,17.2668,24,4,4,True
2016-06-09,17.0985,24,4,4,True
2016-06-10,16.2562,24,4,4,True
2016-06-11,16.4160,24,4,4,True
2016-06-12,16.4844,24,4,4,True
2016-06-13,16.3180,24,4,4,True
2016-06-14,16.0745,24,4,4,True
2016-06-15,15.9692,24,4,4,True
2016-06-16,15.6747,24,4,4,True
2016-06-17,15.8873,24,4,4,True
2016-06-18,15.7197,24,4,4,True
2016-06-19,15.5289,24,4,4,True
2016-06-20,15.9128,24,4,4,True
2016-06-21,17.1803,24,4,4,True
2016-06-22,17.9539,24,4,4,True
2016-06-23,18.1424,24,4,4,True
2016-06-24,18.6320,24,4,4,True
2016-06-25,19.0917,24,4,4,True
2016-06-26,18.3356,24,4,4,True
2016-06-27,18.3336,24,4,4,True
2016-06-28,18.6756,24,4,4,True
2016-06-29,19.1542,24,4,4,True
2016-06-30,19.3613,24,4,4,True
2016-07-01,19.5777,24,4,4,True
2016-07-02,19.4711,24,4,4,True
2016-07-03,19.0115,24,4,4,True
2016-07-04,19.4708,24,4,4,True
2016-07-05,19.6972,24,4,4,True
2016-07-06,19.8872,24,4,4,True
2016-07-07,20.1620,24,4,4,True
2016-07-08,20.4465,24,4,4,True
2016-07-09,20.9963,24,4,4,True
2016-07-10,21.2717,24,4,4,True
2016-07-11,21.0908,24,4,4,True
2016-07-12,20.0196,24,4,4,True
2016-07-13,18.8409,24,4,4,True
2016-07-14,17.7560,24,4,4,True
2016-07-15,17.7952,24,4,4,True
2016-07-16,18.5576,24,4,4,True
2016-07-17,19.1732,24,4,4,True
2016-07-18,19.4142,24,4,4,True
2016-07-19,19.4865,24,4,4,True
2016-07-20,19.7868,24,4,4,True
2016-07-21,20.7569,24,4,4,True
2016-07-22,20.4460,24,4,4,True
2016-07-23,19.6447,24,4,4,True
2016-07-24,20.2425,24,4,4,True
2016-07-25,20.8493,24,4,4,True
2016-07-26,21.3303,24,4,4,True
2016-07-27,21.0560,24,4,4,True
2016-07-28,21.0535,24,4,4,True
2016-07-29,21.4402,24,4,4,True
2016-07-30,21.9223,24,4,4,True
2016-07-31,21.3242,24,4,4,True
2016-08-01,20.6193,24,4,4,True
2016-08-02,20.7259,24,4,4,True
2016-08-03,21.1754,24,4,4,True
2016-08-04,21.3307,24,4,4,True
2016-08-05,20.7839,24,4,4,True
2016-08-06,20.2947,24,4,4,True
2016-08-07,20.6605,24,4,4,True
2016-08-08,21.0579,24,4,4,True
2016-08-09,20.5413,24,4,4,True
2016-08-10,19.8303,24,4,4,True
2016-08-11,19.2037,24,4,4,True
2016-08-12,19.6435,24,4,4,True
2016-08-13,19.9278,24,4,4,True
2016-08-14,19.6600,24,4,4,True
2016-08-15,19.7512,24,4,4,True
2016-08-16,20.4420,24,4,4,True
2016-08-17,20.7355,24,4,4,True
2016-08-18,21.1190,24,4,4,True
2016-08-19,21.0338,24,4,4,True
2016-08-20,20.4142,24,4,4,True
2016-08-21,19.8660,24,4,4,True
2016-08-22,20.0718,24,4,4,True
2016-08-23,20.0827,24,4,4,True
2016-08-24,19.9865,24,4,4,True
2016-08-25,20.0385,24,4,4,True
2016-08-26,20.0900,24,4,4,True
2016-08-27,19.9984,24,4,4,True
2016-08-28,20.3360,24,4,4,True
2016-08-29,20.6312,24,4,4,True
2016-08-30,20.4300,24,4,4,True
2016-08-31,20.2441,24,4,4,True
2016-09-01,20.3598,24,4,4,True
2016-09-02,20.6230,24,4,4,True
2016-09-03,20.6063,24,4,4,True
2016-09-04,20.7448,24,4,4,True
2016-09-05,21.0092,24,4,4,True
2016-09-06,21.4481,24,4,4,True
2016-09-07,20.6301,24,4,4,True
2016-09-08,19.7539,24,4,4,True
2016-09-09,20.5015,24,4,4,True
2016-09-10,20.8160,24,4,4,True
2016-09-11,20.7776,24,4,4,True
2016-09-12,20.6466,24,4,4,True
2016-09-13,20.8852,24,4,4,True
2016-09-14,19.5933,24,4,4,True
2016-09-15,18.4208,24,4,4,True
2016-09-16,18.3039,24,4,4,True
2016-09-17,17.6162,24,4,4,True
2016-09-18,16.5463,24,4,4,True
2016-09-19,16.7755,24,4,4,True
2016-09-20,17.0954,24,4,4,True
2016-09-21,17.1777,24,4,4,True
2016-09-22,17.1074,24,4,4,True
2016-09-23,16.8464,24,4,4,True
2016-09-24,17.1520,24,4,4,True
2016-09-25,17.1355,24,4,4,True
2016-09-26,16.9717,24,4,4,True
2016-09-27,16.8138,24,4,4,True
2016-09-28,16.6846,24,4,4,True
2016-09-29,16.4304,24,4,4,True
2016-09-30,17.0293,24,4,4,True
2016-10-01,17.5420,24,4,4,True
2016-10-02,17.0879,24,4,4,True
2016-10-03,16.5915,24,4,4,True
2016-10-04,16.2400,24,4,4,True
2016-10-05,15.9308,24,4,4,True
2016-10-06,15.7489,24,4,4,True
2016-10-07,15.5980,24,4,4,True
2016-10-08,15.1745,24,4,4,True
2016-10-09,14.4874,24,4,4,True
2016-10-10,13.7128,24,4,4,True
2016-10-11,13.5316,24,4,4,True
2016-10-12,13.1413,24,4,4,True
2016-10-13,13.1895,24,4,4,True
2016-10-14,13.6198,24,4,4,True
2016-10-15,12.8842,24,4,4,True
2016-10-16,13.3207,24,4,4,True
2016-10-17,13.7626,24,4,4,True
2016-10-18,13.7248,24,4,4,True
2016-10-19,13.0983,24,4,4,True
2016-10-20,12.5456,24,4,4,True
2016-10-21,11.7990,24,4,4,True
2016-10-22,11.3211,24,4,4,True
2016-10-23,12.4229,24,4,4,True
2016-10-24,14.1139,24,4,4,True
2016-10-25,14.2957,24,4,4,True
2016-10-26,14.0940,24,4,4,True
2016-10-27,13.5916,24,4,4,True
2016-10-28,12.5395,24,4,4,True
2016-10-29,12.1141,24,4,4,True
2016-10-30,11.8292,24,4,4,True
2016-10-31,11.7181,24,4,4,True
2016-11-01,12.4900,24,4,4,True
2016-11-02,12.6259,24,4,4,True
2016-11-03,12.1403,24,4,4,True
2016-11-04,12.0142,24,4,4,True
2016-11-05,12.5293,24,4,4,True
2016-11-06,11.7331,24,4,4,True
2016-11-07,10.5109,24,4,4,True
2016-11-08,9.6488,24,4,4,True
2016-11-09,9.7531,24,4,4,True
2016-11-10,10.3279,24,4,4,True
2016-11-11,10.6252,24,4,4,True
2016-11-12,10.1597,24,4,4,True
2016-11-13,10.4963,24,4,4,True
2016-11-14,10.9782,24,4,4,True
2016-11-15,9.7842,24,4,4,True
2016-11-16,9.6886,24,4,4,True
2016-11-17,9.9469,24,4,4,True
2016-11-18,10.3240,24,4,4,True
2016-11-19,10.5008,24,4,4,True
2016-11-20,10.6664,24,4,4,True
2016-11-21,11.9192,24,4,4,True
2016-11-22,12.2159,24,4,4,True
2016-11-23,12.8000,24,4,4,True
2016-11-24,12.2452,24,4,4,True
2016-11-25,11.7121,24,4,4,True
2016-11-26,11.2898,24,4,4,True
2016-11-27,11.6849,24,4,4,True
2016-11-28,10.6464,24,4,4,True
2016-11-29,10.3324,24,4,4,True
2016-11-30,10.7605,24,4,4,True
2016-12-01,9.5600,24,4,4,True
2016-12-02,8.5866,24,4,4,True
2016-12-03,8.3772,24,4,4,True
2016-12-04,10.0793,24,4,4,True
2016-12-05,11.0828,24,4,4,True
2016-12-06,10.6842,24,4,4,True
2016-12-07,9.6918,24,4,4,True
2016-12-08,9.4869,24,4,4,True
2016-12-09,10.0573,24,4,4,True
2016-12-10,10.2252,24,4,4,True
2016-12-11,9.2452,24,4,4,True
2016-12-12,9.4094,24,4,4,True
2016-12-13,8.2604,24,4,4,True
2016-12-14,9.7201,24,4,4,True
2016-12-15,10.3315,24,4,4,True
2016-12-16,10.6985,24,4,4,True
2016-12-17,10.1515,24,4,4,True
2016-12-18,8.6165,24,4,4,True
2016-12-19,7.9041,24,4,4,True
2016-12-20,8.6416,24,4,4,True
2016-12-21,8.4862,24,4,4,True
2016-12-22,8.2215,24,4,4,True
2016-12-23,9.5560,24,4,4,True
2016-12-24,10.0899,24,4,4,True
2016-12-25,10.4641,24,4,4,True
2016-12-26,9.9389,24,4,4,True
2016-12-27,9.2158,24,4,4,True
2016-12-28,8.0082,24,4,4,True
2016-12-29,7.0489,24,4,4,True
2016-12-30,7.3826,24,4,4,True
2016-12-31,8.3604,24,4,4,True
2017-01-01,7.6544,24,4,4,True
2017-01-02,7.3818,24,4,4,True
2017-01-03,6.6000,24,4,4,True
2017-01-04,5.8542,24,4,4,True
2017-01-05,5.8030,24,4,4,True
2017-01-06,5.3872,24,4,4,True
2017-01-07,4.9742,24,4,4,True
2017-01-08,5.4064,24,4,4,True
2017-01-09,5.9649,24,4,4,True
2017-01-10,6.3140,24,4,4,True
2017-01-11,6.7693,24,4,4,True
2017-01-12,8.2124,24,4,4,True
2017-01-13,8.1107,24,4,4,True
2017-01-14,6.2429,24,4,4,True
2017-01-15,5.8447,24,4,4,True
2017-01-16,6.0989,24,4,4,True
2017-01-17,4.7605,24,4,4,True
2017-01-18,4.0781,24,4,4,True
2017-01-19,3.8031,11,2,4,False
2017-01-20,,0,0,,False
2017-01-21,,0,0,,False
2017-01-22,,0,0,,False
2017-01-23,,0,0,,False
2017-01-24,,0,0,,False
2017-01-25,,0,0,,False
2017-01-26,,0,0,,False
2017-01-27,,0,0,,False
2017-01-28,,0,0,,False
2017-01-29,,0,0,,False
2017-01-30,,0,0,,False
2017-01-31,,0,0,,False
2017-02-01,,0,0,,False
2017-02-02,,0,0,,False
2017-02-03,,0,0,,False
2017-02-04,,0,0,,False
2017-02-05,,0,0,,False
2017-02-06,,0,0,,False
2017-02-07,,0,0,,False
2017-02-08,,0,0,,False
2017-02-09,,0,0,,False
2017-02-10,,0,0,,False
2017-02-11,,0,0,,False
2017-02-12,,0,0,,False
2017-02-13,,0,0,,False
2017-02-14,,0,0,,False
2017-02-15,,0,0,,False
2017-02-16,,0,0,,False
2017-02-17,,0,0,,False
2017-02-18,,0,0,,False
2017-02-19,,0,0,,False
2017-02-20,,0,0,,False
2017-02-21,,0,0,,False
2017-02-22,,0,0,,False
2017-02-23,,0,0,,False
2017-02-24,,0,0,,False
2017-02-25,,0,0,,False
2017-02-26,,0,0,,False
2017-02-27,,0,0,,False
2017-02-28,,0,0,,False
2017-03-01,,0,0,,False
2017-03-02,,0,0,,False
2017-03-03,,0,0,,False
2017-03-04,,0,0,,False
2017-03-05,,0,0,,False
2017-03-06,,0,0,,False
2017-03-07,,0,0,,False
2017-03-08,,0,0,,False
2017-03-09,,0,0,,False
2017-03-10,,0,0,,False
2017-03-11,,0,0,,False
2017-03-12,,0,0,,False
2017-03-13,,0,0,,False
2017-03-14,,0,0,,False
2017-03-15,,0,0,,False
2017-03-16,,0,0,,False
2017-03-17,,0,0,,False
2017-03-18,,0,0,,False
2017-03-19,,0,0,,False
2017-03-20,,0,0,,False
2017-03-21,,0,0,,False
2017-03-22,,0,0,,False
2017-03-23,,0,0,,False
2017-03-24,,0,0,,False
2017-03-25,,0,0,,False
2017-03-26,,0,0,,False
2017-03-27,,0,0,,False
2017-03-28,,0,0,,False
2017-03-29,,0,0,,False
2017-03-30,,0,0,,False
2017-03-31,,0,0,,False
2017-04-01,,0,0,,False
2017-04-02,,0,0,,False
2017-04-03,,0,0,,False
2017-04-04,,0,0,,False
2017-04-05,,0,0,,False
2017-04-06,,0,0,,False
2017-04-07,,0,0,,False
2017-04-08,,0,0,,False
2017-04-09,,0,0,,False
2017-04-10,,0,0,,False
2017-04-11,,0,0,,False
2017-04-12,,0,0,,False
2017-04-13,,0,0,,False
2017-04-14,,0,0,,False
2017-04-15,,0,0,,False
2017-04-16,,0,0,,False
2017-04-17,,0,0,,False
2017-04-18,,0,0,,False
2017-04-19,,0,0,,False
2017-04-20,,0,0,,False
2017-04-21,,0,0,,False
2017-04-22,,0,0,,False
2017-04-23,,0,0,,False
2017-04-24,,0,0,,False
2017-04-25,,0,0,,False
2017-04-26,,0,0,,False
2017-04-27,,0,0,,False
2017-04-28,,0,0,,False
2017-04-29,,0,0,,False
2017-04-30,,0,0,,False
2017-05-01,,0,0,,False
2017-05-02,,0,0,,False
2017-05-03,,0,0,,False
2017-05-04,,0,0,,False
2017-05-05,,0,0,,False
2017-05-06,,0,0,,False
2017-05-07,,0,0,,False
2017-05-08,,0,0,,False
2017-05-09,,0,0,,False
2017-05-10,,0,0,,False
2017-05-11,,0,0,,False
2017-05-12,,0,0,,False
2017-05-13,,0,0,,False
2017-05-14,,0,0,,False
2017-05-15,,0,0,,False
2017-05-16,,0,0,,False
2017-05-17,,0,0,,False
2017-05-18,,0,0,,False
2017-05-19,,0,0,,False
2017-05-20,,0,0,,False
2017-05-21,,0,0,,False
2017-05-22,,0,0,,False
2017-05-23,,0,0,,False
2017-05-24,,0,0,,False
2017-05-25,,0,0,,False
2017-05-26,,0,0,,False
2017-05-27,,0,0,,False
2017-05-28,,0,0,,False
2017-05-29,,0,0,,False
2017-05-30,,0,0,,False
2017-05-31,,0,0,,False
2017-06-01,,0,0,,False
2017-06-02,,0,0,,False
2017-06-03,,0,0,,False
2017-06-04,,0,0,,False
2017-06-05,,0,0,,False
2017-06-06,,0,0,,False
2017-06-07,,0,0,,False
2017-06-08,,0,0,,False
2017-06-09,,0,0,,False
2017-06-10,,0,0,,False
2017-06-11,,0,0,,False
2017-06-12,,0,0,,False
2017-06-13,,0,0,,False
2017-06-14,,0,0,,False
2017-06-15,,0,0,,False
2017-06-16,,0,0,,False
2017-06-17,,0,0,,False
2017-06-18,,0,0,,False
2017-06-19,,0,0,,False
2017-06-20,,0,0,,False
2017-06-21,,0,0,,False
2017-06-22,,0,0,,False
2017-06-23,,0,0,,False
2017-06-24,,0,0,,False
2017-06-25,,0,0,,False
2017-06-26,,0,0,,False
2017-06-27,,0,0,,False
2017-06-28,,0,0,,False
2017-06-29,,0,0,,False
2017-06-30,,0,0,,False
2017-07-01,,0,0,,False
2017-07-02,,0,0,,False
2017-07-03,,0,0,,False
2017-07-04,,0,0,,False
2017-07-05,,0,0,,False
2017-07-06,,0,0,,False
2017-07-07,,0,0,,False
2017-07-08,,0,0,,False
2017-07-09,,0,0,,False
2017-07-10,,0,0,,False
2017-07-11,,0,0,,False
2017-07-12,,0,0,,False
2017-07-13,,0,0,,False
2017-07-14,,0,0,,False
2017-07-15,,0,0,,False
2017-07-16,,0,0,,False
2017-07-17,,0,0,,False
2017-07-18,,0,0,,False
2017-07-19,,0,0,,False
2017-07-20,,0,0,,False
2017-07-21,,0,0,,False
2017-07-22,,0,0,,False
2017-07-23,,0,0,,False
2017-07-24,,0,0,,False
2017-07-25,,0,0,,False
2017-07-26,,0,0,,False
2017-07-27,,0,0,,False
2017-07-28,,0,0,,False
2017-07-29,,0,0,,False
2017-07-30,,0,0,,False
2017-07-31,,0,0,,False
2017-08-01,,0,0,,False
2017-08-02,,0,0,,False
2017-08-03,,0,0,,False
2017-08-04,,0,0,,False
2017-08-05,,0,0,,False
2017-08-06,,0,0,,False
2017-08-07,,0,0,,False
2017-08-08,,0,0,,False
2017-08-09,,0,0,,False
2017-08-10,,0,0,,False
2017-08-11,,0,0,,False
2017-08-12,,0,0,,False
2017-08-13,,0,0,,False
2017-08-14,,0,0,,False
2017-08-15,,0,0,,False
2017-08-16,,0,0,,False
2017-08-17,,0,0,,False
2017-08-18,,0,0,,False
2017-08-19,,0,0,,False
2017-08-20,,0,0,,False
2017-08-21,,0,0,,False
2017-08-22,,0,0,,False
2017-08-23,,0,0,,False
2017-08-24,,0,0,,False
2017-08-25,,0,0,,False
2017-08-26,,0,0,,False
2017-08-27,,0,0,,False
2017-08-28,,0,0,,False
2017-08-29,,0,0,,False
2017-08-30,,0,0,,False
2017-08-31,,0,0,,False
2017-09-01,,0,0,,False
2017-09-02,,0,0,,False
2017-09-03,,0,0,,False
2017-09-04,,0,0,,False
2017-09-05,,0,0,,False
2017-09-06,,0,0,,False
2017-09-07,,0,0,,False
2017-09-08,,0,0,,False
2017-09-09,,0,0,,False
2017-09-10,,0,0,,False
2017-09-11,,0,0,,False
2017-09-12,,0,0,,False
2017-09-13,,0,0,,False
2017-09-14,,0,0,,False
2017-09-15,,0,0,,False
2017-09-16,,0,0,,False
2017-09-17,,0,0,,False
2017-09-18,,0,0,,False
2017-09-19,,0,0,,False
2017-09-20,,0,0,,False
2017-09-21,,0,0,,False
2017-09-22,,0,0,,False
2017-09-23,,0,0,,False
2017-09-24,,0,0,,False
2017-09-25,,0,0,,False
2017-09-26,,0,0,,False
2017-09-27,,0,0,,False
2017-09-28,,0,0,,False
2017-09-29,,0,0,,False
2017-09-30,,0,0,,False
2017-10-01,,0,0,,False
2017-10-02,,0,0,,False
2017-10-03,,0,0,,False
2017-10-04,,0,0,,False
2017-10-05,,0,0,,False
2017-10-06,,0,0,,False
2017-10-07,,0,0,,False
2017-10-08,,0,0,,False
2017-10-09,,0,0,,False
2017-10-10,,0,0,,False
2017-10-11,,0,0,,False
2017-10-12,,0,0,,False
2017-10-13,,0,0,,False
2017-10-14,,0,0,,False
2017-10-15,,0,0,,False
2017-10-16,,0,0,,False
2017-10-17,,0,0,,False
2017-10-18,,0,0,,False
2017-10-19,,0,0,,False
2017-10-20,,0,0,,False
2017-10-21,,0,0,,False
2017-10-22,,0,0,,False
2017-10-23,,0,0,,False
2017-10-24,,0,0,,False
2017-10-25,,0,0,,False
2017-10-26,,0,0,,False
2017-10-27,,0,0,,False
2017-10-28,,0,0,,False
2017-10-29,,0,0,,False
2017-10-30,,0,0,,False
2017-10-31,,0,0,,False
2017-11-01,,0,0,,False
2017-11-02,,0,0,,False
2017-11-03,,0,0,,False
2017-11-04,,0,0,,False
2017-11-05,,0,0,,False
2017-11-06,,0,0,,False
2017-11-07,,0,0,,False
2017-11-08,,0,0,,False
2017-11-09,,0,0,,False
2017-11-10,,0,0,,False
2017-11-11,,0,0,,False
2017-11-12,,0,0,,False
2017-11-13,,0,0,,False
2017-11-14,,0,0,,False
2017-11-15,,0,0,,False
2017-11-16,,0,0,,False
2017-11-17,,0,0,,False
2017-11-18,,0,0,,False
2017-11-19,,0,0,,False
2017-11-20,,0,0,,False
2017-11-21,,0,0,,False
2017-11-22,,0,0,,False
2017-11-23,,0,0,,False
2017-11-24,,0,0,,False
2017-11-25,,0,0,,False
2017-11-26,,0,0,,False
2017-11-27,,0,0,,False
2017-11-28,,0,0,,False
2017-11-29,,0,0,,False
2017-11-30,,0,0,,False
2017-12-01,,0,0,,False
2017-12-02,,0,0,,False
2017-12-03,,0,0,,False
2017-12-04,,0,0,,False
2017-12-05,,0,0,,False
2017-12-06,,0,0,,False
2017-12-07,,0,0,,False
2017-12-08,,0,0,,False
2017-12-09,,0,0,,False
2017-12-10,,0,0,,False
2017-12-11,,0,0,,False
2017-12-12,,0,0,,False
2017-12-13,,0,0,,False
2017-12-14,,0,0,,False
2017-12-15,,0,0,,False
2017-12-16,,0,0,,False
2017-12-17,,0,0,,False
2017-12-18,,0,0,,False
2017-12-19,,0,0,,False
2017-12-20,,0,0,,False
2017-12-21,,0,0,,False
2017-12-22,,0,0,,False
2017-12-23,,0,0,,False
2017-12-24,,0,0,,False
2017-12-25,,0,0,,False
2017-12-26,,0,0,,False
2017-12-27,,0,0,,False
2017-12-28,,0,0,,False
2017-12-29,,0,0,,False
2017-12-30,,0,0,,False
2017-12-31,,0,0,,False
2018-01-01,,0,0,,False
2018-01-02,,0,0,,False
2018-01-03,,0,0,,False
2018-01-04,,0,0,,False
2018-01-05,,0,0,,False
2018-01-06,,0,0,,False
2018-01-07,,0,0,,False
2018-01-08,,0,0,,False
2018-01-09,,0,0,,False
2018-01-10,,0,0,,False
2018-01-11,,0,0,,False
2018-01-12,,0,0,,False
2018-01-13,,0,0,,False
2018-01-14,,0,0,,False
2018-01-15,,0,0,,False
2018-01-16,,0,0,,False
2018-01-17,,0,0,,False
2018-01-18,,0,0,,False
2018-01-19,,0,0,,False
2018-01-20,,0,0,,False
2018-01-21,,0,0,,False
2018-01-22,,0,0,,False
2018-01-23,,0,0,,False
2018-01-24,,0,0,,False
2018-01-25,,0,0,,False
2018-01-26,,0,0,,False
2018-01-27,,0,0,,False
2018-01-28,,0,0,,False
2018-01-29,,0,0,,False
2018-01-30,,0,0,,False
2018-01-31,,0,0,,False
2018-02-01,,0,0,,False
2018-02-02,,0,0,,False
2018-02-03,,0,0,,False
2018-02-04,,0,0,,False
2018-02-05,,0,0,,False
2018-02-06,,0,0,,False
2018-02-07,,0,0,,False
2018-02-08,,0,0,,False
2018-02-09,,0,0,,False
2018-02-10,,0,0,,False
2018-02-11,,0,0,,False
2018-02-12,,0,0,,False
2018-02-13,,0,0,,False
2018-02-14,,0,0,,False
2018-02-15,,0,0,,False
2018-02-16,,0,0,,False
2018-02-17,,0,0,,False
2018-02-18,,0,0,,False
2018-02-19,,0,0,,False
2018-02-20,,0,0,,False
2018-02-21,,0,0,,False
2018-02-22,,0,0,,False
2018-02-23,,0,0,,False
2018-02-24,,0,0,,False
2018-02-25,,0,0,,False
2018-02-26,,0,0,,False
2018-02-27,,0,0,,False
2018-02-28,,0,0,,False
2018-03-01,,0,0,,False
2018-03-02,,0,0,,False
2018-03-03,,0,0,,False
2018-03-04,,0,0,,False
2018-03-05,,0,0,,False
2018-03-06,,0,0,,False
2018-03-07,,0,0,,False
2018-03-08,,0,0,,False
2018-03-09,,0,0,,False
2018-03-10,,0,0,,False
2018-03-11,,0,0,,False
2018-03-12,,0,0,,False
2018-03-13,,0,0,,False
2018-03-14,,0,0,,False
2018-03-15,,0,0,,False
2018-03-16,,0,0,,False
2018-03-17,,0,0,,False
2018-03-18,,0,0,,False
2018-03-19,,0,0,,False
2018-03-20,,0,0,,False
2018-03-21,,0,0,,False
2018-03-22,,0,0,,False
2018-03-23,,0,0,,False
2018-03-24,,0,0,,False
2018-03-25,,0,0,,False
2018-03-26,,0,0,,False
2018-03-27,,0,0,,False
2018-03-28,,0,0,,False
2018-03-29,,0,0,,False
2018-03-30,,0,0,,False
2018-03-31,,0,0,,False
2018-04-01,,0,0,,False
2018-04-02,,0,0,,False
2018-04-03,,0,0,,False
2018-04-04,,0,0,,False
2018-04-05,,0,0,,False
2018-04-06,,0,0,,False
2018-04-07,,0,0,,False
2018-04-08,,0,0,,False
2018-04-09,,0,0,,False
2018-04-10,,0,0,,False
2018-04-11,,0,0,,False
2018-04-12,,0,0,,False
2018-04-13,,0,0,,False
2018-04-14,,0,0,,False
2018-04-15,,0,0,,False
2018-04-16,,0,0,,False
2018-04-17,,0,0,,False
2018-04-18,,0,0,,False
2018-04-19,,0,0,,False
2018-04-20,,0,0,,False
2018-04-21,,0,0,,False
2018-04-22,,0,0,,False
2018-04-23,,0,0,,False
2018-04-24,,0,0,,False
2018-04-25,,0,0,,False
2018-04-26,,0,0,,False
2018-04-27,,0,0,,False
2018-04-28,,0,0,,False
2018-04-29,,0,0,,False
2018-04-30,,0,0,,False
2018-05-01,,0,0,,False
2018-05-02,,0,0,,False
2018-05-03,,0,0,,False
2018-05-04,,0,0,,False
2018-05-05,,0,0,,False
2018-05-06,,0,0,,False
2018-05-07,,0,0,,False
2018-05-08,,0,0,,False
2018-05-09,,0,0,,False
2018-05-10,,0,0,,False
2018-05-11,,0,0,,False
2018-05-12,,0,0,,False
2018-05-13,,0,0,,False
2018-05-14,,0,0,,False
2018-05-15,,0,0,,False
2018-05-16,,0,0,,False
2018-05-17,,0,0,,False
2018-05-18,,0,0,,False
2018-05-19,,0,0,,False
2018-05-20,,0,0,,False
2018-05-21,,0,0,,False
2018-05-22,,0,0,,False
2018-05-23,,0,0,,False
2018-05-24,,0,0,,False
2018-05-25,,0,0,,False
2018-05-26,,0,0,,False
2018-05-27,,0,0,,False
2018-05-28,,0,0,,False
2018-05-29,,0,0,,False
2018-05-30,,0,0,,False
2018-05-31,,0,0,,False
2018-06-01,,0,0,,False
2018-06-02,,0,0,,False
2018-06-03,,0,0,,False
2018-06-04,,0,0,,False
2018-06-05,,0,0,,False
2018-06-06,,0,0,,False
2018-06-07,,0,0,,False
2018-06-08,,0,0,,False
2018-06-09,,0,0,,False
2018-06-10,,0,0,,False
2018-06-11,,0,0,,False
2018-06-12,,0,0,,False
2018-06-13,,0,0,,False
2018-06-14,,0,0,,False
2018-06-15,,0,0,,False
2018-06-16,,0,0,,False
2018-06-17,,0,0,,False
2018-06-18,,0,0,,False
2018-06-19,,0,0,,False
2018-06-20,,0,0,,False
2018-06-21,,0,0,,False
2018-06-22,,0,0,,False
2018-06-23,,0,0,,False
2018-06-24,,0,0,,False
2018-06-25,,0,0,,False
2018-06-26,,0,0,,False
2018-06-27,,0,0,,False
2018-06-28,,0,0,,False
2018-06-29,,0,0,,False
2018-06-30,,0,0,,False
2018-07-01,,0,0,,False
2018-07-02,,0,0,,False
2018-07-03,,0,0,,False
2018-07-04,,0,0,,False
2018-07-05,,0,0,,False
2018-07-06,,0,0,,False
2018-07-07,,0,0,,False
2018-07-08,,0,0,,False
2018-07-09,,0,0,,False
2018-07-10,,0,0,,False
2018-07-11,,0,0,,False
2018-07-12,,0,0,,False
2018-07-13,,0,0,,False
2018-07-14,,0,0,,False
2018-07-15,,0,0,,False
2018-07-16,,0,0,,False
2018-07-17,,0,0,,False
2018-07-18,,0,0,,False
2018-07-19,,0,0,,False
2018-07-20,,0,0,,False
2018-07-21,,0,0,,False
2018-07-22,,0,0,,False
2018-07-23,,0,0,,False
2018-07-24,,0,0,,False
2018-07-25,,0,0,,False
2018-07-26,,0,0,,False
2018-07-27,,0,0,,False
2018-07-28,,0,0,,False
2018-07-29,,0,0,,False
2018-07-30,,0,0,,False
2018-07-31,,0,0,,False
2018-08-01,,0,0,,False
2018-08-02,,0,0,,False
2018-08-03,,0,0,,False
2018-08-04,,0,0,,False
2018-08-05,,0,0,,False
2018-08-06,,0,0,,False
2018-08-07,,0,0,,False
2018-08-08,,0,0,,False
2018-08-09,,0,0,,False
2018-08-10,,0,0,,False
2018-08-11,,0,0,,False
2018-08-12,,0,0,,False
2018-08-13,,0,0,,False
2018-08-14,,0,0,,False
2018-08-15,,0,0,,False
2018-08-16,,0,0,,False
2018-08-17,,0,0,,False
2018-08-18,,0,0,,False
2018-08-19,,0,0,,False
2018-08-20,,0,0,,False
2018-08-21,,0,0,,False
2018-08-22,,0,0,,False
2018-08-23,,0,0,,False
2018-08-24,,0,0,,False
2018-08-25,,0,0,,False
2018-08-26,,0,0,,False
2018-08-27,,0,0,,False
2018-08-28,,0,0,,False
2018-08-29,,0,0,,False
2018-08-30,,0,0,,False
2018-08-31,,0,0,,False
2018-09-01,,0,0,,False
2018-09-02,,0,0,,False
2018-09-03,,0,0,,False
2018-09-04,,0,0,,False
2018-09-05,,0,0,,False
2018-09-06,,0,0,,False
2018-09-07,,0,0,,False
2018-09-08,,0,0,,False
2018-09-09,,0,0,,False
2018-09-10,,0,0,,False
2018-09-11,,0,0,,False
2018-09-12,,0,0,,False
2018-09-13,,0,0,,False
2018-09-14,,0,0,,False
2018-09-15,,0,0,,False
2018-09-16,,0,0,,False
2018-09-17,,0,0,,False
2018-09-18,,0,0,,False
2018-09-19,,0,0,,False
2018-09-20,,0,0,,False
2018-09-21,,0,0,,False
2018-09-22,,0,0,,False
2018-09-23,,0,0,,False
2018-09-24,,0,0,,False
2018-09-25,,0,0,,False
2018-09-26,,0,0,,False
2018-09-27,,0,0,,False
2018-09-28,,0,0,,False
2018-09-29,,0,0,,False
2018-09-30,,0,0,,False
2018-10-01,,0,0,,False
2018-10-02,,0,0,,False
2018-10-03,,0,0,,False
2018-10-04,,0,0,,False
2018-10-05,,0,0,,False
2018-10-06,,0,0,,False
2018-10-07,,0,0,,False
2018-10-08,,0,0,,False
2018-10-09,,0,0,,False
2018-10-10,,0,0,,False
2018-10-11,,0,0,,False
2018-10-12,,0,0,,False
2018-10-13,,0,0,,False
2018-10-14,,0,0,,False
2018-10-15,,0,0,,False
2018-10-16,,0,0,,False
2018-10-17,,0,0,,False
2018-10-18,,0,0,,False
2018-10-19,,0,0,,False
2018-10-20,,0,0,,False
2018-10-21,,0,0,,False
2018-10-22,,0,0,,False
2018-10-23,,0,0,,False
2018-10-24,,0,0,,False
2018-10-25,,0,0,,False
2018-10-26,,0,0,,False
2018-10-27,,0,0,,False
2018-10-28,,0,0,,False
2018-10-29,,0,0,,False
2018-10-30,,0,0,,False
2018-10-31,,0,0,,False
2018-11-01,,0,0,,False
2018-11-02,,0,0,,False
2018-11-03,,0,0,,False
2018-11-04,,0,0,,False
2018-11-05,,0,0,,False
2018-11-06,,0,0,,False
2018-11-07,,0,0,,False
2018-11-08,,0,0,,False
2018-11-09,,0,0,,False
2018-11-10,,0,0,,False
2018-11-11,,0,0,,False
2018-11-12,,0,0,,False
2018-11-13,,0,0,,False
2018-11-14,,0,0,,False
2018-11-15,,0,0,,False
2018-11-16,,0,0,,False
2018-11-17,,0,0,,False
2018-11-18,,0,0,,False
2018-11-19,,0,0,,False
2018-11-20,,0,0,,False
2018-11-21,,0,0,,False
2018-11-22,,0,0,,False
2018-11-23,,0,0,,False
2018-11-24,,0,0,,False
2018-11-25,,0,0,,False
2018-11-26,,0,0,,False
2018-11-27,,0,0,,False
2018-11-28,,0,0,,False
2018-11-29,,0,0,,False
2018-11-30,,0,0,,False
2018-12-01,,0,0,,False
2018-12-02,,0,0,,False
2018-12-03,,0,0,,False
2018-12-04,,0,0,,False
2018-12-05,,0,0,,False
2018-12-06,,0,0,,False
2018-12-07,,0,0,,False
2018-12-08,,0,0,,False
2018-12-09,,0,0,,False
2018-12-10,,0,0,,False
2018-12-11,,0,0,,False
2018-12-12,,0,0,,False
2018-12-13,,0,0,,False
2018-12-14,,0,0,,False
2018-12-15,,0,0,,False
2018-12-16,,0,0,,False
2018-12-17,,0,0,,False
2018-12-18,,0,0,,False
2018-12-19,,0,0,,False
2018-12-20,,0,0,,False
2018-12-21,,0,0,,False
2018-12-22,,0,0,,False
2018-12-23,,0,0,,False
2018-12-24,,0,0,,False
2018-12-25,,0,0,,False
2018-12-26,,0,0,,False
2018-12-27,,0,0,,False
2018-12-28,,0,0,,False
2018-12-29,,0,0,,False
2018-12-30,,0,0,,False
2018-12-31,,0,0,,False
2019-01-01,,0,0,,False
2019-01-02,,0,0,,False
2019-01-03,,0,0,,False
2019-01-04,,0,0,,False
2019-01-05,,0,0,,False
2019-01-06,,0,0,,False
2019-01-07,,0,0,,False
2019-01-08,,0,0,,False
2019-01-09,,0,0,,False
2019-01-10,,0,0,,False
2019-01-11,,0,0,,False
2019-01-12,,0,0,,False
2019-01-13,,0,0,,False
2019-01-14,,0,0,,False
2019-01-15,,0,0,,False
2019-01-16,,0,0,,False
2019-01-17,,0,0,,False
2019-01-18,,0,0,,False
2019-01-19,,0,0,,False
2019-01-20,,0,0,,False
2019-01-21,,0,0,,False
2019-01-22,,0,0,,False
2019-01-23,,0,0,,False
2019-01-24,,0,0,,False
2019-01-25,,0,0,,False
2019-01-26,,0,0,,False
2019-01-27,,0,0,,False
2019-01-28,,0,0,,False
2019-01-29,,0,0,,False
2019-01-30,,0,0,,False
2019-01-31,,0,0,,False
2019-02-01,,0,0,,False
2019-02-02,,0,0,,False
2019-02-03,,0,0,,False
2019-02-04,,0,0,,False
2019-02-05,,0,0,,False
2019-02-06,,0,0,,False
2019-02-07,,0,0,,False
2019-02-08,,0,0,,False
2019-02-09,,0,0,,False
2019-02-10,,0,0,,False
2019-02-11,,0,0,,False
2019-02-12,,0,0,,False
2019-02-13,,0,0,,False
2019-02-14,,0,0,,False
2019-02-15,,0,0,,False
2019-02-16,,0,0,,False
2019-02-17,,0,0,,False
2019-02-18,,0,0,,False
2019-02-19,,0,0,,False
2019-02-20,,0,0,,False
2019-02-21,,0,0,,False
2019-02-22,,0,0,,False
2019-02-23,,0,0,,False
2019-02-24,,0,0,,False
2019-02-25,,0,0,,False
2019-02-26,,0,0,,False
2019-02-27,,0,0,,False
2019-02-28,,0,0,,False
2019-03-01,,0,0,,False
2019-03-02,,0,0,,False
2019-03-03,,0,0,,False
2019-03-04,,0,0,,False
2019-03-05,,0,0,,False
2019-03-06,,0,0,,False
2019-03-07,,0,0,,False
2019-03-08,,0,0,,False
2019-03-09,,0,0,,False
2019-03-10,,0,0,,False
2019-03-11,,0,0,,False
2019-03-12,,0,0,,False
2019-03-13,,0,0,,False
2019-03-14,,0,0,,False
2019-03-15,,0,0,,False
2019-03-16,,0,0,,False
2019-03-17,,0,0,,False
2019-03-18,,0,0,,False
2019-03-19,,0,0,,False
2019-03-20,,0,0,,False
2019-03-21,,0,0,,False
2019-03-22,,0,0,,False
2019-03-23,,0,0,,False
2019-03-24,,0,0,,False
2019-03-25,,0,0,,False
2019-03-26,,0,0,,False
2019-03-27,,0,0,,False
2019-03-28,,0,0,,False
2019-03-29,,0,0,,False
2019-03-30,,0,0,,False
2019-03-31,,0,0,,False
2019-04-01,,0,0,,False
2019-04-02,,0,0,,False
2019-04-03,,0,0,,False
2019-04-04,,0,0,,False
2019-04-05,,0,0,,False
2019-04-06,,0,0,,False
2019-04-07,,0,0,,False
2019-04-08,,0,0,,False
2019-04-09,,0,0,,False
2019-04-10,,0,0,,False
2019-04-11,,0,0,,False
2019-04-12,,0,0,,False
2019-04-13,,0,0,,False
2019-04-14,,0,0,,False
2019-04-15,,0,0,,False
2019-04-16,,0,0,,False
2019-04-17,,0,0,,False
2019-04-18,,0,0,,False
2019-04-19,,0,0,,False
2019-04-20,,0,0,,False
2019-04-21,,0,0,,False
2019-04-22,,0,0,,False
2019-04-23,,0,0,,False
2019-04-24,,0,0,,False
2019-04-25,,0,0,,False
2019-04-26,,0,0,,False
2019-04-27,,0,0,,False
2019-04-28,,0,0,,False
2019-04-29,,0,0,,False
2019-04-30,,0,0,,False
2019-05-01,,0,0,,False
2019-05-02,,0,0,,False
2019-05-03,,0,0,,False
2019-05-04,,0,0,,False
2019-05-05,,0,0,,False
2019-05-06,,0,0,,False
2019-05-07,,0,0,,False
2019-05-08,,0,0,,False
2019-05-09,,0,0,,False
2019-05-10,,0,0,,False
2019-05-11,,0,0,,False
2019-05-12,,0,0,,False
2019-05-13,,0,0,,False
2019-05-14,,0,0,,False
2019-05-15,,0,0,,False
2019-05-16,,0,0,,False
2019-05-17,,0,0,,False
2019-05-18,,0,0,,False
2019-05-19,,0,0,,False
2019-05-20,,0,0,,False
2019-05-21,,0,0,,False
2019-05-22,,0,0,,False
2019-05-23,,0,0,,False
2019-05-24,,0,0,,False
2019-05-25,,0,0,,False
2019-05-26,,0,0,,False
2019-05-27,,0,0,,False
2019-05-28,,0,0,,False
2019-05-29,,0,0,,False
2019-05-30,,0,0,,False
2019-05-31,,0,0,,False
2019-06-01,,0,0,,False
2019-06-02,,0,0,,False
2019-06-03,,0,0,,False
2019-06-04,,0,0,,False
2019-06-05,,0,0,,False
2019-06-06,,0,0,,False
2019-06-07,,0,0,,False
2019-06-08,,0,0,,False
2019-06-09,,0,0,,False
2019-06-10,,0,0,,False
2019-06-11,,0,0,,False
2019-06-12,,0,0,,False
2019-06-13,,0,0,,False
2019-06-14,,0,0,,False
2019-06-15,,0,0,,False
2019-06-16,,0,0,,False
2019-06-17,,0,0,,False
2019-06-18,,0,0,,False
2019-06-19,,0,0,,False
2019-06-20,,0,0,,False
2019-06-21,,0,0,,False
2019-06-22,,0,0,,False
2019-06-23,,0,0,,False
2019-06-24,,0,0,,False
2019-06-25,,0,0,,False
2019-06-26,,0,0,,False
2019-06-27,,0,0,,False
2019-06-28,,0,0,,False
2019-06-29,,0,0,,False
2019-06-30,,0,0,,False
2019-07-01,,0,0,,False
2019-07-02,,0,0,,False
2019-07-03,,0,0,,False
2019-07-04,,0,0,,False
2019-07-05,,0,0,,False
2019-07-06,,0,0,,False
2019-07-07,,0,0,,False
2019-07-08,,0,0,,False
2019-07-09,,0,0,,False
2019-07-10,,0,0,,False
2019-07-11,,0,0,,False
2019-07-12,,0,0,,False
2019-07-13,,0,0,,False
2019-07-14,,0,0,,False
2019-07-15,,0,0,,False
2019-07-16,,0,0,,False
2019-07-17,,0,0,,False
2019-07-18,,0,0,,False
2019-07-19,,0,0,,False
2019-07-20,,0,0,,False
2019-07-21,,0,0,,False
2019-07-22,,0,0,,False
2019-07-23,,0,0,,False
2019-07-24,,0,0,,False
2019-07-25,,0,0,,False
2019-07-26,,0,0,,False
2019-07-27,,0,0,,False
2019-07-28,,0,0,,False
2019-07-29,,0,0,,False
2019-07-30,,0,0,,False
2019-07-31,,0,0,,False
2019-08-01,,0,0,,False
2019-08-02,,0,0,,False
2019-08-03,,0,0,,False
2019-08-04,,0,0,,False
2019-08-05,,0,0,,False
2019-08-06,,0,0,,False
2019-08-07,,0,0,,False
2019-08-08,,0,0,,False
2019-08-09,,0,0,,False
2019-08-10,,0,0,,False
2019-08-11,,0,0,,False
2019-08-12,,0,0,,False
2019-08-13,,0,0,,False
2019-08-14,,0,0,,False
2019-08-15,,0,0,,False
2019-08-16,,0,0,,False
2019-08-17,,0,0,,False
2019-08-18,,0,0,,False
2019-08-19,,0,0,,False
2019-08-20,,0,0,,False
2019-08-21,,0,0,,False
2019-08-22,,0,0,,False
2019-08-23,,0,0,,False
2019-08-24,,0,0,,False
2019-08-25,,0,0,,False
2019-08-26,,0,0,,False
2019-08-27,,0,0,,False
2019-08-28,,0,0,,False
2019-08-29,,0,0,,False
2019-08-30,,0,0,,False
2019-08-31,,0,0,,False
2019-09-01,,0,0,,False
2019-09-02,,0,0,,False
2019-09-03,,0,0,,False
2019-09-04,,0,0,,False
2019-09-05,,0,0,,False
2019-09-06,,0,0,,False
2019-09-07,,0,0,,False
2019-09-08,,0,0,,False
2019-09-09,,0,0,,False
2019-09-10,,0,0,,False
2019-09-11,,0,0,,False
2019-09-12,,0,0,,False
2019-09-13,,0,0,,False
2019-09-14,,0,0,,False
2019-09-15,,0,0,,False
2019-09-16,,0,0,,False
2019-09-17,,0,0,,False
2019-09-18,,0,0,,False
2019-09-19,,0,0,,False
2019-09-20,,0,0,,False
2019-09-21,,0,0,,False
2019-09-22,,0,0,,False
2019-09-23,,0,0,,False
2019-09-24,,0,0,,False
2019-09-25,,0,0,,False
2019-09-26,,0,0,,False
2019-09-27,,0,0,,False
2019-09-28,,0,0,,False
2019-09-29,,0,0,,False
2019-09-30,,0,0,,False
2019-10-01,,0,0,,False
2019-10-02,,0,0,,False
2019-10-03,,0,0,,False
2019-10-04,,0,0,,False
2019-10-05,,0,0,,False
2019-10-06,,0,0,,False
2019-10-07,,0,0,,False
2019-10-08,,0,0,,False
2019-10-09,,0,0,,False
2019-10-10,,0,0,,False
2019-10-11,,0,0,,False
2019-10-12,,0,0,,False
2019-10-13,,0,0,,False
2019-10-14,,0,0,,False
2019-10-15,,0,0,,False
2019-10-16,,0,0,,False
2019-10-17,,0,0,,False
2019-10-18,,0,0,,False
2019-10-19,,0,0,,False
2019-10-20,,0,0,,False
2019-10-21,,0,0,,False
2019-10-22,,0,0,,False
2019-10-23,,0,0,,False
2019-10-24,,0,0,,False
2019-10-25,,0,0,,False
2019-10-26,,0,0,,False
2019-10-27,,0,0,,False
2019-10-28,,0,0,,False
2019-10-29,,0,0,,False
2019-10-30,,0,0,,False
2019-10-31,,0,0,,False
2019-11-01,,0,0,,False
2019-11-02,,0,0,,False
2019-11-03,,0,0,,False
2019-11-04,,0,0,,False
2019-11-05,,0,0,,False
2019-11-06,,0,0,,False
2019-11-07,,0,0,,False
2019-11-08,,0,0,,False
2019-11-09,,0,0,,False
2019-11-10,,0,0,,False
2019-11-11,,0,0,,False
2019-11-12,,0,0,,False
2019-11-13,,0,0,,False
2019-11-14,,0,0,,False
2019-11-15,,0,0,,False
2019-11-16,,0,0,,False
2019-11-17,,0,0,,False
2019-11-18,,0,0,,False
2019-11-19,,0,0,,False
2019-11-20,,0,0,,False
2019-11-21,,0,0,,False
2019-11-22,,0,0,,False
2019-11-23,,0,0,,False
2019-11-24,,0,0,,False
2019-11-25,,0,0,,False
2019-11-26,,0,0,,False
2019-11-27,,0,0,,False
2019-11-28,,0,0,,False
2019-11-29,,0,0,,False
2019-11-30,,0,0,,False
2019-12-01,,0,0,,False
2019-12-02,,0,0,,False
2019-12-03,,0,0,,False
2019-12-04,,0,0,,False
2019-12-05,,0,0,,False
2019-12-06,,0,0,,False
2019-12-07,,0,0,,False
2019-12-08,,0,0,,False
2019-12-09,,0,0,,False
2019-12-10,,0,0,,False
2019-12-11,,0,0,,False
2019-12-12,,0,0,,False
2019-12-13,,0,0,,False
2019-12-14,,0,0,,False
2019-12-15,,0,0,,False
2019-12-16,,0,0,,False
2019-12-17,,0,0,,False
2019-12-18,,0,0,,False
2019-12-19,,0,0,,False
2019-12-20,,0,0,,False
2019-12-21,,0,0,,False
2019-12-22,,0,0,,False
2019-12-23,,0,0,,False
2019-12-24,,0,0,,False
2019-12-25,,0,0,,False
2019-12-26,,0,0,,False
2019-12-27,,0,0,,False
2019-12-28,,0,0,,False
2019-12-29,,0,0,,False
2019-12-30,,0,0,,False
2019-12-31,,0,0,,False
2020-01-01,,0,0,,False
2020-01-02,,0,0,,False
2020-01-03,,0,0,,False
2020-01-04,,0,0,,False
2020-01-05,,0,0,,False
2020-01-06,,0,0,,False
2020-01-07,,0,0,,False
2020-01-08,,0,0,,False
2020-01-09,,0,0,,False
2020-01-10,,0,0,,False
2020-01-11,,0,0,,False
2020-01-12,,0,0,,False
2020-01-13,,0,0,,False
2020-01-14,,0,0,,False
2020-01-15,,0,0,,False
2020-01-16,,0,0,,False
2020-01-17,,0,0,,False
2020-01-18,,0,0,,False
2020-01-19,,0,0,,False
2020-01-20,,0,0,,False
2020-01-21,,0,0,,False
2020-01-22,,0,0,,False
2020-01-23,,0,0,,False
2020-01-24,,0,0,,False
2020-01-25,,0,0,,False
2020-01-26,,0,0,,False
2020-01-27,,0,0,,False
2020-01-28,,0,0,,False
2020-01-29,,0,0,,False
2020-01-30,,0,0,,False
2020-01-31,,0,0,,False
2020-02-01,,0,0,,False
2020-02-02,,0,0,,False
2020-02-03,,0,0,,False
2020-02-04,,0,0,,False
2020-02-05,,0,0,,False
2020-02-06,,0,0,,False
2020-02-07,,0,0,,False
2020-02-08,,0,0,,False
2020-02-09,,0,0,,False
2020-02-10,,0,0,,False
2020-02-11,,0,0,,False
2020-02-12,,0,0,,False
2020-02-13,,0,0,,False
2020-02-14,,0,0,,False
2020-02-15,,0,0,,False
2020-02-16,,0,0,,False
2020-02-17,,0,0,,False
2020-02-18,,0,0,,False
2020-02-19,,0,0,,False
2020-02-20,,0,0,,False
2020-02-21,,0,0,,False
2020-02-22,,0,0,,False
2020-02-23,,0,0,,False
2020-02-24,,0,0,,False
2020-02-25,,0,0,,False
2020-02-26,,0,0,,False
2020-02-27,,0,0,,False
2020-02-28,,0,0,,False
2020-02-29,,0,0,,False
2020-03-01,,0,0,,False
2020-03-02,,0,0,,False
2020-03-03,,0,0,,False
2020-03-04,,0,0,,False
2020-03-05,,0,0,,False
2020-03-06,,0,0,,False
2020-03-07,,0,0,,False
2020-03-08,,0,0,,False
2020-03-09,,0,0,,False
2020-03-10,,0,0,,False
2020-03-11,,0,0,,False
2020-03-12,,0,0,,False
2020-03-13,,0,0,,False
2020-03-14,,0,0,,False
2020-03-15,,0,0,,False
2020-03-16,,0,0,,False
2020-03-17,,0,0,,False
2020-03-18,,0,0,,False
2020-03-19,,0,0,,False
2020-03-20,,0,0,,False
2020-03-21,,0,0,,False
2020-03-22,,0,0,,False
2020-03-23,,0,0,,False
2020-03-24,,0,0,,False
2020-03-25,,0,0,,False
2020-03-26,,0,0,,False
2020-03-27,,0,0,,False
2020-03-28,,0,0,,False
2020-03-29,,0,0,,False
2020-03-30,,0,0,,False
2020-03-31,,0,0,,False
2020-04-01,,0,0,,False
2020-04-02,,0,0,,False
2020-04-03,,0,0,,False
2020-04-04,,0,0,,False
2020-04-05,,0,0,,False
2020-04-06,,0,0,,False
2020-04-07,,0,0,,False
2020-04-08,,0,0,,False
2020-04-09,,0,0,,False
2020-04-10,,0,0,,False
2020-04-11,,0,0,,False
2020-04-12,,0,0,,False
2020-04-13,,0,0,,False
2020-04-14,,0,0,,False
2020-04-15,,0,0,,False
2020-04-16,,0,0,,False
2020-04-17,,0,0,,False
2020-04-18,,0,0,,False
2020-04-19,,0,0,,False
2020-04-20,,0,0,,False
2020-04-21,,0,0,,False
2020-04-22,,0,0,,False
2020-04-23,,0,0,,False
2020-04-24,,0,0,,False
2020-04-25,,0,0,,False
2020-04-26,,0,0,,False
2020-04-27,,0,0,,False
2020-04-28,,0,0,,False
2020-04-29,,0,0,,False
2020-04-30,,0,0,,False
2020-05-01,,0,0,,False
2020-05-02,,0,0,,False
2020-05-03,,0,0,,False
2020-05-04,,0,0,,False
2020-05-05,,0,0,,False
2020-05-06,,0,0,,False
2020-05-07,,0,0,,False
2020-05-08,,0,0,,False
2020-05-09,,0,0,,False
2020-05-10,,0,0,,False
2020-05-11,,0,0,,False
2020-05-12,,0,0,,False
2020-05-13,,0,0,,False
2020-05-14,,0,0,,False
2020-05-15,,0,0,,False
2020-05-16,,0,0,,False
2020-05-17,,0,0,,False
2020-05-18,,0,0,,False
2020-05-19,,0,0,,False
2020-05-20,,0,0,,False
2020-05-21,,0,0,,False
2020-05-22,,0,0,,False
2020-05-23,,0,0,,False
2020-05-24,,0,0,,False
2020-05-25,,0,0,,False
2020-05-26,,0,0,,False
2020-05-27,,0,0,,False
2020-05-28,,0,0,,False
2020-05-29,,0,0,,False
2020-05-30,,0,0,,False
2020-05-31,,0,0,,False
2020-06-01,,0,0,,False
2020-06-02,,0,0,,False
2020-06-03,,0,0,,False
2020-06-04,,0,0,,False
2020-06-05,,0,0,,False
2020-06-06,,0,0,,False
2020-06-07,,0,0,,False
2020-06-08,,0,0,,False
2020-06-09,,0,0,,False
2020-06-10,,0,0,,False
2020-06-11,,0,0,,False
2020-06-12,,0,0,,False
2020-06-13,,0,0,,False
2020-06-14,,0,0,,False
2020-06-15,,0,0,,False
2020-06-16,,0,0,,False
2020-06-17,,0,0,,False
2020-06-18,,0,0,,False
2020-06-19,,0,0,,False
2020-06-20,,0,0,,False
2020-06-21,,0,0,,False
2020-06-22,,0,0,,False
2020-06-23,,0,0,,False
2020-06-24,,0,0,,False
2020-06-25,,0,0,,False
2020-06-26,,0,0,,False
2020-06-27,,0,0,,False
2020-06-28,,0,0,,False
2020-06-29,,0,0,,False
2020-06-30,,0,0,,False
2020-07-01,,0,0,,False
2020-07-02,,0,0,,False
2020-07-03,,0,0,,False
2020-07-04,,0,0,,False
2020-07-05,,0,0,,False
2020-07-06,,0,0,,False
2020-07-07,,0,0,,False
2020-07-08,,0,0,,False
2020-07-09,,0,0,,False
2020-07-10,,0,0,,False
2020-07-11,,0,0,,False
2020-07-12,,0,0,,False
2020-07-13,,0,0,,False
2020-07-14,,0,0,,False
2020-07-15,,0,0,,False
2020-07-16,,0,0,,False
2020-07-17,,0,0,,False
2020-07-18,,0,0,,False
2020-07-19,,0,0,,False
2020-07-20,,0,0,,False
2020-07-21,,0,0,,False
2020-07-22,,0,0,,False
2020-07-23,,0,0,,False
2020-07-24,,0,0,,False
2020-07-25,,0,0,,False
2020-07-26,,0,0,,False
2020-07-27,,0,0,,False
2020-07-28,,0,0,,False
2020-07-29,,0,0,,False
2020-07-30,,0,0,,False
2020-07-31,,0,0,,False
2020-08-01,,0,0,,False
2020-08-02,,0,0,,False
2020-08-03,,0,0,,False
2020-08-04,,0,0,,False
2020-08-05,,0,0,,False
2020-08-06,,0,0,,False
2020-08-07,,0,0,,False
2020-08-08,,0,0,,False
2020-08-09,,0,0,,False
2020-08-10,,0,0,,False
2020-08-11,,0,0,,False
2020-08-12,,0,0,,False
2020-08-13,,0,0,,False
2020-08-14,,0,0,,False
2020-08-15,,0,0,,False
2020-08-16,,0,0,,False
2020-08-17,,0,0,,False
2020-08-18,,0,0,,False
2020-08-19,,0,0,,False
2020-08-20,,0,0,,False
2020-08-21,,0,0,,False
2020-08-22,,0,0,,False
2020-08-23,,0,0,,False
2020-08-24,,0,0,,False
2020-08-25,,0,0,,False
2020-08-26,,0,0,,False
2020-08-27,,0,0,,False
2020-08-28,,0,0,,False
2020-08-29,,0,0,,False
2020-08-30,,0,0,,False
2020-08-31,,0,0,,False
2020-09-01,,0,0,,False
2020-09-02,,0,0,,False
2020-09-03,,0,0,,False
2020-09-04,,0,0,,False
2020-09-05,,0,0,,False
2020-09-06,,0,0,,False
2020-09-07,,0,0,,False
2020-09-08,,0,0,,False
2020-09-09,,0,0,,False
2020-09-10,,0,0,,False
2020-09-11,,0,0,,False
2020-09-12,,0,0,,False
2020-09-13,,0,0,,False
2020-09-14,,0,0,,False
2020-09-15,,0,0,,False
2020-09-16,,0,0,,False
2020-09-17,,0,0,,False
2020-09-18,,0,0,,False
2020-09-19,,0,0,,False
2020-09-20,,0,0,,False
2020-09-21,,0,0,,False
2020-09-22,,0,0,,False
2020-09-23,,0,0,,False
2020-09-24,,0,0,,False
2020-09-25,,0,0,,False
2020-09-26,,0,0,,False
2020-09-27,,0,0,,False
2020-09-28,,0,0,,False
2020-09-29,,0,0,,False
2020-09-30,,0,0,,False
2020-10-01,,0,0,,False
2020-10-02,,0,0,,False
2020-10-03,,0,0,,False
2020-10-04,,0,0,,False
2020-10-05,,0,0,,False
2020-10-06,,0,0,,False
2020-10-07,,0,0,,False
2020-10-08,,0,0,,False
2020-10-09,,0,0,,False
2020-10-10,,0,0,,False
2020-10-11,,0,0,,False
2020-10-12,,0,0,,False
2020-10-13,,0,0,,False
2020-10-14,,0,0,,False
2020-10-15,,0,0,,False
2020-10-16,,0,0,,False
2020-10-17,,0,0,,False
2020-10-18,,0,0,,False
2020-10-19,,0,0,,False
2020-10-20,,0,0,,False
2020-10-21,,0,0,,False
2020-10-22,,0,0,,False
2020-10-23,,0,0,,False
2020-10-24,,0,0,,False
2020-10-25,,0,0,,False
2020-10-26,,0,0,,False
2020-10-27,,0,0,,False
2020-10-28,,0,0,,False
2020-10-29,,0,0,,False
2020-10-30,,0,0,,False
2020-10-31,,0,0,,False
2020-11-01,,0,0,,False
2020-11-02,,0,0,,False
2020-11-03,,0,0,,False
2020-11-04,,0,0,,False
2020-11-05,,0,0,,False
2020-11-06,,0,0,,False
2020-11-07,,0,0,,False
2020-11-08,,0,0,,False
2020-11-09,,0,0,,False
2020-11-10,,0,0,,False
2020-11-11,,0,0,,False
2020-11-12,,0,0,,False
2020-11-13,,0,0,,False
2020-11-14,,0,0,,False
2020-11-15,,0,0,,False
2020-11-16,,0,0,,False
2020-11-17,,0,0,,False
2020-11-18,,0,0,,False
2020-11-19,,0,0,,False
2020-11-20,,0,0,,False
2020-11-21,,0,0,,False
2020-11-22,,0,0,,False
2020-11-23,,0,0,,False
2020-11-24,,0,0,,False
2020-11-25,,0,0,,False
2020-11-26,,0,0,,False
2020-11-27,,0,0,,False
2020-11-28,,0,0,,False
2020-11-29,,0,0,,False
2020-11-30,,0,0,,False
2020-12-01,,0,0,,False
2020-12-02,,0,0,,False
2020-12-03,,0,0,,False
2020-12-04,,0,0,,False
2020-12-05,,0,0,,False
2020-12-06,,0,0,,False
2020-12-07,,0,0,,False
2020-12-08,,0,0,,False
2020-12-09,,0,0,,False
2020-12-10,,0,0,,False
2020-12-11,,0,0,,False
2020-12-12,,0,0,,False
2020-12-13,,0,0,,False
2020-12-14,,0,0,,False
2020-12-15,,0,0,,False
2020-12-16,,0,0,,False
2020-12-17,,0,0,,False
2020-12-18,,0,0,,False
2020-12-19,,0,0,,False
2020-12-20,,0,0,,False
2020-12-21,,0,0,,False
2020-12-22,,0,0,,False
2020-12-23,,0,0,,False
2020-12-24,,0,0,,False
2020-12-25,,0,0,,False
2020-12-26,,0,0,,False
2020-12-27,,0,0,,False
2020-12-28,,0,0,,False
2020-12-29,,0,0,,False
2020-12-30,,0,0,,False
2020-12-31,,0,0,,False
2021-01-01,,0,0,,False
2021-01-02,,0,0,,False
2021-01-03,,0,0,,False
2021-01-04,,0,0,,False
2021-01-05,,0,0,,False
2021-01-06,,0,0,,False
2021-01-07,,0,0,,False
2021-01-08,,0,0,,False
2021-01-09,,0,0,,False
2021-01-10,,0,0,,False
2021-01-11,,0,0,,False
2021-01-12,,0,0,,False
2021-01-13,,0,0,,False
2021-01-14,,0,0,,False
2021-01-15,,0,0,,False
2021-01-16,,0,0,,False
2021-01-17,,0,0,,False
2021-01-18,,0,0,,False
2021-01-19,,0,0,,False
2021-01-20,,0,0,,False
2021-01-21,,0,0,,False
2021-01-22,,0,0,,False
2021-01-23,,0,0,,False
2021-01-24,,0,0,,False
2021-01-25,,0,0,,False
2021-01-26,,0,0,,False
2021-01-27,,0,0,,False
2021-01-28,,0,0,,False
2021-01-29,,0,0,,False
2021-01-30,,0,0,,False
2021-01-31,,0,0,,False
2021-02-01,,0,0,,False
2021-02-02,,0,0,,False
2021-02-03,,0,0,,False
2021-02-04,,0,0,,False
2021-02-05,,0,0,,False
2021-02-06,,0,0,,False
2021-02-07,,0,0,,False
2021-02-08,,0,0,,False
2021-02-09,,0,0,,False
2021-02-10,,0,0,,False
2021-02-11,,0,0,,False
2021-02-12,,0,0,,False
2021-02-13,,0,0,,False
2021-02-14,,0,0,,False
2021-02-15,,0,0,,False
2021-02-16,,0,0,,False
2021-02-17,,0,0,,False
2021-02-18,,0,0,,False
2021-02-19,,0,0,,False
2021-02-20,,0,0,,False
2021-02-21,,0,0,,False
2021-02-22,,0,0,,False
2021-02-23,,0,0,,False
2021-02-24,,0,0,,False
2021-02-25,,0,0,,False
2021-02-26,,0,0,,False
2021-02-27,,0,0,,False
2021-02-28,,0,0,,False
2021-03-01,,0,0,,False
2021-03-02,,0,0,,False
2021-03-03,,0,0,,False
2021-03-04,,0,0,,False
2021-03-05,,0,0,,False
2021-03-06,,0,0,,False
2021-03-07,,0,0,,False
2021-03-08,,0,0,,False
2021-03-09,,0,0,,False
2021-03-10,,0,0,,False
2021-03-11,,0,0,,False
2021-03-12,,0,0,,False
2021-03-13,,0,0,,False
2021-03-14,,0,0,,False
2021-03-15,,0,0,,False
2021-03-16,,0,0,,False
2021-03-17,,0,0,,False
2021-03-18,,0,0,,False
2021-03-19,,0,0,,False
2021-03-20,,0,0,,False
2021-03-21,,0,0,,False
2021-03-22,,0,0,,False
2021-03-23,,0,0,,False
2021-03-24,,0,0,,False
2021-03-25,,0,0,,False
2021-03-26,,0,0,,False
2021-03-27,,0,0,,False
2021-03-28,,0,0,,False
2021-03-29,,0,0,,False
2021-03-30,,0,0,,False
2021-03-31,,0,0,,False
2021-04-01,,0,0,,False
2021-04-02,,0,0,,False
2021-04-03,,0,0,,False
2021-04-04,,0,0,,False
2021-04-05,,0,0,,False
2021-04-06,,0,0,,False
2021-04-07,,0,0,,False
2021-04-08,,0,0,,False
2021-04-09,,0,0,,False
2021-04-10,,0,0,,False
2021-04-11,,0,0,,False
2021-04-12,,0,0,,False
2021-04-13,,0,0,,False
2021-04-14,,0,0,,False
2021-04-15,,0,0,,False
2021-04-16,,0,0,,False
2021-04-17,,0,0,,False
2021-04-18,,0,0,,False
2021-04-19,,0,0,,False
2021-04-20,,0,0,,False
2021-04-21,,0,0,,False
2021-04-22,,0,0,,False
2021-04-23,,0,0,,False
2021-04-24,,0,0,,False
2021-04-25,,0,0,,False
2021-04-26,,0,0,,False
2021-04-27,,0,0,,False
2021-04-28,,0,0,,False
2021-04-29,,0,0,,False
2021-04-30,,0,0,,False
2021-05-01,,0,0,,False
2021-05-02,,0,0,,False
2021-05-03,,0,0,,False
2021-05-04,,0,0,,False
2021-05-05,,0,0,,False
2021-05-06,,0,0,,False
2021-05-07,,0,0,,False
2021-05-08,,0,0,,False
2021-05-09,,0,0,,False
2021-05-10,,0,0,,False
2021-05-11,,0,0,,False
2021-05-12,,0,0,,False
2021-05-13,,0,0,,False
2021-05-14,,0,0,,False
2021-05-15,,0,0,,False
2021-05-16,,0,0,,False
2021-05-17,,0,0,,False
2021-05-18,,0,0,,False
2021-05-19,,0,0,,False
2021-05-20,,0,0,,False
2021-05-21,,0,0,,False
2021-05-22,,0,0,,False
2021-05-23,,0,0,,False
2021-05-24,,0,0,,False
2021-05-25,,0,0,,False
2021-05-26,,0,0,,False
2021-05-27,,0,0,,False
2021-05-28,,0,0,,False
2021-05-29,,0,0,,False
2021-05-30,,0,0,,False
2021-05-31,,0,0,,False
2021-06-01,,0,0,,False
2021-06-02,,0,0,,False
2021-06-03,,0,0,,False
2021-06-04,,0,0,,False
2021-06-05,,0,0,,False
2021-06-06,,0,0,,False
2021-06-07,,0,0,,False
2021-06-08,,0,0,,False
2021-06-09,,0,0,,False
2021-06-10,,0,0,,False
2021-06-11,,0,0,,False
2021-06-12,,0,0,,False
2021-06-13,,0,0,,False
2021-06-14,,0,0,,False
2021-06-15,,0,0,,False
2021-06-16,,0,0,,False
2021-06-17,,0,0,,False
2021-06-18,,0,0,,False
2021-06-19,,0,0,,False
2021-06-20,,0,0,,False
2021-06-21,,0,0,,False
2021-06-22,,0,0,,False
2021-06-23,,0,0,,False
2021-06-24,,0,0,,False
2021-06-25,,0,0,,False
2021-06-26,,0,0,,False
2021-06-27,,0,0,,False
2021-06-28,,0,0,,False
2021-06-29,,0,0,,False
2021-06-30,,0,0,,False
2021-07-01,,0,0,,False
2021-07-02,,0,0,,False
2021-07-03,,0,0,,False
2021-07-04,,0,0,,False
2021-07-05,,0,0,,False
2021-07-06,,0,0,,False
2021-07-07,,0,0,,False
2021-07-08,,0,0,,False
2021-07-09,,0,0,,False
2021-07-10,,0,0,,False
2021-07-11,,0,0,,False
2021-07-12,,0,0,,False
2021-07-13,,0,0,,False
2021-07-14,,0,0,,False
2021-07-15,,0,0,,False
2021-07-16,,0,0,,False
2021-07-17,,0,0,,False
2021-07-18,,0,0,,False
2021-07-19,,0,0,,False
2021-07-20,,0,0,,False
2021-07-21,,0,0,,False
2021-07-22,,0,0,,False
2021-07-23,,0,0,,False
2021-07-24,,0,0,,False
2021-07-25,,0,0,,False
2021-07-26,,0,0,,False
2021-07-27,,0,0,,False
2021-07-28,,0,0,,False
2021-07-29,,0,0,,False
2021-07-30,,0,0,,False
2021-07-31,,0,0,,False
2021-08-01,,0,0,,False
2021-08-02,,0,0,,False
2021-08-03,,0,0,,False
2021-08-04,,0,0,,False
2021-08-05,,0,0,,False
2021-08-06,,0,0,,False
2021-08-07,,0,0,,False
2021-08-08,,0,0,,False
2021-08-09,,0,0,,False
2021-08-10,,0,0,,False
2021-08-11,,0,0,,False
2021-08-12,,0,0,,False
2021-08-13,,0,0,,False
2021-08-14,,0,0,,False
2021-08-15,,0,0,,False
2021-08-16,,0,0,,False
2021-08-17,,0,0,,False
2021-08-18,,0,0,,False
2021-08-19,,0,0,,False
2021-08-20,,0,0,,False
2021-08-21,,0,0,,False
2021-08-22,,0,0,,False
2021-08-23,,0,0,,False
2021-08-24,,0,0,,False
2021-08-25,,0,0,,False
2021-08-26,,0,0,,False
2021-08-27,,0,0,,False
2021-08-28,,0,0,,False
2021-08-29,,0,0,,False
2021-08-30,,0,0,,False
2021-08-31,,0,0,,False
2021-09-01,,0,0,,False
2021-09-02,,0,0,,False
2021-09-03,,0,0,,False
2021-09-04,,0,0,,False
2021-09-05,,0,0,,False
2021-09-06,,0,0,,False
2021-09-07,,0,0,,False
2021-09-08,,0,0,,False
2021-09-09,,0,0,,False
2021-09-10,,0,0,,False
2021-09-11,,0,0,,False
2021-09-12,,0,0,,False
2021-09-13,,0,0,,False
2021-09-14,,0,0,,False
2021-09-15,,0,0,,False
2021-09-16,,0,0,,False
2021-09-17,,0,0,,False
2021-09-18,,0,0,,False
2021-09-19,,0,0,,False
2021-09-20,,0,0,,False
2021-09-21,,0,0,,False
2021-09-22,,0,0,,False
2021-09-23,,0,0,,False
2021-09-24,,0,0,,False
2021-09-25,,0,0,,False
2021-09-26,,0,0,,False
2021-09-27,,0,0,,False
2021-09-28,,0,0,,False
2021-09-29,,0,0,,False
2021-09-30,,0,0,,False
2021-10-01,,0,0,,False
2021-10-02,,0,0,,False
2021-10-03,,0,0,,False
2021-10-04,,0,0,,False
2021-10-05,,0,0,,False
2021-10-06,,0,0,,False
2021-10-07,,0,0,,False
2021-10-08,,0,0,,False
2021-10-09,,0,0,,False
2021-10-10,,0,0,,False
2021-10-11,,0,0,,False
2021-10-12,,0,0,,False
2021-10-13,,0,0,,False
2021-10-14,,0,0,,False
2021-10-15,,0,0,,False
2021-10-16,,0,0,,False
2021-10-17,,0,0,,False
2021-10-18,,0,0,,False
2021-10-19,,0,0,,False
2021-10-20,,0,0,,False
2021-10-21,,0,0,,False
2021-10-22,,0,0,,False
2021-10-23,,0,0,,False
2021-10-24,,0,0,,False
2021-10-25,,0,0,,False
2021-10-26,,0,0,,False
2021-10-27,,0,0,,False
2021-10-28,,0,0,,False
2021-10-29,,0,0,,False
2021-10-30,,0,0,,False
2021-10-31,,0,0,,False
2021-11-01,,0,0,,False
2021-11-02,,0,0,,False
2021-11-03,,0,0,,False
2021-11-04,,0,0,,False
2021-11-05,,0,0,,False
2021-11-06,,0,0,,False
2021-11-07,,0,0,,False
2021-11-08,,0,0,,False
2021-11-09,,0,0,,False
2021-11-10,,0,0,,False
2021-11-11,,0,0,,False
2021-11-12,,0,0,,False
2021-11-13,,0,0,,False
2021-11-14,,0,0,,False
2021-11-15,,0,0,,False
2021-11-16,,0,0,,False
2021-11-17,,0,0,,False
2021-11-18,,0,0,,False
2021-11-19,,0,0,,False
2021-11-20,,0,0,,False
2021-11-21,,0,0,,False
2021-11-22,,0,0,,False
2021-11-23,,0,0,,False
2021-11-24,,0,0,,False
2021-11-25,,0,0,,False
2021-11-26,,0,0,,False
2021-11-27,,0,0,,False
2021-11-28,,0,0,,False
2021-11-29,,0,0,,False
2021-11-30,,0,0,,False
2021-12-01,,0,0,,False
2021-12-02,,0,0,,False
2021-12-03,,0,0,,False
2021-12-04,,0,0,,False
2021-12-05,,0,0,,False
2021-12-06,,0,0,,False
2021-12-07,,0,0,,False
2021-12-08,,0,0,,False
2021-12-09,,0,0,,False
2021-12-10,,0,0,,False
2021-12-11,,0,0,,False
2021-12-12,,0,0,,False
2021-12-13,,0,0,,False
2021-12-14,,0,0,,False
2021-12-15,,0,0,,False
2021-12-16,,0,0,,False
2021-12-17,,0,0,,False
2021-12-18,,0,0,,False
2021-12-19,,0,0,,False
2021-12-20,,0,0,,False
2021-12-21,,0,0,,False
2021-12-22,,0,0,,False
2021-12-23,,0,0,,False
2021-12-24,,0,0,,False
2021-12-25,,0,0,,False
2021-12-26,,0,0,,False
2021-12-27,,0,0,,False
2021-12-28,,0,0,,False
2021-12-29,,0,0,,False
2021-12-30,,0,0,,False
2021-12-31,,0,0,,False
2022-01-01,,0,0,,False
2022-01-02,,0,0,,False
2022-01-03,,0,0,,False
2022-01-04,,0,0,,False
2022-01-05,,0,0,,False
2022-01-06,,0,0,,False
2022-01-07,,0,0,,False
2022-01-08,,0,0,,False
2022-01-09,,0,0,,False
2022-01-10,,0,0,,False
2022-01-11,,0,0,,False
2022-01-12,,0,0,,False
2022-01-13,,0,0,,False
2022-01-14,,0,0,,False
2022-01-15,,0,0,,False
2022-01-16,,0,0,,False
2022-01-17,,0,0,,False
2022-01-18,,0,0,,False
2022-01-19,,0,0,,False
2022-01-20,,0,0,,False
2022-01-21,,0,0,,False
2022-01-22,,0,0,,False
2022-01-23,,0,0,,False
2022-01-24,,0,0,,False
2022-01-25,,0,0,,False
2022-01-26,,0,0,,False
2022-01-27,,0,0,,False
2022-01-28,,0,0,,False
2022-01-29,,0,0,,False
2022-01-30,,0,0,,False
2022-01-31,,0,0,,False
2022-02-01,,0,0,,False
2022-02-02,,0,0,,False
2022-02-03,,0,0,,False
2022-02-04,,0,0,,False
2022-02-05,,0,0,,False
2022-02-06,,0,0,,False
2022-02-07,,0,0,,False
2022-02-08,,0,0,,False
2022-02-09,,0,0,,False
2022-02-10,,0,0,,False
2022-02-11,,0,0,,False
2022-02-12,,0,0,,False
2022-02-13,,0,0,,False
2022-02-14,,0,0,,False
2022-02-15,,0,0,,False
2022-02-16,,0,0,,False
2022-02-17,,0,0,,False
2022-02-18,,0,0,,False
2022-02-19,,0,0,,False
2022-02-20,,0,0,,False
2022-02-21,,0,0,,False
2022-02-22,,0,0,,False
2022-02-23,,0,0,,False
2022-02-24,,0,0,,False
2022-02-25,,0,0,,False
2022-02-26,,0,0,,False
2022-02-27,,0,0,,False
2022-02-28,,0,0,,False
2022-03-01,,0,0,,False
2022-03-02,,0,0,,False
2022-03-03,,0,0,,False
2022-03-04,,0,0,,False
2022-03-05,,0,0,,False
2022-03-06,,0,0,,False
2022-03-07,,0,0,,False
2022-03-08,,0,0,,False
2022-03-09,,0,0,,False
2022-03-10,,0,0,,False
2022-03-11,,0,0,,False
2022-03-12,,0,0,,False
2022-03-13,,0,0,,False
2022-03-14,,0,0,,False
2022-03-15,,0,0,,False
2022-03-16,,0,0,,False
2022-03-17,,0,0,,False
2022-03-18,,0,0,,False
2022-03-19,,0,0,,False
2022-03-20,,0,0,,False
2022-03-21,,0,0,,False
2022-03-22,,0,0,,False
2022-03-23,,0,0,,False
2022-03-24,,0,0,,False
2022-03-25,,0,0,,False
2022-03-26,,0,0,,False
2022-03-27,,0,0,,False
2022-03-28,,0,0,,False
2022-03-29,,0,0,,False
2022-03-30,,0,0,,False
2022-03-31,,0,0,,False
2022-04-01,,0,0,,False
2022-04-02,,0,0,,False
2022-04-03,,0,0,,False
2022-04-04,,0,0,,False
2022-04-05,,0,0,,False
2022-04-06,,0,0,,False
2022-04-07,,0,0,,False
2022-04-08,,0,0,,False
2022-04-09,,0,0,,False
2022-04-10,,0,0,,False
2022-04-11,,0,0,,False
2022-04-12,,0,0,,False
2022-04-13,,0,0,,False
2022-04-14,,0,0,,False
2022-04-15,,0,0,,False
2022-04-16,,0,0,,False
2022-04-17,,0,0,,False
2022-04-18,,0,0,,False
2022-04-19,,0,0,,False
2022-04-20,,0,0,,False
2022-04-21,,0,0,,False
2022-04-22,,0,0,,False
2022-04-23,,0,0,,False
2022-04-24,,0,0,,False
2022-04-25,,0,0,,False
2022-04-26,,0,0,,False
2022-04-27,,0,0,,False
2022-04-28,,0,0,,False
2022-04-29,,0,0,,False
2022-04-30,,0,0,,False
2022-05-01,,0,0,,False
2022-05-02,,0,0,,False
2022-05-03,,0,0,,False
2022-05-04,,0,0,,False
2022-05-05,,0,0,,False
2022-05-06,,0,0,,False
2022-05-07,,0,0,,False
2022-05-08,,0,0,,False
2022-05-09,,0,0,,False
2022-05-10,,0,0,,False
2022-05-11,,0,0,,False
2022-05-12,,0,0,,False
2022-05-13,,0,0,,False
2022-05-14,,0,0,,False
2022-05-15,,0,0,,False
2022-05-16,,0,0,,False
2022-05-17,,0,0,,False
2022-05-18,,0,0,,False
2022-05-19,,0,0,,False
2022-05-20,,0,0,,False
2022-05-21,,0,0,,False
2022-05-22,,0,0,,False
2022-05-23,,0,0,,False
2022-05-24,,0,0,,False
2022-05-25,,0,0,,False
2022-05-26,,0,0,,False
2022-05-27,,0,0,,False
2022-05-28,,0,0,,False
2022-05-29,,0,0,,False
2022-05-30,,0,0,,False
2022-05-31,,0,0,,False
2022-06-01,,0,0,,False
2022-06-02,,0,0,,False
2022-06-03,,0,0,,False
2022-06-04,,0,0,,False
2022-06-05,,0,0,,False
2022-06-06,,0,0,,False
2022-06-07,,0,0,,False
2022-06-08,,0,0,,False
2022-06-09,,0,0,,False
2022-06-10,,0,0,,False
2022-06-11,,0,0,,False
2022-06-12,,0,0,,False
2022-06-13,,0,0,,False
2022-06-14,,0,0,,False
2022-06-15,,0,0,,False
2022-06-16,,0,0,,False
2022-06-17,,0,0,,False
2022-06-18,,0,0,,False
2022-06-19,,0,0,,False
2022-06-20,,0,0,,False
2022-06-21,,0,0,,False
2022-06-22,,0,0,,False
2022-06-23,,0,0,,False
2022-06-24,,0,0,,False
2022-06-25,,0,0,,False
2022-06-26,,0,0,,False
2022-06-27,,0,0,,False
2022-06-28,,0,0,,False
2022-06-29,,0,0,,False
2022-06-30,,0,0,,False
2022-07-01,,0,0,,False
2022-07-02,,0,0,,False
2022-07-03,,0,0,,False
2022-07-04,,0,0,,False
2022-07-05,,0,0,,False
2022-07-06,,0,0,,False
2022-07-07,,0,0,,False
2022-07-08,,0,0,,False
2022-07-09,,0,0,,False
2022-07-10,,0,0,,False
2022-07-11,,0,0,,False
2022-07-12,,0,0,,False
2022-07-13,,0,0,,False
2022-07-14,,0,0,,False
2022-07-15,,0,0,,False
2022-07-16,,0,0,,False
2022-07-17,,0,0,,False
2022-07-18,,0,0,,False
2022-07-19,,0,0,,False
2022-07-20,,0,0,,False
2022-07-21,,0,0,,False
2022-07-22,,0,0,,False
2022-07-23,,0,0,,False
2022-07-24,,0,0,,False
2022-07-25,,0,0,,False
2022-07-26,,0,0,,False
2022-07-27,,0,0,,False
2022-07-28,,0,0,,False
2022-07-29,,0,0,,False
2022-07-30,,0,0,,False
2022-07-31,,0,0,,False
2022-08-01,,0,0,,False
2022-08-02,,0,0,,False
2022-08-03,,0,0,,False
2022-08-04,,0,0,,False
2022-08-05,,0,0,,False
2022-08-06,,0,0,,False
2022-08-07,,0,0,,False
2022-08-08,,0,0,,False
2022-08-09,,0,0,,False
2022-08-10,,0,0,,False
2022-08-11,,0,0,,False
2022-08-12,,0,0,,False
2022-08-13,,0,0,,False
2022-08-14,,0,0,,False
2022-08-15,,0,0,,False
2022-08-16,,0,0,,False
2022-08-17,,0,0,,False
2022-08-18,,0,0,,False
2022-08-19,,0,0,,False
2022-08-20,,0,0,,False
2022-08-21,,0,0,,False
2022-08-22,,0,0,,False
2022-08-23,,0,0,,False
2022-08-24,,0,0,,False
2022-08-25,,0,0,,False
2022-08-26,,0,0,,False
2022-08-27,,0,0,,False
2022-08-28,,0,0,,False
2022-08-29,,0,0,,False
2022-08-30,,0,0,,False
2022-08-31,,0,0,,False
2022-09-01,,0,0,,False
2022-09-02,,0,0,,False
2022-09-03,,0,0,,False
2022-09-04,,0,0,,False
2022-09-05,,0,0,,False
2022-09-06,,0,0,,False
2022-09-07,,0,0,,False
2022-09-08,,0,0,,False
2022-09-09,,0,0,,False
2022-09-10,,0,0,,False
2022-09-11,,0,0,,False
2022-09-12,,0,0,,False
2022-09-13,,0,0,,False
2022-09-14,,0,0,,False
2022-09-15,,0,0,,False
2022-09-16,,0,0,,False
2022-09-17,,0,0,,False
2022-09-18,,0,0,,False
2022-09-19,,0,0,,False
2022-09-20,,0,0,,False
2022-09-21,,0,0,,False
2022-09-22,,0,0,,False
2022-09-23,,0,0,,False
2022-09-24,,0,0,,False
2022-09-25,,0,0,,False
2022-09-26,,0,0,,False
2022-09-27,,0,0,,False
2022-09-28,,0,0,,False
2022-09-29,,0,0,,False
2022-09-30,,0,0,,False
2022-10-01,,0,0,,False
2022-10-02,,0,0,,False
2022-10-03,,0,0,,False
2022-10-04,,0,0,,False
2022-10-05,,0,0,,False
2022-10-06,,0,0,,False
2022-10-07,,0,0,,False
2022-10-08,,0,0,,False
2022-10-09,,0,0,,False
2022-10-10,,0,0,,False
2022-10-11,,0,0,,False
2022-10-12,,0,0,,False
2022-10-13,,0,0,,False
2022-10-14,,0,0,,False
2022-10-15,,0,0,,False
2022-10-16,,0,0,,False
2022-10-17,,0,0,,False
2022-10-18,,0,0,,False
2022-10-19,,0,0,,False
2022-10-20,,0,0,,False
2022-10-21,,0,0,,False
2022-10-22,,0,0,,False
2022-10-23,,0,0,,False
2022-10-24,,0,0,,False
2022-10-25,,0,0,,False
2022-10-26,,0,0,,False
2022-10-27,,0,0,,False
2022-10-28,,0,0,,False
2022-10-29,,0,0,,False
2022-10-30,,0,0,,False
2022-10-31,,0,0,,False
2022-11-01,,0,0,,False
2022-11-02,,0,0,,False
2022-11-03,,0,0,,False
2022-11-04,,0,0,,False
2022-11-05,,0,0,,False
2022-11-06,,0,0,,False
2022-11-07,,0,0,,False
2022-11-08,,0,0,,False
2022-11-09,,0,0,,False
2022-11-10,,0,0,,False
2022-11-11,,0,0,,False
2022-11-12,,0,0,,False
2022-11-13,,0,0,,False
2022-11-14,,0,0,,False
2022-11-15,,0,0,,False
2022-11-16,,0,0,,False
2022-11-17,,0,0,,False
2022-11-18,13.2559,14,3,4,False
2022-11-19,12.2353,24,4,4,True
2022-11-20,11.6727,24,4,4,True
2022-11-21,11.2504,24,4,4,True
2022-11-22,10.8460,24,4,4,True
2022-11-23,10.8967,24,4,4,True
2022-11-24,10.9730,24,4,4,True
2022-11-25,10.9122,24,4,4,True
2022-11-26,10.5312,24,4,4,True
2022-11-27,9.7994,24,4,4,True
2022-11-28,10.5956,24,4,4,True
2022-11-29,10.0205,24,4,4,True
2022-11-30,9.2105,24,4,4,True
2022-12-01,8.8340,24,4,4,True
2022-12-02,8.6313,24,4,4,True
2022-12-03,8.8318,24,4,4,True
2022-12-04,9.3793,24,4,4,True
2022-12-05,8.1558,24,4,4,True
2022-12-06,7.6230,24,4,4,True
2022-12-07,7.7381,24,4,4,True
2022-12-08,7.4287,24,4,4,True
2022-12-09,8.7111,24,4,4,True
2022-12-10,8.7967,24,4,4,True
2022-12-11,6.8794,24,4,4,True
2022-12-12,6.2029,24,4,4,True
2022-12-13,7.1009,24,4,4,True
2022-12-14,8.3404,24,4,4,True
2022-12-15,9.4226,24,4,4,True
2022-12-16,9.9305,24,4,4,True
2022-12-17,9.3510,24,4,4,True
2022-12-18,8.6769,24,4,4,True
2022-12-19,9.8369,24,4,4,True
2022-12-20,10.7067,24,4,4,True
2022-12-21,10.8918,24,4,4,True
2022-12-22,10.9137,24,4,4,True
2022-12-23,11.5765,24,4,4,True
2022-12-24,10.9333,24,4,4,True
2022-12-25,10.2485,24,4,4,True
2022-12-26,10.8276,24,4,4,True
2022-12-27,10.3549,24,4,4,True
2022-12-28,9.7061,24,4,4,True
2022-12-29,9.9476,24,4,4,True
2022-12-30,10.3987,24,4,4,True
2022-12-31,10.3518,24,4,4,True
2023-01-01,11.2015,24,4,4,True
2023-01-02,11.6890,24,4,4,True
2023-01-03,11.4267,24,4,4,True
2023-01-04,10.0738,24,4,4,True
2023-01-05,10.1361,24,4,4,True
2023-01-06,9.8415,24,4,4,True
2023-01-07,10.2068,24,4,4,True
2023-01-08,10.3417,24,4,4,True
2023-01-09,9.8333,24,4,4,True
2023-01-10,9.3752,24,4,4,True
2023-01-11,9.0580,24,4,4,True
2023-01-12,9.4883,24,4,4,True
2023-01-13,9.5162,24,4,4,True
2023-01-14,9.2332,24,4,4,True
2023-01-15,9.1356,24,4,4,True
2023-01-16,8.5900,24,4,4,True
2023-01-17,8.4106,24,4,4,True
2023-01-18,7.2924,24,4,4,True
2023-01-19,6.6010,24,4,4,True
2023-01-20,6.1733,24,4,4,True
2023-01-21,5.4173,24,4,4,True
2023-01-22,4.9241,24,4,4,True
2023-01-23,4.6390,24,4,4,True
2023-01-24,5.1173,24,4,4,True
2023-01-25,5.3463,24,4,4,True
2023-01-26,5.0930,24,4,4,True
2023-01-27,4.9823,24,4,4,True
2023-01-28,5.3520,24,4,4,True
2023-01-29,5.5080,24,4,4,True
2023-01-30,5.2680,24,4,4,True
2023-01-31,5.9385,24,4,4,True
2023-02-01,6.7763,24,4,4,True
2023-02-02,6.9180,24,4,4,True
2023-02-03,6.9632,24,4,4,True
2023-02-04,7.3178,24,4,4,True
2023-02-05,7.6668,24,4,4,True
2023-02-06,7.6868,24,4,4,True
2023-02-07,6.7445,24,4,4,True
2023-02-08,6.4518,24,4,4,True
2023-02-09,6.8962,24,4,4,True
2023-02-10,6.5064,24,4,4,True
2023-02-11,6.1260,24,4,4,True
2023-02-12,5.9548,24,4,4,True
2023-02-13,5.8905,24,4,4,True
2023-02-14,6.5841,24,4,4,True
2023-02-15,7.9669,24,4,4,True
2023-02-16,7.9776,24,4,4,True
2023-02-17,8.0929,24,4,4,True
2023-02-18,8.7535,24,4,4,True
2023-02-19,9.2054,24,4,4,True
2023-02-20,9.3501,24,4,4,True
2023-02-21,8.8919,24,4,4,True
2023-02-22,9.4180,24,4,4,True
2023-02-23,9.3548,24,4,4,True
2023-02-24,9.8187,24,4,4,True
2023-02-25,8.3690,24,4,4,True
2023-02-26,7.9162,24,4,4,True
2023-02-27,6.4858,24,4,4,True
2023-02-28,6.2806,24,4,4,True
2023-03-01,6.1367,24,4,4,True
2023-03-02,6.3329,24,4,4,True
2023-03-03,6.7066,24,4,4,True
2023-03-04,7.4157,24,4,4,True
2023-03-05,7.8348,24,4,4,True
2023-03-06,7.8865,24,4,4,True
2023-03-07,7.7500,24,4,4,True
2023-03-08,8.8021,24,4,4,True
2023-03-09,10.1209,24,4,4,True
2023-03-10,10.9132,24,4,4,True
2023-03-11,12.2916,24,4,4,True
2023-03-12,12.2595,24,4,4,True
2023-03-13,12.1205,24,4,4,True
2023-03-14,11.4190,24,4,4,True
2023-03-15,10.8250,24,4,4,True
2023-03-16,10.4047,24,4,4,True
2023-03-17,10.6312,24,4,4,True
2023-03-18,10.3438,24,4,4,True
2023-03-19,10.8889,24,4,4,True
2023-03-20,11.1208,24,4,4,True
2023-03-21,10.4831,24,4,4,True
2023-03-22,11.3012,24,4,4,True
2023-03-23,11.5447,24,4,4,True
2023-03-24,11.9330,24,4,4,True
2023-03-25,11.9202,24,4,4,True
2023-03-26,11.8465,22,4,4,True
2023-03-27,10.5117,24,4,4,True
2023-03-28,10.4040,24,4,4,True
2023-03-29,10.9922,24,4,4,True
2023-03-30,12.3995,24,4,4,True
2023-03-31,12.1048,24,4,4,True
2023-04-01,11.4222,24,4,4,True
2023-04-02,10.5678,24,4,4,True
2023-04-03,10.8885,24,4,4,True
2023-04-04,11.1552,24,4,4,True
2023-04-05,11.1303,24,4,4,True
2023-04-06,11.3077,24,4,4,True
2023-04-07,11.7795,24,4,4,True
2023-04-08,12.1263,24,4,4,True
2023-04-09,12.1930,24,4,4,True
2023-04-10,12.5562,24,4,4,True
2023-04-11,13.2414,24,4,4,True
2023-04-12,12.4848,24,4,4,True
2023-04-13,11.5764,24,4,4,True
2023-04-14,11.1726,24,4,4,True
2023-04-15,11.8768,24,4,4,True
2023-04-16,11.9686,24,4,4,True
2023-04-17,12.1176,24,4,4,True
2023-04-18,12.5101,24,4,4,True
2023-04-19,12.5174,24,4,4,True
2023-04-20,13.2521,24,4,4,True
2023-04-21,12.9145,24,4,4,True
2023-04-22,12.8100,24,4,4,True
2023-04-23,12.9339,24,4,4,True
2023-04-24,13.0816,24,4,4,True
2023-04-25,13.6599,24,4,4,True
2023-04-26,14.3386,24,4,4,True
2023-04-27,14.6106,24,4,4,True
2023-04-28,14.7396,24,4,4,True
2023-04-29,15.4882,24,4,4,True
2023-04-30,16.3823,24,4,4,True
2023-05-01,15.4344,24,4,4,True
2023-05-02,15.3638,24,4,4,True
2023-05-03,15.4235,24,4,4,True
2023-05-04,15.8313,24,4,4,True
2023-05-05,16.1950,24,4,4,True
2023-05-06,16.7491,24,4,4,True
2023-05-07,17.0472,24,4,4,True
2023-05-08,16.4440,24,4,4,True
2023-05-09,15.8958,24,4,4,True
2023-05-10,15.3892,24,4,4,True
2023-05-11,15.2569,24,4,4,True
2023-05-12,14.4841,24,4,4,True
2023-05-13,14.3712,24,4,4,True
2023-05-14,14.8973,24,4,4,True
2023-05-15,15.1638,24,4,4,True
2023-05-16,15.2283,24,4,4,True
2023-05-17,14.7940,24,4,4,True
2023-05-18,15.0125,24,4,4,True
2023-05-19,14.7922,24,4,4,True
2023-05-20,15.0769,24,4,4,True
2023-05-21,15.2424,24,4,4,True
2023-05-22,15.8447,24,4,4,True
2023-05-23,16.3118,24,4,4,True
2023-05-24,16.9979,24,4,4,True
2023-05-25,17.2604,24,4,4,True
2023-05-26,17.5802,24,4,4,True
2023-05-27,18.2532,24,4,4,True
2023-05-28,18.4485,24,4,4,True
2023-05-29,18.1275,24,4,4,True
2023-05-30,18.3602,24,4,4,True
2023-05-31,17.6736,24,4,4,True
2023-06-01,16.7213,24,4,4,True
2023-06-02,16.9003,24,4,4,True
2023-06-03,16.8518,24,4,4,True
2023-06-04,17.1205,24,4,4,True
2023-06-05,17.1958,24,4,4,True
2023-06-06,16.8042,24,4,4,True
2023-06-07,17.1646,24,4,4,True
2023-06-08,17.9115,24,4,4,True
2023-06-09,17.2931,24,4,4,True
2023-06-10,17.5730,24,4,4,True
2023-06-11,18.9441,24,4,4,True
2023-06-12,18.7072,24,4,4,True
2023-06-13,17.4369,24,4,4,True
2023-06-14,18.0848,24,4,4,True
2023-06-15,19.0899,24,4,4,True
2023-06-16,19.3438,24,4,4,True
2023-06-17,19.6718,24,4,4,True
2023-06-18,19.7944,24,4,4,True
2023-06-19,19.7547,24,4,4,True
2023-06-20,18.9420,24,4,4,True
2023-06-21,19.2482,24,4,4,True
2023-06-22,19.7160,24,4,4,True
2023-06-23,20.4786,24,4,4,True
2023-06-24,21.1539,24,4,4,True
2023-06-25,21.3718,24,4,4,True
2023-06-26,22.1810,24,4,4,True
2023-06-27,21.9234,24,4,4,True
2023-06-28,21.6250,24,4,4,True
2023-06-29,21.7355,24,4,4,True
2023-06-30,21.0023,24,4,4,True
2023-07-01,19.5009,24,4,4,True
2023-07-02,20.3535,24,4,4,True
2023-07-03,21.1758,24,4,4,True
2023-07-04,21.2338,24,4,4,True
2023-07-05,20.8494,24,4,4,True
2023-07-06,21.0038,24,4,4,True
2023-07-07,21.3854,24,4,4,True
2023-07-08,21.8994,24,4,4,True
2023-07-09,22.5577,24,4,4,True
2023-07-10,23.2902,24,4,4,True
2023-07-11,23.2295,24,4,4,True
2023-07-12,23.1818,24,4,4,True
2023-07-13,22.3573,24,4,4,True
2023-07-14,22.2304,24,4,4,True
2023-07-15,22.6618,24,4,4,True
2023-07-16,22.6928,24,4,4,True
2023-07-17,23.3684,24,4,4,True
2023-07-18,23.9328,24,4,4,True
2023-07-19,23.6094,24,4,4,True
2023-07-20,23.5638,24,4,4,True
2023-07-21,23.2515,24,4,4,True
2023-07-22,23.1360,24,4,4,True
2023-07-23,23.3376,24,4,4,True
2023-07-24,23.6743,24,4,4,True
2023-07-25,22.0618,24,4,4,True
2023-07-26,21.2952,24,4,4,True
2023-07-27,22.2171,24,4,4,True
2023-07-28,22.9968,24,4,4,True
2023-07-29,23.2685,24,4,4,True
2023-07-30,23.4105,24,4,4,True
2023-07-31,22.8749,24,4,4,True
2023-08-01,22.0986,24,4,4,True
2023-08-02,22.6136,24,4,4,True
2023-08-03,22.2972,24,4,4,True
2023-08-04,21.1186,24,4,4,True
2023-08-05,20.4942,24,4,4,True
2023-08-06,20.3267,24,4,4,True
2023-08-07,20.3620,24,4,4,True
2023-08-08,20.6664,24,4,4,True
2023-08-09,21.0939,24,4,4,True
2023-08-10,21.8695,24,4,4,True
2023-08-11,22.9435,24,4,4,True
2023-08-12,23.1279,24,4,4,True
2023-08-13,23.4461,24,4,4,True
2023-08-14,23.1742,24,4,4,True
2023-08-15,23.4209,24,4,4,True
2023-08-16,22.9799,24,4,4,True
2023-08-17,22.9432,24,4,4,True
2023-08-18,22.8648,24,4,4,True
2023-08-19,23.3432,24,4,4,True
2023-08-20,24.1152,24,4,4,True
2023-08-21,25.0012,24,4,4,True
2023-08-22,25.2535,24,4,4,True
2023-08-23,25.7113,24,4,4,True
2023-08-24,25.5891,24,4,4,True
2023-08-25,24.7630,24,4,4,True
2023-08-26,23.6325,24,4,4,True
2023-08-27,21.4049,24,4,4,True
2023-08-28,20.2522,24,4,4,True
2023-08-29,19.8153,24,4,4,True
2023-08-30,19.7247,24,4,4,True
2023-08-31,20.4256,24,4,4,True
2023-09-01,20.7867,24,4,4,True
2023-09-02,21.0438,24,4,4,True
2023-09-03,20.4789,24,4,4,True
2023-09-04,20.5002,24,4,4,True
2023-09-05,20.7116,24,4,4,True
2023-09-06,20.7153,24,4,4,True
2023-09-07,20.3867,24,4,4,True
2023-09-08,20.3169,24,4,4,True
2023-09-09,20.1978,24,4,4,True
2023-09-10,20.0708,24,4,4,True
2023-09-11,19.4387,24,4,4,True
2023-09-12,20.0720,24,4,4,True
2023-09-13,20.2549,24,4,4,True
2023-09-14,20.5556,24,4,4,True
2023-09-15,20.0000,24,4,4,True
2023-09-16,19.8003,24,4,4,True
2023-09-17,19.9895,24,4,4,True
2023-09-18,20.6352,24,4,4,True
2023-09-19,20.3614,24,4,4,True
2023-09-20,19.3522,24,4,4,True
2023-09-21,19.1978,24,4,4,True
2023-09-22,18.5962,24,4,4,True
2023-09-23,17.8233,24,4,4,True
2023-09-24,17.3450,24,4,4,True
2023-09-25,17.3697,24,4,4,True
2023-09-26,17.4443,24,4,4,True
2023-09-27,17.6198,24,4,4,True
2023-09-28,17.8994,24,4,4,True
2023-09-29,18.4525,24,4,4,True
2023-09-30,19.1584,24,4,4,True
2023-10-01,19.1605,24,4,4,True
2023-10-02,18.0691,24,4,4,True
2023-10-03,18.6528,24,4,4,True
2023-10-04,18.5040,24,4,4,True
2023-10-05,17.5029,24,4,4,True
2023-10-06,17.0017,24,4,4,True
2023-10-07,16.8014,24,4,4,True
2023-10-08,16.5761,24,4,4,True
2023-10-09,16.4608,24,4,4,True
2023-10-10,16.5621,24,4,4,True
2023-10-11,16.6674,24,4,4,True
2023-10-12,17.4437,24,4,4,True
2023-10-13,17.7510,24,4,4,True
2023-10-14,17.6489,24,4,4,True
2023-10-15,16.8665,24,4,4,True
2023-10-16,15.9311,24,4,4,True
2023-10-17,16.1760,24,4,4,True
2023-10-18,16.5661,24,4,4,True
2023-10-19,16.7786,24,4,4,True
2023-10-20,16.7189,24,4,4,True
2023-10-21,15.8431,24,4,4,True
2023-10-22,14.7334,24,4,4,True
2023-10-23,15.3229,24,4,4,True
2023-10-24,15.1240,24,4,4,True
2023-10-25,14.8988,24,4,4,True
2023-10-26,15.1280,24,4,4,True
2023-10-27,14.9764,24,4,4,True
2023-10-28,14.3153,24,4,4,True
2023-10-29,13.8129,24,4,4,True
2023-10-30,14.5380,24,4,4,True
2023-10-31,13.9118,24,4,4,True
2023-11-01,13.4313,24,4,4,True
2023-11-02,13.1877,24,4,4,True
2023-11-03,12.1747,24,4,4,True
2023-11-04,12.0625,24,4,4,True
2023-11-05,12.2028,24,4,4,True
2023-11-06,11.9183,24,4,4,True
2023-11-07,12.0666,24,4,4,True
2023-11-08,11.5681,24,4,4,True
2023-11-09,11.8162,24,4,4,True
2023-11-10,12.0051,24,4,4,True
2023-11-11,11.7262,24,4,4,True
2023-11-12,12.2048,24,4,4,True
2023-11-13,12.6400,24,4,4,True
2023-11-14,12.8620,24,4,4,True
2023-11-15,13.0400,24,4,4,True
2023-11-16,11.9708,24,4,4,True
2023-11-17,12.1646,24,4,4,True
2023-11-18,11.8363,24,4,4,True
2023-11-19,11.4112,24,4,4,True
2023-11-20,11.8655,24,4,4,True
2023-11-21,11.7252,24,4,4,True
2023-11-22,10.5056,24,4,4,True
2023-11-23,9.5151,24,4,4,True
2023-11-24,9.1994,24,4,4,True
2023-11-25,9.0918,24,4,4,True
2023-11-26,8.1984,24,4,4,True
2023-11-27,8.0643,24,4,4,True
2023-11-28,9.0272,24,4,4,True
2023-11-29,8.3523,24,4,4,True
2023-11-30,9.2209,24,4,4,True
2023-12-01,9.6466,24,4,4,True
2023-12-02,8.3310,24,4,4,True
2023-12-03,6.5733,24,4,4,True
2023-12-04,7.1543,24,4,4,True
2023-12-05,7.7019,24,4,4,True
2023-12-06,7.4055,24,4,4,True
2023-12-07,6.4081,24,4,4,True
2023-12-08,7.5156,24,4,4,True
2023-12-09,8.6072,24,4,4,True
2023-12-10,9.3599,24,4,4,True
2023-12-11,9.8605,24,4,4,True
2023-12-12,10.0881,24,4,4,True
2023-12-13,10.1945,24,4,4,True
2023-12-14,9.1176,24,4,4,True
2023-12-15,8.6912,24,4,4,True
2023-12-16,8.3939,24,4,4,True
2023-12-17,7.2544,24,4,4,True
2023-12-18,6.4951,24,4,4,True
2023-12-19,6.4738,24,4,4,True
2023-12-20,7.1823,24,4,4,True
2023-12-21,7.7801,24,4,4,True
2023-12-22,9.0798,24,4,4,True
2023-12-23,9.2447,24,4,4,True
2023-12-24,8.8979,24,4,4,True
2023-12-25,8.0260,24,4,4,True
2023-12-26,7.4621,24,4,4,True
2023-12-27,6.8222,24,4,4,True
2023-12-28,8.1390,24,4,4,True
2023-12-29,8.8247,24,4,4,True
2023-12-30,8.8690,24,4,4,True
2023-12-31,8.7492,24,4,4,True
2024-01-01,9.0291,24,4,4,True
2024-01-02,8.4947,24,4,4,True
2024-01-03,8.8390,24,4,4,True
2024-01-04,9.4163,24,4,4,True
2024-01-05,9.4493,24,4,4,True
2024-01-06,8.5118,24,4,4,True
2024-01-07,7.1150,24,4,4,True
2024-01-08,6.6804,24,4,4,True
2024-01-09,5.6761,24,4,4,True
2024-01-10,4.8290,24,4,4,True
2024-01-11,5.3280,24,4,4,True
2024-01-12,5.4803,24,4,4,True
2024-01-13,5.1775,24,4,4,True
2024-01-14,5.5609,24,4,4,True
2024-01-15,7.0637,24,4,4,True
2024-01-16,8.2223,24,4,4,True
2024-01-17,8.6933,24,4,4,True
2024-01-18,8.8822,24,4,4,True
2024-01-19,7.9267,24,4,4,True
2024-01-20,6.0100,24,4,4,True
2024-01-21,6.2473,24,4,4,True
2024-01-22,6.3823,24,4,4,True
2024-01-23,7.8699,24,4,4,True
2024-01-24,8.9770,24,4,4,True
2024-01-25,8.9948,24,4,4,True
2024-01-26,9.4277,24,4,4,True
2024-01-27,9.4532,24,4,4,True
2024-01-28,8.5319,24,4,4,True
2024-01-29,9.4728,24,4,4,True
2024-01-30,9.8694,24,4,4,True
2024-01-31,10.0769,24,4,4,True
2024-02-01,9.8311,24,4,4,True
2024-02-02,10.1925,24,4,4,True
2024-02-03,9.6063,24,4,4,True
2024-02-04,9.4593,24,4,4,True
2024-02-05,9.1403,24,4,4,True
2024-02-06,8.9041,24,4,4,True
2024-02-07,8.8513,24,4,4,True
2024-02-08,9.6611,24,4,4,True
2024-02-09,10.1290,24,4,4,True
2024-02-10,10.0810,24,4,4,True
2024-02-11,9.0973,24,4,4,True
2024-02-12,9.1338,24,4,4,True
2024-02-13,9.3043,24,4,4,True
2024-02-14,8.9530,24,4,4,True
2024-02-15,9.3732,24,4,4,True
2024-02-16,10.3031,24,4,4,True
2024-02-17,10.6199,24,4,4,True
2024-02-18,10.1501,24,4,4,True
2024-02-19,10.7013,24,4,4,True
2024-02-20,10.2934,24,4,4,True
2024-02-21,9.8542,24,4,4,True
2024-02-22,10.3648,24,4,4,True
2024-02-23,9.4831,24,4,4,True
2024-02-24,9.0152,24,4,4,True
2024-02-25,8.7979,24,4,4,True
2024-02-26,9.3793,24,4,4,True
2024-02-27,9.3133,24,4,4,True
2024-02-28,8.5919,24,4,4,True
2024-02-29,8.6420,24,4,4,True
2024-03-01,9.0206,24,4,4,True
2024-03-02,9.5575,24,4,4,True
2024-03-03,9.0991,24,4,4,True
2024-03-04,8.5808,24,4,4,True
2024-03-05,8.9732,24,4,4,True
2024-03-06,8.9378,24,4,4,True
2024-03-07,8.2354,24,4,4,True
2024-03-08,9.3176,24,4,4,True
2024-03-09,9.6392,24,4,4,True
2024-03-10,9.8208,24,4,4,True
2024-03-11,9.6285,24,4,4,True
2024-03-12,9.9944,24,4,4,True
2024-03-13,10.2450,24,4,4,True
2024-03-14,9.9192,24,4,4,True
2024-03-15,11.0435,24,4,4,True
2024-03-16,11.8420,24,4,4,True
2024-03-17,11.9275,24,4,4,True
2024-03-18,12.3004,24,4,4,True
2024-03-19,11.9898,24,4,4,True
2024-03-20,11.4794,24,4,4,True
2024-03-21,12.5502,24,4,4,True
2024-03-22,13.1749,24,4,4,True
2024-03-23,12.8699,24,4,4,True
2024-03-24,11.3231,24,4,4,True
2024-03-25,10.3189,24,4,4,True
2024-03-26,10.3080,24,4,4,True
2024-03-27,10.4441,24,4,4,True
2024-03-28,10.7743,24,4,4,True
2024-03-29,11.0947,24,4,4,True
2024-03-30,11.8522,24,4,4,True
2024-03-31,11.8013,22,4,4,True
2024-04-01,11.4281,24,4,4,True
2024-04-02,11.1429,24,4,4,True
2024-04-03,12.1317,24,4,4,True
2024-04-04,12.4671,24,4,4,True
2024-04-05,12.8490,24,4,4,True
2024-04-06,12.6405,24,4,4,True
2024-04-07,12.8683,24,4,4,True
2024-04-08,12.7898,24,4,4,True
2024-04-09,12.0999,24,4,4,True
2024-04-10,11.4586,24,4,4,True
2024-04-11,12.1280,24,4,4,True
2024-04-12,13.4171,24,4,4,True
2024-04-13,14.4653,24,4,4,True
2024-04-14,15.1337,24,4,4,True
2024-04-15,14.8886,24,4,4,True
2024-04-16,13.5563,24,4,4,True
2024-04-17,12.3943,24,4,4,True
2024-04-18,11.9238,24,4,4,True
2024-04-19,12.0121,24,4,4,True
2024-04-20,12.8837,24,4,4,True
2024-04-21,12.5157,24,4,4,True
2024-04-22,11.6812,24,4,4,True
2024-04-23,10.9097,24,4,4,True
2024-04-24,10.2354,24,4,4,True
2024-04-25,11.0913,24,4,4,True
2024-04-26,12.3938,24,4,4,True
2024-04-27,12.0758,24,4,4,True
2024-04-28,11.7768,24,4,4,True
2024-04-29,11.6060,24,4,4,True
2024-04-30,11.7353,24,4,4,True
2024-05-01,11.7727,24,4,4,True
2024-05-02,10.9345,24,4,4,True
2024-05-03,11.3158,24,4,4,True
2024-05-04,12.0586,24,4,4,True
2024-05-05,12.7495,24,4,4,True
2024-05-06,12.9434,24,4,4,True
2024-05-07,12.1060,24,4,4,True
2024-05-08,12.7810,24,4,4,True
2024-05-09,13.6488,24,4,4,True
2024-05-10,13.9935,24,4,4,True
2024-05-11,14.1043,24,4,4,True
2024-05-12,14.4526,24,4,4,True
2024-05-13,14.4739,24,4,4,True
2024-05-14,13.6924,24,4,4,True
2024-05-15,13.2328,24,4,4,True
2024-05-16,13.4580,24,4,4,True
2024-05-17,13.5560,24,4,4,True
2024-05-18,13.9155,24,4,4,True
2024-05-19,14.2799,24,4,4,True
2024-05-20,14.3520,24,4,4,True
2024-05-21,14.0723,24,4,4,True
2024-05-22,14.2656,24,4,4,True
2024-05-23,14.4842,24,4,4,True
2024-05-24,14.0327,24,4,4,True
2024-05-25,14.3019,24,4,4,True
2024-05-26,15.2560,24,4,4,True
2024-05-27,14.9218,24,4,4,True
2024-05-28,15.1537,24,4,4,True
2024-05-29,15.7842,24,4,4,True
2024-05-30,15.8271,24,4,4,True
2024-05-31,15.4899,24,4,4,True
2024-06-01,15.3241,24,4,4,True
2024-06-02,16.2054,24,4,4,True
2024-06-03,17.0941,24,4,4,True
2024-06-04,17.2005,24,4,4,True
2024-06-05,17.7318,24,4,4,True
2024-06-06,18.2870,24,4,4,True
2024-06-07,18.4871,24,4,4,True
2024-06-08,18.2088,24,4,4,True
2024-06-09,17.2822,24,4,4,True
2024-06-10,17.4226,24,4,4,True
2024-06-11,17.3881,24,4,4,True
2024-06-12,17.1411,24,4,4,True
2024-06-13,17.2528,24,4,4,True
2024-06-14,17.8827,24,4,4,True
2024-06-15,17.6173,24,4,4,True
2024-06-16,17.7170,24,4,4,True
2024-06-17,17.2050,24,4,4,True
2024-06-18,17.5029,24,4,4,True
2024-06-19,17.9344,24,4,4,True
2024-06-20,17.8304,24,4,4,True
2024-06-21,17.8907,24,4,4,True
2024-06-22,17.6579,24,4,4,True
2024-06-23,17.7845,24,4,4,True
2024-06-24,19.0413,24,4,4,True
2024-06-25,19.8771,24,4,4,True
2024-06-26,20.1745,24,4,4,True
2024-06-27,20.8809,24,4,4,True
2024-06-28,21.5505,24,4,4,True
2024-06-29,20.2279,24,4,4,True
2024-06-30,19.5992,24,4,4,True
2024-07-01,19.6368,24,4,4,True
2024-07-02,18.8835,24,4,4,True
2024-07-03,18.1870,24,4,4,True
2024-07-04,18.9471,24,4,4,True
2024-07-05,19.9942,24,4,4,True
2024-07-06,19.5594,24,4,4,True
2024-07-07,19.0622,24,4,4,True
2024-07-08,19.7561,24,4,4,True
2024-07-09,20.3104,24,4,4,True
2024-07-10,20.9137,24,4,4,True
2024-07-11,21.9550,24,4,4,True
2024-07-12,21.3014,24,4,4,True
2024-07-13,20.2302,24,4,4,True
2024-07-14,20.8728,24,4,4,True
2024-07-15,21.1074,24,4,4,True
2024-07-16,21.1797,24,4,4,True
2024-07-17,21.3737,24,4,4,True
2024-07-18,21.6485,24,4,4,True
2024-07-19,22.1595,24,4,4,True
2024-07-20,22.7350,24,4,4,True
2024-07-21,22.0021,24,4,4,True
2024-07-22,21.1767,24,4,4,True
2024-07-23,21.5197,24,4,4,True
2024-07-24,22.4575,24,4,4,True
2024-07-25,22.6453,24,4,4,True
2024-07-26,22.6337,24,4,4,True
2024-07-27,22.7811,24,4,4,True
2024-07-28,23.0263,24,4,4,True
2024-07-29,23.0180,24,4,4,True
2024-07-30,23.2130,24,4,4,True
2024-07-31,23.8253,24,4,4,True
2024-08-01,24.4922,24,4,4,True
2024-08-02,24.2733,24,4,4,True
2024-08-03,23.6527,24,4,4,True
2024-08-04,23.1484,24,4,4,True
2024-08-05,23.3342,24,4,4,True
2024-08-06,23.4564,24,4,4,True
2024-08-07,23.8247,24,4,4,True
2024-08-08,23.9606,24,4,4,True
2024-08-09,24.0097,24,4,4,True
2024-08-10,24.1440,24,4,4,True
2024-08-11,23.9905,24,4,4,True
2024-08-12,23.9609,24,4,4,True
2024-08-13,23.8596,24,4,4,True
2024-08-14,22.7815,24,4,4,True
2024-08-15,22.1739,24,4,4,True
2024-08-16,22.3487,24,4,4,True
2024-08-17,22.7710,24,4,4,True
2024-08-18,22.5271,24,4,4,True
2024-08-19,21.4428,24,4,4,True
2024-08-20,21.4348,24,4,4,True
2024-08-21,21.7040,24,4,4,True
2024-08-22,21.5233,24,4,4,True
2024-08-23,21.8963,24,4,4,True
2024-08-24,21.5193,24,4,4,True
2024-08-25,21.2749,24,4,4,True
2024-08-26,20.8146,24,4,4,True
2024-08-27,20.8344,24,4,4,True
2024-08-28,21.5938,24,4,4,True
2024-08-29,21.7628,24,4,4,True
2024-08-30,21.7053,24,4,4,True
2024-08-31,21.6487,24,4,4,True
2024-09-01,20.9445,24,4,4,True
2024-09-02,21.0025,24,4,4,True
2024-09-03,20.4154,24,4,4,True
2024-09-04,20.0790,24,4,4,True
2024-09-05,19.3128,24,4,4,True
2024-09-06,18.5258,24,4,4,True
2024-09-07,19.0599,24,4,4,True
2024-09-08,18.9717,24,4,4,True
2024-09-09,18.4278,24,4,4,True
2024-09-10,18.2267,24,4,4,True
2024-09-11,17.7371,24,4,4,True
2024-09-12,17.0542,24,4,4,True
2024-09-13,16.3127,24,4,4,True
2024-09-14,16.0776,24,4,4,True
2024-09-15,15.8610,24,4,4,True
2024-09-16,16.2740,24,4,4,True
2024-09-17,16.6898,24,4,4,True
2024-09-18,17.2632,24,4,4,True
2024-09-19,17.2498,24,4,4,True
2024-09-20,17.5281,24,4,4,True
2024-09-21,17.3595,24,4,4,True
2024-09-22,17.2685,24,4,4,True
2024-09-23,16.8360,24,4,4,True
2024-09-24,16.6505,24,4,4,True
2024-09-25,16.2237,24,4,4,True
2024-09-26,16.6604,24,4,4,True
2024-09-27,16.2813,24,4,4,True
2024-09-28,15.3251,24,4,4,True
2024-09-29,14.6837,24,4,4,True
2024-09-30,15.2128,24,4,4,True
2024-10-01,15.7524,24,4,4,True
2024-10-02,15.8582,24,4,4,True
2024-10-03,15.3171,24,4,4,True
2024-10-04,14.9743,24,4,4,True
2024-10-05,14.5213,24,4,4,True
2024-10-06,14.2076,24,4,4,True
2024-10-07,14.7594,24,4,4,True
2024-10-08,15.5964,24,4,4,True
2024-10-09,15.5099,24,4,4,True
2024-10-10,15.4443,24,4,4,True
2024-10-11,15.2770,24,4,4,True
2024-10-12,14.9826,24,4,4,True
2024-10-13,15.6641,24,4,4,True
2024-10-14,15.8413,24,4,4,True
2024-10-15,16.0380,24,4,4,True
2024-10-16,16.5801,24,4,4,True
2024-10-17,16.6437,24,4,4,True
2024-10-18,15.1808,24,4,4,True
2024-10-19,14.8041,24,4,4,True
2024-10-20,14.6725,24,4,4,True
2024-10-21,14.5489,24,4,4,True
2024-10-22,15.2445,24,4,4,True
2024-10-23,15.2216,24,4,4,True
2024-10-24,15.0505,24,4,4,True
2024-10-25,15.4863,24,4,4,True
2024-10-26,15.2625,24,4,4,True
2024-10-27,14.8461,24,4,4,True
2024-10-28,14.9189,24,4,4,True
2024-10-29,15.2067,24,4,4,True
2024-10-30,15.2227,24,4,4,True
2024-10-31,14.9697,24,4,4,True
2024-11-01,14.0919,24,4,4,True
2024-11-02,13.3440,24,4,4,True
2024-11-03,13.7617,24,4,4,True
2024-11-04,13.7340,24,4,4,True
2024-11-05,14.2146,24,4,4,True
2024-11-06,14.4822,24,4,4,True
2024-11-07,14.2845,24,4,4,True
2024-11-08,14.2766,24,4,4,True
2024-11-09,14.3815,24,4,4,True
2024-11-10,14.0649,24,4,4,True
2024-11-11,13.5435,24,4,4,True
2024-11-12,12.7657,24,4,4,True
2024-11-13,11.9657,24,4,4,True
2024-11-14,11.0309,24,4,4,True
2024-11-15,10.1270,24,4,4,True
2024-11-16,10.0874,24,4,4,True
2024-11-17,10.3934,24,4,4,True
2024-11-18,10.5526,24,4,4,True
2024-11-19,10.6371,24,4,4,True
2024-11-20,11.0452,24,4,4,True
2024-11-21,10.5293,24,4,4,True
2024-11-22,9.7647,24,4,4,True
2024-11-23,8.2172,24,4,4,True
2024-11-24,9.8844,24,4,4,True
2024-11-25,11.9796,24,4,4,True
2024-11-26,11.0472,24,4,4,True
2024-11-27,9.8589,24,4,4,True
2024-11-28,9.2972,24,4,4,True
2024-11-29,9.4225,24,4,4,True
2024-11-30,9.2303,24,4,4,True
2024-12-01,9.5950,24,4,4,True
2024-12-02,10.1429,24,4,4,True
2024-12-03,10.1865,24,4,4,True
2024-12-04,8.9554,24,4,4,True
2024-12-05,8.4992,24,4,4,True
2024-12-06,9.8462,24,4,4,True
2024-12-07,10.0861,24,4,4,True
2024-12-08,8.9257,24,4,4,True
2024-12-09,8.5123,24,4,4,True
2024-12-10,8.1064,24,4,4,True
2024-12-11,8.1332,24,4,4,True
2024-12-12,8.1870,24,4,4,True
2024-12-13,8.3815,24,4,4,True
2024-12-14,8.0593,24,4,4,True
2024-12-15,8.0667,24,4,4,True
2024-12-16,7.4749,24,4,4,True
2024-12-17,6.9681,24,4,4,True
2024-12-18,7.1454,24,4,4,True
2024-12-19,7.9357,24,4,4,True
2024-12-20,7.3298,24,4,4,True
2024-12-21,7.4820,24,4,4,True
2024-12-22,9.1655,24,4,4,True
2024-12-23,8.0624,24,4,4,True
2024-12-24,7.5318,24,4,4,True
2024-12-25,8.1314,24,4,4,True
2024-12-26,7.7320,24,4,4,True
2024-12-27,6.3249,24,4,4,True
2024-12-28,5.8369,24,4,4,True
2024-12-29,6.0008,24,4,4,True
2024-12-30,6.1923,24,4,4,True
2024-12-31,5.6243,24,4,4,True
2025-01-01,6.7474,24,4,4,True
2025-01-02,8.2471,24,4,4,True
2025-01-03,8.7365,24,4,4,True
2025-01-04,8.7988,24,4,4,True
2025-01-05,8.7158,24,4,4,True
2025-01-06,9.5831,24,4,4,True
2025-01-07,8.7543,24,4,4,True
2025-01-08,8.5587,24,4,4,True
2025-01-09,8.3407,24,4,4,True
2025-01-10,8.9273,24,4,4,True
2025-01-11,9.5880,24,4,4,True
2025-01-12,7.3233,24,4,4,True
2025-01-13,5.5851,24,4,4,True
2025-01-14,4.7145,24,4,4,True
2025-01-15,4.8724,24,4,4,True
2025-01-16,5.1689,24,4,4,True
2025-01-17,5.2400,24,4,4,True
2025-01-18,5.1679,24,4,4,True
2025-01-19,6.1995,24,4,4,True
2025-01-20,6.7305,24,4,4,True
2025-01-21,7.6479,24,4,4,True
2025-01-22,8.6228,24,4,4,True
2025-01-23,9.0240,24,4,4,True
2025-01-24,7.1039,24,4,4,True
2025-01-25,8.5801,24,4,4,True
2025-01-26,8.8402,24,4,4,True
2025-01-27,8.9656,24,4,4,True
2025-01-28,8.6520,24,4,4,True
2025-01-29,8.3139,24,4,4,True
2025-01-30,8.3211,24,4,4,True
2025-01-31,8.6313,24,4,4,True
2025-02-01,7.4788,24,4,4,True
2025-02-02,8.0060,24,4,4,True
2025-02-03,8.0657,24,4,4,True
2025-02-04,7.3543,24,4,4,True
2025-02-05,7.3230,24,4,4,True
2025-02-06,7.1643,24,4,4,True
2025-02-07,6.9777,24,4,4,True
2025-02-08,8.0710,24,4,4,True
2025-02-09,7.5060,24,4,4,True
2025-02-10,8.3381,24,4,4,True
2025-02-11,8.9215,24,4,4,True
2025-02-12,9.4530,24,4,4,True
2025-02-13,9.8840,24,4,4,True
2025-02-14,9.5862,24,4,4,True
2025-02-15,8.2761,24,4,4,True
2025-02-16,7.5722,24,4,4,True
2025-02-17,8.8483,24,4,4,True
2025-02-18,8.7326,24,4,4,True
2025-02-19,9.3875,24,4,4,True
2025-02-20,9.9418,24,4,4,True
2025-02-21,9.7883,24,4,4,True
2025-02-22,10.0268,24,4,4,True
2025-02-23,10.1562,24,4,4,True
2025-02-24,10.4925,24,4,4,True
2025-02-25,10.4160,24,4,4,True
2025-02-26,9.0246,24,4,4,True
2025-02-27,9.3537,24,4,4,True
2025-02-28,9.5802,24,4,4,True
2025-03-01,9.0716,24,4,4,True
2025-03-02,9.7268,24,4,4,True
2025-03-03,9.0020,24,4,4,True
2025-03-04,8.9633,24,4,4,True
2025-03-05,8.9015,24,4,4,True
2025-03-06,9.5404,24,4,4,True
2025-03-07,10.2476,24,4,4,True
2025-03-08,10.3049,24,4,4,True
2025-03-09,10.3813,24,4,4,True
2025-03-10,10.5136,24,4,4,True
2025-03-11,10.3843,24,4,4,True
2025-03-12,10.2674,24,4,4,True
2025-03-13,9.6148,24,4,4,True
2025-03-14,9.1365,24,4,4,True
2025-03-15,8.4780,24,4,4,True
2025-03-16,8.3911,24,4,4,True
2025-03-17,8.7529,24,4,4,True
2025-03-18,8.3954,24,4,4,True
2025-03-19,9.2406,24,4,4,True
2025-03-20,9.4607,24,4,4,True
2025-03-21,10.2618,24,4,4,True
2025-03-22,10.7208,24,4,4,True
2025-03-23,10.2712,24,4,4,True
2025-03-24,10.2995,24,4,4,True
2025-03-25,10.5677,24,4,4,True
2025-03-26,10.8200,24,4,4,True
2025-03-27,10.7265,24,4,4,True
2025-03-28,10.6346,24,4,4,True
2025-03-29,10.0899,24,4,4,True
2025-03-30,9.9888,22,4,4,True
2025-03-31,10.9145,24,4,4,True
2025-04-01,10.8537,24,4,4,True
2025-04-02,10.8101,24,4,4,True
2025-04-03,10.9677,24,4,4,True
2025-04-04,11.2605,24,4,4,True
2025-04-05,11.7143,24,4,4,True
2025-04-06,12.8251,24,4,4,True
2025-04-07,13.3817,24,4,4,True
2025-04-08,12.6126,24,4,4,True
2025-04-09,12.2884,24,4,4,True
2025-04-10,12.9535,24,4,4,True
2025-04-11,12.2713,24,4,4,True
2025-04-12,12.8461,24,4,4,True
2025-04-13,12.7105,24,4,4,True
2025-04-14,12.4760,24,4,4,True
2025-04-15,12.6249,24,4,4,True
2025-04-16,11.8821,24,4,4,True
2025-04-17,11.5620,24,4,4,True
2025-04-18,11.7330,24,4,4,True
2025-04-19,11.9877,24,4,4,True
2025-04-20,11.1679,24,4,4,True
2025-04-21,12.2016,24,4,4,True
2025-04-22,12.4595,24,4,4,True
2025-04-23,12.0835,24,4,4,True
2025-04-24,12.3464,24,4,4,True
2025-04-25,12.8175,24,4,4,True
2025-04-26,12.5802,24,4,4,True
2025-04-27,12.7615,24,4,4,True
2025-04-28,13.3475,24,4,4,True
2025-04-29,13.6750,24,4,4,True
2025-04-30,13.8096,24,4,4,True
2025-05-01,13.9311,24,4,4,True
2025-05-02,13.6624,24,4,4,True
2025-05-03,13.8874,24,4,4,True
2025-05-04,14.2815,24,4,4,True
2025-05-05,13.6435,24,4,4,True
2025-05-06,12.3943,24,4,4,True
2025-05-07,12.6095,24,4,4,True
2025-05-08,12.5769,24,4,4,True
2025-05-09,12.7666,24,4,4,True
2025-05-10,13.0814,24,4,4,True
2025-05-11,12.9307,24,4,4,True
2025-05-12,12.7387,24,4,4,True
2025-05-13,12.5812,24,4,4,True
2025-05-14,13.0286,24,4,4,True
2025-05-15,13.5912,24,4,4,True
2025-05-16,13.9281,24,4,4,True
2025-05-17,13.9929,24,4,4,True
2025-05-18,14.0546,24,4,4,True
2025-05-19,14.0923,24,4,4,True
2025-05-20,14.2357,24,4,4,True
2025-05-21,14.5111,24,4,4,True
2025-05-22,13.6455,24,4,4,True
2025-05-23,13.7309,24,4,4,True
2025-05-24,14.2838,24,4,4,True
2025-05-25,14.7899,24,4,4,True
2025-05-26,15.5878,24,4,4,True
2025-05-27,15.4766,24,4,4,True
2025-05-28,15.8130,24,4,4,True
2025-05-29,16.8055,24,4,4,True
2025-05-30,17.1408,24,4,4,True
2025-05-31,17.3066,24,4,4,True
2025-06-01,17.6238,24,4,4,True
2025-06-02,16.7348,24,4,4,True
2025-06-03,16.7834,24,4,4,True
2025-06-04,17.2305,24,4,4,True
2025-06-05,17.1095,24,4,4,True
2025-06-06,17.0083,24,4,4,True
2025-06-07,17.6308,24,4,4,True
2025-06-08,17.4982,24,4,4,True
2025-06-09,17.3154,24,4,4,True
2025-06-10,17.5782,24,4,4,True
2025-06-11,18.3812,24,4,4,True
2025-06-12,18.4149,24,4,4,True
2025-06-13,18.2206,24,4,4,True
2025-06-14,18.9263,24,4,4,True
2025-06-15,19.1611,24,4,4,True
2025-06-16,19.1474,24,4,4,True
2025-06-17,19.3605,24,4,4,True
2025-06-18,19.7224,24,4,4,True
2025-06-19,20.0179,24,4,4,True
2025-06-20,20.4050,24,4,4,True
2025-06-21,20.7912,24,4,4,True
2025-06-22,21.1957,24,4,4,True
2025-06-23,21.7948,24,4,4,True
2025-06-24,22.2179,24,4,4,True
2025-06-25,22.3323,24,4,4,True
2025-06-26,21.9683,24,4,4,True
2025-06-27,21.9140,24,4,4,True
2025-06-28,22.4108,24,4,4,True
2025-06-29,22.9553,24,4,4,True
2025-06-30,23.2598,24,4,4,True
2025-07-01,23.0387,24,4,4,True
2025-07-02,22.5086,24,4,4,True
2025-07-03,22.6960,24,4,4,True
2025-07-04,23.1617,24,4,4,True
2025-07-05,23.0546,24,4,4,True
2025-07-06,21.5291,24,4,4,True
2025-07-07,20.5672,24,4,4,True
2025-07-08,20.4266,24,4,4,True
2025-07-09,20.3095,24,4,4,True
2025-07-10,20.5975,24,4,4,True
2025-07-11,20.8587,24,4,4,True
2025-07-12,19.9471,24,4,4,True
2025-07-13,20.0488,24,4,4,True
2025-07-14,20.8650,24,4,4,True
2025-07-15,21.6130,24,4,4,True
2025-07-16,21.5145,24,4,4,True
2025-07-17,21.8874,24,4,4,True
2025-07-18,22.2867,24,4,4,True
2025-07-19,21.8336,24,4,4,True
2025-07-20,21.6238,24,4,4,True
2025-07-21,21.1095,24,4,4,True
2025-07-22,20.9282,24,4,4,True
2025-07-23,20.4806,24,4,4,True
2025-07-24,20.3164,24,4,4,True
2025-07-25,19.6278,24,4,4,True
2025-07-26,19.9943,24,4,4,True
2025-07-27,19.9350,24,4,4,True
2025-07-28,19.6885,24,4,4,True
2025-07-29,19.7330,24,4,4,True
2025-07-30,20.0625,24,4,4,True
2025-07-31,20.6830,24,4,4,True
2025-08-01,20.7571,24,4,4,True
2025-08-02,20.6579,24,4,4,True
2025-08-03,20.2847,24,4,4,True
2025-08-04,20.4779,24,4,4,True
2025-08-05,20.8998,24,4,4,True
2025-08-06,21.1315,24,4,4,True
2025-08-07,21.1037,24,4,4,True
2025-08-08,21.7005,24,4,4,True
2025-08-09,22.4290,24,4,4,True
2025-08-10,23.2710,24,4,4,True
2025-08-11,23.5097,24,4,4,True
2025-08-12,23.2713,24,4,4,True
2025-08-13,23.1815,24,4,4,True
2025-08-14,23.5051,24,4,4,True
2025-08-15,23.6317,24,4,4,True
2025-08-16,23.4413,24,4,4,True
2025-08-17,23.3603,24,4,4,True
2025-08-18,23.0643,24,4,4,True
2025-08-19,22.5032,24,4,4,True
2025-08-20,21.8367,24,4,4,True
2025-08-21,21.5436,24,4,4,True
2025-08-22,21.3178,24,4,4,True
2025-08-23,21.1651,24,4,4,True
2025-08-24,20.9350,24,4,4,True
2025-08-25,20.6471,24,4,4,True
2025-08-26,20.6873,24,4,4,True
2025-08-27,20.8360,24,4,4,True
2025-08-28,20.3686,24,4,4,True
2025-08-29,19.2352,13,3,4,False
