date,mean_c,n_hours,n_quarters,qual_codes,eligible
2010-08-12,18.0300,14,3,4,False
2010-08-13,14.4265,24,4,4,True
2010-08-14,13.9745,24,4,4,True
2010-08-15,13.4852,24,4,4,True
2010-08-16,13.2731,24,4,4,True
2010-08-17,13.6603,24,4,4,True
2010-08-18,14.3929,24,4,4,True
2010-08-19,15.2357,24,4,4,True
2010-08-20,16.5477,24,4,4,True
2010-08-21,17.1085,24,4,4,True
2010-08-22,17.1456,24,4,4,True
2010-08-23,17.5552,24,4,4,True
2010-08-24,17.2114,24,4,4,True
2010-08-25,15.8230,24,4,4,True
2010-08-26,16.5877,24,4,4,True
2010-08-27,17.1949,24,4,4,True
2010-08-28,15.8270,24,4,4,True
2010-08-29,13.8857,24,4,4,True
2010-08-30,13.0867,24,4,4,True
2010-08-31,12.5685,24,4,4,True
2010-09-01,12.8630,24,4,4,True
2010-09-02,14.0336,24,4,4,True
2010-09-03,15.0621,24,4,4,True
2010-09-04,15.2074,24,4,4,True
2010-09-05,14.8581,24,4,4,True
2010-09-06,15.2710,24,4,4,True
2010-09-07,15.8209,24,4,4,True
2010-09-08,14.4470,24,4,4,True
2010-09-09,13.5800,24,4,4,True
2010-09-10,13.6218,24,4,4,True
2010-09-11,13.4074,24,4,4,True
2010-09-12,13.7288,24,4,4,True
2010-09-13,14.0179,24,4,4,True
2010-09-14,12.9026,24,4,4,True
2010-09-15,13.6753,24,4,4,True
2010-09-16,13.6823,24,4,4,True
2010-09-17,13.8605,24,4,4,True
2010-09-18,13.1213,24,4,4,True
2010-09-19,11.6006,24,4,4,True
2010-09-20,11.4350,24,4,4,True
2010-09-21,13.1940,24,4,4,True
2010-09-22,13.3290,24,4,4,True
2010-09-23,13.7220,24,4,4,True
2010-09-24,14.0796,24,4,4,True
2010-09-25,12.1323,24,4,4,True
2010-09-26,10.4333,24,4,4,True
2010-09-27,9.0165,24,4,4,True
2010-09-28,9.3614,24,4,4,True
2010-09-29,10.1447,24,4,4,True
2010-09-30,11.1146,24,4,4,True
2010-10-01,11.2804,24,4,4,True
2010-10-02,11.6471,24,4,4,True
2010-10-03,14.1044,24,4,4,True
2010-10-04,14.5649,24,4,4,True
2010-10-05,12.5665,24,4,4,True
2010-10-06,12.6409,24,4,4,True
2010-10-07,13.8394,24,4,4,True
2010-10-08,14.0501,24,4,4,True
2010-10-09,14.1475,24,4,4,True
2010-10-10,13.4295,24,4,4,True
2010-10-11,12.2219,24,4,4,True
2010-10-12,11.9832,24,4,4,True
2010-10-13,12.5504,24,4,4,True
2010-10-14,11.6292,24,4,4,True
2010-10-15,9.6881,24,4,4,True
2010-10-16,8.7686,24,4,4,True
2010-10-17,8.3827,24,4,4,True
2010-10-18,6.9210,24,4,4,True
2010-10-19,6.7463,24,4,4,True
2010-10-20,8.2811,24,4,4,True
2010-10-21,7.3002,24,4,4,True
2010-10-22,7.3013,24,4,4,True
2010-10-23,9.2160,24,4,4,True
2010-10-24,9.6795,24,4,4,True
2010-10-25,7.7755,24,4,4,True
2010-10-26,6.0600,24,4,4,True
2010-10-27,6.2865,24,4,4,True
2010-10-28,7.2330,24,4,4,True
2010-10-29,9.1316,24,4,4,True
2010-10-30,10.3340,24,4,4,True
2010-10-31,9.5092,24,4,4,True
2010-11-01,9.6341,24,4,4,True
2010-11-02,9.6112,24,4,4,True
2010-11-03,10.2746,24,4,4,True
2010-11-04,11.1462,24,4,4,True
2010-11-05,11.1312,24,4,4,True
2010-11-06,11.3709,24,4,4,True
2010-11-07,10.2647,24,4,4,True
2010-11-08,7.5067,24,4,4,True
2010-11-09,7.8143,24,4,4,True
2010-11-10,7.9121,24,4,4,True
2010-11-11,7.4172,24,4,4,True
2010-11-12,9.8595,24,4,4,True
2010-11-13,9.5224,24,4,4,True
2010-11-14,10.1345,24,4,4,True
2010-11-15,9.2107,24,4,4,True
2010-11-16,7.4251,24,4,4,True
2010-11-17,5.8316,24,4,4,True
2010-11-18,6.9636,24,4,4,True
2010-11-19,6.9496,24,4,4,True
2010-11-20,7.0277,24,4,4,True
2010-11-21,6.9349,24,4,4,True
2010-11-22,6.7210,24,4,4,True
2010-11-23,5.7560,24,4,4,True
2010-11-24,4.3059,24,4,4,True
2010-11-25,4.4991,24,4,4,True
2010-11-26,3.4484,24,4,4,True
2010-11-27,2.7329,24,4,4,True
2010-11-28,3.7691,24,4,4,True
2010-11-29,3.2979,24,4,4,True
2010-11-30,4.4516,24,4,4,True
2010-12-01,4.7568,24,4,4,True
2010-12-02,2.3071,24,4,4,True
2010-12-03,2.4073,24,4,4,True
2010-12-04,1.8177,24,4,4,True
2010-12-05,4.1000,24,4,4,True
2010-12-06,6.3932,24,4,4,True
2010-12-07,7.6242,24,4,4,True
2010-12-08,7.7278,24,4,4,True
2010-12-09,7.0961,24,4,4,True
2010-12-10,3.3156,24,4,4,True
2010-12-11,3.8869,24,4,4,True
2010-12-12,5.8198,24,4,4,True
2010-12-13,3.6630,24,4,4,True
2010-12-14,2.0058,24,4,4,True
2010-12-15,0.8991,24,4,4,True
2010-12-16,0.8235,24,4,4,True
2010-12-17,1.9112,24,4,4,True
2010-12-18,0.9833,24,4,4,True
2010-12-19,2.4205,24,4,4,True
2010-12-20,4.6214,24,4,4,True
2010-12-21,5.4169,24,4,4,True
2010-12-22,6.3311,24,4,4,True
2010-12-23,7.7361,24,4,4,True
2010-12-24,2.8166,24,4,4,True
2010-12-25,1.1698,24,4,4,True
2010-12-26,0.3700,24,4,4,True
2010-12-27,0.7990,24,4,4,True
2010-12-28,1.5956,24,4,4,True
2010-12-29,2.8064,24,4,4,True
2010-12-30,5.8564,24,4,4,True
2010-12-31,6.7461,24,4,4,True
2011-01-01,6.6634,24,4,4,True
2011-01-02,5.4061,24,4,4,True
2011-01-03,2.4132,24,4,4,True
2011-01-04,1.1670,24,4,4,True
2011-01-05,2.9008,24,4,4,True
2011-01-06,6.0785,24,4,4,True
2011-01-07,7.2524,24,4,4,True
2011-01-08,6.7721,24,4,4,True
2011-01-09,6.7892,24,4,4,True
2011-01-10,4.1677,24,4,4,True
2011-01-11,4.8933,24,4,4,True
2011-01-12,6.4288,24,4,4,True
2011-01-13,8.1209,24,4,4,True
2011-01-14,6.8907,24,4,4,True
2011-01-15,6.9332,24,4,4,True
2011-01-16,5.8804,24,4,4,True
2011-01-17,7.1356,24,4,4,True
2011-01-18,6.6077,24,4,4,True
2011-01-19,6.4700,24,4,4,True
2011-01-20,3.2223,24,4,4,True
2011-01-21,1.6876,24,4,4,True
2011-01-22,0.8255,24,4,4,True
2011-01-23,0.5975,24,4,4,True
2011-01-24,0.5253,24,4,4,True
2011-01-25,0.9409,24,4,4,True
2011-01-26,1.1264,24,4,4,True
2011-01-27,2.1828,24,4,4,True
2011-01-28,3.7620,24,4,4,True
2011-01-29,3.4364,24,4,4,True
2011-01-30,3.3193,24,4,4,True
2011-01-31,3.3070,24,4,4,True
2011-02-01,1.8846,24,4,4,True
2011-02-02,1.2140,24,4,4,True
2011-02-03,2.8171,24,4,4,True
2011-02-04,4.6800,24,4,4,True
2011-02-05,4.9355,24,4,4,True
2011-02-06,4.7289,24,4,4,True
2011-02-07,4.1211,24,4,4,True
2011-02-08,4.4336,24,4,4,True
2011-02-09,4.4664,24,4,4,True
2011-02-10,4.2280,24,4,4,True
2011-02-11,5.2831,24,4,4,True
2011-02-12,5.1296,24,4,4,True
2011-02-13,5.8294,24,4,4,True
2011-02-14,5.4718,24,4,4,True
2011-02-15,5.5723,24,4,4,True
2011-02-16,5.4415,24,4,4,True
2011-02-17,5.5648,24,4,4,True
2011-02-18,5.7480,24,4,4,True
2011-02-19,5.4780,24,4,4,True
2011-02-20,6.3309,24,4,4,True
2011-02-21,6.0563,24,4,4,True
2011-02-22,6.2211,24,4,4,True
2011-02-23,5.9362,24,4,4,True
2011-02-24,7.2524,24,4,4,True
2011-02-25,7.8745,24,4,4,True
2011-02-26,7.3785,24,4,4,True
2011-02-27,5.9684,24,4,4,True
2011-02-28,5.2476,24,4,4,True
2011-03-01,4.6121,24,4,4,True
2011-03-02,4.7484,24,4,4,True
2011-03-03,4.4369,24,4,4,True
2011-03-04,5.3165,24,4,4,True
2011-03-05,5.8089,24,4,4,True
2011-03-06,6.0503,24,4,4,True
2011-03-07,6.0302,24,4,4,True
2011-03-08,6.2887,24,4,4,True
2011-03-09,6.3107,24,4,4,True
2011-03-10,6.9019,24,4,4,True
2011-03-11,6.8489,24,4,4,True
2011-03-12,7.1629,24,4,4,True
2011-03-13,8.0934,24,4,4,True
2011-03-14,8.4291,24,4,4,True
2011-03-15,8.5300,24,4,4,True
2011-03-16,8.5754,24,4,4,True
2011-03-17,8.0645,24,4,4,True
2011-03-18,7.6926,24,4,4,True
2011-03-19,8.2136,24,4,4,True
2011-03-20,7.6972,24,4,4,True
2011-03-21,7.7892,24,4,4,True
2011-03-22,7.8055,24,4,4,True
2011-03-23,7.6963,24,4,4,True
2011-03-24,7.6786,24,4,4,True
2011-03-25,7.9945,24,4,4,True
2011-03-26,8.5665,24,4,4,True
2011-03-27,9.1275,22,4,4,True
2011-03-28,8.9101,24,4,4,True
2011-03-29,8.9631,24,4,4,True
2011-03-30,8.7008,24,4,4,True
2011-03-31,9.5289,24,4,4,True
2011-04-01,10.4848,24,4,4,True
2011-04-02,10.5828,24,4,4,True
2011-04-03,10.8388,24,4,4,True
2011-04-04,9.9945,24,4,4,True
2011-04-05,9.6070,24,4,4,True
2011-04-06,9.7373,24,4,4,True
2011-04-07,11.0473,24,4,4,True
2011-04-08,12.3466,24,4,4,True
2011-04-09,12.3930,24,4,4,True
2011-04-10,11.4114,24,4,4,True
2011-04-11,11.1128,24,4,4,True
2011-04-12,10.5107,24,4,4,True
2011-04-13,8.4210,24,4,4,True
2011-04-14,8.5553,24,4,4,True
2011-04-15,8.7763,24,4,4,True
2011-04-16,8.7971,24,4,4,True
2011-04-17,9.1061,24,4,4,True
2011-04-18,9.9069,24,4,4,True
2011-04-19,9.3345,24,4,4,True
2011-04-20,9.5846,24,4,4,True
2011-04-21,10.1419,24,4,4,True
2011-04-22,10.0938,24,4,4,True
2011-04-23,10.0562,24,4,4,True
2011-04-24,10.6637,24,4,4,True
2011-04-25,11.0379,24,4,4,True
2011-04-26,11.7791,24,4,4,True
2011-04-27,11.4566,24,4,4,True
2011-04-28,10.9335,24,4,4,True
2011-04-29,10.2227,24,4,4,True
2011-04-30,10.7166,24,4,4,True
2011-05-01,11.1868,24,4,4,True
2011-05-02,11.4286,24,4,4,True
2011-05-03,10.9651,24,4,4,True
2011-05-04,10.8622,24,4,4,True
2011-05-05,11.1009,24,4,4,True
2011-05-06,11.7751,24,4,4,True
2011-05-07,11.3253,24,4,4,True
2011-05-08,12.2951,24,4,4,True
2011-05-09,12.8272,24,4,4,True
2011-05-10,12.1638,24,4,4,True
2011-05-11,12.1324,24,4,4,True
2011-05-12,13.1248,24,4,4,True
2011-05-13,13.6107,24,4,4,True
2011-05-14,12.6291,24,4,4,True
2011-05-15,10.7642,24,4,4,True
2011-05-16,10.1925,24,4,4,True
2011-05-17,11.6999,24,4,4,True
2011-05-18,12.0335,24,4,4,True
2011-05-19,11.4457,24,4,4,True
2011-05-20,11.6711,24,4,4,True
2011-05-21,13.1730,24,4,4,True
2011-05-22,12.9173,24,4,4,True
2011-05-23,12.8596,24,4,4,True
2011-05-24,13.5202,24,4,4,True
2011-05-25,13.4792,24,4,4,True
2011-05-26,13.1143,24,4,4,True
2011-05-27,12.2076,24,4,4,True
2011-05-28,10.9967,24,4,4,True
2011-05-29,11.9051,24,4,4,True
2011-05-30,13.2104,24,4,4,True
2011-05-31,12.4977,24,4,4,True
2011-06-01,9.9292,24,4,4,True
2011-06-02,9.8316,24,4,4,True
2011-06-03,11.3922,24,4,4,True
2011-06-04,12.4595,24,4,4,True
2011-06-05,12.5239,24,4,4,True
2011-06-06,12.4267,24,4,4,True
2011-06-07,12.5988,24,4,4,True
2011-06-08,11.4712,24,4,4,True
2011-06-09,11.5388,24,4,4,True
2011-06-10,11.6270,24,4,4,True
2011-06-11,11.4381,24,4,4,True
2011-06-12,11.8048,24,4,4,True
2011-06-13,13.3872,24,4,4,True
2011-06-14,14.2313,24,4,4,True
2011-06-15,14.3525,24,4,4,True
2011-06-16,14.4247,24,4,4,True
2011-06-17,14.1776,24,4,4,True
2011-06-18,13.5680,24,4,4,True
2011-06-19,12.2879,24,4,4,True
2011-06-20,13.3229,24,4,4,True
2011-06-21,14.8640,24,4,4,True
2011-06-22,15.2883,24,4,4,True
2011-06-23,13.9219,24,4,4,True
2011-06-24,13.0404,24,4,4,True
2011-06-25,13.1674,24,4,4,True
2011-06-26,14.7324,24,4,4,True
2011-06-27,15.6154,24,4,4,True
2011-06-28,15.7645,24,4,4,True
2011-06-29,14.5589,24,4,4,True
2011-06-30,13.6382,24,4,4,True
2011-07-01,13.1543,24,4,4,True
2011-07-02,13.4042,24,4,4,True
2011-07-03,13.4248,24,4,4,True
2011-07-04,14.0472,24,4,4,True
2011-07-05,14.3755,24,4,4,True
2011-07-06,14.5254,24,4,4,True
2011-07-07,14.2795,24,4,4,True
2011-07-08,14.2585,24,4,4,True
2011-07-09,14.4259,24,4,4,True
2011-07-10,14.8472,24,4,4,True
2011-07-11,15.8968,24,4,4,True
2011-07-12,15.6588,24,4,4,True
2011-07-13,15.1601,24,4,4,True
2011-07-14,14.2151,24,4,4,True
2011-07-15,13.7149,24,4,4,True
2011-07-16,14.2687,24,4,4,True
2011-07-17,14.6761,24,4,4,True
2011-07-18,13.3664,24,4,4,True
2011-07-19,13.1295,24,4,4,True
2011-07-20,12.5838,24,4,4,True
2011-07-21,13.4512,24,4,4,True
2011-07-22,13.5448,24,4,4,True
2011-07-23,13.4341,24,4,4,True
2011-07-24,12.7917,24,4,4,True
2011-07-25,13.6458,24,4,4,True
2011-07-26,14.6171,24,4,4,True
2011-07-27,14.6571,24,4,4,True
2011-07-28,14.6933,24,4,4,True
2011-07-29,14.2031,24,4,4,True
2011-07-30,14.4282,24,4,4,True
2011-07-31,14.2016,24,4,4,True
2011-08-01,13.9352,24,4,4,True
2011-08-02,15.5622,24,4,4,True
2011-08-03,15.7675,24,4,4,True
2011-08-04,16.1291,24,4,4,True
2011-08-05,16.0645,24,4,4,True
2011-08-06,16.4528,24,4,4,True
2011-08-07,15.9643,24,4,4,True
2011-08-08,14.7868,24,4,4,True
2011-08-09,13.6702,24,4,4,True
2011-08-10,13.1250,24,4,4,True
2011-08-11,13.6417,24,4,4,True
2011-08-12,14.0946,24,4,4,True
2011-08-13,15.1209,24,4,4,True
2011-08-14,16.0411,24,4,4,True
2011-08-15,16.3432,24,4,4,True
2011-08-16,16.5108,24,4,4,True
2011-08-17,16.6641,24,4,4,True
2011-08-18,16.9286,24,4,4,True
2011-08-19,16.9647,24,4,4,True
2011-08-20,17.4263,24,4,4,True
2011-08-21,17.7296,24,4,4,True
2011-08-22,17.2280,24,4,4,True
2011-08-23,16.8472,24,4,4,True
2011-08-24,16.6986,24,4,4,True
2011-08-25,17.0085,24,4,4,True
2011-08-26,16.7261,24,4,4,True
2011-08-27,14.1626,24,4,4,True
2011-08-28,13.6216,24,4,4,True
2011-08-29,14.2753,24,4,4,True
2011-08-30,14.8340,24,4,4,True
2011-08-31,15.5209,24,4,4,True
2011-09-01,16.6276,24,4,4,True
2011-09-02,16.9391,24,4,4,True
2011-09-03,16.8831,24,4,4,True
2011-09-04,16.7100,24,4,4,True
2011-09-05,15.4866,24,4,4,True
2011-09-06,14.2249,24,4,4,True
2011-09-07,14.1917,24,4,4,True
2011-09-08,15.4158,24,4,4,True
2011-09-09,15.9522,24,4,4,True
2011-09-10,16.3082,24,4,4,True
2011-09-11,16.7710,24,4,4,True
2011-09-12,16.1342,24,4,4,True
2011-09-13,15.7792,24,4,4,True
2011-09-14,16.1492,24,4,4,True
2011-09-15,15.4027,24,4,4,True
2011-09-16,15.5775,24,4,4,True
2011-09-17,16.0345,24,4,4,True
2011-09-18,14.5391,24,4,4,True
2011-09-19,12.6256,24,4,4,True
2011-09-20,12.8942,24,4,4,True
2011-09-21,12.9417,24,4,4,True
2011-09-22,13.4576,24,4,4,True
2011-09-23,13.6726,24,4,4,True
2011-09-24,14.0168,24,4,4,True
2011-09-25,13.9981,24,4,4,True
2011-09-26,14.1960,24,4,4,True
2011-09-27,14.5062,24,4,4,True
2011-09-28,14.5103,24,4,4,True
2011-09-29,14.0776,24,4,4,True
2011-09-30,13.9183,24,4,4,True
2011-10-01,13.8381,24,4,4,True
2011-10-02,13.7745,24,4,4,True
2011-10-03,13.8591,24,4,4,True
2011-10-04,13.6014,24,4,4,True
2011-10-05,13.8824,24,4,4,True
2011-10-06,13.8473,24,4,4,True
2011-10-07,13.0448,24,4,4,True
2011-10-08,11.6591,24,4,4,True
2011-10-09,11.8922,24,4,4,True
2011-10-10,13.0471,24,4,4,True
2011-10-11,13.6498,24,4,4,True
2011-10-12,13.5165,24,4,4,True
2011-10-13,13.1298,24,4,4,True
2011-10-14,12.1900,24,4,4,True
2011-10-15,12.5879,24,4,4,True
2011-10-16,12.0711,24,4,4,True
2011-10-17,11.6557,24,4,4,True
2011-10-18,11.6259,24,4,4,True
2011-10-19,11.7615,24,4,4,True
2011-10-20,10.3409,24,4,4,True
2011-10-21,8.8858,24,4,4,True
2011-10-22,10.4578,24,4,4,True
2011-10-23,11.6321,24,4,4,True
2011-10-24,12.3139,24,4,4,True
2011-10-25,12.1451,24,4,4,True
2011-10-26,10.3952,24,4,4,True
2011-10-27,11.6671,24,4,4,True
2011-10-28,11.9839,24,4,4,True
2011-10-29,11.7936,24,4,4,True
2011-10-30,11.9931,24,4,4,True
2011-10-31,11.6694,24,4,4,True
2011-11-01,12.4200,24,4,4,True
2011-11-02,12.3041,24,4,4,True
2011-11-03,13.4092,24,4,4,True
2011-11-04,12.4844,24,4,4,True
2011-11-05,11.7636,24,4,4,True
2011-11-06,11.1993,24,4,4,True
2011-11-07,11.1739,24,4,4,True
2011-11-08,11.0106,24,4,4,True
2011-11-09,10.1815,24,4,4,True
2011-11-10,11.1130,24,4,4,True
2011-11-11,11.8112,24,4,4,True
2011-11-12,12.6813,24,4,4,True
2011-11-13,12.1927,24,4,4,True
2011-11-14,10.7568,24,4,4,True
2011-11-15,11.2280,24,4,4,True
2011-11-16,10.7336,24,4,4,True
2011-11-17,10.3845,24,4,4,True
2011-11-18,9.4720,24,4,4,True
2011-11-19,10.5682,24,4,4,True
2011-11-20,11.4235,24,4,4,True
2011-11-21,11.3300,24,4,4,True
2011-11-22,10.8542,24,4,4,True
2011-11-23,9.6587,24,4,4,True
2011-11-24,8.9946,24,4,4,True
2011-11-25,7.4863,24,4,4,True
2011-11-26,7.1450,24,4,4,True
2011-11-27,6.7155,24,4,4,True
2011-11-28,6.2892,24,4,4,True
2011-11-29,8.6257,24,4,4,True
2011-11-30,9.0755,24,4,4,True
2011-12-01,8.8599,24,4,4,True
2011-12-02,8.6964,24,4,4,True
2011-12-03,8.2513,24,4,4,True
2011-12-04,8.5579,24,4,4,True
2011-12-05,8.6401,24,4,4,True
2011-12-06,7.9408,24,4,4,True
2011-12-07,8.3145,24,4,4,True
2011-12-08,8.7575,24,4,4,True
2011-12-09,7.8830,24,4,4,True
2011-12-10,7.2523,24,4,4,True
2011-12-11,6.1988,24,4,4,True
2011-12-12,6.8666,24,4,4,True
2011-12-13,6.3938,24,4,4,True
2011-12-14,6.6783,24,4,4,True
2011-12-15,6.1716,24,4,4,True
2011-12-16,6.5122,24,4,4,True
2011-12-17,5.6106,24,4,4,True
2011-12-18,4.4616,24,4,4,True
2011-12-19,3.9044,24,4,4,True
2011-12-20,6.1327,24,4,4,True
2011-12-21,7.2515,24,4,4,True
2011-12-22,8.4164,24,4,4,True
2011-12-23,7.9398,24,4,4,True
2011-12-24,6.6173,24,4,4,True
2011-12-25,4.9493,24,4,4,True
2011-12-26,4.9847,24,4,4,True
2011-12-27,5.4354,24,4,4,True
2011-12-28,5.5311,24,4,4,True
2011-12-29,6.1577,24,4,4,True
2011-12-30,6.0454,24,4,4,True
2011-12-31,7.6940,24,4,4,True
2012-01-01,8.8446,24,4,4,True
2012-01-02,7.8069,24,4,4,True
2012-01-03,7.3160,24,4,4,True
2012-01-04,7.5878,24,4,4,True
2012-01-05,7.7192,24,4,4,True
2012-01-06,7.1948,24,4,4,True
2012-01-07,7.0686,24,4,4,True
2012-01-08,7.7344,24,4,4,True
2012-01-09,6.3843,24,4,4,True
2012-01-10,6.2726,24,4,4,True
2012-01-11,6.1908,24,4,4,True
2012-01-12,5.5774,24,4,4,True
2012-01-13,5.5667,24,4,4,True
2012-01-14,4.3955,24,4,4,True
2012-01-15,3.8621,24,4,4,True
2012-01-16,5.2649,24,4,4,True
2012-01-17,5.9852,24,4,4,True
2012-01-18,5.2690,24,4,4,True
2012-01-19,6.3458,24,4,4,True
2012-01-20,7.6301,24,4,4,True
2012-01-21,7.4042,24,4,4,True
2012-01-22,8.1024,24,4,4,True
2012-01-23,7.4151,24,4,4,True
2012-01-24,6.2132,24,4,4,True
2012-01-25,6.6722,24,4,4,True
2012-01-26,6.6542,24,4,4,True
2012-01-27,6.8785,24,4,4,True
2012-01-28,5.6465,24,4,4,True
2012-01-29,3.8329,24,4,4,True
2012-01-30,3.0902,24,4,4,True
2012-01-31,3.7212,24,4,4,True
2012-02-01,2.8407,24,4,4,True
2012-02-02,1.6821,24,4,4,True
2012-02-03,0.4424,24,4,4,True
2012-02-04,0.0920,24,4,4,True
2012-02-05,0.4158,24,4,4,True
2012-02-06,0.7342,24,4,4,True
2012-02-07,0.3909,24,4,4,True
2012-02-08,0.2901,24,4,4,True
2012-02-09,0.4834,24,4,4,True
2012-02-10,0.7170,24,4,4,True
2012-02-11,0.6820,24,4,4,True
2012-02-12,0.5726,24,4,4,True
2012-02-13,0.7134,24,4,4,True
2012-02-14,1.2991,24,4,4,True
2012-02-15,1.9739,24,4,4,True
2012-02-16,2.6593,24,4,4,True
2012-02-17,3.5037,24,4,4,True
2012-02-18,3.4870,24,4,4,True
2012-02-19,4.2226,24,4,4,True
2012-02-20,2.6754,24,4,4,True
2012-02-21,2.2542,24,4,4,True
2012-02-22,2.6050,24,4,4,True
2012-02-23,3.3087,24,4,4,True
2012-02-24,5.1757,24,4,4,True
2012-02-25,5.7313,24,4,4,True
2012-02-26,6.3635,24,4,4,True
2012-02-27,5.0551,24,4,4,True
2012-02-28,5.0569,24,4,4,True
2012-02-29,5.0834,24,4,4,True
2012-03-01,6.4991,24,4,4,True
2012-03-02,6.6027,24,4,4,True
2012-03-03,6.5237,24,4,4,True
2012-03-04,7.3940,24,4,4,True
2012-03-05,5.2121,24,4,4,True
2012-03-06,4.0053,24,4,4,True
2012-03-07,4.0715,24,4,4,True
2012-03-08,4.7977,24,4,4,True
2012-03-09,4.1348,24,4,4,True
2012-03-10,4.3106,24,4,4,True
2012-03-11,5.6486,24,4,4,True
2012-03-12,6.9174,24,4,4,True
2012-03-13,8.0131,24,4,4,True
2012-03-14,8.2418,24,4,4,True
2012-03-15,7.9409,24,4,4,True
2012-03-16,7.8133,24,4,4,True
2012-03-17,8.1312,24,4,4,True
2012-03-18,7.9089,24,4,4,True
2012-03-19,6.3177,24,4,4,True
2012-03-20,6.3730,24,4,4,True
2012-03-21,7.3941,24,4,4,True
2012-03-22,8.2345,24,4,4,True
2012-03-23,7.9289,24,4,4,True
2012-03-24,7.8869,24,4,4,True
2012-03-25,8.4349,22,4,4,True
2012-03-26,9.0022,24,4,4,True
2012-03-27,8.6860,24,4,4,True
2012-03-28,9.0848,24,4,4,True
2012-03-29,9.2593,24,4,4,True
2012-03-30,9.5853,24,4,4,True
2012-03-31,9.9168,24,4,4,True
2012-04-01,10.3297,24,4,4,True
2012-04-02,9.7261,24,4,4,True
2012-04-03,9.5324,24,4,4,True
2012-04-04,8.3857,24,4,4,True
2012-04-05,8.2414,24,4,4,True
2012-04-06,9.9589,24,4,4,True
2012-04-07,8.8326,24,4,4,True
2012-04-08,7.9976,24,4,4,True
2012-04-09,8.5692,24,4,4,True
2012-04-10,8.7668,24,4,4,True
2012-04-11,7.9143,24,4,4,True
2012-04-12,8.1770,24,4,4,True
2012-04-13,7.7075,24,4,4,True
2012-04-14,7.5601,24,4,4,True
2012-04-15,7.0834,24,4,4,True
2012-04-16,4.5912,24,4,4,True
2012-04-17,5.8926,24,4,4,True
2012-04-18,7.2894,24,4,4,True
2012-04-19,7.4228,24,4,4,True
2012-04-20,7.3738,24,4,4,True
2012-04-21,8.8227,24,4,4,True
2012-04-22,8.2319,24,4,4,True
2012-04-23,8.0148,24,4,4,True
2012-04-24,7.2870,24,4,4,True
2012-04-25,7.9954,24,4,4,True
2012-04-26,9.7783,24,4,4,True
2012-04-27,10.3807,24,4,4,True
2012-04-28,10.6632,24,4,4,True
2012-04-29,10.2890,24,4,4,True
2012-04-30,9.3871,24,4,4,True
2012-05-01,9.1143,24,4,4,True
2012-05-02,9.7677,24,4,4,True
2012-05-03,10.1711,24,4,4,True
2012-05-04,10.0619,24,4,4,True
2012-05-05,10.0141,24,4,4,True
2012-05-06,10.1768,24,4,4,True
2012-05-07,10.3623,24,4,4,True
2012-05-08,11.5050,24,4,4,True
2012-05-09,12.6343,24,4,4,True
2012-05-10,12.8994,24,4,4,True
2012-05-11,13.4103,24,4,4,True
2012-05-12,14.0613,24,4,4,True
2012-05-13,12.9449,24,4,4,True
2012-05-14,11.1006,24,4,4,True
2012-05-15,10.5095,24,4,4,True
2012-05-16,9.3337,24,4,4,True
2012-05-17,9.3023,24,4,4,True
2012-05-18,10.8604,24,4,4,True
2012-05-19,10.5098,24,4,4,True
2012-05-20,10.6034,24,4,4,True
2012-05-21,9.1892,24,4,4,True
2012-05-22,9.5392,24,4,4,True
2012-05-23,10.2978,24,4,4,True
2012-05-24,11.9199,24,4,4,True
2012-05-25,12.4509,24,4,4,True
2012-05-26,12.4239,24,4,4,True
2012-05-27,12.6382,24,4,4,True
2012-05-28,12.6228,24,4,4,True
2012-05-29,12.7247,24,4,4,True
2012-05-30,13.1272,24,4,4,True
2012-05-31,13.8110,24,4,4,True
2012-06-01,13.8582,24,4,4,True
2012-06-02,14.2303,24,4,4,True
2012-06-03,13.2924,24,4,4,True
2012-06-04,12.2076,24,4,4,True
2012-06-05,12.0647,24,4,4,True
2012-06-06,12.3144,24,4,4,True
2012-06-07,14.1071,24,4,4,True
2012-06-08,13.1679,24,4,4,True
2012-06-09,11.9340,24,4,4,True
2012-06-10,12.2251,24,4,4,True
2012-06-11,12.5642,24,4,4,True
2012-06-12,11.3400,24,4,4,True
2012-06-13,11.6068,24,4,4,True
2012-06-14,12.2173,24,4,4,True
2012-06-15,13.4917,24,4,4,True
2012-06-16,13.8953,24,4,4,True
2012-06-17,14.8159,24,4,4,True
2012-06-18,14.3497,24,4,4,True
2012-06-19,14.2215,24,4,4,True
2012-06-20,15.0115,24,4,4,True
2012-06-21,14.8896,24,4,4,True
2012-06-22,13.3061,24,4,4,True
2012-06-23,13.4722,24,4,4,True
2012-06-24,14.8493,24,4,4,True
2012-06-25,15.5158,24,4,4,True
2012-06-26,16.5096,24,4,4,True
2012-06-27,16.7946,24,4,4,True
2012-06-28,17.2143,24,4,4,True
2012-06-29,16.8784,24,4,4,True
2012-06-30,17.1484,24,4,4,True
2012-07-01,13.6433,24,4,4,True
2012-07-02,13.2115,24,4,4,True
2012-07-03,13.9402,24,4,4,True
2012-07-04,15.6805,24,4,4,True
2012-07-05,15.1431,24,4,4,True
2012-07-06,13.9129,24,4,4,True
2012-07-07,15.0165,24,4,4,True
2012-07-08,15.3635,24,4,4,True
2012-07-09,15.3189,24,4,4,True
2012-07-10,16.1951,24,4,4,True
2012-07-11,15.2422,24,4,4,True
2012-07-12,14.3359,24,4,4,True
2012-07-13,14.4122,24,4,4,True
2012-07-14,14.8951,24,4,4,True
2012-07-15,13.9424,24,4,4,True
2012-07-16,13.6844,24,4,4,True
2012-07-17,14.4753,24,4,4,True
2012-07-18,15.8020,24,4,4,True
2012-07-19,16.5339,24,4,4,True
2012-07-20,15.1672,24,4,4,True
2012-07-21,14.3186,24,4,4,True
2012-07-22,13.7200,24,4,4,True
2012-07-23,13.5664,24,4,4,True
2012-07-24,13.7276,24,4,4,True
2012-07-25,14.7447,24,4,4,True
2012-07-26,15.8118,24,4,4,True
2012-07-27,16.3466,24,4,4,True
2012-07-28,16.5512,24,4,4,True
2012-07-29,15.5627,24,4,4,True
2012-07-30,15.1188,24,4,4,True
2012-07-31,15.8858,24,4,4,True
2012-08-01,16.1259,24,4,4,True
2012-08-02,16.3471,24,4,4,True
2012-08-03,16.2241,24,4,4,True
2012-08-04,15.9731,24,4,4,True
2012-08-05,16.2687,24,4,4,True
2012-08-06,15.3315,24,4,4,True
2012-08-07,14.8880,24,4,4,True
2012-08-08,15.2245,24,4,4,True
2012-08-09,15.6726,24,4,4,True
2012-08-10,16.2099,24,4,4,True
2012-08-11,16.3741,24,4,4,True
2012-08-12,16.2609,24,4,4,True
2012-08-13,15.6912,24,4,4,True
2012-08-14,16.0141,24,4,4,True
2012-08-15,17.1591,24,4,4,True
2012-08-16,16.4116,24,4,4,True
2012-08-17,16.0618,24,4,4,True
2012-08-18,16.7603,24,4,4,True
2012-08-19,17.1513,24,4,4,True
2012-08-20,17.5135,24,4,4,True
2012-08-21,18.0923,24,4,4,True
2012-08-22,18.3416,24,4,4,True
2012-08-23,18.3331,24,4,4,True
2012-08-24,18.0844,24,4,4,True
2012-08-25,17.3238,24,4,4,True
2012-08-26,15.5295,24,4,4,True
2012-08-27,14.7011,24,4,4,True
2012-08-28,16.1677,24,4,4,True
2012-08-29,16.8900,24,4,4,True
2012-08-30,16.1534,24,4,4,True
2012-08-31,14.0529,24,4,4,True
2012-09-01,11.8336,24,4,4,True
2012-09-02,11.8345,24,4,4,True
2012-09-03,12.6738,24,4,4,True
2012-09-04,13.9663,24,4,4,True
2012-09-05,14.5645,24,4,4,True
2012-09-06,14.9164,24,4,4,True
2012-09-07,15.0958,24,4,4,True
2012-09-08,14.9019,24,4,4,True
2012-09-09,15.1938,24,4,4,True
2012-09-10,15.3676,24,4,4,True
2012-09-11,16.1784,24,4,4,True
2012-09-12,15.6278,24,4,4,True
2012-09-13,13.4177,24,4,4,True
2012-09-14,12.6690,24,4,4,True
2012-09-15,13.0082,24,4,4,True
2012-09-16,12.9885,24,4,4,True
2012-09-17,13.5048,24,4,4,True
2012-09-18,13.9916,24,4,4,True
2012-09-19,13.8772,24,4,4,True
2012-09-20,12.1030,24,4,4,True
2012-09-21,13.0984,24,4,4,True
2012-09-22,14.0767,24,4,4,True
2012-09-23,14.5439,24,4,4,True
2012-09-24,14.7689,24,4,4,True
2012-09-25,13.9646,24,4,4,True
2012-09-26,13.0334,24,4,4,True
2012-09-27,11.4305,24,4,4,True
2012-09-28,11.9678,24,4,4,True
2012-09-29,12.0457,24,4,4,True
2012-09-30,11.1139,24,4,4,True
2012-10-01,11.1023,24,4,4,True
2012-10-02,11.1758,24,4,4,True
2012-10-03,11.5778,24,4,4,True
2012-10-04,11.8079,24,4,4,True
2012-10-05,12.4649,24,4,4,True
2012-10-06,13.7450,24,4,4,True
2012-10-07,14.0158,24,4,4,True
2012-10-08,14.6939,24,4,4,True
2012-10-09,15.1912,24,4,4,True
2012-10-10,14.5270,24,4,4,True
2012-10-11,14.1757,24,4,4,True
2012-10-12,13.3153,24,4,4,True
2012-10-13,10.9717,24,4,4,True
2012-10-14,10.4210,24,4,4,True
2012-10-15,9.9759,24,4,4,True
2012-10-16,9.3240,24,4,4,True
2012-10-17,11.2451,24,4,4,True
2012-10-18,13.6040,24,4,4,True
2012-10-19,14.3484,24,4,4,True
2012-10-20,15.1730,24,4,4,True
2012-10-21,14.9859,24,4,4,True
2012-10-22,13.7659,24,4,4,True
2012-10-23,13.4613,24,4,4,True
2012-10-24,12.7449,24,4,4,True
2012-10-25,13.0868,24,4,4,True
2012-10-26,13.4533,24,4,4,True
2012-10-27,10.9402,24,4,4,True
2012-10-28,5.7084,24,4,4,True
2012-10-29,5.3104,24,4,4,True
2012-10-30,6.0706,24,4,4,True
2012-10-31,8.6358,24,4,4,True
2012-11-01,7.8082,24,4,4,True
2012-11-02,8.8730,24,4,4,True
2012-11-03,9.2898,24,4,4,True
2012-11-04,9.9643,24,4,4,True
2012-11-05,9.0363,24,4,4,True
2012-11-06,8.0427,24,4,4,True
2012-11-07,6.6486,24,4,4,True
2012-11-08,7.6106,24,4,4,True
2012-11-09,9.7363,24,4,4,True
2012-11-10,10.6562,24,4,4,True
2012-11-11,9.3374,24,4,4,True
2012-11-12,7.6125,24,4,4,True
2012-11-13,6.9113,24,4,4,True
2012-11-14,9.6594,24,4,4,True
2012-11-15,9.7718,24,4,4,True
2012-11-16,9.3840,24,4,4,True
2012-11-17,10.5813,24,4,4,True
2012-11-18,10.4285,24,4,4,True
2012-11-19,9.7736,24,4,4,True
2012-11-20,7.9723,24,4,4,True
2012-11-21,8.7831,24,4,4,True
2012-11-22,8.6725,24,4,4,True
2012-11-23,8.4065,24,4,4,True
2012-11-24,9.7538,24,4,4,True
2012-11-25,9.5771,24,4,4,True
2012-11-26,9.6335,24,4,4,True
2012-11-27,7.8440,24,4,4,True
2012-11-28,6.3135,24,4,4,True
2012-11-29,5.2793,24,4,4,True
2012-11-30,3.9450,24,4,4,True
2012-12-01,2.8931,24,4,4,True
2012-12-02,3.0261,24,4,4,True
2012-12-03,6.1416,24,4,4,True
2012-12-04,6.4509,24,4,4,True
2012-12-05,4.7698,24,4,4,True
2012-12-06,4.0124,24,4,4,True
2012-12-07,3.6254,24,4,4,True
2012-12-08,4.6160,24,4,4,True
2012-12-09,3.3411,24,4,4,True
2012-12-10,3.8930,24,4,4,True
2012-12-11,3.3698,24,4,4,True
2012-12-12,2.1047,24,4,4,True
2012-12-13,5.6027,24,4,4,True
2012-12-14,6.6314,24,4,4,True
2012-12-15,7.0731,24,4,4,True
2012-12-16,7.0554,24,4,4,True
2012-12-17,7.4900,24,4,4,True
2012-12-18,7.0068,24,4,4,True
2012-12-19,6.7498,24,4,4,True
2012-12-20,8.0751,24,4,4,True
2012-12-21,7.7298,24,4,4,True
2012-12-22,8.1289,24,4,4,True
2012-12-23,8.4013,24,4,4,True
2012-12-24,8.1488,24,4,4,True
2012-12-25,8.8829,24,4,4,True
2012-12-26,7.9425,24,4,4,True
2012-12-27,7.8881,24,4,4,True
2012-12-28,8.4305,24,4,4,True
2012-12-29,7.5119,24,4,4,True
2012-12-30,7.1975,24,4,4,True
2012-12-31,6.7998,24,4,4,True
2013-01-01,7.2063,24,4,4,True
2013-01-02,5.9051,24,4,4,True
2013-01-03,4.6958,24,4,4,True
2013-01-04,5.8126,24,4,4,True
2013-01-05,6.0036,24,4,4,True
2013-01-06,5.7032,24,4,4,True
2013-01-07,6.5277,24,4,4,True
2013-01-08,5.5870,24,4,4,True
2013-01-09,4.5918,24,4,4,True
2013-01-10,5.6100,24,4,4,True
2013-01-11,6.0965,24,4,4,True
2013-01-12,5.1035,24,4,4,True
2013-01-13,5.5237,24,4,4,True
2013-01-14,3.9592,24,4,4,True
2013-01-15,3.3778,24,4,4,True
2013-01-16,2.7728,24,4,4,True
2013-01-17,1.7702,24,4,4,True
2013-01-18,2.0543,24,4,4,True
2013-01-19,5.2110,24,4,4,True
2013-01-20,4.3220,24,4,4,True
2013-01-21,4.5763,24,4,4,True
2013-01-22,4.5929,24,4,4,True
2013-01-23,4.6509,24,4,4,True
2013-01-24,4.6240,24,4,4,True
2013-01-25,3.7639,24,4,4,True
2013-01-26,4.3666,24,4,4,True
2013-01-27,5.5172,24,4,4,True
2013-01-28,5.7060,24,4,4,True
2013-01-29,6.6799,24,4,4,True
2013-01-30,7.6445,24,4,4,True
2013-01-31,9.0159,24,4,4,True
2013-02-01,9.3576,24,4,4,True
2013-02-02,6.5216,24,4,4,True
2013-02-03,4.2481,24,4,4,True
2013-02-04,5.9627,24,4,4,True
2013-02-05,7.3528,24,4,4,True
2013-02-06,5.1668,24,4,4,True
2013-02-07,4.5151,24,4,4,True
2013-02-08,4.5312,24,4,4,True
2013-02-09,3.9127,24,4,4,True
2013-02-10,4.8892,24,4,4,True
2013-02-11,4.9194,24,4,4,True
2013-02-12,4.6315,24,4,4,True
2013-02-13,4.9823,24,4,4,True
2013-02-14,6.0561,24,4,4,True
2013-02-15,6.0845,24,4,4,True
2013-02-16,5.4823,24,4,4,True
2013-02-17,5.3613,24,4,4,True
2013-02-18,6.5904,24,4,4,True
2013-02-19,6.6958,24,4,4,True
2013-02-20,5.6820,24,4,4,True
2013-02-21,5.8114,24,4,4,True
2013-02-22,4.6755,24,4,4,True
2013-02-23,2.3221,24,4,4,True
2013-02-24,1.3950,24,4,4,True
2013-02-25,2.2145,24,4,4,True
2013-02-26,3.0371,24,4,4,True
2013-02-27,3.6477,24,4,4,True
2013-02-28,4.8501,24,4,4,True
2013-03-01,5.6904,24,4,4,True
2013-03-02,5.0992,24,4,4,True
2013-03-03,5.2218,24,4,4,True
2013-03-04,6.8728,24,4,4,True
2013-03-05,7.4362,24,4,4,True
2013-03-06,7.4456,24,4,4,True
2013-03-07,8.4579,24,4,4,True
2013-03-08,8.6457,24,4,4,True
2013-03-09,8.3656,24,4,4,True
2013-03-10,8.0063,24,4,4,True
2013-03-11,8.0470,24,4,4,True
2013-03-12,7.2778,24,4,4,True
2013-03-13,4.6041,24,4,4,True
2013-03-14,3.4202,24,4,4,True
2013-03-15,3.3536,24,4,4,True
2013-03-16,4.8134,24,4,4,True
2013-03-17,6.8782,24,4,4,True
2013-03-18,6.2961,24,4,4,True
2013-03-19,6.2641,24,4,4,True
2013-03-20,7.1365,24,4,4,True
2013-03-21,6.9974,24,4,4,True
2013-03-22,7.4875,24,4,4,True
2013-03-23,8.6397,24,4,4,True
2013-03-24,8.7121,24,4,4,True
2013-03-25,8.2225,24,4,4,True
2013-03-26,8.2999,24,4,4,True
2013-03-27,7.8123,24,4,4,True
2013-03-28,9.1516,24,4,4,True
2013-03-29,9.3075,24,4,4,True
2013-03-30,8.9621,24,4,4,True
2013-03-31,7.3290,22,4,4,True
2013-04-01,6.9671,24,4,4,True
2013-04-02,7.8218,24,4,4,True
2013-04-03,8.0675,24,4,4,True
2013-04-04,8.3167,24,4,4,True
2013-04-05,6.7215,24,4,4,True
2013-04-06,5.6217,24,4,4,True
2013-04-07,5.9849,24,4,4,True
2013-04-08,7.0732,24,4,4,True
2013-04-09,7.6385,24,4,4,True
2013-04-10,8.8691,24,4,4,True
2013-04-11,9.9815,24,4,4,True
2013-04-12,9.5178,24,4,4,True
2013-04-13,10.0177,24,4,4,True
2013-04-14,10.5264,24,4,4,True
2013-04-15,10.8473,24,4,4,True
2013-04-16,12.1527,24,4,4,True
2013-04-17,12.1665,24,4,4,True
2013-04-18,10.8094,24,4,4,True
2013-04-19,8.8406,24,4,4,True
2013-04-20,7.5084,24,4,4,True
2013-04-21,7.9303,24,4,4,True
2013-04-22,8.1459,24,4,4,True
2013-04-23,9.0179,24,4,4,True
2013-04-24,9.8107,24,4,4,True
2013-04-25,10.6182,24,4,4,True
2013-04-26,10.8610,24,4,4,True
2013-04-27,8.1395,24,4,4,True
2013-04-28,6.6525,24,4,4,True
2013-04-29,6.7910,24,4,4,True
2013-04-30,8.4322,24,4,4,True
2013-05-01,9.9748,24,4,4,True
2013-05-02,10.1577,24,4,4,True
2013-05-03,9.7440,24,4,4,True
2013-05-04,10.2833,24,4,4,True
2013-05-05,10.6798,24,4,4,True
2013-05-06,11.0548,24,4,4,True
2013-05-07,11.2212,24,4,4,True
2013-05-08,12.5165,24,4,4,True
2013-05-09,12.5613,24,4,4,True
2013-05-10,10.6060,24,4,4,True
2013-05-11,9.4720,24,4,4,True
2013-05-12,9.6491,24,4,4,True
2013-05-13,10.3040,24,4,4,True
2013-05-14,11.3186,24,4,4,True
2013-05-15,10.3697,24,4,4,True
2013-05-16,8.4937,24,4,4,True
2013-05-17,8.9655,24,4,4,True
2013-05-18,10.4016,24,4,4,True
2013-05-19,9.4006,24,4,4,True
2013-05-20,9.2767,24,4,4,True
2013-05-21,9.1071,24,4,4,True
2013-05-22,9.9017,24,4,4,True
2013-05-23,9.5155,24,4,4,True
2013-05-24,8.0184,24,4,4,True
2013-05-25,7.7164,24,4,4,True
2013-05-26,8.3905,24,4,4,True
2013-05-27,9.1791,24,4,4,True
2013-05-28,9.6894,24,4,4,True
2013-05-29,8.2410,24,4,4,True
2013-05-30,8.4290,24,4,4,True
2013-05-31,9.3552,24,4,4,True
2013-06-01,10.1749,24,4,4,True
2013-06-02,10.5357,24,4,4,True
2013-06-03,10.3936,24,4,4,True
2013-06-04,9.9973,24,4,4,True
2013-06-05,10.6283,24,4,4,True
2013-06-06,11.7522,24,4,4,True
2013-06-07,11.9289,24,4,4,True
2013-06-08,11.5361,24,4,4,True
2013-06-09,10.5768,24,4,4,True
2013-06-10,11.1888,24,4,4,True
2013-06-11,12.2561,24,4,4,True
2013-06-12,13.3259,24,4,4,True
2013-06-13,13.4678,24,4,4,True
2013-06-14,13.2330,24,4,4,True
2013-06-15,13.9345,24,4,4,True
2013-06-16,13.9251,24,4,4,True
2013-06-17,14.2187,24,4,4,True
2013-06-18,14.3154,24,4,4,True
2013-06-19,13.5109,24,4,4,True
2013-06-20,12.5439,24,4,4,True
2013-06-21,12.1343,24,4,4,True
2013-06-22,12.3745,24,4,4,True
2013-06-23,12.2734,24,4,4,True
2013-06-24,10.7036,24,4,4,True
2013-06-25,10.9336,24,4,4,True
2013-06-26,11.4079,24,4,4,True
2013-06-27,11.7480,24,4,4,True
2013-06-28,11.9190,24,4,4,True
2013-06-29,12.2398,24,4,4,True
2013-06-30,13.3005,24,4,4,True
2013-07-01,14.1763,24,4,4,True
2013-07-02,13.8861,24,4,4,True
2013-07-03,14.1326,24,4,4,True
2013-07-04,13.6462,24,4,4,True
2013-07-05,14.9468,24,4,4,True
2013-07-06,15.4097,24,4,4,True
2013-07-07,15.7197,24,4,4,True
2013-07-08,16.1391,24,4,4,True
2013-07-09,15.7144,24,4,4,True
2013-07-10,15.6057,24,4,4,True
2013-07-11,15.7488,24,4,4,True
2013-07-12,16.1533,24,4,4,True
2013-07-13,16.0492,24,4,4,True
2013-07-14,15.6069,24,4,4,True
2013-07-15,16.2877,24,4,4,True
2013-07-16,16.0793,24,4,4,True
2013-07-17,16.3019,24,4,4,True
2013-07-18,16.5262,24,4,4,True
2013-07-19,16.1787,24,4,4,True
2013-07-20,16.3479,24,4,4,True
2013-07-21,16.1800,24,4,4,True
2013-07-22,16.3619,24,4,4,True
2013-07-23,16.5497,24,4,4,True
2013-07-24,16.8045,24,4,4,True
2013-07-25,17.6745,24,4,4,True
2013-07-26,17.6809,24,4,4,True
2013-07-27,18.5091,24,4,4,True
2013-07-28,17.7991,24,4,4,True
2013-07-29,16.0852,24,4,4,True
2013-07-30,15.2137,17,3,4,False
2013-07-31,,0,0,,False
2013-08-01,,0,0,,False
2013-08-02,,0,0,,False
2013-08-03,,0,0,,False
2013-08-04,,0,0,,False
2013-08-05,,0,0,,False
2013-08-06,,0,0,,False
2013-08-07,,0,0,,False
2013-08-08,,0,0,,False
2013-08-09,,0,0,,False
2013-08-10,,0,0,,False
2013-08-11,,0,0,,False
2013-08-12,,0,0,,False
2013-08-13,,0,0,,False
2013-08-14,,0,0,,False
2013-08-15,,0,0,,False
2013-08-16,,0,0,,False
2013-08-17,,0,0,,False
2013-08-18,,0,0,,False
2013-08-19,,0,0,,False
2013-08-20,,0,0,,False
2013-08-21,,0,0,,False
2013-08-22,,0,0,,False
2013-08-23,,0,0,,False
2013-08-24,,0,0,,False
2013-08-25,,0,0,,False
2013-08-26,,0,0,,False
2013-08-27,,0,0,,False
2013-08-28,,0,0,,False
2013-08-29,,0,0,,False
2013-08-30,,0,0,,False
2013-08-31,,0,0,,False
2013-09-01,,0,0,,False
2013-09-02,,0,0,,False
2013-09-03,,0,0,,False
2013-09-04,,0,0,,False
2013-09-05,,0,0,,False
2013-09-06,,0,0,,False
2013-09-07,,0,0,,False
2013-09-08,,0,0,,False
2013-09-09,,0,0,,False
2013-09-10,,0,0,,False
2013-09-11,,0,0,,False
2013-09-12,,0,0,,False
2013-09-13,,0,0,,False
2013-09-14,,0,0,,False
2013-09-15,,0,0,,False
2013-09-16,,0,0,,False
2013-09-17,,0,0,,False
2013-09-18,,0,0,,False
2013-09-19,,0,0,,False
2013-09-20,,0,0,,False
2013-09-21,,0,0,,False
2013-09-22,,0,0,,False
2013-09-23,,0,0,,False
2013-09-24,,0,0,,False
2013-09-25,,0,0,,False
2013-09-26,,0,0,,False
2013-09-27,,0,0,,False
2013-09-28,,0,0,,False
2013-09-29,,0,0,,False
2013-09-30,,0,0,,False
2013-10-01,,0,0,,False
2013-10-02,,0,0,,False
2013-10-03,,0,0,,False
2013-10-04,,0,0,,False
2013-10-05,,0,0,,False
2013-10-06,,0,0,,False
2013-10-07,,0,0,,False
2013-10-08,,0,0,,False
2013-10-09,,0,0,,False
2013-10-10,,0,0,,False
2013-10-11,,0,0,,False
2013-10-12,,0,0,,False
2013-10-13,,0,0,,False
2013-10-14,,0,0,,False
2013-10-15,,0,0,,False
2013-10-16,,0,0,,False
2013-10-17,,0,0,,False
2013-10-18,,0,0,,False
2013-10-19,,0,0,,False
2013-10-20,,0,0,,False
2013-10-21,,0,0,,False
2013-10-22,,0,0,,False
2013-10-23,,0,0,,False
2013-10-24,,0,0,,False
2013-10-25,,0,0,,False
2013-10-26,,0,0,,False
2013-10-27,,0,0,,False
2013-10-28,,0,0,,False
2013-10-29,,0,0,,False
2013-10-30,,0,0,,False
2013-10-31,,0,0,,False
2013-11-01,,0,0,,False
2013-11-02,,0,0,,False
2013-11-03,,0,0,,False
2013-11-04,,0,0,,False
2013-11-05,,0,0,,False
2013-11-06,,0,0,,False
2013-11-07,,0,0,,False
2013-11-08,,0,0,,False
2013-11-09,,0,0,,False
2013-11-10,,0,0,,False
2013-11-11,,0,0,,False
2013-11-12,,0,0,,False
2013-11-13,,0,0,,False
2013-11-14,,0,0,,False
2013-11-15,,0,0,,False
2013-11-16,,0,0,,False
2013-11-17,,0,0,,False
2013-11-18,,0,0,,False
2013-11-19,,0,0,,False
2013-11-20,,0,0,,False
2013-11-21,,0,0,,False
2013-11-22,,0,0,,False
2013-11-23,,0,0,,False
2013-11-24,,0,0,,False
2013-11-25,,0,0,,False
2013-11-26,,0,0,,False
2013-11-27,,0,0,,False
2013-11-28,,0,0,,False
2013-11-29,,0,0,,False
2013-11-30,,0,0,,False
2013-12-01,,0,0,,False
2013-12-02,,0,0,,False
2013-12-03,,0,0,,False
2013-12-04,,0,0,,False
2013-12-05,,0,0,,False
2013-12-06,,0,0,,False
2013-12-07,,0,0,,False
2013-12-08,,0,0,,False
2013-12-09,,0,0,,False
2013-12-10,,0,0,,False
2013-12-11,,0,0,,False
2013-12-12,,0,0,,False
2013-12-13,,0,0,,False
2013-12-14,,0,0,,False
2013-12-15,,0,0,,False
2013-12-16,,0,0,,False
2013-12-17,,0,0,,False
2013-12-18,,0,0,,False
2013-12-19,,0,0,,False
2013-12-20,,0,0,,False
2013-12-21,,0,0,,False
2013-12-22,,0,0,,False
2013-12-23,,0,0,,False
2013-12-24,,0,0,,False
2013-12-25,,0,0,,False
2013-12-26,,0,0,,False
2013-12-27,,0,0,,False
2013-12-28,,0,0,,False
2013-12-29,,0,0,,False
2013-12-30,,0,0,,False
2013-12-31,,0,0,,False
2014-01-01,,0,0,,False
2014-01-02,,0,0,,False
2014-01-03,,0,0,,False
2014-01-04,,0,0,,False
2014-01-05,,0,0,,False
2014-01-06,,0,0,,False
2014-01-07,,0,0,,False
2014-01-08,,0,0,,False
2014-01-09,,0,0,,False
2014-01-10,,0,0,,False
2014-01-11,,0,0,,False
2014-01-12,,0,0,,False
2014-01-13,,0,0,,False
2014-01-14,,0,0,,False
2014-01-15,,0,0,,False
2014-01-16,,0,0,,False
2014-01-17,,0,0,,False
2014-01-18,,0,0,,False
2014-01-19,,0,0,,False
2014-01-20,,0,0,,False
2014-01-21,,0,0,,False
2014-01-22,,0,0,,False
2014-01-23,,0,0,,False
2014-01-24,,0,0,,False
2014-01-25,,0,0,,False
2014-01-26,,0,0,,False
2014-01-27,,0,0,,False
2014-01-28,,0,0,,False
2014-01-29,,0,0,,False
2014-01-30,,0,0,,False
2014-01-31,,0,0,,False
2014-02-01,,0,0,,False
2014-02-02,,0,0,,False
2014-02-03,,0,0,,False
2014-02-04,,0,0,,False
2014-02-05,,0,0,,False
2014-02-06,,0,0,,False
2014-02-07,,0,0,,False
2014-02-08,,0,0,,False
2014-02-09,,0,0,,False
2014-02-10,,0,0,,False
2014-02-11,,0,0,,False
2014-02-12,,0,0,,False
2014-02-13,,0,0,,False
2014-02-14,,0,0,,False
2014-02-15,,0,0,,False
2014-02-16,,0,0,,False
2014-02-17,,0,0,,False
2014-02-18,,0,0,,False
2014-02-19,,0,0,,False
2014-02-20,,0,0,,False
2014-02-21,,0,0,,False
2014-02-22,,0,0,,False
2014-02-23,,0,0,,False
2014-02-24,,0,0,,False
2014-02-25,,0,0,,False
2014-02-26,,0,0,,False
2014-02-27,,0,0,,False
2014-02-28,,0,0,,False
2014-03-01,,0,0,,False
2014-03-02,,0,0,,False
2014-03-03,,0,0,,False
2014-03-04,,0,0,,False
2014-03-05,,0,0,,False
2014-03-06,,0,0,,False
2014-03-07,,0,0,,False
2014-03-08,,0,0,,False
2014-03-09,,0,0,,False
2014-03-10,,0,0,,False
2014-03-11,,0,0,,False
2014-03-12,,0,0,,False
2014-03-13,,0,0,,False
2014-03-14,,0,0,,False
2014-03-15,,0,0,,False
2014-03-16,,0,0,,False
2014-03-17,,0,0,,False
2014-03-18,,0,0,,False
2014-03-19,,0,0,,False
2014-03-20,,0,0,,False
2014-03-21,,0,0,,False
2014-03-22,,0,0,,False
2014-03-23,,0,0,,False
2014-03-24,,0,0,,False
2014-03-25,,0,0,,False
2014-03-26,,0,0,,False
2014-03-27,,0,0,,False
2014-03-28,,0,0,,False
2014-03-29,,0,0,,False
2014-03-30,,0,0,,False
2014-03-31,,0,0,,False
2014-04-01,,0,0,,False
2014-04-02,,0,0,,False
2014-04-03,,0,0,,False
2014-04-04,,0,0,,False
2014-04-05,,0,0,,False
2014-04-06,,0,0,,False
2014-04-07,,0,0,,False
2014-04-08,,0,0,,False
2014-04-09,,0,0,,False
2014-04-10,,0,0,,False
2014-04-11,,0,0,,False
2014-04-12,,0,0,,False
2014-04-13,,0,0,,False
2014-04-14,,0,0,,False
2014-04-15,,0,0,,False
2014-04-16,,0,0,,False
2014-04-17,,0,0,,False
2014-04-18,,0,0,,False
2014-04-19,,0,0,,False
2014-04-20,,0,0,,False
2014-04-21,,0,0,,False
2014-04-22,,0,0,,False
2014-04-23,,0,0,,False
2014-04-24,,0,0,,False
2014-04-25,,0,0,,False
2014-04-26,,0,0,,False
2014-04-27,,0,0,,False
2014-04-28,,0,0,,False
2014-04-29,,0,0,,False
2014-04-30,,0,0,,False
2014-05-01,,0,0,,False
2014-05-02,,0,0,,False
2014-05-03,,0,0,,False
2014-05-04,,0,0,,False
2014-05-05,,0,0,,False
2014-05-06,,0,0,,False
2014-05-07,,0,0,,False
2014-05-08,,0,0,,False
2014-05-09,,0,0,,False
2014-05-10,,0,0,,False
2014-05-11,,0,0,,False
2014-05-12,,0,0,,False
2014-05-13,,0,0,,False
2014-05-14,,0,0,,False
2014-05-15,,0,0,,False
2014-05-16,,0,0,,False
2014-05-17,,0,0,,False
2014-05-18,,0,0,,False
2014-05-19,,0,0,,False
2014-05-20,,0,0,,False
2014-05-21,,0,0,,False
2014-05-22,,0,0,,False
2014-05-23,,0,0,,False
2014-05-24,,0,0,,False
2014-05-25,,0,0,,False
2014-05-26,,0,0,,False
2014-05-27,,0,0,,False
2014-05-28,,0,0,,False
2014-05-29,,0,0,,False
2014-05-30,,0,0,,False
2014-05-31,,0,0,,False
2014-06-01,,0,0,,False
2014-06-02,,0,0,,False
2014-06-03,,0,0,,False
2014-06-04,,0,0,,False
2014-06-05,,0,0,,False
2014-06-06,,0,0,,False
2014-06-07,,0,0,,False
2014-06-08,,0,0,,False
2014-06-09,,0,0,,False
2014-06-10,,0,0,,False
2014-06-11,,0,0,,False
2014-06-12,,0,0,,False
2014-06-13,,0,0,,False
2014-06-14,,0,0,,False
2014-06-15,,0,0,,False
2014-06-16,,0,0,,False
2014-06-17,,0,0,,False
2014-06-18,,0,0,,False
2014-06-19,,0,0,,False
2014-06-20,,0,0,,False
2014-06-21,,0,0,,False
2014-06-22,,0,0,,False
2014-06-23,,0,0,,False
2014-06-24,,0,0,,False
2014-06-25,,0,0,,False
2014-06-26,,0,0,,False
2014-06-27,,0,0,,False
2014-06-28,,0,0,,False
2014-06-29,,0,0,,False
2014-06-30,,0,0,,False
2014-07-01,,0,0,,False
2014-07-02,,0,0,,False
2014-07-03,,0,0,,False
2014-07-04,,0,0,,False
2014-07-05,,0,0,,False
2014-07-06,,0,0,,False
2014-07-07,,0,0,,False
2014-07-08,,0,0,,False
2014-07-09,,0,0,,False
2014-07-10,,0,0,,False
2014-07-11,,0,0,,False
2014-07-12,,0,0,,False
2014-07-13,,0,0,,False
2014-07-14,,0,0,,False
2014-07-15,,0,0,,False
2014-07-16,,0,0,,False
2014-07-17,,0,0,,False
2014-07-18,,0,0,,False
2014-07-19,,0,0,,False
2014-07-20,,0,0,,False
2014-07-21,,0,0,,False
2014-07-22,,0,0,,False
2014-07-23,,0,0,,False
2014-07-24,,0,0,,False
2014-07-25,,0,0,,False
2014-07-26,,0,0,,False
2014-07-27,,0,0,,False
2014-07-28,,0,0,,False
2014-07-29,,0,0,,False
2014-07-30,,0,0,,False
2014-07-31,,0,0,,False
2014-08-01,,0,0,,False
2014-08-02,,0,0,,False
2014-08-03,,0,0,,False
2014-08-04,,0,0,,False
2014-08-05,,0,0,,False
2014-08-06,,0,0,,False
2014-08-07,,0,0,,False
2014-08-08,,0,0,,False
2014-08-09,,0,0,,False
2014-08-10,,0,0,,False
2014-08-11,,0,0,,False
2014-08-12,,0,0,,False
2014-08-13,,0,0,,False
2014-08-14,,0,0,,False
2014-08-15,,0,0,,False
2014-08-16,,0,0,,False
2014-08-17,,0,0,,False
2014-08-18,,0,0,,False
2014-08-19,,0,0,,False
2014-08-20,,0,0,,False
2014-08-21,,0,0,,False
2014-08-22,,0,0,,False
2014-08-23,,0,0,,False
2014-08-24,,0,0,,False
2014-08-25,,0,0,,False
2014-08-26,,0,0,,False
2014-08-27,,0,0,,False
2014-08-28,,0,0,,False
2014-08-29,,0,0,,False
2014-08-30,,0,0,,False
2014-08-31,,0,0,,False
2014-09-01,,0,0,,False
2014-09-02,,0,0,,False
2014-09-03,,0,0,,False
2014-09-04,,0,0,,False
2014-09-05,,0,0,,False
2014-09-06,,0,0,,False
2014-09-07,,0,0,,False
2014-09-08,,0,0,,False
2014-09-09,,0,0,,False
2014-09-10,,0,0,,False
2014-09-11,,0,0,,False
2014-09-12,,0,0,,False
2014-09-13,,0,0,,False
2014-09-14,,0,0,,False
2014-09-15,,0,0,,False
2014-09-16,,0,0,,False
2014-09-17,,0,0,,False
2014-09-18,,0,0,,False
2014-09-19,,0,0,,False
2014-09-20,,0,0,,False
2014-09-21,,0,0,,False
2014-09-22,,0,0,,False
2014-09-23,,0,0,,False
2014-09-24,,0,0,,False
2014-09-25,,0,0,,False
2014-09-26,,0,0,,False
2014-09-27,,0,0,,False
2014-09-28,,0,0,,False
2014-09-29,,0,0,,False
2014-09-30,,0,0,,False
2014-10-01,,0,0,,False
2014-10-02,,0,0,,False
2014-10-03,,0,0,,False
2014-10-04,,0,0,,False
2014-10-05,,0,0,,False
2014-10-06,,0,0,,False
2014-10-07,,0,0,,False
2014-10-08,,0,0,,False
2014-10-09,,0,0,,False
2014-10-10,,0,0,,False
2014-10-11,,0,0,,False
2014-10-12,,0,0,,False
2014-10-13,,0,0,,False
2014-10-14,,0,0,,False
2014-10-15,,0,0,,False
2014-10-16,,0,0,,False
2014-10-17,,0,0,,False
2014-10-18,,0,0,,False
2014-10-19,,0,0,,False
2014-10-20,,0,0,,False
2014-10-21,,0,0,,False
2014-10-22,,0,0,,False
2014-10-23,,0,0,,False
2014-10-24,,0,0,,False
2014-10-25,,0,0,,False
2014-10-26,,0,0,,False
2014-10-27,,0,0,,False
2014-10-28,,0,0,,False
2014-10-29,,0,0,,False
2014-10-30,,0,0,,False
2014-10-31,,0,0,,False
2014-11-01,,0,0,,False
2014-11-02,,0,0,,False
2014-11-03,,0,0,,False
2014-11-04,,0,0,,False
2014-11-05,,0,0,,False
2014-11-06,,0,0,,False
2014-11-07,,0,0,,False
2014-11-08,,0,0,,False
2014-11-09,,0,0,,False
2014-11-10,,0,0,,False
2014-11-11,,0,0,,False
2014-11-12,,0,0,,False
2014-11-13,,0,0,,False
2014-11-14,,0,0,,False
2014-11-15,,0,0,,False
2014-11-16,,0,0,,False
2014-11-17,,0,0,,False
2014-11-18,,0,0,,False
2014-11-19,,0,0,,False
2014-11-20,,0,0,,False
2014-11-21,,0,0,,False
2014-11-22,,0,0,,False
2014-11-23,,0,0,,False
2014-11-24,,0,0,,False
2014-11-25,,0,0,,False
2014-11-26,,0,0,,False
2014-11-27,,0,0,,False
2014-11-28,,0,0,,False
2014-11-29,,0,0,,False
2014-11-30,,0,0,,False
2014-12-01,,0,0,,False
2014-12-02,,0,0,,False
2014-12-03,,0,0,,False
2014-12-04,,0,0,,False
2014-12-05,,0,0,,False
2014-12-06,,0,0,,False
2014-12-07,,0,0,,False
2014-12-08,,0,0,,False
2014-12-09,,0,0,,False
2014-12-10,,0,0,,False
2014-12-11,,0,0,,False
2014-12-12,,0,0,,False
2014-12-13,,0,0,,False
2014-12-14,,0,0,,False
2014-12-15,,0,0,,False
2014-12-16,,0,0,,False
2014-12-17,,0,0,,False
2014-12-18,,0,0,,False
2014-12-19,,0,0,,False
2014-12-20,,0,0,,False
2014-12-21,,0,0,,False
2014-12-22,,0,0,,False
2014-12-23,,0,0,,False
2014-12-24,,0,0,,False
2014-12-25,,0,0,,False
2014-12-26,,0,0,,False
2014-12-27,,0,0,,False
2014-12-28,,0,0,,False
2014-12-29,,0,0,,False
2014-12-30,,0,0,,False
2014-12-31,,0,0,,False
2015-01-01,,0,0,,False
2015-01-02,,0,0,,False
2015-01-03,,0,0,,False
2015-01-04,,0,0,,False
2015-01-05,,0,0,,False
2015-01-06,,0,0,,False
2015-01-07,,0,0,,False
2015-01-08,,0,0,,False
2015-01-09,,0,0,,False
2015-01-10,,0,0,,False
2015-01-11,,0,0,,False
2015-01-12,,0,0,,False
2015-01-13,,0,0,,False
2015-01-14,,0,0,,False
2015-01-15,,0,0,,False
2015-01-16,,0,0,,False
2015-01-17,,0,0,,False
2015-01-18,,0,0,,False
2015-01-19,,0,0,,False
2015-01-20,,0,0,,False
2015-01-21,,0,0,,False
2015-01-22,,0,0,,False
2015-01-23,,0,0,,False
2015-01-24,,0,0,,False
2015-01-25,,0,0,,False
2015-01-26,,0,0,,False
2015-01-27,,0,0,,False
2015-01-28,,0,0,,False
2015-01-29,,0,0,,False
2015-01-30,,0,0,,False
2015-01-31,,0,0,,False
2015-02-01,,0,0,,False
2015-02-02,,0,0,,False
2015-02-03,,0,0,,False
2015-02-04,,0,0,,False
2015-02-05,,0,0,,False
2015-02-06,,0,0,,False
2015-02-07,,0,0,,False
2015-02-08,,0,0,,False
2015-02-09,,0,0,,False
2015-02-10,,0,0,,False
2015-02-11,,0,0,,False
2015-02-12,,0,0,,False
2015-02-13,,0,0,,False
2015-02-14,,0,0,,False
2015-02-15,,0,0,,False
2015-02-16,,0,0,,False
2015-02-17,,0,0,,False
2015-02-18,,0,0,,False
2015-02-19,,0,0,,False
2015-02-20,,0,0,,False
2015-02-21,,0,0,,False
2015-02-22,,0,0,,False
2015-02-23,,0,0,,False
2015-02-24,,0,0,,False
2015-02-25,,0,0,,False
2015-02-26,,0,0,,False
2015-02-27,,0,0,,False
2015-02-28,,0,0,,False
2015-03-01,,0,0,,False
2015-03-02,,0,0,,False
2015-03-03,,0,0,,False
2015-03-04,,0,0,,False
2015-03-05,,0,0,,False
2015-03-06,,0,0,,False
2015-03-07,,0,0,,False
2015-03-08,,0,0,,False
2015-03-09,,0,0,,False
2015-03-10,,0,0,,False
2015-03-11,,0,0,,False
2015-03-12,,0,0,,False
2015-03-13,,0,0,,False
2015-03-14,,0,0,,False
2015-03-15,,0,0,,False
2015-03-16,,0,0,,False
2015-03-17,,0,0,,False
2015-03-18,,0,0,,False
2015-03-19,,0,0,,False
2015-03-20,,0,0,,False
2015-03-21,,0,0,,False
2015-03-22,,0,0,,False
2015-03-23,,0,0,,False
2015-03-24,,0,0,,False
2015-03-25,,0,0,,False
2015-03-26,,0,0,,False
2015-03-27,,0,0,,False
2015-03-28,,0,0,,False
2015-03-29,,0,0,,False
2015-03-30,,0,0,,False
2015-03-31,,0,0,,False
2015-04-01,,0,0,,False
2015-04-02,,0,0,,False
2015-04-03,,0,0,,False
2015-04-04,,0,0,,False
2015-04-05,,0,0,,False
2015-04-06,,0,0,,False
2015-04-07,,0,0,,False
2015-04-08,,0,0,,False
2015-04-09,,0,0,,False
2015-04-10,,0,0,,False
2015-04-11,,0,0,,False
2015-04-12,,0,0,,False
2015-04-13,,0,0,,False
2015-04-14,,0,0,,False
2015-04-15,,0,0,,False
2015-04-16,,0,0,,False
2015-04-17,,0,0,,False
2015-04-18,,0,0,,False
2015-04-19,,0,0,,False
2015-04-20,,0,0,,False
2015-04-21,,0,0,,False
2015-04-22,,0,0,,False
2015-04-23,,0,0,,False
2015-04-24,,0,0,,False
2015-04-25,,0,0,,False
2015-04-26,,0,0,,False
2015-04-27,,0,0,,False
2015-04-28,,0,0,,False
2015-04-29,,0,0,,False
2015-04-30,,0,0,,False
2015-05-01,,0,0,,False
2015-05-02,,0,0,,False
2015-05-03,,0,0,,False
2015-05-04,,0,0,,False
2015-05-05,,0,0,,False
2015-05-06,,0,0,,False
2015-05-07,,0,0,,False
2015-05-08,,0,0,,False
2015-05-09,,0,0,,False
2015-05-10,,0,0,,False
2015-05-11,,0,0,,False
2015-05-12,,0,0,,False
2015-05-13,,0,0,,False
2015-05-14,,0,0,,False
2015-05-15,,0,0,,False
2015-05-16,,0,0,,False
2015-05-17,,0,0,,False
2015-05-18,,0,0,,False
2015-05-19,,0,0,,False
2015-05-20,,0,0,,False
2015-05-21,,0,0,,False
2015-05-22,,0,0,,False
2015-05-23,,0,0,,False
2015-05-24,,0,0,,False
2015-05-25,,0,0,,False
2015-05-26,,0,0,,False
2015-05-27,,0,0,,False
2015-05-28,,0,0,,False
2015-05-29,,0,0,,False
2015-05-30,,0,0,,False
2015-05-31,,0,0,,False
2015-06-01,,0,0,,False
2015-06-02,,0,0,,False
2015-06-03,,0,0,,False
2015-06-04,,0,0,,False
2015-06-05,,0,0,,False
2015-06-06,,0,0,,False
2015-06-07,,0,0,,False
2015-06-08,,0,0,,False
2015-06-09,,0,0,,False
2015-06-10,,0,0,,False
2015-06-11,,0,0,,False
2015-06-12,,0,0,,False
2015-06-13,,0,0,,False
2015-06-14,,0,0,,False
2015-06-15,,0,0,,False
2015-06-16,,0,0,,False
2015-06-17,,0,0,,False
2015-06-18,,0,0,,False
2015-06-19,,0,0,,False
2015-06-20,,0,0,,False
2015-06-21,,0,0,,False
2015-06-22,,0,0,,False
2015-06-23,,0,0,,False
2015-06-24,,0,0,,False
2015-06-25,,0,0,,False
2015-06-26,,0,0,,False
2015-06-27,,0,0,,False
2015-06-28,,0,0,,False
2015-06-29,,0,0,,False
2015-06-30,,0,0,,False
2015-07-01,,0,0,,False
2015-07-02,,0,0,,False
2015-07-03,,0,0,,False
2015-07-04,,0,0,,False
2015-07-05,,0,0,,False
2015-07-06,,0,0,,False
2015-07-07,,0,0,,False
2015-07-08,,0,0,,False
2015-07-09,,0,0,,False
2015-07-10,,0,0,,False
2015-07-11,,0,0,,False
2015-07-12,,0,0,,False
2015-07-13,,0,0,,False
2015-07-14,,0,0,,False
2015-07-15,,0,0,,False
2015-07-16,,0,0,,False
2015-07-17,,0,0,,False
2015-07-18,,0,0,,False
2015-07-19,,0,0,,False
2015-07-20,,0,0,,False
2015-07-21,,0,0,,False
2015-07-22,,0,0,,False
2015-07-23,,0,0,,False
2015-07-24,,0,0,,False
2015-07-25,,0,0,,False
2015-07-26,,0,0,,False
2015-07-27,,0,0,,False
2015-07-28,,0,0,,False
2015-07-29,,0,0,,False
2015-07-30,,0,0,,False
2015-07-31,,0,0,,False
2015-08-01,,0,0,,False
2015-08-02,,0,0,,False
2015-08-03,,0,0,,False
2015-08-04,,0,0,,False
2015-08-05,,0,0,,False
2015-08-06,,0,0,,False
2015-08-07,,0,0,,False
2015-08-08,,0,0,,False
2015-08-09,,0,0,,False
2015-08-10,,0,0,,False
2015-08-11,,0,0,,False
2015-08-12,,0,0,,False
2015-08-13,,0,0,,False
2015-08-14,,0,0,,False
2015-08-15,,0,0,,False
2015-08-16,,0,0,,False
2015-08-17,,0,0,,False
2015-08-18,,0,0,,False
2015-08-19,,0,0,,False
2015-08-20,,0,0,,False
2015-08-21,,0,0,,False
2015-08-22,,0,0,,False
2015-08-23,,0,0,,False
2015-08-24,,0,0,,False
2015-08-25,,0,0,,False
2015-08-26,,0,0,,False
2015-08-27,,0,0,,False
2015-08-28,,0,0,,False
2015-08-29,,0,0,,False
2015-08-30,,0,0,,False
2015-08-31,,0,0,,False
2015-09-01,,0,0,,False
2015-09-02,,0,0,,False
2015-09-03,,0,0,,False
2015-09-04,,0,0,,False
2015-09-05,,0,0,,False
2015-09-06,,0,0,,False
2015-09-07,,0,0,,False
2015-09-08,,0,0,,False
2015-09-09,,0,0,,False
2015-09-10,,0,0,,False
2015-09-11,,0,0,,False
2015-09-12,,0,0,,False
2015-09-13,,0,0,,False
2015-09-14,,0,0,,False
2015-09-15,,0,0,,False
2015-09-16,,0,0,,False
2015-09-17,,0,0,,False
2015-09-18,,0,0,,False
2015-09-19,,0,0,,False
2015-09-20,,0,0,,False
2015-09-21,,0,0,,False
2015-09-22,,0,0,,False
2015-09-23,,0,0,,False
2015-09-24,,0,0,,False
2015-09-25,,0,0,,False
2015-09-26,,0,0,,False
2015-09-27,,0,0,,False
2015-09-28,,0,0,,False
2015-09-29,,0,0,,False
2015-09-30,,0,0,,False
2015-10-01,,0,0,,False
2015-10-02,,0,0,,False
2015-10-03,,0,0,,False
2015-10-04,,0,0,,False
2015-10-05,,0,0,,False
2015-10-06,,0,0,,False
2015-10-07,,0,0,,False
2015-10-08,,0,0,,False
2015-10-09,,0,0,,False
2015-10-10,,0,0,,False
2015-10-11,,0,0,,False
2015-10-12,,0,0,,False
2015-10-13,,0,0,,False
2015-10-14,,0,0,,False
2015-10-15,,0,0,,False
2015-10-16,,0,0,,False
2015-10-17,,0,0,,False
2015-10-18,,0,0,,False
2015-10-19,,0,0,,False
2015-10-20,,0,0,,False
2015-10-21,,0,0,,False
2015-10-22,,0,0,,False
2015-10-23,,0,0,,False
2015-10-24,,0,0,,False
2015-10-25,,0,0,,False
2015-10-26,,0,0,,False
2015-10-27,,0,0,,False
2015-10-28,,0,0,,False
2015-10-29,,0,0,,False
2015-10-30,,0,0,,False
2015-10-31,,0,0,,False
2015-11-01,,0,0,,False
2015-11-02,,0,0,,False
2015-11-03,,0,0,,False
2015-11-04,,0,0,,False
2015-11-05,,0,0,,False
2015-11-06,,0,0,,False
2015-11-07,,0,0,,False
2015-11-08,,0,0,,False
2015-11-09,,0,0,,False
2015-11-10,,0,0,,False
2015-11-11,,0,0,,False
2015-11-12,,0,0,,False
2015-11-13,,0,0,,False
2015-11-14,,0,0,,False
2015-11-15,,0,0,,False
2015-11-16,,0,0,,False
2015-11-17,,0,0,,False
2015-11-18,,0,0,,False
2015-11-19,,0,0,,False
2015-11-20,,0,0,,False
2015-11-21,,0,0,,False
2015-11-22,,0,0,,False
2015-11-23,,0,0,,False
2015-11-24,,0,0,,False
2015-11-25,,0,0,,False
2015-11-26,,0,0,,False
2015-11-27,,0,0,,False
2015-11-28,,0,0,,False
2015-11-29,,0,0,,False
2015-11-30,,0,0,,False
2015-12-01,,0,0,,False
2015-12-02,,0,0,,False
2015-12-03,,0,0,,False
2015-12-04,,0,0,,False
2015-12-05,,0,0,,False
2015-12-06,,0,0,,False
2015-12-07,,0,0,,False
2015-12-08,,0,0,,False
2015-12-09,,0,0,,False
2015-12-10,,0,0,,False
2015-12-11,,0,0,,False
2015-12-12,,0,0,,False
2015-12-13,,0,0,,False
2015-12-14,,0,0,,False
2015-12-15,,0,0,,False
2015-12-16,,0,0,,False
2015-12-17,,0,0,,False
2015-12-18,,0,0,,False
2015-12-19,,0,0,,False
2015-12-20,,0,0,,False
2015-12-21,,0,0,,False
2015-12-22,,0,0,,False
2015-12-23,,0,0,,False
2015-12-24,,0,0,,False
2015-12-25,,0,0,,False
2015-12-26,,0,0,,False
2015-12-27,,0,0,,False
2015-12-28,,0,0,,False
2015-12-29,,0,0,,False
2015-12-30,,0,0,,False
2015-12-31,,0,0,,False
2016-01-01,,0,0,,False
2016-01-02,,0,0,,False
2016-01-03,,0,0,,False
2016-01-04,,0,0,,False
2016-01-05,,0,0,,False
2016-01-06,,0,0,,False
2016-01-07,,0,0,,False
2016-01-08,,0,0,,False
2016-01-09,,0,0,,False
2016-01-10,,0,0,,False
2016-01-11,,0,0,,False
2016-01-12,,0,0,,False
2016-01-13,,0,0,,False
2016-01-14,,0,0,,False
2016-01-15,,0,0,,False
2016-01-16,,0,0,,False
2016-01-17,,0,0,,False
2016-01-18,,0,0,,False
2016-01-19,,0,0,,False
2016-01-20,,0,0,,False
2016-01-21,,0,0,,False
2016-01-22,,0,0,,False
2016-01-23,,0,0,,False
2016-01-24,,0,0,,False
2016-01-25,,0,0,,False
2016-01-26,,0,0,,False
2016-01-27,,0,0,,False
2016-01-28,,0,0,,False
2016-01-29,,0,0,,False
2016-01-30,,0,0,,False
2016-01-31,,0,0,,False
2016-02-01,,0,0,,False
2016-02-02,,0,0,,False
2016-02-03,,0,0,,False
2016-02-04,,0,0,,False
2016-02-05,,0,0,,False
2016-02-06,,0,0,,False
2016-02-07,,0,0,,False
2016-02-08,,0,0,,False
2016-02-09,,0,0,,False
2016-02-10,,0,0,,False
2016-02-11,,0,0,,False
2016-02-12,,0,0,,False
2016-02-13,,0,0,,False
2016-02-14,,0,0,,False
2016-02-15,,0,0,,False
2016-02-16,,0,0,,False
2016-02-17,,0,0,,False
2016-02-18,,0,0,,False
2016-02-19,,0,0,,False
2016-02-20,,0,0,,False
2016-02-21,,0,0,,False
2016-02-22,,0,0,,False
2016-02-23,,0,0,,False
2016-02-24,,0,0,,False
2016-02-25,,0,0,,False
2016-02-26,,0,0,,False
2016-02-27,,0,0,,False
2016-02-28,,0,0,,False
2016-02-29,,0,0,,False
2016-03-01,,0,0,,False
2016-03-02,,0,0,,False
2016-03-03,,0,0,,False
2016-03-04,,0,0,,False
2016-03-05,,0,0,,False
2016-03-06,,0,0,,False
2016-03-07,,0,0,,False
2016-03-08,,0,0,,False
2016-03-09,,0,0,,False
2016-03-10,,0,0,,False
2016-03-11,,0,0,,False
2016-03-12,,0,0,,False
2016-03-13,,0,0,,False
2016-03-14,,0,0,,False
2016-03-15,,0,0,,False
2016-03-16,,0,0,,False
2016-03-17,,0,0,,False
2016-03-18,,0,0,,False
2016-03-19,,0,0,,False
2016-03-20,,0,0,,False
2016-03-21,,0,0,,False
2016-03-22,,0,0,,False
2016-03-23,,0,0,,False
2016-03-24,,0,0,,False
2016-03-25,,0,0,,False
2016-03-26,,0,0,,False
2016-03-27,,0,0,,False
2016-03-28,,0,0,,False
2016-03-29,,0,0,,False
2016-03-30,,0,0,,False
2016-03-31,,0,0,,False
2016-04-01,,0,0,,False
2016-04-02,,0,0,,False
2016-04-03,,0,0,,False
2016-04-04,,0,0,,False
2016-04-05,,0,0,,False
2016-04-06,,0,0,,False
2016-04-07,,0,0,,False
2016-04-08,,0,0,,False
2016-04-09,,0,0,,False
2016-04-10,,0,0,,False
2016-04-11,,0,0,,False
2016-04-12,,0,0,,False
2016-04-13,,0,0,,False
2016-04-14,,0,0,,False
2016-04-15,,0,0,,False
2016-04-16,,0,0,,False
2016-04-17,,0,0,,False
2016-04-18,,0,0,,False
2016-04-19,,0,0,,False
2016-04-20,,0,0,,False
2016-04-21,,0,0,,False
2016-04-22,,0,0,,False
2016-04-23,,0,0,,False
2016-04-24,,0,0,,False
2016-04-25,,0,0,,False
2016-04-26,,0,0,,False
2016-04-27,,0,0,,False
2016-04-28,,0,0,,False
2016-04-29,,0,0,,False
2016-04-30,,0,0,,False
2016-05-01,,0,0,,False
2016-05-02,,0,0,,False
2016-05-03,,0,0,,False
2016-05-04,,0,0,,False
2016-05-05,,0,0,,False
2016-05-06,,0,0,,False
2016-05-07,,0,0,,False
2016-05-08,,0,0,,False
2016-05-09,,0,0,,False
2016-05-10,,0,0,,False
2016-05-11,,0,0,,False
2016-05-12,,0,0,,False
2016-05-13,,0,0,,False
2016-05-14,,0,0,,False
2016-05-15,,0,0,,False
2016-05-16,,0,0,,False
2016-05-17,,0,0,,False
2016-05-18,,0,0,,False
2016-05-19,,0,0,,False
2016-05-20,,0,0,,False
2016-05-21,,0,0,,False
2016-05-22,,0,0,,False
2016-05-23,,0,0,,False
2016-05-24,,0,0,,False
2016-05-25,,0,0,,False
2016-05-26,,0,0,,False
2016-05-27,,0,0,,False
2016-05-28,,0,0,,False
2016-05-29,,0,0,,False
2016-05-30,,0,0,,False
2016-05-31,,0,0,,False
2016-06-01,,0,0,,False
2016-06-02,,0,0,,False
2016-06-03,,0,0,,False
2016-06-04,,0,0,,False
2016-06-05,,0,0,,False
2016-06-06,,0,0,,False
2016-06-07,,0,0,,False
2016-06-08,,0,0,,False
2016-06-09,,0,0,,False
2016-06-10,,0,0,,False
2016-06-11,,0,0,,False
2016-06-12,,0,0,,False
2016-06-13,,0,0,,False
2016-06-14,,0,0,,False
2016-06-15,,0,0,,False
2016-06-16,,0,0,,False
2016-06-17,,0,0,,False
2016-06-18,,0,0,,False
2016-06-19,,0,0,,False
2016-06-20,,0,0,,False
2016-06-21,,0,0,,False
2016-06-22,,0,0,,False
2016-06-23,,0,0,,False
2016-06-24,,0,0,,False
2016-06-25,,0,0,,False
2016-06-26,,0,0,,False
2016-06-27,,0,0,,False
2016-06-28,,0,0,,False
2016-06-29,,0,0,,False
2016-06-30,,0,0,,False
2016-07-01,,0,0,,False
2016-07-02,,0,0,,False
2016-07-03,,0,0,,False
2016-07-04,,0,0,,False
2016-07-05,,0,0,,False
2016-07-06,,0,0,,False
2016-07-07,,0,0,,False
2016-07-08,,0,0,,False
2016-07-09,,0,0,,False
2016-07-10,,0,0,,False
2016-07-11,,0,0,,False
2016-07-12,,0,0,,False
2016-07-13,,0,0,,False
2016-07-14,,0,0,,False
2016-07-15,,0,0,,False
2016-07-16,,0,0,,False
2016-07-17,,0,0,,False
2016-07-18,,0,0,,False
2016-07-19,,0,0,,False
2016-07-20,,0,0,,False
2016-07-21,,0,0,,False
2016-07-22,,0,0,,False
2016-07-23,,0,0,,False
2016-07-24,,0,0,,False
2016-07-25,,0,0,,False
2016-07-26,,0,0,,False
2016-07-27,,0,0,,False
2016-07-28,,0,0,,False
2016-07-29,,0,0,,False
2016-07-30,,0,0,,False
2016-07-31,,0,0,,False
2016-08-01,,0,0,,False
2016-08-02,,0,0,,False
2016-08-03,,0,0,,False
2016-08-04,,0,0,,False
2016-08-05,,0,0,,False
2016-08-06,,0,0,,False
2016-08-07,,0,0,,False
2016-08-08,,0,0,,False
2016-08-09,,0,0,,False
2016-08-10,,0,0,,False
2016-08-11,,0,0,,False
2016-08-12,,0,0,,False
2016-08-13,,0,0,,False
2016-08-14,,0,0,,False
2016-08-15,,0,0,,False
2016-08-16,,0,0,,False
2016-08-17,,0,0,,False
2016-08-18,,0,0,,False
2016-08-19,,0,0,,False
2016-08-20,,0,0,,False
2016-08-21,,0,0,,False
2016-08-22,,0,0,,False
2016-08-23,,0,0,,False
2016-08-24,,0,0,,False
2016-08-25,,0,0,,False
2016-08-26,,0,0,,False
2016-08-27,,0,0,,False
2016-08-28,,0,0,,False
2016-08-29,,0,0,,False
2016-08-30,,0,0,,False
2016-08-31,,0,0,,False
2016-09-01,,0,0,,False
2016-09-02,,0,0,,False
2016-09-03,,0,0,,False
2016-09-04,,0,0,,False
2016-09-05,,0,0,,False
2016-09-06,,0,0,,False
2016-09-07,,0,0,,False
2016-09-08,,0,0,,False
2016-09-09,,0,0,,False
2016-09-10,,0,0,,False
2016-09-11,,0,0,,False
2016-09-12,,0,0,,False
2016-09-13,,0,0,,False
2016-09-14,,0,0,,False
2016-09-15,,0,0,,False
2016-09-16,,0,0,,False
2016-09-17,,0,0,,False
2016-09-18,,0,0,,False
2016-09-19,,0,0,,False
2016-09-20,,0,0,,False
2016-09-21,,0,0,,False
2016-09-22,,0,0,,False
2016-09-23,,0,0,,False
2016-09-24,,0,0,,False
2016-09-25,,0,0,,False
2016-09-26,,0,0,,False
2016-09-27,,0,0,,False
2016-09-28,,0,0,,False
2016-09-29,,0,0,,False
2016-09-30,,0,0,,False
2016-10-01,,0,0,,False
2016-10-02,,0,0,,False
2016-10-03,,0,0,,False
2016-10-04,,0,0,,False
2016-10-05,,0,0,,False
2016-10-06,,0,0,,False
2016-10-07,,0,0,,False
2016-10-08,,0,0,,False
2016-10-09,,0,0,,False
2016-10-10,,0,0,,False
2016-10-11,,0,0,,False
2016-10-12,,0,0,,False
2016-10-13,,0,0,,False
2016-10-14,,0,0,,False
2016-10-15,,0,0,,False
2016-10-16,,0,0,,False
2016-10-17,,0,0,,False
2016-10-18,,0,0,,False
2016-10-19,,0,0,,False
2016-10-20,,0,0,,False
2016-10-21,,0,0,,False
2016-10-22,,0,0,,False
2016-10-23,,0,0,,False
2016-10-24,,0,0,,False
2016-10-25,,0,0,,False
2016-10-26,,0,0,,False
2016-10-27,,0,0,,False
2016-10-28,,0,0,,False
2016-10-29,,0,0,,False
2016-10-30,,0,0,,False
2016-10-31,,0,0,,False
2016-11-01,,0,0,,False
2016-11-02,,0,0,,False
2016-11-03,,0,0,,False
2016-11-04,,0,0,,False
2016-11-05,,0,0,,False
2016-11-06,,0,0,,False
2016-11-07,,0,0,,False
2016-11-08,,0,0,,False
2016-11-09,,0,0,,False
2016-11-10,,0,0,,False
2016-11-11,,0,0,,False
2016-11-12,,0,0,,False
2016-11-13,,0,0,,False
2016-11-14,,0,0,,False
2016-11-15,,0,0,,False
2016-11-16,,0,0,,False
2016-11-17,,0,0,,False
2016-11-18,,0,0,,False
2016-11-19,,0,0,,False
2016-11-20,,0,0,,False
2016-11-21,,0,0,,False
2016-11-22,,0,0,,False
2016-11-23,,0,0,,False
2016-11-24,,0,0,,False
2016-11-25,,0,0,,False
2016-11-26,,0,0,,False
2016-11-27,,0,0,,False
2016-11-28,,0,0,,False
2016-11-29,,0,0,,False
2016-11-30,,0,0,,False
2016-12-01,,0,0,,False
2016-12-02,,0,0,,False
2016-12-03,,0,0,,False
2016-12-04,,0,0,,False
2016-12-05,,0,0,,False
2016-12-06,,0,0,,False
2016-12-07,,0,0,,False
2016-12-08,,0,0,,False
2016-12-09,,0,0,,False
2016-12-10,,0,0,,False
2016-12-11,,0,0,,False
2016-12-12,,0,0,,False
2016-12-13,,0,0,,False
2016-12-14,,0,0,,False
2016-12-15,,0,0,,False
2016-12-16,,0,0,,False
2016-12-17,,0,0,,False
2016-12-18,,0,0,,False
2016-12-19,,0,0,,False
2016-12-20,,0,0,,False
2016-12-21,,0,0,,False
2016-12-22,,0,0,,False
2016-12-23,,0,0,,False
2016-12-24,,0,0,,False
2016-12-25,,0,0,,False
2016-12-26,,0,0,,False
2016-12-27,,0,0,,False
2016-12-28,,0,0,,False
2016-12-29,,0,0,,False
2016-12-30,,0,0,,False
2016-12-31,,0,0,,False
2017-01-01,,0,0,,False
2017-01-02,,0,0,,False
2017-01-03,,0,0,,False
2017-01-04,,0,0,,False
2017-01-05,,0,0,,False
2017-01-06,,0,0,,False
2017-01-07,,0,0,,False
2017-01-08,,0,0,,False
2017-01-09,,0,0,,False
2017-01-10,,0,0,,False
2017-01-11,,0,0,,False
2017-01-12,,0,0,,False
2017-01-13,,0,0,,False
2017-01-14,,0,0,,False
2017-01-15,,0,0,,False
2017-01-16,,0,0,,False
2017-01-17,,0,0,,False
2017-01-18,,0,0,,False
2017-01-19,,0,0,,False
2017-01-20,,0,0,,False
2017-01-21,,0,0,,False
2017-01-22,,0,0,,False
2017-01-23,,0,0,,False
2017-01-24,,0,0,,False
2017-01-25,,0,0,,False
2017-01-26,,0,0,,False
2017-01-27,,0,0,,False
2017-01-28,,0,0,,False
2017-01-29,,0,0,,False
2017-01-30,,0,0,,False
2017-01-31,,0,0,,False
2017-02-01,,0,0,,False
2017-02-02,,0,0,,False
2017-02-03,,0,0,,False
2017-02-04,,0,0,,False
2017-02-05,,0,0,,False
2017-02-06,,0,0,,False
2017-02-07,,0,0,,False
2017-02-08,,0,0,,False
2017-02-09,,0,0,,False
2017-02-10,,0,0,,False
2017-02-11,,0,0,,False
2017-02-12,,0,0,,False
2017-02-13,,0,0,,False
2017-02-14,,0,0,,False
2017-02-15,,0,0,,False
2017-02-16,,0,0,,False
2017-02-17,,0,0,,False
2017-02-18,,0,0,,False
2017-02-19,,0,0,,False
2017-02-20,,0,0,,False
2017-02-21,,0,0,,False
2017-02-22,,0,0,,False
2017-02-23,,0,0,,False
2017-02-24,,0,0,,False
2017-02-25,,0,0,,False
2017-02-26,,0,0,,False
2017-02-27,,0,0,,False
2017-02-28,,0,0,,False
2017-03-01,,0,0,,False
2017-03-02,,0,0,,False
2017-03-03,,0,0,,False
2017-03-04,,0,0,,False
2017-03-05,,0,0,,False
2017-03-06,,0,0,,False
2017-03-07,,0,0,,False
2017-03-08,,0,0,,False
2017-03-09,,0,0,,False
2017-03-10,,0,0,,False
2017-03-11,,0,0,,False
2017-03-12,,0,0,,False
2017-03-13,,0,0,,False
2017-03-14,,0,0,,False
2017-03-15,,0,0,,False
2017-03-16,,0,0,,False
2017-03-17,,0,0,,False
2017-03-18,,0,0,,False
2017-03-19,,0,0,,False
2017-03-20,,0,0,,False
2017-03-21,,0,0,,False
2017-03-22,,0,0,,False
2017-03-23,,0,0,,False
2017-03-24,,0,0,,False
2017-03-25,,0,0,,False
2017-03-26,,0,0,,False
2017-03-27,,0,0,,False
2017-03-28,,0,0,,False
2017-03-29,,0,0,,False
2017-03-30,,0,0,,False
2017-03-31,,0,0,,False
2017-04-01,,0,0,,False
2017-04-02,,0,0,,False
2017-04-03,,0,0,,False
2017-04-04,,0,0,,False
2017-04-05,,0,0,,False
2017-04-06,,0,0,,False
2017-04-07,,0,0,,False
2017-04-08,,0,0,,False
2017-04-09,,0,0,,False
2017-04-10,,0,0,,False
2017-04-11,,0,0,,False
2017-04-12,,0,0,,False
2017-04-13,,0,0,,False
2017-04-14,,0,0,,False
2017-04-15,,0,0,,False
2017-04-16,,0,0,,False
2017-04-17,,0,0,,False
2017-04-18,,0,0,,False
2017-04-19,,0,0,,False
2017-04-20,,0,0,,False
2017-04-21,,0,0,,False
2017-04-22,,0,0,,False
2017-04-23,,0,0,,False
2017-04-24,,0,0,,False
2017-04-25,,0,0,,False
2017-04-26,,0,0,,False
2017-04-27,,0,0,,False
2017-04-28,,0,0,,False
2017-04-29,,0,0,,False
2017-04-30,,0,0,,False
2017-05-01,,0,0,,False
2017-05-02,,0,0,,False
2017-05-03,,0,0,,False
2017-05-04,,0,0,,False
2017-05-05,,0,0,,False
2017-05-06,,0,0,,False
2017-05-07,,0,0,,False
2017-05-08,,0,0,,False
2017-05-09,,0,0,,False
2017-05-10,,0,0,,False
2017-05-11,,0,0,,False
2017-05-12,,0,0,,False
2017-05-13,,0,0,,False
2017-05-14,,0,0,,False
2017-05-15,,0,0,,False
2017-05-16,,0,0,,False
2017-05-17,,0,0,,False
2017-05-18,,0,0,,False
2017-05-19,,0,0,,False
2017-05-20,,0,0,,False
2017-05-21,,0,0,,False
2017-05-22,,0,0,,False
2017-05-23,,0,0,,False
2017-05-24,,0,0,,False
2017-05-25,,0,0,,False
2017-05-26,,0,0,,False
2017-05-27,,0,0,,False
2017-05-28,,0,0,,False
2017-05-29,,0,0,,False
2017-05-30,,0,0,,False
2017-05-31,,0,0,,False
2017-06-01,,0,0,,False
2017-06-02,,0,0,,False
2017-06-03,,0,0,,False
2017-06-04,,0,0,,False
2017-06-05,,0,0,,False
2017-06-06,,0,0,,False
2017-06-07,,0,0,,False
2017-06-08,,0,0,,False
2017-06-09,,0,0,,False
2017-06-10,,0,0,,False
2017-06-11,,0,0,,False
2017-06-12,,0,0,,False
2017-06-13,,0,0,,False
2017-06-14,,0,0,,False
2017-06-15,,0,0,,False
2017-06-16,,0,0,,False
2017-06-17,,0,0,,False
2017-06-18,,0,0,,False
2017-06-19,,0,0,,False
2017-06-20,,0,0,,False
2017-06-21,,0,0,,False
2017-06-22,,0,0,,False
2017-06-23,,0,0,,False
2017-06-24,,0,0,,False
2017-06-25,,0,0,,False
2017-06-26,,0,0,,False
2017-06-27,,0,0,,False
2017-06-28,,0,0,,False
2017-06-29,,0,0,,False
2017-06-30,,0,0,,False
2017-07-01,,0,0,,False
2017-07-02,,0,0,,False
2017-07-03,,0,0,,False
2017-07-04,,0,0,,False
2017-07-05,,0,0,,False
2017-07-06,,0,0,,False
2017-07-07,,0,0,,False
2017-07-08,,0,0,,False
2017-07-09,,0,0,,False
2017-07-10,,0,0,,False
2017-07-11,,0,0,,False
2017-07-12,,0,0,,False
2017-07-13,,0,0,,False
2017-07-14,,0,0,,False
2017-07-15,,0,0,,False
2017-07-16,,0,0,,False
2017-07-17,,0,0,,False
2017-07-18,,0,0,,False
2017-07-19,,0,0,,False
2017-07-20,,0,0,,False
2017-07-21,,0,0,,False
2017-07-22,,0,0,,False
2017-07-23,,0,0,,False
2017-07-24,,0,0,,False
2017-07-25,,0,0,,False
2017-07-26,,0,0,,False
2017-07-27,,0,0,,False
2017-07-28,,0,0,,False
2017-07-29,,0,0,,False
2017-07-30,,0,0,,False
2017-07-31,,0,0,,False
2017-08-01,,0,0,,False
2017-08-02,,0,0,,False
2017-08-03,,0,0,,False
2017-08-04,,0,0,,False
2017-08-05,,0,0,,False
2017-08-06,,0,0,,False
2017-08-07,,0,0,,False
2017-08-08,,0,0,,False
2017-08-09,,0,0,,False
2017-08-10,,0,0,,False
2017-08-11,,0,0,,False
2017-08-12,,0,0,,False
2017-08-13,,0,0,,False
2017-08-14,,0,0,,False
2017-08-15,,0,0,,False
2017-08-16,,0,0,,False
2017-08-17,,0,0,,False
2017-08-18,,0,0,,False
2017-08-19,,0,0,,False
2017-08-20,,0,0,,False
2017-08-21,,0,0,,False
2017-08-22,,0,0,,False
2017-08-23,,0,0,,False
2017-08-24,,0,0,,False
2017-08-25,,0,0,,False
2017-08-26,,0,0,,False
2017-08-27,,0,0,,False
2017-08-28,,0,0,,False
2017-08-29,,0,0,,False
2017-08-30,,0,0,,False
2017-08-31,,0,0,,False
2017-09-01,,0,0,,False
2017-09-02,,0,0,,False
2017-09-03,,0,0,,False
2017-09-04,,0,0,,False
2017-09-05,,0,0,,False
2017-09-06,,0,0,,False
2017-09-07,,0,0,,False
2017-09-08,,0,0,,False
2017-09-09,,0,0,,False
2017-09-10,,0,0,,False
2017-09-11,,0,0,,False
2017-09-12,,0,0,,False
2017-09-13,,0,0,,False
2017-09-14,,0,0,,False
2017-09-15,,0,0,,False
2017-09-16,,0,0,,False
2017-09-17,,0,0,,False
2017-09-18,,0,0,,False
2017-09-19,,0,0,,False
2017-09-20,,0,0,,False
2017-09-21,,0,0,,False
2017-09-22,,0,0,,False
2017-09-23,,0,0,,False
2017-09-24,,0,0,,False
2017-09-25,,0,0,,False
2017-09-26,,0,0,,False
2017-09-27,,0,0,,False
2017-09-28,,0,0,,False
2017-09-29,,0,0,,False
2017-09-30,,0,0,,False
2017-10-01,,0,0,,False
2017-10-02,,0,0,,False
2017-10-03,,0,0,,False
2017-10-04,,0,0,,False
2017-10-05,,0,0,,False
2017-10-06,,0,0,,False
2017-10-07,,0,0,,False
2017-10-08,,0,0,,False
2017-10-09,,0,0,,False
2017-10-10,,0,0,,False
2017-10-11,,0,0,,False
2017-10-12,,0,0,,False
2017-10-13,,0,0,,False
2017-10-14,,0,0,,False
2017-10-15,,0,0,,False
2017-10-16,,0,0,,False
2017-10-17,,0,0,,False
2017-10-18,,0,0,,False
2017-10-19,,0,0,,False
2017-10-20,,0,0,,False
2017-10-21,,0,0,,False
2017-10-22,,0,0,,False
2017-10-23,,0,0,,False
2017-10-24,,0,0,,False
2017-10-25,,0,0,,False
2017-10-26,,0,0,,False
2017-10-27,,0,0,,False
2017-10-28,,0,0,,False
2017-10-29,,0,0,,False
2017-10-30,,0,0,,False
2017-10-31,,0,0,,False
2017-11-01,,0,0,,False
2017-11-02,,0,0,,False
2017-11-03,,0,0,,False
2017-11-04,,0,0,,False
2017-11-05,,0,0,,False
2017-11-06,,0,0,,False
2017-11-07,,0,0,,False
2017-11-08,,0,0,,False
2017-11-09,,0,0,,False
2017-11-10,,0,0,,False
2017-11-11,,0,0,,False
2017-11-12,,0,0,,False
2017-11-13,,0,0,,False
2017-11-14,,0,0,,False
2017-11-15,,0,0,,False
2017-11-16,,0,0,,False
2017-11-17,,0,0,,False
2017-11-18,,0,0,,False
2017-11-19,,0,0,,False
2017-11-20,,0,0,,False
2017-11-21,,0,0,,False
2017-11-22,,0,0,,False
2017-11-23,,0,0,,False
2017-11-24,,0,0,,False
2017-11-25,,0,0,,False
2017-11-26,,0,0,,False
2017-11-27,,0,0,,False
2017-11-28,,0,0,,False
2017-11-29,,0,0,,False
2017-11-30,,0,0,,False
2017-12-01,,0,0,,False
2017-12-02,,0,0,,False
2017-12-03,,0,0,,False
2017-12-04,,0,0,,False
2017-12-05,,0,0,,False
2017-12-06,,0,0,,False
2017-12-07,,0,0,,False
2017-12-08,,0,0,,False
2017-12-09,,0,0,,False
2017-12-10,,0,0,,False
2017-12-11,,0,0,,False
2017-12-12,,0,0,,False
2017-12-13,,0,0,,False
2017-12-14,,0,0,,False
2017-12-15,,0,0,,False
2017-12-16,,0,0,,False
2017-12-17,,0,0,,False
2017-12-18,,0,0,,False
2017-12-19,,0,0,,False
2017-12-20,,0,0,,False
2017-12-21,,0,0,,False
2017-12-22,,0,0,,False
2017-12-23,,0,0,,False
2017-12-24,,0,0,,False
2017-12-25,,0,0,,False
2017-12-26,,0,0,,False
2017-12-27,,0,0,,False
2017-12-28,,0,0,,False
2017-12-29,,0,0,,False
2017-12-30,,0,0,,False
2017-12-31,,0,0,,False
2018-01-01,,0,0,,False
2018-01-02,,0,0,,False
2018-01-03,,0,0,,False
2018-01-04,,0,0,,False
2018-01-05,,0,0,,False
2018-01-06,,0,0,,False
2018-01-07,,0,0,,False
2018-01-08,,0,0,,False
2018-01-09,,0,0,,False
2018-01-10,,0,0,,False
2018-01-11,,0,0,,False
2018-01-12,,0,0,,False
2018-01-13,,0,0,,False
2018-01-14,,0,0,,False
2018-01-15,,0,0,,False
2018-01-16,,0,0,,False
2018-01-17,,0,0,,False
2018-01-18,,0,0,,False
2018-01-19,,0,0,,False
2018-01-20,,0,0,,False
2018-01-21,,0,0,,False
2018-01-22,,0,0,,False
2018-01-23,,0,0,,False
2018-01-24,,0,0,,False
2018-01-25,,0,0,,False
2018-01-26,,0,0,,False
2018-01-27,,0,0,,False
2018-01-28,,0,0,,False
2018-01-29,,0,0,,False
2018-01-30,,0,0,,False
2018-01-31,,0,0,,False
2018-02-01,,0,0,,False
2018-02-02,,0,0,,False
2018-02-03,,0,0,,False
2018-02-04,,0,0,,False
2018-02-05,,0,0,,False
2018-02-06,,0,0,,False
2018-02-07,,0,0,,False
2018-02-08,,0,0,,False
2018-02-09,,0,0,,False
2018-02-10,,0,0,,False
2018-02-11,,0,0,,False
2018-02-12,,0,0,,False
2018-02-13,,0,0,,False
2018-02-14,,0,0,,False
2018-02-15,,0,0,,False
2018-02-16,,0,0,,False
2018-02-17,,0,0,,False
2018-02-18,,0,0,,False
2018-02-19,,0,0,,False
2018-02-20,,0,0,,False
2018-02-21,,0,0,,False
2018-02-22,,0,0,,False
2018-02-23,,0,0,,False
2018-02-24,,0,0,,False
2018-02-25,,0,0,,False
2018-02-26,,0,0,,False
2018-02-27,,0,0,,False
2018-02-28,,0,0,,False
2018-03-01,,0,0,,False
2018-03-02,,0,0,,False
2018-03-03,,0,0,,False
2018-03-04,,0,0,,False
2018-03-05,,0,0,,False
2018-03-06,,0,0,,False
2018-03-07,,0,0,,False
2018-03-08,,0,0,,False
2018-03-09,,0,0,,False
2018-03-10,,0,0,,False
2018-03-11,,0,0,,False
2018-03-12,,0,0,,False
2018-03-13,,0,0,,False
2018-03-14,,0,0,,False
2018-03-15,,0,0,,False
2018-03-16,,0,0,,False
2018-03-17,,0,0,,False
2018-03-18,,0,0,,False
2018-03-19,,0,0,,False
2018-03-20,,0,0,,False
2018-03-21,,0,0,,False
2018-03-22,,0,0,,False
2018-03-23,,0,0,,False
2018-03-24,,0,0,,False
2018-03-25,,0,0,,False
2018-03-26,,0,0,,False
2018-03-27,,0,0,,False
2018-03-28,,0,0,,False
2018-03-29,,0,0,,False
2018-03-30,,0,0,,False
2018-03-31,,0,0,,False
2018-04-01,,0,0,,False
2018-04-02,,0,0,,False
2018-04-03,,0,0,,False
2018-04-04,,0,0,,False
2018-04-05,,0,0,,False
2018-04-06,,0,0,,False
2018-04-07,,0,0,,False
2018-04-08,,0,0,,False
2018-04-09,,0,0,,False
2018-04-10,,0,0,,False
2018-04-11,,0,0,,False
2018-04-12,,0,0,,False
2018-04-13,,0,0,,False
2018-04-14,,0,0,,False
2018-04-15,,0,0,,False
2018-04-16,,0,0,,False
2018-04-17,,0,0,,False
2018-04-18,,0,0,,False
2018-04-19,,0,0,,False
2018-04-20,,0,0,,False
2018-04-21,,0,0,,False
2018-04-22,,0,0,,False
2018-04-23,,0,0,,False
2018-04-24,,0,0,,False
2018-04-25,,0,0,,False
2018-04-26,,0,0,,False
2018-04-27,,0,0,,False
2018-04-28,,0,0,,False
2018-04-29,,0,0,,False
2018-04-30,,0,0,,False
2018-05-01,,0,0,,False
2018-05-02,,0,0,,False
2018-05-03,,0,0,,False
2018-05-04,,0,0,,False
2018-05-05,,0,0,,False
2018-05-06,,0,0,,False
2018-05-07,,0,0,,False
2018-05-08,,0,0,,False
2018-05-09,,0,0,,False
2018-05-10,,0,0,,False
2018-05-11,,0,0,,False
2018-05-12,,0,0,,False
2018-05-13,,0,0,,False
2018-05-14,,0,0,,False
2018-05-15,,0,0,,False
2018-05-16,,0,0,,False
2018-05-17,,0,0,,False
2018-05-18,,0,0,,False
2018-05-19,,0,0,,False
2018-05-20,,0,0,,False
2018-05-21,,0,0,,False
2018-05-22,,0,0,,False
2018-05-23,,0,0,,False
2018-05-24,,0,0,,False
2018-05-25,,0,0,,False
2018-05-26,,0,0,,False
2018-05-27,,0,0,,False
2018-05-28,,0,0,,False
2018-05-29,,0,0,,False
2018-05-30,,0,0,,False
2018-05-31,,0,0,,False
2018-06-01,,0,0,,False
2018-06-02,,0,0,,False
2018-06-03,,0,0,,False
2018-06-04,,0,0,,False
2018-06-05,,0,0,,False
2018-06-06,,0,0,,False
2018-06-07,,0,0,,False
2018-06-08,,0,0,,False
2018-06-09,,0,0,,False
2018-06-10,,0,0,,False
2018-06-11,,0,0,,False
2018-06-12,,0,0,,False
2018-06-13,,0,0,,False
2018-06-14,,0,0,,False
2018-06-15,,0,0,,False
2018-06-16,,0,0,,False
2018-06-17,,0,0,,False
2018-06-18,,0,0,,False
2018-06-19,,0,0,,False
2018-06-20,,0,0,,False
2018-06-21,,0,0,,False
2018-06-22,,0,0,,False
2018-06-23,,0,0,,False
2018-06-24,,0,0,,False
2018-06-25,,0,0,,False
2018-06-26,,0,0,,False
2018-06-27,,0,0,,False
2018-06-28,,0,0,,False
2018-06-29,,0,0,,False
2018-06-30,,0,0,,False
2018-07-01,,0,0,,False
2018-07-02,,0,0,,False
2018-07-03,,0,0,,False
2018-07-04,,0,0,,False
2018-07-05,,0,0,,False
2018-07-06,,0,0,,False
2018-07-07,,0,0,,False
2018-07-08,,0,0,,False
2018-07-09,,0,0,,False
2018-07-10,,0,0,,False
2018-07-11,,0,0,,False
2018-07-12,,0,0,,False
2018-07-13,,0,0,,False
2018-07-14,,0,0,,False
2018-07-15,,0,0,,False
2018-07-16,,0,0,,False
2018-07-17,,0,0,,False
2018-07-18,,0,0,,False
2018-07-19,,0,0,,False
2018-07-20,,0,0,,False
2018-07-21,,0,0,,False
2018-07-22,,0,0,,False
2018-07-23,,0,0,,False
2018-07-24,,0,0,,False
2018-07-25,,0,0,,False
2018-07-26,,0,0,,False
2018-07-27,,0,0,,False
2018-07-28,,0,0,,False
2018-07-29,,0,0,,False
2018-07-30,,0,0,,False
2018-07-31,,0,0,,False
2018-08-01,,0,0,,False
2018-08-02,,0,0,,False
2018-08-03,,0,0,,False
2018-08-04,,0,0,,False
2018-08-05,,0,0,,False
2018-08-06,,0,0,,False
2018-08-07,,0,0,,False
2018-08-08,,0,0,,False
2018-08-09,,0,0,,False
2018-08-10,,0,0,,False
2018-08-11,,0,0,,False
2018-08-12,,0,0,,False
2018-08-13,,0,0,,False
2018-08-14,,0,0,,False
2018-08-15,,0,0,,False
2018-08-16,,0,0,,False
2018-08-17,,0,0,,False
2018-08-18,,0,0,,False
2018-08-19,,0,0,,False
2018-08-20,,0,0,,False
2018-08-21,,0,0,,False
2018-08-22,,0,0,,False
2018-08-23,,0,0,,False
2018-08-24,,0,0,,False
2018-08-25,,0,0,,False
2018-08-26,,0,0,,False
2018-08-27,,0,0,,False
2018-08-28,,0,0,,False
2018-08-29,,0,0,,False
2018-08-30,,0,0,,False
2018-08-31,,0,0,,False
2018-09-01,,0,0,,False
2018-09-02,,0,0,,False
2018-09-03,,0,0,,False
2018-09-04,,0,0,,False
2018-09-05,,0,0,,False
2018-09-06,,0,0,,False
2018-09-07,,0,0,,False
2018-09-08,,0,0,,False
2018-09-09,,0,0,,False
2018-09-10,,0,0,,False
2018-09-11,,0,0,,False
2018-09-12,,0,0,,False
2018-09-13,,0,0,,False
2018-09-14,,0,0,,False
2018-09-15,,0,0,,False
2018-09-16,,0,0,,False
2018-09-17,,0,0,,False
2018-09-18,,0,0,,False
2018-09-19,,0,0,,False
2018-09-20,,0,0,,False
2018-09-21,,0,0,,False
2018-09-22,,0,0,,False
2018-09-23,,0,0,,False
2018-09-24,,0,0,,False
2018-09-25,,0,0,,False
2018-09-26,,0,0,,False
2018-09-27,,0,0,,False
2018-09-28,,0,0,,False
2018-09-29,,0,0,,False
2018-09-30,,0,0,,False
2018-10-01,,0,0,,False
2018-10-02,,0,0,,False
2018-10-03,,0,0,,False
2018-10-04,,0,0,,False
2018-10-05,,0,0,,False
2018-10-06,,0,0,,False
2018-10-07,,0,0,,False
2018-10-08,,0,0,,False
2018-10-09,,0,0,,False
2018-10-10,,0,0,,False
2018-10-11,,0,0,,False
2018-10-12,,0,0,,False
2018-10-13,,0,0,,False
2018-10-14,,0,0,,False
2018-10-15,,0,0,,False
2018-10-16,,0,0,,False
2018-10-17,,0,0,,False
2018-10-18,,0,0,,False
2018-10-19,,0,0,,False
2018-10-20,,0,0,,False
2018-10-21,,0,0,,False
2018-10-22,,0,0,,False
2018-10-23,,0,0,,False
2018-10-24,,0,0,,False
2018-10-25,,0,0,,False
2018-10-26,,0,0,,False
2018-10-27,,0,0,,False
2018-10-28,,0,0,,False
2018-10-29,,0,0,,False
2018-10-30,,0,0,,False
2018-10-31,,0,0,,False
2018-11-01,,0,0,,False
2018-11-02,,0,0,,False
2018-11-03,,0,0,,False
2018-11-04,,0,0,,False
2018-11-05,,0,0,,False
2018-11-06,,0,0,,False
2018-11-07,,0,0,,False
2018-11-08,,0,0,,False
2018-11-09,,0,0,,False
2018-11-10,,0,0,,False
2018-11-11,,0,0,,False
2018-11-12,,0,0,,False
2018-11-13,,0,0,,False
2018-11-14,,0,0,,False
2018-11-15,,0,0,,False
2018-11-16,,0,0,,False
2018-11-17,,0,0,,False
2018-11-18,,0,0,,False
2018-11-19,,0,0,,False
2018-11-20,,0,0,,False
2018-11-21,,0,0,,False
2018-11-22,,0,0,,False
2018-11-23,,0,0,,False
2018-11-24,,0,0,,False
2018-11-25,,0,0,,False
2018-11-26,,0,0,,False
2018-11-27,,0,0,,False
2018-11-28,,0,0,,False
2018-11-29,,0,0,,False
2018-11-30,,0,0,,False
2018-12-01,,0,0,,False
2018-12-02,,0,0,,False
2018-12-03,,0,0,,False
2018-12-04,,0,0,,False
2018-12-05,,0,0,,False
2018-12-06,,0,0,,False
2018-12-07,,0,0,,False
2018-12-08,,0,0,,False
2018-12-09,,0,0,,False
2018-12-10,,0,0,,False
2018-12-11,,0,0,,False
2018-12-12,,0,0,,False
2018-12-13,,0,0,,False
2018-12-14,,0,0,,False
2018-12-15,,0,0,,False
2018-12-16,,0,0,,False
2018-12-17,,0,0,,False
2018-12-18,,0,0,,False
2018-12-19,,0,0,,False
2018-12-20,,0,0,,False
2018-12-21,,0,0,,False
2018-12-22,,0,0,,False
2018-12-23,,0,0,,False
2018-12-24,,0,0,,False
2018-12-25,,0,0,,False
2018-12-26,,0,0,,False
2018-12-27,,0,0,,False
2018-12-28,,0,0,,False
2018-12-29,,0,0,,False
2018-12-30,,0,0,,False
2018-12-31,,0,0,,False
2019-01-01,,0,0,,False
2019-01-02,,0,0,,False
2019-01-03,,0,0,,False
2019-01-04,,0,0,,False
2019-01-05,,0,0,,False
2019-01-06,,0,0,,False
2019-01-07,,0,0,,False
2019-01-08,,0,0,,False
2019-01-09,,0,0,,False
2019-01-10,,0,0,,False
2019-01-11,,0,0,,False
2019-01-12,,0,0,,False
2019-01-13,,0,0,,False
2019-01-14,,0,0,,False
2019-01-15,,0,0,,False
2019-01-16,,0,0,,False
2019-01-17,,0,0,,False
2019-01-18,,0,0,,False
2019-01-19,,0,0,,False
2019-01-20,,0,0,,False
2019-01-21,,0,0,,False
2019-01-22,,0,0,,False
2019-01-23,,0,0,,False
2019-01-24,,0,0,,False
2019-01-25,,0,0,,False
2019-01-26,,0,0,,False
2019-01-27,,0,0,,False
2019-01-28,,0,0,,False
2019-01-29,,0,0,,False
2019-01-30,,0,0,,False
2019-01-31,,0,0,,False
2019-02-01,,0,0,,False
2019-02-02,,0,0,,False
2019-02-03,,0,0,,False
2019-02-04,,0,0,,False
2019-02-05,,0,0,,False
2019-02-06,,0,0,,False
2019-02-07,,0,0,,False
2019-02-08,,0,0,,False
2019-02-09,,0,0,,False
2019-02-10,,0,0,,False
2019-02-11,,0,0,,False
2019-02-12,,0,0,,False
2019-02-13,,0,0,,False
2019-02-14,,0,0,,False
2019-02-15,,0,0,,False
2019-02-16,,0,0,,False
2019-02-17,,0,0,,False
2019-02-18,,0,0,,False
2019-02-19,,0,0,,False
2019-02-20,,0,0,,False
2019-02-21,,0,0,,False
2019-02-22,,0,0,,False
2019-02-23,,0,0,,False
2019-02-24,,0,0,,False
2019-02-25,,0,0,,False
2019-02-26,,0,0,,False
2019-02-27,,0,0,,False
2019-02-28,,0,0,,False
2019-03-01,,0,0,,False
2019-03-02,,0,0,,False
2019-03-03,,0,0,,False
2019-03-04,,0,0,,False
2019-03-05,,0,0,,False
2019-03-06,,0,0,,False
2019-03-07,,0,0,,False
2019-03-08,,0,0,,False
2019-03-09,,0,0,,False
2019-03-10,,0,0,,False
2019-03-11,,0,0,,False
2019-03-12,,0,0,,False
2019-03-13,,0,0,,False
2019-03-14,,0,0,,False
2019-03-15,,0,0,,False
2019-03-16,,0,0,,False
2019-03-17,,0,0,,False
2019-03-18,,0,0,,False
2019-03-19,,0,0,,False
2019-03-20,,0,0,,False
2019-03-21,,0,0,,False
2019-03-22,,0,0,,False
2019-03-23,,0,0,,False
2019-03-24,,0,0,,False
2019-03-25,,0,0,,False
2019-03-26,,0,0,,False
2019-03-27,,0,0,,False
2019-03-28,,0,0,,False
2019-03-29,,0,0,,False
2019-03-30,,0,0,,False
2019-03-31,,0,0,,False
2019-04-01,,0,0,,False
2019-04-02,,0,0,,False
2019-04-03,,0,0,,False
2019-04-04,,0,0,,False
2019-04-05,,0,0,,False
2019-04-06,,0,0,,False
2019-04-07,,0,0,,False
2019-04-08,,0,0,,False
2019-04-09,,0,0,,False
2019-04-10,,0,0,,False
2019-04-11,,0,0,,False
2019-04-12,,0,0,,False
2019-04-13,,0,0,,False
2019-04-14,,0,0,,False
2019-04-15,,0,0,,False
2019-04-16,,0,0,,False
2019-04-17,,0,0,,False
2019-04-18,,0,0,,False
2019-04-19,,0,0,,False
2019-04-20,,0,0,,False
2019-04-21,,0,0,,False
2019-04-22,,0,0,,False
2019-04-23,,0,0,,False
2019-04-24,,0,0,,False
2019-04-25,,0,0,,False
2019-04-26,,0,0,,False
2019-04-27,,0,0,,False
2019-04-28,,0,0,,False
2019-04-29,,0,0,,False
2019-04-30,,0,0,,False
2019-05-01,,0,0,,False
2019-05-02,,0,0,,False
2019-05-03,,0,0,,False
2019-05-04,,0,0,,False
2019-05-05,,0,0,,False
2019-05-06,,0,0,,False
2019-05-07,,0,0,,False
2019-05-08,,0,0,,False
2019-05-09,,0,0,,False
2019-05-10,,0,0,,False
2019-05-11,,0,0,,False
2019-05-12,,0,0,,False
2019-05-13,,0,0,,False
2019-05-14,,0,0,,False
2019-05-15,,0,0,,False
2019-05-16,,0,0,,False
2019-05-17,,0,0,,False
2019-05-18,,0,0,,False
2019-05-19,,0,0,,False
2019-05-20,,0,0,,False
2019-05-21,,0,0,,False
2019-05-22,,0,0,,False
2019-05-23,,0,0,,False
2019-05-24,,0,0,,False
2019-05-25,,0,0,,False
2019-05-26,,0,0,,False
2019-05-27,,0,0,,False
2019-05-28,,0,0,,False
2019-05-29,,0,0,,False
2019-05-30,,0,0,,False
2019-05-31,,0,0,,False
2019-06-01,,0,0,,False
2019-06-02,,0,0,,False
2019-06-03,,0,0,,False
2019-06-04,,0,0,,False
2019-06-05,,0,0,,False
2019-06-06,,0,0,,False
2019-06-07,,0,0,,False
2019-06-08,,0,0,,False
2019-06-09,,0,0,,False
2019-06-10,,0,0,,False
2019-06-11,,0,0,,False
2019-06-12,,0,0,,False
2019-06-13,,0,0,,False
2019-06-14,,0,0,,False
2019-06-15,,0,0,,False
2019-06-16,,0,0,,False
2019-06-17,,0,0,,False
2019-06-18,,0,0,,False
2019-06-19,,0,0,,False
2019-06-20,,0,0,,False
2019-06-21,,0,0,,False
2019-06-22,,0,0,,False
2019-06-23,,0,0,,False
2019-06-24,,0,0,,False
2019-06-25,,0,0,,False
2019-06-26,,0,0,,False
2019-06-27,,0,0,,False
2019-06-28,,0,0,,False
2019-06-29,,0,0,,False
2019-06-30,,0,0,,False
2019-07-01,,0,0,,False
2019-07-02,,0,0,,False
2019-07-03,,0,0,,False
2019-07-04,,0,0,,False
2019-07-05,,0,0,,False
2019-07-06,,0,0,,False
2019-07-07,,0,0,,False
2019-07-08,,0,0,,False
2019-07-09,,0,0,,False
2019-07-10,,0,0,,False
2019-07-11,,0,0,,False
2019-07-12,,0,0,,False
2019-07-13,,0,0,,False
2019-07-14,,0,0,,False
2019-07-15,,0,0,,False
2019-07-16,,0,0,,False
2019-07-17,,0,0,,False
2019-07-18,,0,0,,False
2019-07-19,,0,0,,False
2019-07-20,,0,0,,False
2019-07-21,,0,0,,False
2019-07-22,,0,0,,False
2019-07-23,,0,0,,False
2019-07-24,,0,0,,False
2019-07-25,,0,0,,False
2019-07-26,,0,0,,False
2019-07-27,,0,0,,False
2019-07-28,,0,0,,False
2019-07-29,,0,0,,False
2019-07-30,,0,0,,False
2019-07-31,,0,0,,False
2019-08-01,,0,0,,False
2019-08-02,,0,0,,False
2019-08-03,,0,0,,False
2019-08-04,,0,0,,False
2019-08-05,,0,0,,False
2019-08-06,,0,0,,False
2019-08-07,,0,0,,False
2019-08-08,,0,0,,False
2019-08-09,,0,0,,False
2019-08-10,,0,0,,False
2019-08-11,,0,0,,False
2019-08-12,,0,0,,False
2019-08-13,,0,0,,False
2019-08-14,,0,0,,False
2019-08-15,,0,0,,False
2019-08-16,,0,0,,False
2019-08-17,,0,0,,False
2019-08-18,,0,0,,False
2019-08-19,,0,0,,False
2019-08-20,,0,0,,False
2019-08-21,,0,0,,False
2019-08-22,,0,0,,False
2019-08-23,,0,0,,False
2019-08-24,,0,0,,False
2019-08-25,,0,0,,False
2019-08-26,,0,0,,False
2019-08-27,,0,0,,False
2019-08-28,,0,0,,False
2019-08-29,,0,0,,False
2019-08-30,,0,0,,False
2019-08-31,,0,0,,False
2019-09-01,,0,0,,False
2019-09-02,,0,0,,False
2019-09-03,,0,0,,False
2019-09-04,,0,0,,False
2019-09-05,,0,0,,False
2019-09-06,,0,0,,False
2019-09-07,,0,0,,False
2019-09-08,,0,0,,False
2019-09-09,,0,0,,False
2019-09-10,,0,0,,False
2019-09-11,,0,0,,False
2019-09-12,,0,0,,False
2019-09-13,,0,0,,False
2019-09-14,,0,0,,False
2019-09-15,,0,0,,False
2019-09-16,,0,0,,False
2019-09-17,,0,0,,False
2019-09-18,,0,0,,False
2019-09-19,,0,0,,False
2019-09-20,,0,0,,False
2019-09-21,,0,0,,False
2019-09-22,,0,0,,False
2019-09-23,,0,0,,False
2019-09-24,,0,0,,False
2019-09-25,,0,0,,False
2019-09-26,,0,0,,False
2019-09-27,,0,0,,False
2019-09-28,,0,0,,False
2019-09-29,,0,0,,False
2019-09-30,,0,0,,False
2019-10-01,,0,0,,False
2019-10-02,,0,0,,False
2019-10-03,,0,0,,False
2019-10-04,,0,0,,False
2019-10-05,,0,0,,False
2019-10-06,,0,0,,False
2019-10-07,,0,0,,False
2019-10-08,,0,0,,False
2019-10-09,,0,0,,False
2019-10-10,,0,0,,False
2019-10-11,,0,0,,False
2019-10-12,,0,0,,False
2019-10-13,,0,0,,False
2019-10-14,,0,0,,False
2019-10-15,,0,0,,False
2019-10-16,,0,0,,False
2019-10-17,,0,0,,False
2019-10-18,,0,0,,False
2019-10-19,,0,0,,False
2019-10-20,,0,0,,False
2019-10-21,,0,0,,False
2019-10-22,,0,0,,False
2019-10-23,,0,0,,False
2019-10-24,,0,0,,False
2019-10-25,,0,0,,False
2019-10-26,,0,0,,False
2019-10-27,,0,0,,False
2019-10-28,,0,0,,False
2019-10-29,,0,0,,False
2019-10-30,,0,0,,False
2019-10-31,,0,0,,False
2019-11-01,,0,0,,False
2019-11-02,,0,0,,False
2019-11-03,,0,0,,False
2019-11-04,,0,0,,False
2019-11-05,,0,0,,False
2019-11-06,,0,0,,False
2019-11-07,,0,0,,False
2019-11-08,,0,0,,False
2019-11-09,,0,0,,False
2019-11-10,,0,0,,False
2019-11-11,,0,0,,False
2019-11-12,,0,0,,False
2019-11-13,,0,0,,False
2019-11-14,,0,0,,False
2019-11-15,,0,0,,False
2019-11-16,,0,0,,False
2019-11-17,,0,0,,False
2019-11-18,,0,0,,False
2019-11-19,,0,0,,False
2019-11-20,,0,0,,False
2019-11-21,,0,0,,False
2019-11-22,,0,0,,False
2019-11-23,,0,0,,False
2019-11-24,,0,0,,False
2019-11-25,,0,0,,False
2019-11-26,,0,0,,False
2019-11-27,,0,0,,False
2019-11-28,,0,0,,False
2019-11-29,,0,0,,False
2019-11-30,,0,0,,False
2019-12-01,,0,0,,False
2019-12-02,,0,0,,False
2019-12-03,,0,0,,False
2019-12-04,,0,0,,False
2019-12-05,,0,0,,False
2019-12-06,,0,0,,False
2019-12-07,,0,0,,False
2019-12-08,,0,0,,False
2019-12-09,,0,0,,False
2019-12-10,,0,0,,False
2019-12-11,,0,0,,False
2019-12-12,,0,0,,False
2019-12-13,,0,0,,False
2019-12-14,,0,0,,False
2019-12-15,,0,0,,False
2019-12-16,,0,0,,False
2019-12-17,,0,0,,False
2019-12-18,,0,0,,False
2019-12-19,,0,0,,False
2019-12-20,,0,0,,False
2019-12-21,,0,0,,False
2019-12-22,,0,0,,False
2019-12-23,,0,0,,False
2019-12-24,,0,0,,False
2019-12-25,,0,0,,False
2019-12-26,,0,0,,False
2019-12-27,,0,0,,False
2019-12-28,,0,0,,False
2019-12-29,,0,0,,False
2019-12-30,,0,0,,False
2019-12-31,,0,0,,False
2020-01-01,,0,0,,False
2020-01-02,,0,0,,False
2020-01-03,,0,0,,False
2020-01-04,,0,0,,False
2020-01-05,,0,0,,False
2020-01-06,,0,0,,False
2020-01-07,,0,0,,False
2020-01-08,,0,0,,False
2020-01-09,,0,0,,False
2020-01-10,,0,0,,False
2020-01-11,,0,0,,False
2020-01-12,,0,0,,False
2020-01-13,,0,0,,False
2020-01-14,,0,0,,False
2020-01-15,,0,0,,False
2020-01-16,,0,0,,False
2020-01-17,,0,0,,False
2020-01-18,,0,0,,False
2020-01-19,,0,0,,False
2020-01-20,,0,0,,False
2020-01-21,,0,0,,False
2020-01-22,,0,0,,False
2020-01-23,,0,0,,False
2020-01-24,,0,0,,False
2020-01-25,,0,0,,False
2020-01-26,,0,0,,False
2020-01-27,,0,0,,False
2020-01-28,,0,0,,False
2020-01-29,,0,0,,False
2020-01-30,,0,0,,False
2020-01-31,,0,0,,False
2020-02-01,,0,0,,False
2020-02-02,,0,0,,False
2020-02-03,,0,0,,False
2020-02-04,,0,0,,False
2020-02-05,,0,0,,False
2020-02-06,,0,0,,False
2020-02-07,,0,0,,False
2020-02-08,,0,0,,False
2020-02-09,,0,0,,False
2020-02-10,,0,0,,False
2020-02-11,,0,0,,False
2020-02-12,,0,0,,False
2020-02-13,,0,0,,False
2020-02-14,,0,0,,False
2020-02-15,,0,0,,False
2020-02-16,,0,0,,False
2020-02-17,,0,0,,False
2020-02-18,,0,0,,False
2020-02-19,,0,0,,False
2020-02-20,,0,0,,False
2020-02-21,,0,0,,False
2020-02-22,,0,0,,False
2020-02-23,,0,0,,False
2020-02-24,,0,0,,False
2020-02-25,,0,0,,False
2020-02-26,,0,0,,False
2020-02-27,,0,0,,False
2020-02-28,,0,0,,False
2020-02-29,,0,0,,False
2020-03-01,,0,0,,False
2020-03-02,,0,0,,False
2020-03-03,,0,0,,False
2020-03-04,,0,0,,False
2020-03-05,,0,0,,False
2020-03-06,,0,0,,False
2020-03-07,,0,0,,False
2020-03-08,,0,0,,False
2020-03-09,,0,0,,False
2020-03-10,,0,0,,False
2020-03-11,,0,0,,False
2020-03-12,,0,0,,False
2020-03-13,,0,0,,False
2020-03-14,,0,0,,False
2020-03-15,,0,0,,False
2020-03-16,,0,0,,False
2020-03-17,,0,0,,False
2020-03-18,,0,0,,False
2020-03-19,,0,0,,False
2020-03-20,,0,0,,False
2020-03-21,,0,0,,False
2020-03-22,,0,0,,False
2020-03-23,,0,0,,False
2020-03-24,,0,0,,False
2020-03-25,,0,0,,False
2020-03-26,,0,0,,False
2020-03-27,,0,0,,False
2020-03-28,,0,0,,False
2020-03-29,,0,0,,False
2020-03-30,,0,0,,False
2020-03-31,,0,0,,False
2020-04-01,,0,0,,False
2020-04-02,,0,0,,False
2020-04-03,,0,0,,False
2020-04-04,,0,0,,False
2020-04-05,,0,0,,False
2020-04-06,,0,0,,False
2020-04-07,,0,0,,False
2020-04-08,,0,0,,False
2020-04-09,,0,0,,False
2020-04-10,,0,0,,False
2020-04-11,,0,0,,False
2020-04-12,,0,0,,False
2020-04-13,,0,0,,False
2020-04-14,,0,0,,False
2020-04-15,,0,0,,False
2020-04-16,,0,0,,False
2020-04-17,,0,0,,False
2020-04-18,,0,0,,False
2020-04-19,,0,0,,False
2020-04-20,,0,0,,False
2020-04-21,,0,0,,False
2020-04-22,,0,0,,False
2020-04-23,,0,0,,False
2020-04-24,,0,0,,False
2020-04-25,,0,0,,False
2020-04-26,,0,0,,False
2020-04-27,,0,0,,False
2020-04-28,,0,0,,False
2020-04-29,,0,0,,False
2020-04-30,,0,0,,False
2020-05-01,,0,0,,False
2020-05-02,,0,0,,False
2020-05-03,,0,0,,False
2020-05-04,,0,0,,False
2020-05-05,,0,0,,False
2020-05-06,,0,0,,False
2020-05-07,,0,0,,False
2020-05-08,,0,0,,False
2020-05-09,,0,0,,False
2020-05-10,,0,0,,False
2020-05-11,,0,0,,False
2020-05-12,,0,0,,False
2020-05-13,,0,0,,False
2020-05-14,,0,0,,False
2020-05-15,,0,0,,False
2020-05-16,,0,0,,False
2020-05-17,,0,0,,False
2020-05-18,,0,0,,False
2020-05-19,,0,0,,False
2020-05-20,,0,0,,False
2020-05-21,,0,0,,False
2020-05-22,,0,0,,False
2020-05-23,,0,0,,False
2020-05-24,,0,0,,False
2020-05-25,,0,0,,False
2020-05-26,,0,0,,False
2020-05-27,,0,0,,False
2020-05-28,,0,0,,False
2020-05-29,,0,0,,False
2020-05-30,,0,0,,False
2020-05-31,,0,0,,False
2020-06-01,,0,0,,False
2020-06-02,,0,0,,False
2020-06-03,,0,0,,False
2020-06-04,,0,0,,False
2020-06-05,,0,0,,False
2020-06-06,,0,0,,False
2020-06-07,,0,0,,False
2020-06-08,,0,0,,False
2020-06-09,,0,0,,False
2020-06-10,,0,0,,False
2020-06-11,,0,0,,False
2020-06-12,,0,0,,False
2020-06-13,,0,0,,False
2020-06-14,,0,0,,False
2020-06-15,,0,0,,False
2020-06-16,,0,0,,False
2020-06-17,,0,0,,False
2020-06-18,,0,0,,False
2020-06-19,,0,0,,False
2020-06-20,,0,0,,False
2020-06-21,,0,0,,False
2020-06-22,,0,0,,False
2020-06-23,,0,0,,False
2020-06-24,,0,0,,False
2020-06-25,,0,0,,False
2020-06-26,,0,0,,False
2020-06-27,,0,0,,False
2020-06-28,,0,0,,False
2020-06-29,,0,0,,False
2020-06-30,,0,0,,False
2020-07-01,,0,0,,False
2020-07-02,,0,0,,False
2020-07-03,,0,0,,False
2020-07-04,,0,0,,False
2020-07-05,,0,0,,False
2020-07-06,,0,0,,False
2020-07-07,,0,0,,False
2020-07-08,,0,0,,False
2020-07-09,,0,0,,False
2020-07-10,,0,0,,False
2020-07-11,,0,0,,False
2020-07-12,,0,0,,False
2020-07-13,,0,0,,False
2020-07-14,,0,0,,False
2020-07-15,,0,0,,False
2020-07-16,,0,0,,False
2020-07-17,,0,0,,False
2020-07-18,,0,0,,False
2020-07-19,,0,0,,False
2020-07-20,,0,0,,False
2020-07-21,,0,0,,False
2020-07-22,,0,0,,False
2020-07-23,,0,0,,False
2020-07-24,,0,0,,False
2020-07-25,,0,0,,False
2020-07-26,,0,0,,False
2020-07-27,,0,0,,False
2020-07-28,,0,0,,False
2020-07-29,,0,0,,False
2020-07-30,,0,0,,False
2020-07-31,,0,0,,False
2020-08-01,,0,0,,False
2020-08-02,,0,0,,False
2020-08-03,,0,0,,False
2020-08-04,,0,0,,False
2020-08-05,,0,0,,False
2020-08-06,,0,0,,False
2020-08-07,,0,0,,False
2020-08-08,,0,0,,False
2020-08-09,,0,0,,False
2020-08-10,,0,0,,False
2020-08-11,,0,0,,False
2020-08-12,,0,0,,False
2020-08-13,,0,0,,False
2020-08-14,,0,0,,False
2020-08-15,,0,0,,False
2020-08-16,,0,0,,False
2020-08-17,,0,0,,False
2020-08-18,,0,0,,False
2020-08-19,,0,0,,False
2020-08-20,,0,0,,False
2020-08-21,,0,0,,False
2020-08-22,,0,0,,False
2020-08-23,,0,0,,False
2020-08-24,,0,0,,False
2020-08-25,,0,0,,False
2020-08-26,,0,0,,False
2020-08-27,,0,0,,False
2020-08-28,,0,0,,False
2020-08-29,,0,0,,False
2020-08-30,,0,0,,False
2020-08-31,,0,0,,False
2020-09-01,,0,0,,False
2020-09-02,,0,0,,False
2020-09-03,,0,0,,False
2020-09-04,,0,0,,False
2020-09-05,,0,0,,False
2020-09-06,,0,0,,False
2020-09-07,,0,0,,False
2020-09-08,,0,0,,False
2020-09-09,,0,0,,False
2020-09-10,,0,0,,False
2020-09-11,,0,0,,False
2020-09-12,,0,0,,False
2020-09-13,,0,0,,False
2020-09-14,,0,0,,False
2020-09-15,,0,0,,False
2020-09-16,,0,0,,False
2020-09-17,,0,0,,False
2020-09-18,,0,0,,False
2020-09-19,,0,0,,False
2020-09-20,,0,0,,False
2020-09-21,,0,0,,False
2020-09-22,,0,0,,False
2020-09-23,,0,0,,False
2020-09-24,,0,0,,False
2020-09-25,,0,0,,False
2020-09-26,,0,0,,False
2020-09-27,,0,0,,False
2020-09-28,,0,0,,False
2020-09-29,,0,0,,False
2020-09-30,,0,0,,False
2020-10-01,,0,0,,False
2020-10-02,,0,0,,False
2020-10-03,,0,0,,False
2020-10-04,,0,0,,False
2020-10-05,,0,0,,False
2020-10-06,,0,0,,False
2020-10-07,,0,0,,False
2020-10-08,,0,0,,False
2020-10-09,,0,0,,False
2020-10-10,,0,0,,False
2020-10-11,,0,0,,False
2020-10-12,,0,0,,False
2020-10-13,,0,0,,False
2020-10-14,,0,0,,False
2020-10-15,,0,0,,False
2020-10-16,,0,0,,False
2020-10-17,,0,0,,False
2020-10-18,,0,0,,False
2020-10-19,,0,0,,False
2020-10-20,,0,0,,False
2020-10-21,,0,0,,False
2020-10-22,,0,0,,False
2020-10-23,,0,0,,False
2020-10-24,,0,0,,False
2020-10-25,,0,0,,False
2020-10-26,,0,0,,False
2020-10-27,,0,0,,False
2020-10-28,,0,0,,False
2020-10-29,,0,0,,False
2020-10-30,,0,0,,False
2020-10-31,,0,0,,False
2020-11-01,,0,0,,False
2020-11-02,,0,0,,False
2020-11-03,,0,0,,False
2020-11-04,,0,0,,False
2020-11-05,,0,0,,False
2020-11-06,,0,0,,False
2020-11-07,,0,0,,False
2020-11-08,,0,0,,False
2020-11-09,,0,0,,False
2020-11-10,,0,0,,False
2020-11-11,,0,0,,False
2020-11-12,,0,0,,False
2020-11-13,,0,0,,False
2020-11-14,,0,0,,False
2020-11-15,,0,0,,False
2020-11-16,,0,0,,False
2020-11-17,,0,0,,False
2020-11-18,,0,0,,False
2020-11-19,,0,0,,False
2020-11-20,,0,0,,False
2020-11-21,,0,0,,False
2020-11-22,,0,0,,False
2020-11-23,,0,0,,False
2020-11-24,,0,0,,False
2020-11-25,,0,0,,False
2020-11-26,,0,0,,False
2020-11-27,,0,0,,False
2020-11-28,,0,0,,False
2020-11-29,,0,0,,False
2020-11-30,,0,0,,False
2020-12-01,,0,0,,False
2020-12-02,,0,0,,False
2020-12-03,,0,0,,False
2020-12-04,,0,0,,False
2020-12-05,,0,0,,False
2020-12-06,,0,0,,False
2020-12-07,,0,0,,False
2020-12-08,,0,0,,False
2020-12-09,,0,0,,False
2020-12-10,,0,0,,False
2020-12-11,,0,0,,False
2020-12-12,,0,0,,False
2020-12-13,,0,0,,False
2020-12-14,,0,0,,False
2020-12-15,,0,0,,False
2020-12-16,,0,0,,False
2020-12-17,,0,0,,False
2020-12-18,,0,0,,False
2020-12-19,,0,0,,False
2020-12-20,,0,0,,False
2020-12-21,,0,0,,False
2020-12-22,,0,0,,False
2020-12-23,,0,0,,False
2020-12-24,,0,0,,False
2020-12-25,,0,0,,False
2020-12-26,,0,0,,False
2020-12-27,,0,0,,False
2020-12-28,,0,0,,False
2020-12-29,,0,0,,False
2020-12-30,,0,0,,False
2020-12-31,,0,0,,False
2021-01-01,,0,0,,False
2021-01-02,,0,0,,False
2021-01-03,,0,0,,False
2021-01-04,,0,0,,False
2021-01-05,,0,0,,False
2021-01-06,,0,0,,False
2021-01-07,,0,0,,False
2021-01-08,,0,0,,False
2021-01-09,,0,0,,False
2021-01-10,,0,0,,False
2021-01-11,,0,0,,False
2021-01-12,,0,0,,False
2021-01-13,,0,0,,False
2021-01-14,,0,0,,False
2021-01-15,,0,0,,False
2021-01-16,,0,0,,False
2021-01-17,,0,0,,False
2021-01-18,,0,0,,False
2021-01-19,,0,0,,False
2021-01-20,,0,0,,False
2021-01-21,,0,0,,False
2021-01-22,,0,0,,False
2021-01-23,,0,0,,False
2021-01-24,,0,0,,False
2021-01-25,,0,0,,False
2021-01-26,,0,0,,False
2021-01-27,,0,0,,False
2021-01-28,,0,0,,False
2021-01-29,,0,0,,False
2021-01-30,,0,0,,False
2021-01-31,,0,0,,False
2021-02-01,,0,0,,False
2021-02-02,,0,0,,False
2021-02-03,,0,0,,False
2021-02-04,,0,0,,False
2021-02-05,,0,0,,False
2021-02-06,,0,0,,False
2021-02-07,,0,0,,False
2021-02-08,,0,0,,False
2021-02-09,,0,0,,False
2021-02-10,,0,0,,False
2021-02-11,,0,0,,False
2021-02-12,,0,0,,False
2021-02-13,,0,0,,False
2021-02-14,,0,0,,False
2021-02-15,,0,0,,False
2021-02-16,,0,0,,False
2021-02-17,,0,0,,False
2021-02-18,,0,0,,False
2021-02-19,,0,0,,False
2021-02-20,,0,0,,False
2021-02-21,,0,0,,False
2021-02-22,,0,0,,False
2021-02-23,,0,0,,False
2021-02-24,,0,0,,False
2021-02-25,,0,0,,False
2021-02-26,,0,0,,False
2021-02-27,,0,0,,False
2021-02-28,,0,0,,False
2021-03-01,,0,0,,False
2021-03-02,,0,0,,False
2021-03-03,,0,0,,False
2021-03-04,,0,0,,False
2021-03-05,,0,0,,False
2021-03-06,,0,0,,False
2021-03-07,,0,0,,False
2021-03-08,,0,0,,False
2021-03-09,,0,0,,False
2021-03-10,,0,0,,False
2021-03-11,,0,0,,False
2021-03-12,,0,0,,False
2021-03-13,,0,0,,False
2021-03-14,,0,0,,False
2021-03-15,,0,0,,False
2021-03-16,,0,0,,False
2021-03-17,,0,0,,False
2021-03-18,,0,0,,False
2021-03-19,,0,0,,False
2021-03-20,,0,0,,False
2021-03-21,,0,0,,False
2021-03-22,,0,0,,False
2021-03-23,,0,0,,False
2021-03-24,,0,0,,False
2021-03-25,,0,0,,False
2021-03-26,,0,0,,False
2021-03-27,,0,0,,False
2021-03-28,,0,0,,False
2021-03-29,,0,0,,False
2021-03-30,,0,0,,False
2021-03-31,,0,0,,False
2021-04-01,,0,0,,False
2021-04-02,,0,0,,False
2021-04-03,,0,0,,False
2021-04-04,,0,0,,False
2021-04-05,,0,0,,False
2021-04-06,,0,0,,False
2021-04-07,,0,0,,False
2021-04-08,,0,0,,False
2021-04-09,,0,0,,False
2021-04-10,,0,0,,False
2021-04-11,,0,0,,False
2021-04-12,,0,0,,False
2021-04-13,,0,0,,False
2021-04-14,,0,0,,False
2021-04-15,,0,0,,False
2021-04-16,,0,0,,False
2021-04-17,,0,0,,False
2021-04-18,,0,0,,False
2021-04-19,,0,0,,False
2021-04-20,,0,0,,False
2021-04-21,,0,0,,False
2021-04-22,,0,0,,False
2021-04-23,,0,0,,False
2021-04-24,,0,0,,False
2021-04-25,,0,0,,False
2021-04-26,,0,0,,False
2021-04-27,,0,0,,False
2021-04-28,,0,0,,False
2021-04-29,,0,0,,False
2021-04-30,,0,0,,False
2021-05-01,,0,0,,False
2021-05-02,,0,0,,False
2021-05-03,,0,0,,False
2021-05-04,,0,0,,False
2021-05-05,,0,0,,False
2021-05-06,,0,0,,False
2021-05-07,,0,0,,False
2021-05-08,,0,0,,False
2021-05-09,,0,0,,False
2021-05-10,,0,0,,False
2021-05-11,,0,0,,False
2021-05-12,,0,0,,False
2021-05-13,,0,0,,False
2021-05-14,,0,0,,False
2021-05-15,,0,0,,False
2021-05-16,,0,0,,False
2021-05-17,,0,0,,False
2021-05-18,,0,0,,False
2021-05-19,,0,0,,False
2021-05-20,,0,0,,False
2021-05-21,,0,0,,False
2021-05-22,,0,0,,False
2021-05-23,,0,0,,False
2021-05-24,,0,0,,False
2021-05-25,,0,0,,False
2021-05-26,,0,0,,False
2021-05-27,,0,0,,False
2021-05-28,,0,0,,False
2021-05-29,,0,0,,False
2021-05-30,,0,0,,False
2021-05-31,,0,0,,False
2021-06-01,,0,0,,False
2021-06-02,,0,0,,False
2021-06-03,,0,0,,False
2021-06-04,,0,0,,False
2021-06-05,,0,0,,False
2021-06-06,,0,0,,False
2021-06-07,,0,0,,False
2021-06-08,,0,0,,False
2021-06-09,,0,0,,False
2021-06-10,,0,0,,False
2021-06-11,,0,0,,False
2021-06-12,,0,0,,False
2021-06-13,,0,0,,False
2021-06-14,,0,0,,False
2021-06-15,,0,0,,False
2021-06-16,,0,0,,False
2021-06-17,,0,0,,False
2021-06-18,,0,0,,False
2021-06-19,,0,0,,False
2021-06-20,,0,0,,False
2021-06-21,,0,0,,False
2021-06-22,,0,0,,False
2021-06-23,,0,0,,False
2021-06-24,,0,0,,False
2021-06-25,,0,0,,False
2021-06-26,,0,0,,False
2021-06-27,,0,0,,False
2021-06-28,,0,0,,False
2021-06-29,,0,0,,False
2021-06-30,,0,0,,False
2021-07-01,,0,0,,False
2021-07-02,,0,0,,False
2021-07-03,,0,0,,False
2021-07-04,,0,0,,False
2021-07-05,,0,0,,False
2021-07-06,,0,0,,False
2021-07-07,,0,0,,False
2021-07-08,,0,0,,False
2021-07-09,,0,0,,False
2021-07-10,,0,0,,False
2021-07-11,,0,0,,False
2021-07-12,,0,0,,False
2021-07-13,,0,0,,False
2021-07-14,,0,0,,False
2021-07-15,,0,0,,False
2021-07-16,,0,0,,False
2021-07-17,,0,0,,False
2021-07-18,,0,0,,False
2021-07-19,,0,0,,False
2021-07-20,,0,0,,False
2021-07-21,,0,0,,False
2021-07-22,,0,0,,False
2021-07-23,,0,0,,False
2021-07-24,,0,0,,False
2021-07-25,,0,0,,False
2021-07-26,,0,0,,False
2021-07-27,,0,0,,False
2021-07-28,,0,0,,False
2021-07-29,,0,0,,False
2021-07-30,,0,0,,False
2021-07-31,,0,0,,False
2021-08-01,,0,0,,False
2021-08-02,,0,0,,False
2021-08-03,,0,0,,False
2021-08-04,,0,0,,False
2021-08-05,,0,0,,False
2021-08-06,,0,0,,False
2021-08-07,,0,0,,False
2021-08-08,,0,0,,False
2021-08-09,,0,0,,False
2021-08-10,,0,0,,False
2021-08-11,,0,0,,False
2021-08-12,,0,0,,False
2021-08-13,,0,0,,False
2021-08-14,,0,0,,False
2021-08-15,,0,0,,False
2021-08-16,,0,0,,False
2021-08-17,,0,0,,False
2021-08-18,,0,0,,False
2021-08-19,,0,0,,False
2021-08-20,,0,0,,False
2021-08-21,,0,0,,False
2021-08-22,,0,0,,False
2021-08-23,,0,0,,False
2021-08-24,,0,0,,False
2021-08-25,,0,0,,False
2021-08-26,,0,0,,False
2021-08-27,,0,0,,False
2021-08-28,,0,0,,False
2021-08-29,,0,0,,False
2021-08-30,,0,0,,False
2021-08-31,,0,0,,False
2021-09-01,,0,0,,False
2021-09-02,,0,0,,False
2021-09-03,,0,0,,False
2021-09-04,,0,0,,False
2021-09-05,,0,0,,False
2021-09-06,,0,0,,False
2021-09-07,,0,0,,False
2021-09-08,,0,0,,False
2021-09-09,,0,0,,False
2021-09-10,,0,0,,False
2021-09-11,,0,0,,False
2021-09-12,,0,0,,False
2021-09-13,,0,0,,False
2021-09-14,,0,0,,False
2021-09-15,,0,0,,False
2021-09-16,,0,0,,False
2021-09-17,,0,0,,False
2021-09-18,,0,0,,False
2021-09-19,,0,0,,False
2021-09-20,,0,0,,False
2021-09-21,,0,0,,False
2021-09-22,,0,0,,False
2021-09-23,,0,0,,False
2021-09-24,,0,0,,False
2021-09-25,,0,0,,False
2021-09-26,,0,0,,False
2021-09-27,,0,0,,False
2021-09-28,,0,0,,False
2021-09-29,,0,0,,False
2021-09-30,,0,0,,False
2021-10-01,,0,0,,False
2021-10-02,,0,0,,False
2021-10-03,,0,0,,False
2021-10-04,,0,0,,False
2021-10-05,,0,0,,False
2021-10-06,,0,0,,False
2021-10-07,,0,0,,False
2021-10-08,,0,0,,False
2021-10-09,,0,0,,False
2021-10-10,,0,0,,False
2021-10-11,,0,0,,False
2021-10-12,,0,0,,False
2021-10-13,,0,0,,False
2021-10-14,,0,0,,False
2021-10-15,,0,0,,False
2021-10-16,,0,0,,False
2021-10-17,,0,0,,False
2021-10-18,,0,0,,False
2021-10-19,,0,0,,False
2021-10-20,,0,0,,False
2021-10-21,,0,0,,False
2021-10-22,,0,0,,False
2021-10-23,,0,0,,False
2021-10-24,,0,0,,False
2021-10-25,,0,0,,False
2021-10-26,,0,0,,False
2021-10-27,,0,0,,False
2021-10-28,,0,0,,False
2021-10-29,,0,0,,False
2021-10-30,,0,0,,False
2021-10-31,,0,0,,False
2021-11-01,,0,0,,False
2021-11-02,,0,0,,False
2021-11-03,,0,0,,False
2021-11-04,,0,0,,False
2021-11-05,,0,0,,False
2021-11-06,,0,0,,False
2021-11-07,,0,0,,False
2021-11-08,,0,0,,False
2021-11-09,,0,0,,False
2021-11-10,,0,0,,False
2021-11-11,,0,0,,False
2021-11-12,,0,0,,False
2021-11-13,,0,0,,False
2021-11-14,,0,0,,False
2021-11-15,,0,0,,False
2021-11-16,,0,0,,False
2021-11-17,,0,0,,False
2021-11-18,,0,0,,False
2021-11-19,,0,0,,False
2021-11-20,,0,0,,False
2021-11-21,,0,0,,False
2021-11-22,,0,0,,False
2021-11-23,,0,0,,False
2021-11-24,,0,0,,False
2021-11-25,,0,0,,False
2021-11-26,,0,0,,False
2021-11-27,,0,0,,False
2021-11-28,,0,0,,False
2021-11-29,,0,0,,False
2021-11-30,,0,0,,False
2021-12-01,,0,0,,False
2021-12-02,,0,0,,False
2021-12-03,,0,0,,False
2021-12-04,,0,0,,False
2021-12-05,,0,0,,False
2021-12-06,,0,0,,False
2021-12-07,,0,0,,False
2021-12-08,,0,0,,False
2021-12-09,,0,0,,False
2021-12-10,,0,0,,False
2021-12-11,,0,0,,False
2021-12-12,,0,0,,False
2021-12-13,,0,0,,False
2021-12-14,,0,0,,False
2021-12-15,,0,0,,False
2021-12-16,,0,0,,False
2021-12-17,,0,0,,False
2021-12-18,,0,0,,False
2021-12-19,,0,0,,False
2021-12-20,,0,0,,False
2021-12-21,,0,0,,False
2021-12-22,,0,0,,False
2021-12-23,,0,0,,False
2021-12-24,,0,0,,False
2021-12-25,,0,0,,False
2021-12-26,,0,0,,False
2021-12-27,,0,0,,False
2021-12-28,,0,0,,False
2021-12-29,,0,0,,False
2021-12-30,,0,0,,False
2021-12-31,,0,0,,False
2022-01-01,,0,0,,False
2022-01-02,,0,0,,False
2022-01-03,,0,0,,False
2022-01-04,,0,0,,False
2022-01-05,,0,0,,False
2022-01-06,,0,0,,False
2022-01-07,,0,0,,False
2022-01-08,,0,0,,False
2022-01-09,,0,0,,False
2022-01-10,,0,0,,False
2022-01-11,,0,0,,False
2022-01-12,,0,0,,False
2022-01-13,,0,0,,False
2022-01-14,,0,0,,False
2022-01-15,,0,0,,False
2022-01-16,,0,0,,False
2022-01-17,,0,0,,False
2022-01-18,,0,0,,False
2022-01-19,,0,0,,False
2022-01-20,,0,0,,False
2022-01-21,,0,0,,False
2022-01-22,,0,0,,False
2022-01-23,,0,0,,False
2022-01-24,,0,0,,False
2022-01-25,,0,0,,False
2022-01-26,,0,0,,False
2022-01-27,,0,0,,False
2022-01-28,,0,0,,False
2022-01-29,,0,0,,False
2022-01-30,,0,0,,False
2022-01-31,,0,0,,False
2022-02-01,,0,0,,False
2022-02-02,,0,0,,False
2022-02-03,,0,0,,False
2022-02-04,,0,0,,False
2022-02-05,,0,0,,False
2022-02-06,,0,0,,False
2022-02-07,,0,0,,False
2022-02-08,,0,0,,False
2022-02-09,,0,0,,False
2022-02-10,,0,0,,False
2022-02-11,,0,0,,False
2022-02-12,,0,0,,False
2022-02-13,,0,0,,False
2022-02-14,,0,0,,False
2022-02-15,,0,0,,False
2022-02-16,,0,0,,False
2022-02-17,,0,0,,False
2022-02-18,,0,0,,False
2022-02-19,,0,0,,False
2022-02-20,,0,0,,False
2022-02-21,,0,0,,False
2022-02-22,,0,0,,False
2022-02-23,,0,0,,False
2022-02-24,,0,0,,False
2022-02-25,,0,0,,False
2022-02-26,,0,0,,False
2022-02-27,,0,0,,False
2022-02-28,,0,0,,False
2022-03-01,,0,0,,False
2022-03-02,,0,0,,False
2022-03-03,,0,0,,False
2022-03-04,,0,0,,False
2022-03-05,,0,0,,False
2022-03-06,,0,0,,False
2022-03-07,,0,0,,False
2022-03-08,,0,0,,False
2022-03-09,,0,0,,False
2022-03-10,,0,0,,False
2022-03-11,,0,0,,False
2022-03-12,,0,0,,False
2022-03-13,,0,0,,False
2022-03-14,,0,0,,False
2022-03-15,,0,0,,False
2022-03-16,,0,0,,False
2022-03-17,,0,0,,False
2022-03-18,,0,0,,False
2022-03-19,,0,0,,False
2022-03-20,,0,0,,False
2022-03-21,,0,0,,False
2022-03-22,,0,0,,False
2022-03-23,,0,0,,False
2022-03-24,,0,0,,False
2022-03-25,,0,0,,False
2022-03-26,,0,0,,False
2022-03-27,,0,0,,False
2022-03-28,,0,0,,False
2022-03-29,,0,0,,False
2022-03-30,,0,0,,False
2022-03-31,,0,0,,False
2022-04-01,,0,0,,False
2022-04-02,,0,0,,False
2022-04-03,,0,0,,False
2022-04-04,,0,0,,False
2022-04-05,,0,0,,False
2022-04-06,,0,0,,False
2022-04-07,,0,0,,False
2022-04-08,,0,0,,False
2022-04-09,,0,0,,False
2022-04-10,,0,0,,False
2022-04-11,,0,0,,False
2022-04-12,,0,0,,False
2022-04-13,,0,0,,False
2022-04-14,,0,0,,False
2022-04-15,,0,0,,False
2022-04-16,,0,0,,False
2022-04-17,,0,0,,False
2022-04-18,,0,0,,False
2022-04-19,,0,0,,False
2022-04-20,,0,0,,False
2022-04-21,,0,0,,False
2022-04-22,,0,0,,False
2022-04-23,,0,0,,False
2022-04-24,,0,0,,False
2022-04-25,,0,0,,False
2022-04-26,,0,0,,False
2022-04-27,,0,0,,False
2022-04-28,,0,0,,False
2022-04-29,,0,0,,False
2022-04-30,,0,0,,False
2022-05-01,,0,0,,False
2022-05-02,,0,0,,False
2022-05-03,,0,0,,False
2022-05-04,,0,0,,False
2022-05-05,,0,0,,False
2022-05-06,,0,0,,False
2022-05-07,,0,0,,False
2022-05-08,,0,0,,False
2022-05-09,,0,0,,False
2022-05-10,,0,0,,False
2022-05-11,,0,0,,False
2022-05-12,,0,0,,False
2022-05-13,,0,0,,False
2022-05-14,,0,0,,False
2022-05-15,,0,0,,False
2022-05-16,,0,0,,False
2022-05-17,,0,0,,False
2022-05-18,,0,0,,False
2022-05-19,,0,0,,False
2022-05-20,,0,0,,False
2022-05-21,,0,0,,False
2022-05-22,,0,0,,False
2022-05-23,,0,0,,False
2022-05-24,,0,0,,False
2022-05-25,,0,0,,False
2022-05-26,,0,0,,False
2022-05-27,,0,0,,False
2022-05-28,,0,0,,False
2022-05-29,,0,0,,False
2022-05-30,,0,0,,False
2022-05-31,,0,0,,False
2022-06-01,,0,0,,False
2022-06-02,,0,0,,False
2022-06-03,,0,0,,False
2022-06-04,,0,0,,False
2022-06-05,,0,0,,False
2022-06-06,,0,0,,False
2022-06-07,,0,0,,False
2022-06-08,,0,0,,False
2022-06-09,,0,0,,False
2022-06-10,,0,0,,False
2022-06-11,,0,0,,False
2022-06-12,,0,0,,False
2022-06-13,,0,0,,False
2022-06-14,,0,0,,False
2022-06-15,,0,0,,False
2022-06-16,,0,0,,False
2022-06-17,,0,0,,False
2022-06-18,,0,0,,False
2022-06-19,,0,0,,False
2022-06-20,,0,0,,False
2022-06-21,,0,0,,False
2022-06-22,,0,0,,False
2022-06-23,,0,0,,False
2022-06-24,,0,0,,False
2022-06-25,,0,0,,False
2022-06-26,,0,0,,False
2022-06-27,,0,0,,False
2022-06-28,,0,0,,False
2022-06-29,,0,0,,False
2022-06-30,,0,0,,False
2022-07-01,,0,0,,False
2022-07-02,,0,0,,False
2022-07-03,,0,0,,False
2022-07-04,,0,0,,False
2022-07-05,,0,0,,False
2022-07-06,,0,0,,False
2022-07-07,,0,0,,False
2022-07-08,,0,0,,False
2022-07-09,,0,0,,False
2022-07-10,,0,0,,False
2022-07-11,,0,0,,False
2022-07-12,,0,0,,False
2022-07-13,,0,0,,False
2022-07-14,,0,0,,False
2022-07-15,,0,0,,False
2022-07-16,,0,0,,False
2022-07-17,,0,0,,False
2022-07-18,,0,0,,False
2022-07-19,,0,0,,False
2022-07-20,,0,0,,False
2022-07-21,,0,0,,False
2022-07-22,,0,0,,False
2022-07-23,,0,0,,False
2022-07-24,,0,0,,False
2022-07-25,,0,0,,False
2022-07-26,,0,0,,False
2022-07-27,,0,0,,False
2022-07-28,,0,0,,False
2022-07-29,,0,0,,False
2022-07-30,,0,0,,False
2022-07-31,,0,0,,False
2022-08-01,,0,0,,False
2022-08-02,,0,0,,False
2022-08-03,,0,0,,False
2022-08-04,,0,0,,False
2022-08-05,,0,0,,False
2022-08-06,,0,0,,False
2022-08-07,,0,0,,False
2022-08-08,,0,0,,False
2022-08-09,,0,0,,False
2022-08-10,,0,0,,False
2022-08-11,,0,0,,False
2022-08-12,,0,0,,False
2022-08-13,,0,0,,False
2022-08-14,,0,0,,False
2022-08-15,,0,0,,False
2022-08-16,,0,0,,False
2022-08-17,,0,0,,False
2022-08-18,,0,0,,False
2022-08-19,,0,0,,False
2022-08-20,,0,0,,False
2022-08-21,,0,0,,False
2022-08-22,,0,0,,False
2022-08-23,,0,0,,False
2022-08-24,,0,0,,False
2022-08-25,,0,0,,False
2022-08-26,,0,0,,False
2022-08-27,,0,0,,False
2022-08-28,,0,0,,False
2022-08-29,,0,0,,False
2022-08-30,,0,0,,False
2022-08-31,,0,0,,False
2022-09-01,,0,0,,False
2022-09-02,,0,0,,False
2022-09-03,,0,0,,False
2022-09-04,,0,0,,False
2022-09-05,,0,0,,False
2022-09-06,,0,0,,False
2022-09-07,,0,0,,False
2022-09-08,,0,0,,False
2022-09-09,,0,0,,False
2022-09-10,,0,0,,False
2022-09-11,,0,0,,False
2022-09-12,,0,0,,False
2022-09-13,,0,0,,False
2022-09-14,,0,0,,False
2022-09-15,,0,0,,False
2022-09-16,,0,0,,False
2022-09-17,,0,0,,False
2022-09-18,,0,0,,False
2022-09-19,,0,0,,False
2022-09-20,,0,0,,False
2022-09-21,,0,0,,False
2022-09-22,,0,0,,False
2022-09-23,,0,0,,False
2022-09-24,,0,0,,False
2022-09-25,,0,0,,False
2022-09-26,,0,0,,False
2022-09-27,,0,0,,False
2022-09-28,,0,0,,False
2022-09-29,,0,0,,False
2022-09-30,,0,0,,False
2022-10-01,,0,0,,False
2022-10-02,,0,0,,False
2022-10-03,,0,0,,False
2022-10-04,,0,0,,False
2022-10-05,,0,0,,False
2022-10-06,,0,0,,False
2022-10-07,,0,0,,False
2022-10-08,,0,0,,False
2022-10-09,,0,0,,False
2022-10-10,,0,0,,False
2022-10-11,,0,0,,False
2022-10-12,,0,0,,False
2022-10-13,,0,0,,False
2022-10-14,,0,0,,False
2022-10-15,,0,0,,False
2022-10-16,,0,0,,False
2022-10-17,,0,0,,False
2022-10-18,,0,0,,False
2022-10-19,,0,0,,False
2022-10-20,,0,0,,False
2022-10-21,,0,0,,False
2022-10-22,,0,0,,False
2022-10-23,,0,0,,False
2022-10-24,,0,0,,False
2022-10-25,,0,0,,False
2022-10-26,,0,0,,False
2022-10-27,,0,0,,False
2022-10-28,,0,0,,False
2022-10-29,,0,0,,False
2022-10-30,,0,0,,False
2022-10-31,,0,0,,False
2022-11-01,,0,0,,False
2022-11-02,,0,0,,False
2022-11-03,,0,0,,False
2022-11-04,,0,0,,False
2022-11-05,,0,0,,False
2022-11-06,,0,0,,False
2022-11-07,,0,0,,False
2022-11-08,,0,0,,False
2022-11-09,,0,0,,False
2022-11-10,,0,0,,False
2022-11-11,,0,0,,False
2022-11-12,,0,0,,False
2022-11-13,,0,0,,False
2022-11-14,,0,0,,False
2022-11-15,,0,0,,False
2022-11-16,,0,0,,False
2022-11-17,,0,0,,False
2022-11-18,,0,0,,False
2022-11-19,,0,0,,False
2022-11-20,,0,0,,False
2022-11-21,,0,0,,False
2022-11-22,,0,0,,False
2022-11-23,,0,0,,False
2022-11-24,,0,0,,False
2022-11-25,,0,0,,False
2022-11-26,,0,0,,False
2022-11-27,,0,0,,False
2022-11-28,,0,0,,False
2022-11-29,,0,0,,False
2022-11-30,,0,0,,False
2022-12-01,,0,0,,False
2022-12-02,,0,0,,False
2022-12-03,,0,0,,False
2022-12-04,,0,0,,False
2022-12-05,,0,0,,False
2022-12-06,,0,0,,False
2022-12-07,,0,0,,False
2022-12-08,,0,0,,False
2022-12-09,,0,0,,False
2022-12-10,,0,0,,False
2022-12-11,,0,0,,False
2022-12-12,,0,0,,False
2022-12-13,,0,0,,False
2022-12-14,,0,0,,False
2022-12-15,,0,0,,False
2022-12-16,,0,0,,False
2022-12-17,,0,0,,False
2022-12-18,,0,0,,False
2022-12-19,,0,0,,False
2022-12-20,,0,0,,False
2022-12-21,,0,0,,False
2022-12-22,,0,0,,False
2022-12-23,,0,0,,False
2022-12-24,,0,0,,False
2022-12-25,,0,0,,False
2022-12-26,,0,0,,False
2022-12-27,,0,0,,False
2022-12-28,,0,0,,False
2022-12-29,,0,0,,False
2022-12-30,,0,0,,False
2022-12-31,,0,0,,False
2023-01-01,,0,0,,False
2023-01-02,,0,0,,False
2023-01-03,,0,0,,False
2023-01-04,,0,0,,False
2023-01-05,,0,0,,False
2023-01-06,,0,0,,False
2023-01-07,,0,0,,False
2023-01-08,,0,0,,False
2023-01-09,,0,0,,False
2023-01-10,,0,0,,False
2023-01-11,,0,0,,False
2023-01-12,,0,0,,False
2023-01-13,,0,0,,False
2023-01-14,,0,0,,False
2023-01-15,,0,0,,False
2023-01-16,,0,0,,False
2023-01-17,,0,0,,False
2023-01-18,,0,0,,False
2023-01-19,,0,0,,False
2023-01-20,,0,0,,False
2023-01-21,,0,0,,False
2023-01-22,,0,0,,False
2023-01-23,,0,0,,False
2023-01-24,,0,0,,False
2023-01-25,,0,0,,False
2023-01-26,,0,0,,False
2023-01-27,,0,0,,False
2023-01-28,,0,0,,False
2023-01-29,,0,0,,False
2023-01-30,,0,0,,False
2023-01-31,,0,0,,False
2023-02-01,,0,0,,False
2023-02-02,,0,0,,False
2023-02-03,,0,0,,False
2023-02-04,,0,0,,False
2023-02-05,,0,0,,False
2023-02-06,,0,0,,False
2023-02-07,,0,0,,False
2023-02-08,,0,0,,False
2023-02-09,,0,0,,False
2023-02-10,,0,0,,False
2023-02-11,,0,0,,False
2023-02-12,,0,0,,False
2023-02-13,,0,0,,False
2023-02-14,,0,0,,False
2023-02-15,,0,0,,False
2023-02-16,,0,0,,False
2023-02-17,,0,0,,False
2023-02-18,,0,0,,False
2023-02-19,,0,0,,False
2023-02-20,,0,0,,False
2023-02-21,,0,0,,False
2023-02-22,,0,0,,False
2023-02-23,,0,0,,False
2023-02-24,,0,0,,False
2023-02-25,,0,0,,False
2023-02-26,,0,0,,False
2023-02-27,,0,0,,False
2023-02-28,,0,0,,False
2023-03-01,,0,0,,False
2023-03-02,,0,0,,False
2023-03-03,,0,0,,False
2023-03-04,,0,0,,False
2023-03-05,,0,0,,False
2023-03-06,,0,0,,False
2023-03-07,,0,0,,False
2023-03-08,,0,0,,False
2023-03-09,,0,0,,False
2023-03-10,,0,0,,False
2023-03-11,,0,0,,False
2023-03-12,,0,0,,False
2023-03-13,,0,0,,False
2023-03-14,,0,0,,False
2023-03-15,,0,0,,False
2023-03-16,,0,0,,False
2023-03-17,,0,0,,False
2023-03-18,,0,0,,False
2023-03-19,,0,0,,False
2023-03-20,,0,0,,False
2023-03-21,,0,0,,False
2023-03-22,,0,0,,False
2023-03-23,,0,0,,False
2023-03-24,,0,0,,False
2023-03-25,,0,0,,False
2023-03-26,,0,0,,False
2023-03-27,,0,0,,False
2023-03-28,,0,0,,False
2023-03-29,,0,0,,False
2023-03-30,,0,0,,False
2023-03-31,,0,0,,False
2023-04-01,,0,0,,False
2023-04-02,,0,0,,False
2023-04-03,,0,0,,False
2023-04-04,,0,0,,False
2023-04-05,,0,0,,False
2023-04-06,,0,0,,False
2023-04-07,,0,0,,False
2023-04-08,,0,0,,False
2023-04-09,,0,0,,False
2023-04-10,,0,0,,False
2023-04-11,,0,0,,False
2023-04-12,,0,0,,False
2023-04-13,,0,0,,False
2023-04-14,,0,0,,False
2023-04-15,,0,0,,False
2023-04-16,,0,0,,False
2023-04-17,,0,0,,False
2023-04-18,,0,0,,False
2023-04-19,,0,0,,False
2023-04-20,,0,0,,False
2023-04-21,,0,0,,False
2023-04-22,,0,0,,False
2023-04-23,,0,0,,False
2023-04-24,,0,0,,False
2023-04-25,,0,0,,False
2023-04-26,,0,0,,False
2023-04-27,,0,0,,False
2023-04-28,,0,0,,False
2023-04-29,,0,0,,False
2023-04-30,,0,0,,False
2023-05-01,,0,0,,False
2023-05-02,,0,0,,False
2023-05-03,,0,0,,False
2023-05-04,,0,0,,False
2023-05-05,,0,0,,False
2023-05-06,,0,0,,False
2023-05-07,,0,0,,False
2023-05-08,,0,0,,False
2023-05-09,,0,0,,False
2023-05-10,,0,0,,False
2023-05-11,,0,0,,False
2023-05-12,,0,0,,False
2023-05-13,,0,0,,False
2023-05-14,,0,0,,False
2023-05-15,,0,0,,False
2023-05-16,,0,0,,False
2023-05-17,,0,0,,False
2023-05-18,,0,0,,False
2023-05-19,,0,0,,False
2023-05-20,,0,0,,False
2023-05-21,,0,0,,False
2023-05-22,,0,0,,False
2023-05-23,,0,0,,False
2023-05-24,,0,0,,False
2023-05-25,,0,0,,False
2023-05-26,,0,0,,False
2023-05-27,,0,0,,False
2023-05-28,,0,0,,False
2023-05-29,,0,0,,False
2023-05-30,,0,0,,False
2023-05-31,,0,0,,False
2023-06-01,,0,0,,False
2023-06-02,,0,0,,False
2023-06-03,,0,0,,False
2023-06-04,,0,0,,False
2023-06-05,,0,0,,False
2023-06-06,,0,0,,False
2023-06-07,,0,0,,False
2023-06-08,,0,0,,False
2023-06-09,,0,0,,False
2023-06-10,,0,0,,False
2023-06-11,,0,0,,False
2023-06-12,,0,0,,False
2023-06-13,,0,0,,False
2023-06-14,,0,0,,False
2023-06-15,,0,0,,False
2023-06-16,,0,0,,False
2023-06-17,,0,0,,False
2023-06-18,,0,0,,False
2023-06-19,,0,0,,False
2023-06-20,,0,0,,False
2023-06-21,,0,0,,False
2023-06-22,,0,0,,False
2023-06-23,,0,0,,False
2023-06-24,,0,0,,False
2023-06-25,,0,0,,False
2023-06-26,,0,0,,False
2023-06-27,,0,0,,False
2023-06-28,,0,0,,False
2023-06-29,,0,0,,False
2023-06-30,,0,0,,False
2023-07-01,,0,0,,False
2023-07-02,,0,0,,False
2023-07-03,,0,0,,False
2023-07-04,,0,0,,False
2023-07-05,,0,0,,False
2023-07-06,,0,0,,False
2023-07-07,,0,0,,False
2023-07-08,,0,0,,False
2023-07-09,,0,0,,False
2023-07-10,,0,0,,False
2023-07-11,,0,0,,False
2023-07-12,,0,0,,False
2023-07-13,,0,0,,False
2023-07-14,,0,0,,False
2023-07-15,,0,0,,False
2023-07-16,,0,0,,False
2023-07-17,,0,0,,False
2023-07-18,,0,0,,False
2023-07-19,,0,0,,False
2023-07-20,,0,0,,False
2023-07-21,,0,0,,False
2023-07-22,,0,0,,False
2023-07-23,,0,0,,False
2023-07-24,,0,0,,False
2023-07-25,,0,0,,False
2023-07-26,,0,0,,False
2023-07-27,,0,0,,False
2023-07-28,,0,0,,False
2023-07-29,,0,0,,False
2023-07-30,,0,0,,False
2023-07-31,,0,0,,False
2023-08-01,,0,0,,False
2023-08-02,,0,0,,False
2023-08-03,,0,0,,False
2023-08-04,,0,0,,False
2023-08-05,,0,0,,False
2023-08-06,,0,0,,False
2023-08-07,,0,0,,False
2023-08-08,,0,0,,False
2023-08-09,,0,0,,False
2023-08-10,,0,0,,False
2023-08-11,,0,0,,False
2023-08-12,,0,0,,False
2023-08-13,,0,0,,False
2023-08-14,,0,0,,False
2023-08-15,,0,0,,False
2023-08-16,,0,0,,False
2023-08-17,,0,0,,False
2023-08-18,,0,0,,False
2023-08-19,,0,0,,False
2023-08-20,,0,0,,False
2023-08-21,,0,0,,False
2023-08-22,,0,0,,False
2023-08-23,,0,0,,False
2023-08-24,,0,0,,False
2023-08-25,,0,0,,False
2023-08-26,,0,0,,False
2023-08-27,,0,0,,False
2023-08-28,,0,0,,False
2023-08-29,,0,0,,False
2023-08-30,,0,0,,False
2023-08-31,,0,0,,False
2023-09-01,,0,0,,False
2023-09-02,,0,0,,False
2023-09-03,,0,0,,False
2023-09-04,,0,0,,False
2023-09-05,,0,0,,False
2023-09-06,,0,0,,False
2023-09-07,,0,0,,False
2023-09-08,,0,0,,False
2023-09-09,,0,0,,False
2023-09-10,,0,0,,False
2023-09-11,,0,0,,False
2023-09-12,,0,0,,False
2023-09-13,,0,0,,False
2023-09-14,,0,0,,False
2023-09-15,,0,0,,False
2023-09-16,,0,0,,False
2023-09-17,,0,0,,False
2023-09-18,,0,0,,False
2023-09-19,,0,0,,False
2023-09-20,,0,0,,False
2023-09-21,,0,0,,False
2023-09-22,,0,0,,False
2023-09-23,,0,0,,False
2023-09-24,,0,0,,False
2023-09-25,,0,0,,False
2023-09-26,,0,0,,False
2023-09-27,,0,0,,False
2023-09-28,,0,0,,False
2023-09-29,,0,0,,False
2023-09-30,,0,0,,False
2023-10-01,,0,0,,False
2023-10-02,,0,0,,False
2023-10-03,,0,0,,False
2023-10-04,,0,0,,False
2023-10-05,,0,0,,False
2023-10-06,,0,0,,False
2023-10-07,,0,0,,False
2023-10-08,,0,0,,False
2023-10-09,,0,0,,False
2023-10-10,,0,0,,False
2023-10-11,,0,0,,False
2023-10-12,,0,0,,False
2023-10-13,,0,0,,False
2023-10-14,,0,0,,False
2023-10-15,,0,0,,False
2023-10-16,,0,0,,False
2023-10-17,,0,0,,False
2023-10-18,,0,0,,False
2023-10-19,,0,0,,False
2023-10-20,,0,0,,False
2023-10-21,,0,0,,False
2023-10-22,,0,0,,False
2023-10-23,,0,0,,False
2023-10-24,,0,0,,False
2023-10-25,,0,0,,False
2023-10-26,,0,0,,False
2023-10-27,,0,0,,False
2023-10-28,,0,0,,False
2023-10-29,,0,0,,False
2023-10-30,,0,0,,False
2023-10-31,,0,0,,False
2023-11-01,,0,0,,False
2023-11-02,,0,0,,False
2023-11-03,,0,0,,False
2023-11-04,,0,0,,False
2023-11-05,,0,0,,False
2023-11-06,,0,0,,False
2023-11-07,,0,0,,False
2023-11-08,,0,0,,False
2023-11-09,,0,0,,False
2023-11-10,,0,0,,False
2023-11-11,,0,0,,False
2023-11-12,,0,0,,False
2023-11-13,,0,0,,False
2023-11-14,,0,0,,False
2023-11-15,,0,0,,False
2023-11-16,,0,0,,False
2023-11-17,,0,0,,False
2023-11-18,,0,0,,False
2023-11-19,,0,0,,False
2023-11-20,,0,0,,False
2023-11-21,,0,0,,False
2023-11-22,,0,0,,False
2023-11-23,,0,0,,False
2023-11-24,,0,0,,False
2023-11-25,,0,0,,False
2023-11-26,,0,0,,False
2023-11-27,,0,0,,False
2023-11-28,,0,0,,False
2023-11-29,,0,0,,False
2023-11-30,,0,0,,False
2023-12-01,,0,0,,False
2023-12-02,,0,0,,False
2023-12-03,,0,0,,False
2023-12-04,,0,0,,False
2023-12-05,,0,0,,False
2023-12-06,,0,0,,False
2023-12-07,,0,0,,False
2023-12-08,,0,0,,False
2023-12-09,,0,0,,False
2023-12-10,,0,0,,False
2023-12-11,,0,0,,False
2023-12-12,,0,0,,False
2023-12-13,,0,0,,False
2023-12-14,,0,0,,False
2023-12-15,,0,0,,False
2023-12-16,,0,0,,False
2023-12-17,,0,0,,False
2023-12-18,,0,0,,False
2023-12-19,,0,0,,False
2023-12-20,,0,0,,False
2023-12-21,,0,0,,False
2023-12-22,,0,0,,False
2023-12-23,,0,0,,False
2023-12-24,,0,0,,False
2023-12-25,,0,0,,False
2023-12-26,,0,0,,False
2023-12-27,,0,0,,False
2023-12-28,,0,0,,False
2023-12-29,,0,0,,False
2023-12-30,,0,0,,False
2023-12-31,,0,0,,False
2024-01-01,,0,0,,False
2024-01-02,,0,0,,False
2024-01-03,,0,0,,False
2024-01-04,,0,0,,False
2024-01-05,,0,0,,False
2024-01-06,,0,0,,False
2024-01-07,,0,0,,False
2024-01-08,,0,0,,False
2024-01-09,,0,0,,False
2024-01-10,,0,0,,False
2024-01-11,,0,0,,False
2024-01-12,,0,0,,False
2024-01-13,,0,0,,False
2024-01-14,,0,0,,False
2024-01-15,,0,0,,False
2024-01-16,,0,0,,False
2024-01-17,,0,0,,False
2024-01-18,,0,0,,False
2024-01-19,,0,0,,False
2024-01-20,,0,0,,False
2024-01-21,,0,0,,False
2024-01-22,,0,0,,False
2024-01-23,,0,0,,False
2024-01-24,,0,0,,False
2024-01-25,,0,0,,False
2024-01-26,,0,0,,False
2024-01-27,,0,0,,False
2024-01-28,,0,0,,False
2024-01-29,,0,0,,False
2024-01-30,,0,0,,False
2024-01-31,,0,0,,False
2024-02-01,,0,0,,False
2024-02-02,,0,0,,False
2024-02-03,,0,0,,False
2024-02-04,,0,0,,False
2024-02-05,,0,0,,False
2024-02-06,,0,0,,False
2024-02-07,,0,0,,False
2024-02-08,,0,0,,False
2024-02-09,,0,0,,False
2024-02-10,,0,0,,False
2024-02-11,,0,0,,False
2024-02-12,,0,0,,False
2024-02-13,,0,0,,False
2024-02-14,,0,0,,False
2024-02-15,,0,0,,False
2024-02-16,,0,0,,False
2024-02-17,,0,0,,False
2024-02-18,,0,0,,False
2024-02-19,,0,0,,False
2024-02-20,,0,0,,False
2024-02-21,,0,0,,False
2024-02-22,,0,0,,False
2024-02-23,,0,0,,False
2024-02-24,,0,0,,False
2024-02-25,,0,0,,False
2024-02-26,,0,0,,False
2024-02-27,,0,0,,False
2024-02-28,,0,0,,False
2024-02-29,,0,0,,False
2024-03-01,,0,0,,False
2024-03-02,,0,0,,False
2024-03-03,,0,0,,False
2024-03-04,,0,0,,False
2024-03-05,,0,0,,False
2024-03-06,,0,0,,False
2024-03-07,,0,0,,False
2024-03-08,,0,0,,False
2024-03-09,,0,0,,False
2024-03-10,,0,0,,False
2024-03-11,,0,0,,False
2024-03-12,,0,0,,False
2024-03-13,,0,0,,False
2024-03-14,,0,0,,False
2024-03-15,,0,0,,False
2024-03-16,,0,0,,False
2024-03-17,,0,0,,False
2024-03-18,,0,0,,False
2024-03-19,,0,0,,False
2024-03-20,,0,0,,False
2024-03-21,,0,0,,False
2024-03-22,,0,0,,False
2024-03-23,10.1956,18,3,4,False
2024-03-24,8.4130,24,4,4,True
2024-03-25,7.4621,24,4,4,True
2024-03-26,8.1476,24,4,4,True
2024-03-27,7.3953,24,4,4,True
2024-03-28,8.4412,24,4,4,True
2024-03-29,10.0943,24,4,4,True
2024-03-30,9.9625,24,4,4,True
2024-03-31,9.6455,22,4,4,True
2024-04-01,8.8192,24,4,4,True
2024-04-02,8.7584,24,4,4,True
2024-04-03,10.3249,24,4,4,True
2024-04-04,10.8509,24,4,4,True
2024-04-05,11.8194,24,4,4,True
2024-04-06,11.5119,24,4,4,True
2024-04-07,11.4044,24,4,4,True
2024-04-08,11.8415,24,4,4,True
2024-04-09,9.4614,24,4,4,True
2024-04-10,8.6138,24,4,4,True
2024-04-11,9.2248,24,4,4,True
2024-04-12,11.4135,24,4,4,True
2024-04-13,12.5184,24,4,4,True
2024-04-14,13.3499,24,4,4,True
2024-04-15,12.0440,24,4,4,True
2024-04-16,9.7499,24,4,4,True
2024-04-17,8.6296,24,4,4,True
2024-04-18,7.7523,24,4,4,True
2024-04-19,7.5189,24,4,4,True
2024-04-20,8.9434,24,4,4,True
2024-04-21,8.0417,24,4,4,True
2024-04-22,6.8238,24,4,4,True
2024-04-23,6.1794,24,4,4,True
2024-04-24,6.0879,24,4,4,True
2024-04-25,8.1056,24,4,4,True
2024-04-26,9.2598,24,4,4,True
2024-04-27,10.0300,24,4,4,True
2024-04-28,9.7644,24,4,4,True
2024-04-29,9.9646,24,4,4,True
2024-04-30,10.4490,24,4,4,True
2024-05-01,10.2728,24,4,4,True
2024-05-02,8.4542,24,4,4,True
2024-05-03,9.2466,24,4,4,True
2024-05-04,10.4828,24,4,4,True
2024-05-05,11.5830,24,4,4,True
2024-05-06,11.2965,24,4,4,True
2024-05-07,10.0981,24,4,4,True
2024-05-08,10.8615,24,4,4,True
2024-05-09,11.3838,24,4,4,True
2024-05-10,11.9306,24,4,4,True
2024-05-11,12.3153,24,4,4,True
2024-05-12,12.5771,24,4,4,True
2024-05-13,13.1266,24,4,4,True
2024-05-14,11.7903,24,4,4,True
2024-05-15,10.9807,24,4,4,True
2024-05-16,10.7102,24,4,4,True
2024-05-17,11.0570,24,4,4,True
2024-05-18,11.8498,24,4,4,True
2024-05-19,11.8030,24,4,4,True
2024-05-20,12.1148,24,4,4,True
2024-05-21,11.4184,24,4,4,True
2024-05-22,11.5837,24,4,4,True
2024-05-23,11.6711,24,4,4,True
2024-05-24,11.5611,24,4,4,True
2024-05-25,11.7491,24,4,4,True
2024-05-26,12.5447,24,4,4,True
2024-05-27,12.4115,24,4,4,True
2024-05-28,12.0998,24,4,4,True
2024-05-29,13.3482,24,4,4,True
2024-05-30,13.3500,24,4,4,True
2024-05-31,12.0078,24,4,4,True
2024-06-01,11.9883,24,4,4,True
2024-06-02,12.3168,24,4,4,True
2024-06-03,13.1504,24,4,4,True
2024-06-04,13.5971,24,4,4,True
2024-06-05,14.3136,24,4,4,True
2024-06-06,15.3533,24,4,4,True
2024-06-07,16.0643,24,4,4,True
2024-06-08,15.6432,24,4,4,True
2024-06-09,14.3384,24,4,4,True
2024-06-10,13.4432,24,4,4,True
2024-06-11,12.9202,24,4,4,True
2024-06-12,12.7665,24,4,4,True
2024-06-13,12.2024,24,4,4,True
2024-06-14,13.6548,24,4,4,True
2024-06-15,13.3875,24,4,4,True
2024-06-16,13.1575,24,4,4,True
2024-06-17,14.2900,24,4,4,True
2024-06-18,15.4106,24,4,4,True
2024-06-19,15.2125,24,4,4,True
2024-06-20,15.3867,24,4,4,True
2024-06-21,14.2903,24,4,4,True
2024-06-22,14.0196,24,4,4,True
2024-06-23,13.5000,24,4,4,True
2024-06-24,14.3584,24,4,4,True
2024-06-25,15.5467,24,4,4,True
2024-06-26,15.8528,24,4,4,True
2024-06-27,16.8115,24,4,4,True
2024-06-28,18.0572,24,4,4,True
2024-06-29,16.5800,24,4,4,True
2024-06-30,14.9315,24,4,4,True
2024-07-01,15.1010,24,4,4,True
2024-07-02,13.9585,24,4,4,True
2024-07-03,13.8734,24,4,4,True
2024-07-04,14.5129,24,4,4,True
2024-07-05,15.7487,24,4,4,True
2024-07-06,15.8949,24,4,4,True
2024-07-07,14.0551,24,4,4,True
2024-07-08,14.5140,24,4,4,True
2024-07-09,16.8583,24,4,4,True
2024-07-10,17.1164,24,4,4,True
2024-07-11,18.1493,24,4,4,True
2024-07-12,17.4961,24,4,4,True
2024-07-13,14.9225,24,4,4,True
2024-07-14,15.3634,24,4,4,True
2024-07-15,17.2770,24,4,4,True
2024-07-16,17.0581,24,4,4,True
2024-07-17,16.3364,24,4,4,True
2024-07-18,16.9119,24,4,4,True
2024-07-19,17.7311,24,4,4,True
2024-07-20,18.6269,24,4,4,True
2024-07-21,17.2395,24,4,4,True
2024-07-22,15.6364,24,4,4,True
2024-07-23,15.9751,24,4,4,True
2024-07-24,17.4009,24,4,4,True
2024-07-25,17.3961,24,4,4,True
2024-07-26,17.3652,24,4,4,True
2024-07-27,17.7886,24,4,4,True
2024-07-28,17.9947,24,4,4,True
2024-07-29,18.4139,24,4,4,True
2024-07-30,18.5279,24,4,4,True
2024-07-31,18.9976,24,4,4,True
2024-08-01,19.4614,24,4,4,True
2024-08-02,19.0975,24,4,4,True
2024-08-03,17.9066,24,4,4,True
2024-08-04,16.9497,24,4,4,True
2024-08-05,17.3730,24,4,4,True
2024-08-06,17.9164,24,4,4,True
2024-08-07,18.7081,24,4,4,True
2024-08-08,18.5080,24,4,4,True
2024-08-09,18.2870,24,4,4,True
2024-08-10,18.5230,24,4,4,True
2024-08-11,18.5536,24,4,4,True
2024-08-12,18.7389,24,4,4,True
2024-08-13,19.0014,24,4,4,True
2024-08-14,18.3019,24,4,4,True
2024-08-15,16.5105,24,4,4,True
2024-08-16,17.2204,24,4,4,True
2024-08-17,17.8343,24,4,4,True
2024-08-18,17.2317,24,4,4,True
2024-08-19,15.4711,24,4,4,True
2024-08-20,15.4037,24,4,4,True
2024-08-21,16.1957,24,4,4,True
2024-08-22,15.5049,24,4,4,True
2024-08-23,16.3150,24,4,4,True
2024-08-24,17.8757,24,4,4,True
2024-08-25,16.7773,24,4,4,True
2024-08-26,15.1048,24,4,4,True
2024-08-27,14.9408,24,4,4,True
2024-08-28,16.7915,24,4,4,True
2024-08-29,17.0716,24,4,4,True
2024-08-30,17.2156,24,4,4,True
2024-08-31,17.1600,24,4,4,True
2024-09-01,17.2773,24,4,4,True
2024-09-02,17.0173,24,4,4,True
2024-09-03,16.7428,24,4,4,True
2024-09-04,16.3356,24,4,4,True
2024-09-05,14.9098,24,4,4,True
2024-09-06,15.3578,24,4,4,True
2024-09-07,17.1414,24,4,4,True
2024-09-08,15.9255,24,4,4,True
2024-09-09,14.9028,24,4,4,True
2024-09-10,14.4632,24,4,4,True
2024-09-11,13.7975,24,4,4,True
2024-09-12,12.5701,24,4,4,True
2024-09-13,11.2329,24,4,4,True
2024-09-14,10.8376,24,4,4,True
2024-09-15,10.7933,24,4,4,True
2024-09-16,11.2423,24,4,4,True
2024-09-17,12.1783,24,4,4,True
2024-09-18,12.8136,24,4,4,True
2024-09-19,12.7817,24,4,4,True
2024-09-20,13.8705,24,4,4,True
2024-09-21,14.3383,24,4,4,True
2024-09-22,14.7474,24,4,4,True
2024-09-23,13.9647,24,4,4,True
2024-09-24,13.3086,24,4,4,True
2024-09-25,13.1015,24,4,4,True
2024-09-26,14.0397,24,4,4,True
2024-09-27,13.2764,24,4,4,True
2024-09-28,11.6776,24,4,4,True
2024-09-29,10.4634,24,4,4,True
2024-09-30,11.8695,24,4,4,True
2024-10-01,13.1105,24,4,4,True
2024-10-02,13.3760,24,4,4,True
2024-10-03,11.9304,24,4,4,True
2024-10-04,11.2052,24,4,4,True
2024-10-05,10.0095,24,4,4,True
2024-10-06,11.4090,24,4,4,True
2024-10-07,13.1521,24,4,4,True
2024-10-08,13.5154,24,4,4,True
2024-10-09,13.1879,24,4,4,True
2024-10-10,13.0300,24,4,4,True
2024-10-11,12.0908,24,4,4,True
2024-10-12,12.8795,24,4,4,True
2024-10-13,13.0208,24,4,4,True
2024-10-14,13.4812,24,4,4,True
2024-10-15,14.5938,24,4,4,True
2024-10-16,15.5608,24,4,4,True
2024-10-17,15.2739,24,4,4,True
2024-10-18,11.6981,24,4,4,True
2024-10-19,11.4072,24,4,4,True
2024-10-20,11.7678,24,4,4,True
2024-10-21,12.8262,24,4,4,True
2024-10-22,13.4414,24,4,4,True
2024-10-23,13.3600,24,4,4,True
2024-10-24,13.6415,24,4,4,True
2024-10-25,13.9348,24,4,4,True
2024-10-26,13.5385,24,4,4,True
2024-10-27,12.5928,24,4,4,True
2024-10-28,13.2072,24,4,4,True
2024-10-29,14.0537,24,4,4,True
2024-10-30,14.1127,24,4,4,True
2024-10-31,14.0658,24,4,4,True
2024-11-01,12.9898,24,4,4,True
2024-11-02,12.0664,24,4,4,True
2024-11-03,12.9875,24,4,4,True
2024-11-04,13.4804,24,4,4,True
2024-11-05,13.9639,24,4,4,True
2024-11-06,13.3138,24,4,4,True
2024-11-07,13.1184,24,4,4,True
2024-11-08,13.0151,24,4,4,True
2024-11-09,12.8050,24,4,4,True
2024-11-10,12.5969,24,4,4,True
2024-11-11,11.7927,24,4,4,True
2024-11-12,10.0344,24,4,4,True
2024-11-13,8.9248,24,4,4,True
2024-11-14,8.3825,24,4,4,True
2024-11-15,7.2628,24,4,4,True
2024-11-16,7.7180,24,4,4,True
2024-11-17,8.5793,24,4,4,True
2024-11-18,8.3400,24,4,4,True
2024-11-19,8.3395,24,4,4,True
2024-11-20,8.9734,24,4,4,True
2024-11-21,8.3463,24,4,4,True
2024-11-22,6.9915,24,4,4,True
2024-11-23,5.8160,24,4,4,True
2024-11-24,9.1530,24,4,4,True
2024-11-25,11.3445,24,4,4,True
2024-11-26,9.6088,24,4,4,True
2024-11-27,7.7670,24,4,4,True
2024-11-28,6.8953,24,4,4,True
2024-11-29,7.8453,24,4,4,True
2024-11-30,7.7204,24,4,4,True
2024-12-01,7.8742,24,4,4,True
2024-12-02,8.9302,24,4,4,True
2024-12-03,8.5436,24,4,4,True
2024-12-04,5.9998,24,4,4,True
2024-12-05,5.5664,24,4,4,True
2024-12-06,8.5508,24,4,4,True
2024-12-07,8.7166,24,4,4,True
2024-12-08,5.8217,24,4,4,True
2024-12-09,5.4858,24,4,4,True
2024-12-10,5.0960,24,4,4,True
2024-12-11,4.9547,24,4,4,True
2024-12-12,6.7262,24,4,4,True
2024-12-13,7.3260,24,4,4,True
2024-12-14,6.3444,24,4,4,True
2024-12-15,5.5732,24,4,4,True
2024-12-16,5.3182,24,4,4,True
2024-12-17,5.4655,24,4,4,True
2024-12-18,5.8788,24,4,4,True
2024-12-19,7.1684,24,4,4,True
2024-12-20,5.3644,24,4,4,True
2024-12-21,6.1819,24,4,4,True
2024-12-22,7.8819,24,4,4,True
2024-12-23,5.5291,24,4,4,True
2024-12-24,5.8828,24,4,4,True
2024-12-25,6.4220,24,4,4,True
2024-12-26,5.7848,24,4,4,True
2024-12-27,5.5259,24,4,4,True
2024-12-28,5.2870,24,4,4,True
2024-12-29,5.3480,24,4,4,True
2024-12-30,4.7541,24,4,4,True
2024-12-31,4.3017,24,4,4,True
2025-01-01,5.8324,24,4,4,True
2025-01-02,6.2065,24,4,4,True
2025-01-03,7.4555,24,4,4,True
2025-01-04,7.9107,24,4,4,True
2025-01-05,8.4953,24,4,4,True
2025-01-06,7.8474,24,4,4,True
2025-01-07,7.0099,24,4,4,True
2025-01-08,7.9822,24,4,4,True
2025-01-09,7.7595,24,4,4,True
2025-01-10,8.5867,24,4,4,True
2025-01-11,8.9417,24,4,4,True
2025-01-12,3.5757,24,4,4,True
2025-01-13,1.9252,24,4,4,True
2025-01-14,1.6928,24,4,4,True
2025-01-15,1.8837,24,4,4,True
2025-01-16,2.9794,24,4,4,True
2025-01-17,3.3573,24,4,4,True
2025-01-18,3.7867,24,4,4,True
2025-01-19,4.4580,24,4,4,True
2025-01-20,6.0256,24,4,4,True
2025-01-21,6.2682,24,4,4,True
2025-01-22,7.3711,24,4,4,True
2025-01-23,6.9456,24,4,4,True
2025-01-24,5.5942,24,4,4,True
2025-01-25,7.8313,24,4,4,True
2025-01-26,6.8951,24,4,4,True
2025-01-27,7.8612,24,4,4,True
2025-01-28,6.6928,24,4,4,True
2025-01-29,6.2105,24,4,4,True
2025-01-30,6.0112,24,4,4,True
2025-01-31,6.1460,24,4,4,True
2025-02-01,4.5247,24,4,4,True
2025-02-02,5.4645,24,4,4,True
2025-02-03,5.5764,24,4,4,True
2025-02-04,5.2777,24,4,4,True
2025-02-05,5.0534,24,4,4,True
2025-02-06,5.0357,24,4,4,True
2025-02-07,5.6558,24,4,4,True
2025-02-08,5.6568,24,4,4,True
2025-02-09,4.9400,24,4,4,True
2025-02-10,7.0136,24,4,4,True
2025-02-11,8.3298,24,4,4,True
2025-02-12,8.2402,24,4,4,True
2025-02-13,8.2100,24,4,4,True
2025-02-14,7.6409,24,4,4,True
2025-02-15,5.6382,24,4,4,True
2025-02-16,5.4270,24,4,4,True
2025-02-17,7.6761,24,4,4,True
2025-02-18,7.2888,24,4,4,True
2025-02-19,8.6218,24,4,4,True
2025-02-20,8.9246,24,4,4,True
2025-02-21,8.2062,24,4,4,True
2025-02-22,8.6261,24,4,4,True
2025-02-23,8.3652,24,4,4,True
2025-02-24,8.4083,24,4,4,True
2025-02-25,8.1660,24,4,4,True
2025-02-26,6.7579,24,4,4,True
2025-02-27,6.7592,24,4,4,True
2025-02-28,6.7043,24,4,4,True
2025-03-01,5.3255,24,4,4,True
2025-03-02,6.0046,24,4,4,True
2025-03-03,6.4131,24,4,4,True
2025-03-04,7.0804,24,4,4,True
2025-03-05,7.2663,24,4,4,True
2025-03-06,8.1271,24,4,4,True
2025-03-07,8.5175,24,4,4,True
2025-03-08,9.0268,24,4,4,True
2025-03-09,9.0425,24,4,4,True
2025-03-10,8.2169,24,4,4,True
2025-03-11,8.2545,24,4,4,True
2025-03-12,7.9820,24,4,4,True
2025-03-13,6.9339,24,4,4,True
2025-03-14,6.1410,24,4,4,True
2025-03-15,5.3614,24,4,4,True
2025-03-16,5.0114,24,4,4,True
2025-03-17,6.0061,24,4,4,True
2025-03-18,6.7110,24,4,4,True
2025-03-19,7.8134,24,4,4,True
2025-03-20,8.3643,24,4,4,True
2025-03-21,9.1310,24,4,4,True
2025-03-22,9.0979,24,4,4,True
2025-03-23,8.4331,24,4,4,True
2025-03-24,8.4458,24,4,4,True
2025-03-25,9.1041,24,4,4,True
2025-03-26,8.8264,24,4,4,True
2025-03-27,8.5141,24,4,4,True
2025-03-28,8.6135,24,4,4,True
2025-03-29,7.5501,24,4,4,True
2025-03-30,7.5366,22,4,4,True
2025-03-31,9.0766,24,4,4,True
2025-04-01,8.5935,24,4,4,True
2025-04-02,8.7627,24,4,4,True
2025-04-03,9.2231,24,4,4,True
2025-04-04,9.4535,24,4,4,True
2025-04-05,10.1873,24,4,4,True
2025-04-06,11.2321,24,4,4,True
2025-04-07,11.3783,24,4,4,True
2025-04-08,10.9645,24,4,4,True
2025-04-09,10.9323,24,4,4,True
2025-04-10,11.2325,24,4,4,True
2025-04-11,10.9957,24,4,4,True
2025-04-12,11.4428,24,4,4,True
2025-04-13,11.8010,24,4,4,True
2025-04-14,11.2695,24,4,4,True
2025-04-15,10.7455,24,4,4,True
2025-04-16,8.9695,24,4,4,True
2025-04-17,8.6250,24,4,4,True
2025-04-18,9.2131,24,4,4,True
2025-04-19,10.0178,24,4,4,True
2025-04-20,8.5415,24,4,4,True
2025-04-21,9.7767,24,4,4,True
2025-04-22,10.3676,24,4,4,True
2025-04-23,9.6225,14,3,4,False
