date,mean_c,n_hours,n_quarters,qual_codes,eligible
2013-03-13,20.2634,11,2,4,False
2013-03-14,19.7588,24,4,4,True
2013-03-15,19.4475,24,4,4,True
2013-03-16,19.6755,24,4,4,True
2013-03-17,19.1689,24,4,4,True
2013-03-18,19.6258,24,4,4,True
2013-03-19,20.2064,24,4,4,True
2013-03-20,20.1278,24,4,4,True
2013-03-21,20.8291,24,4,4,True
2013-03-22,19.0164,24,4,4,True
2013-03-23,20.0718,24,4,4,True
2013-03-24,20.2090,24,4,4,True
2013-03-25,22.7805,24,4,4,True
2013-03-26,24.7198,24,4,4,True
2013-03-27,24.5528,24,4,4,True
2013-03-28,24.7672,24,4,4,True
2013-03-29,24.9325,24,4,4,True
2013-03-30,24.8327,24,4,4,True
2013-03-31,24.8445,22,4,4,True
2013-04-01,24.9810,24,4,4,True
2013-04-02,24.9828,24,4,4,True
2013-04-03,23.0222,24,4,4,True
2013-04-04,22.8953,24,4,4,True
2013-04-05,24.4453,24,4,4,True
2013-04-06,23.7180,24,4,4,True
2013-04-07,23.6910,24,4,4,True
2013-04-08,22.7477,24,4,4,True
2013-04-09,22.7633,24,4,4,True
2013-04-10,24.3143,24,4,4,True
2013-04-11,24.4752,24,4,4,True
2013-04-12,24.4430,24,4,4,True
2013-04-13,24.4841,24,4,4,True
2013-04-14,24.5908,24,4,4,True
2013-04-15,24.3125,24,4,4,True
2013-04-16,23.9326,24,4,4,True
2013-04-17,23.7960,24,4,4,True
2013-04-18,23.3226,24,4,4,True
2013-04-19,21.8065,24,4,4,True
2013-04-20,20.6833,24,4,4,True
2013-04-21,20.3487,24,4,4,True
2013-04-22,20.6674,24,4,4,True
2013-04-23,21.9537,24,4,4,True
2013-04-24,23.2104,24,4,4,True
2013-04-25,22.2180,24,4,4,True
2013-04-26,22.0195,24,4,4,True
2013-04-27,21.8592,24,4,4,True
2013-04-28,21.7089,24,4,4,True
2013-04-29,22.1307,24,4,4,True
2013-04-30,23.2294,24,4,4,True
2013-05-01,23.2452,24,4,4,True
2013-05-02,23.5057,24,4,4,True
2013-05-03,23.9737,24,4,4,True
2013-05-04,23.5487,24,4,4,True
2013-05-05,22.9054,24,4,4,True
2013-05-06,23.0524,24,4,4,True
2013-05-07,23.3233,24,4,4,True
2013-05-08,23.3954,24,4,4,True
2013-05-09,23.4254,24,4,4,True
2013-05-10,23.0721,24,4,4,True
2013-05-11,22.8521,24,4,4,True
2013-05-12,22.5790,24,4,4,True
2013-05-13,22.2596,24,4,4,True
2013-05-14,22.2138,24,4,4,True
2013-05-15,22.1680,24,4,4,True
2013-05-16,22.0075,24,4,4,True
2013-05-17,21.9967,24,4,4,True
2013-05-18,21.9509,24,4,4,True
2013-05-19,21.7595,24,4,4,True
2013-05-20,21.7338,24,4,4,True
2013-05-21,21.5259,24,4,4,True
2013-05-22,19.5924,24,4,4,True
2013-05-23,19.9437,24,4,4,True
2013-05-24,18.3406,24,4,4,True
2013-05-25,18.1830,24,4,4,True
2013-05-26,17.9531,24,4,4,True
2013-05-27,17.9163,24,4,4,True
2013-05-28,18.1474,24,4,4,True
2013-05-29,17.5488,24,4,4,True
2013-05-30,17.7143,24,4,4,True
2013-05-31,18.4034,24,4,4,True
2013-06-01,16.6783,24,4,4,True
2013-06-02,18.0206,24,4,4,True
2013-06-03,19.8304,24,4,4,True
2013-06-04,18.9131,24,4,4,True
2013-06-05,18.0334,24,4,4,True
2013-06-06,19.3154,24,4,4,True
2013-06-07,18.1425,24,4,4,True
2013-06-08,18.3029,24,4,4,True
2013-06-09,18.4941,24,4,4,True
2013-06-10,18.5407,24,4,4,True
2013-06-11,18.9133,24,4,4,True
2013-06-12,20.7877,24,4,4,True
2013-06-13,21.6565,24,4,4,True
2013-06-14,22.3500,24,4,4,True
2013-06-15,22.4591,24,4,4,True
2013-06-16,23.1437,24,4,4,True
2013-06-17,23.4644,24,4,4,True
2013-06-18,24.2250,24,4,4,True
2013-06-19,23.1014,24,4,4,True
2013-06-20,22.0764,24,4,4,True
2013-06-21,23.7451,24,4,4,True
2013-06-22,24.4966,24,4,4,True
2013-06-23,23.7452,24,4,4,True
2013-06-24,22.4035,24,4,4,True
2013-06-25,22.0836,24,4,4,True
2013-06-26,21.9802,24,4,4,True
2013-06-27,22.1353,24,4,4,True
2013-06-28,21.8941,24,4,4,True
2013-06-29,22.1325,24,4,4,True
2013-06-30,22.7504,24,4,4,True
2013-07-01,23.6795,24,4,4,True
2013-07-02,24.6072,24,4,4,True
2013-07-03,24.7905,24,4,4,True
2013-07-04,24.7665,24,4,4,True
2013-07-05,25.3092,24,4,4,True
2013-07-06,25.9572,24,4,4,True
2013-07-07,26.8032,24,4,4,True
2013-07-08,27.2469,24,4,4,True
2013-07-09,27.5155,24,4,4,True
2013-07-10,27.6453,24,4,4,True
2013-07-11,27.4717,24,4,4,True
2013-07-12,27.5468,24,4,4,True
2013-07-13,27.6554,24,4,4,True
2013-07-14,27.7593,24,4,4,True
2013-07-15,27.8508,24,4,4,True
2013-07-16,27.9352,24,4,4,True
2013-07-17,28.0805,24,4,4,True
2013-07-18,28.0431,24,4,4,True
2013-07-19,27.9827,24,4,4,True
2013-07-20,28.0783,24,4,4,True
2013-07-21,28.1949,24,4,4,True
2013-07-22,28.2236,24,4,4,True
2013-07-23,28.4338,24,4,4,True
2013-07-24,28.7125,24,4,4,True
2013-07-25,29.1307,24,4,4,True
2013-07-26,29.6358,24,4,4,True
2013-07-27,29.5855,24,4,4,True
2013-07-28,29.3100,24,4,4,True
2013-07-29,28.4575,24,4,4,True
2013-07-30,27.7553,24,4,4,True
2013-07-31,27.6982,24,4,4,True
2013-08-01,28.1064,24,4,4,True
2013-08-02,28.2487,24,4,4,True
2013-08-03,28.1034,24,4,4,True
2013-08-04,28.1859,24,4,4,True
2013-08-05,28.5701,24,4,4,True
2013-08-06,28.7610,24,4,4,True
2013-08-07,27.6446,24,4,4,True
2013-08-08,25.8619,24,4,4,True
2013-08-09,25.0157,24,4,4,True
2013-08-10,24.7233,24,4,4,True
2013-08-11,25.2760,24,4,4,True
2013-08-12,25.7358,24,4,4,True
2013-08-13,25.9953,24,4,4,True
2013-08-14,25.9651,24,4,4,True
2013-08-15,25.5295,24,4,4,True
2013-08-16,25.9905,24,4,4,True
2013-08-17,25.7421,24,4,4,True
2013-08-18,25.7095,24,4,4,True
2013-08-19,26.0886,24,4,4,True
2013-08-20,25.2802,24,4,4,True
2013-08-21,24.8030,24,4,4,True
2013-08-22,25.0829,24,4,4,True
2013-08-23,25.5598,24,4,4,True
2013-08-24,25.4376,24,4,4,True
2013-08-25,24.1034,24,4,4,True
2013-08-26,23.7985,24,4,4,True
2013-08-27,23.7453,24,4,4,True
2013-08-28,23.3606,24,4,4,True
2013-08-29,23.2163,24,4,4,True
2013-08-30,23.4240,24,4,4,True
2013-08-31,23.6242,24,4,4,True
2013-09-01,23.7835,24,4,4,True
2013-09-02,23.5247,24,4,4,True
2013-09-03,23.5801,24,4,4,True
2013-09-04,24.0268,24,4,4,True
2013-09-05,24.4185,24,4,4,True
2013-09-06,24.5503,24,4,4,True
2013-09-07,24.3866,24,4,4,True
2013-09-08,23.8727,24,4,4,True
2013-09-09,23.3383,24,4,4,True
2013-09-10,23.0617,24,4,4,True
2013-09-11,22.3067,24,4,4,True
2013-09-12,21.3905,24,4,4,True
2013-09-13,21.1184,24,4,4,True
2013-09-14,21.3660,24,4,4,True
2013-09-15,21.2286,24,4,4,True
2013-09-16,20.4250,24,4,4,True
2013-09-17,19.8163,24,4,4,True
2013-09-18,19.8597,24,4,4,True
2013-09-19,19.8171,24,4,4,True
2013-09-20,19.6536,24,4,4,True
2013-09-21,20.0860,24,4,4,True
2013-09-22,20.3418,24,4,4,True
2013-09-23,20.6118,24,4,4,True
2013-09-24,20.7628,24,4,4,True
2013-09-25,21.1532,24,4,4,True
2013-09-26,21.3678,24,4,4,True
2013-09-27,21.3708,24,4,4,True
2013-09-28,21.0773,24,4,4,True
2013-09-29,20.9692,24,4,4,True
2013-09-30,21.0547,24,4,4,True
2013-10-01,21.0478,24,4,4,True
2013-10-02,21.6485,24,4,4,True
2013-10-03,21.3648,24,4,4,True
2013-10-04,20.4282,24,4,4,True
2013-10-05,20.0255,24,4,4,True
2013-10-06,19.7448,24,4,4,True
2013-10-07,19.6129,24,4,4,True
2013-10-08,19.6853,24,4,4,True
2013-10-09,19.8083,24,4,4,True
2013-10-10,19.0757,24,4,4,True
2013-10-11,17.8809,24,4,4,True
2013-10-12,17.1265,24,4,4,True
2013-10-13,17.1998,24,4,4,True
2013-10-14,17.5884,24,4,4,True
2013-10-15,17.7055,24,4,4,True
2013-10-16,17.9879,24,4,4,True
2013-10-17,18.3762,24,4,4,True
2013-10-18,17.9600,24,4,4,True
2013-10-19,18.2029,24,4,4,True
2013-10-20,18.3921,24,4,4,True
2013-10-21,18.3138,24,4,4,True
2013-10-22,18.5843,24,4,4,True
2013-10-23,19.1005,24,4,4,True
2013-10-24,18.4872,24,4,4,True
2013-10-25,18.7082,24,4,4,True
2013-10-26,18.8606,24,4,4,True
2013-10-27,19.1898,24,4,4,True
2013-10-28,19.1670,24,4,4,True
2013-10-29,18.5981,24,4,4,True
2013-10-30,17.4110,24,4,4,True
2013-10-31,16.4789,24,4,4,True
2013-11-01,16.1086,24,4,4,True
2013-11-02,16.3030,24,4,4,True
2013-11-03,16.2238,24,4,4,True
2013-11-04,15.7001,24,4,4,True
2013-11-05,15.2635,24,4,4,True
2013-11-06,15.3728,24,4,4,True
2013-11-07,15.6969,24,4,4,True
2013-11-08,15.8075,24,4,4,True
2013-11-09,15.4933,24,4,4,True
2013-11-10,14.8172,24,4,4,True
2013-11-11,13.2467,24,4,4,True
2013-11-12,12.4339,24,4,4,True
2013-11-13,11.9123,24,4,4,True
2013-11-14,11.3670,24,4,4,True
2013-11-15,10.5008,24,4,4,True
2013-11-16,9.9451,24,4,4,True
2013-11-17,9.7155,24,4,4,True
2013-11-18,10.5496,24,4,4,True
2013-11-19,12.2171,24,4,4,True
2013-11-20,11.1657,24,4,4,True
2013-11-21,10.2363,24,4,4,True
2013-11-22,9.2095,24,4,4,True
2013-11-23,8.3392,24,4,4,True
2013-11-24,8.1127,24,4,4,True
2013-11-25,8.1875,24,4,4,True
2013-11-26,7.9731,24,4,4,True
2013-11-27,7.0780,24,4,4,True
2013-11-28,6.4445,24,4,4,True
2013-11-29,6.1648,24,4,4,True
2013-11-30,6.3027,24,4,4,True
2013-12-01,6.3441,24,4,4,True
2013-12-02,6.3123,24,4,4,True
2013-12-03,6.4393,24,4,4,True
2013-12-04,6.4201,24,4,4,True
2013-12-05,6.5851,24,4,4,True
2013-12-06,6.5745,24,4,4,True
2013-12-07,6.5841,24,4,4,True
2013-12-08,6.4415,24,4,4,True
2013-12-09,6.2613,24,4,4,True
2013-12-10,6.1275,24,4,4,True
2013-12-11,6.3599,24,4,4,True
2013-12-12,6.7563,24,4,4,True
2013-12-13,7.3773,24,4,4,True
2013-12-14,7.6148,24,4,4,True
2013-12-15,7.6914,24,4,4,True
2013-12-16,7.9471,24,4,4,True
2013-12-17,8.2390,24,4,4,True
2013-12-18,8.5424,24,4,4,True
2013-12-19,8.9642,24,4,4,True
2013-12-20,9.3310,24,4,4,True
2013-12-21,9.5092,24,4,4,True
2013-12-22,9.8168,24,4,4,True
2013-12-23,9.8519,24,4,4,True
2013-12-24,10.3375,24,4,4,True
2013-12-25,10.8085,24,4,4,True
2013-12-26,10.3007,24,4,4,True
2013-12-27,9.8293,24,4,4,True
2013-12-28,9.7318,24,4,4,True
2013-12-29,8.9705,24,4,4,True
2013-12-30,8.7346,24,4,4,True
2013-12-31,8.2259,24,4,4,True
2014-01-01,8.3619,24,4,4,True
2014-01-02,8.8607,24,4,4,True
2014-01-03,9.2870,24,4,4,True
2014-01-04,9.7513,24,4,4,True
2014-01-05,9.7113,24,4,4,True
2014-01-06,9.7563,24,4,4,True
2014-01-07,10.5567,24,4,4,True
2014-01-08,11.3343,24,4,4,True
2014-01-09,11.8070,24,4,4,True
2014-01-10,12.1535,24,4,4,True
2014-01-11,12.3775,24,4,4,True
2014-01-12,12.4310,24,4,4,True
2014-01-13,12.2322,24,4,4,True
2014-01-14,12.0324,24,4,4,True
2014-01-15,11.2512,24,4,4,True
2014-01-16,10.9842,24,4,4,True
2014-01-17,11.1874,24,4,4,True
2014-01-18,11.5532,24,4,4,True
2014-01-19,12.4546,24,4,4,True
2014-01-20,13.1373,24,4,4,True
2014-01-21,12.6833,24,4,4,True
2014-01-22,12.2159,24,4,4,True
2014-01-23,11.9941,24,4,4,True
2014-01-24,11.4702,24,4,4,True
2014-01-25,11.4357,24,4,4,True
2014-01-26,11.6970,24,4,4,True
2014-01-27,11.7778,24,4,4,True
2014-01-28,11.2391,24,4,4,True
2014-01-29,10.7960,24,4,4,True
2014-01-30,10.6179,24,4,4,True
2014-01-31,10.6077,24,4,4,True
2014-02-01,10.1548,24,4,4,True
2014-02-02,9.9367,24,4,4,True
2014-02-03,9.8309,24,4,4,True
2014-02-04,10.6859,24,4,4,True
2014-02-05,11.3162,24,4,4,True
2014-02-06,11.5987,24,4,4,True
2014-02-07,12.3220,24,4,4,True
2014-02-08,11.9698,24,4,4,True
2014-02-09,11.7415,24,4,4,True
2014-02-10,11.8930,24,4,4,True
2014-02-11,11.7524,24,4,4,True
2014-02-12,12.1867,24,4,4,True
2014-02-13,12.4981,24,4,4,True
2014-02-14,12.4369,24,4,4,True
2014-02-15,12.9578,24,4,4,True
2014-02-16,13.1988,24,4,4,True
2014-02-17,13.1393,24,4,4,True
2014-02-18,12.9438,24,4,4,True
2014-02-19,12.7608,24,4,4,True
2014-02-20,12.5886,24,4,4,True
2014-02-21,12.5738,24,4,4,True
2014-02-22,12.0778,24,4,4,True
2014-02-23,12.1550,24,4,4,True
2014-02-24,12.5553,24,4,4,True
2014-02-25,12.6542,24,4,4,True
2014-02-26,12.3824,24,4,4,True
2014-02-27,11.8255,24,4,4,True
2014-02-28,11.3244,24,4,4,True
2014-03-01,11.0654,24,4,4,True
2014-03-02,11.0670,24,4,4,True
2014-03-03,11.3646,24,4,4,True
2014-03-04,11.2106,24,4,4,True
2014-03-05,11.0471,24,4,4,True
2014-03-06,11.3513,24,4,4,True
2014-03-07,11.9721,24,4,4,True
2014-03-08,12.6212,24,4,4,True
2014-03-09,13.0698,24,4,4,True
2014-03-10,13.3495,24,4,4,True
2014-03-11,13.3560,24,4,4,True
2014-03-12,13.4631,24,4,4,True
2014-03-13,13.6072,24,4,4,True
2014-03-14,13.8745,24,4,4,True
2014-03-15,14.0307,24,4,4,True
2014-03-16,14.2843,24,4,4,True
2014-03-17,14.8802,24,4,4,True
2014-03-18,15.4295,24,4,4,True
2014-03-19,15.6679,24,4,4,True
2014-03-20,15.8085,24,4,4,True
2014-03-21,16.0885,24,4,4,True
2014-03-22,15.8183,24,4,4,True
2014-03-23,14.7824,24,4,4,True
2014-03-24,14.0985,24,4,4,True
2014-03-25,14.0118,24,4,4,True
2014-03-26,13.6837,24,4,4,True
2014-03-27,13.6381,24,4,4,True
2014-03-28,13.8250,24,4,4,True
2014-03-29,14.4060,24,4,4,True
2014-03-30,14.8225,22,4,4,True
2014-03-31,15.1129,24,4,4,True
2014-04-01,15.6006,24,4,4,True
2014-04-02,15.9315,24,4,4,True
2014-04-03,15.8265,24,4,4,True
2014-04-04,15.7438,24,4,4,True
2014-04-05,15.9471,24,4,4,True
2014-04-06,16.8160,24,4,4,True
2014-04-07,17.6875,24,4,4,True
2014-04-08,18.1028,24,4,4,True
2014-04-09,18.0750,24,4,4,True
2014-04-10,18.5626,24,4,4,True
2014-04-11,18.9005,24,4,4,True
2014-04-12,19.4742,24,4,4,True
2014-04-13,20.0385,24,4,4,True
2014-04-14,20.1206,24,4,4,True
2014-04-15,19.7190,24,4,4,True
2014-04-16,19.0777,24,4,4,True
2014-04-17,19.1679,24,4,4,True
2014-04-18,18.9370,24,4,4,True
2014-04-19,18.3396,24,4,4,True
2014-04-20,17.4684,24,4,4,True
2014-04-21,17.0194,24,4,4,True
2014-04-22,17.3328,24,4,4,True
2014-04-23,17.9323,24,4,4,True
2014-04-24,18.8160,24,4,4,True
2014-04-25,18.7953,24,4,4,True
2014-04-26,18.3684,24,4,4,True
2014-04-27,18.1077,24,4,4,True
2014-04-28,17.7838,24,4,4,True
2014-04-29,17.9106,24,4,4,True
2014-04-30,17.9759,24,4,4,True
2014-05-01,18.2930,24,4,4,True
2014-05-02,17.8422,24,4,4,True
2014-05-03,17.7519,24,4,4,True
2014-05-04,18.1503,24,4,4,True
2014-05-05,18.7430,24,4,4,True
2014-05-06,19.2502,24,4,4,True
2014-05-07,19.6565,24,4,4,True
2014-05-08,19.8400,24,4,4,True
2014-05-09,20.4576,24,4,4,True
2014-05-10,20.5571,24,4,4,True
2014-05-11,20.4847,24,4,4,True
2014-05-12,20.2676,24,4,4,True
2014-05-13,19.6555,24,4,4,True
2014-05-14,19.3185,24,4,4,True
2014-05-15,18.5931,24,4,4,True
2014-05-16,18.3961,24,4,4,True
2014-05-17,19.2533,24,4,4,True
2014-05-18,20.0683,24,4,4,True
2014-05-19,19.8737,24,4,4,True
2014-05-20,19.3185,24,4,4,True
2014-05-21,19.1749,24,4,4,True
2014-05-22,18.8022,24,4,4,True
2014-05-23,19.2553,24,4,4,True
2014-05-24,19.8332,24,4,4,True
2014-05-25,19.9778,24,4,4,True
2014-05-26,19.7110,24,4,4,True
2014-05-27,19.2313,24,4,4,True
2014-05-28,19.4742,24,4,4,True
2014-05-29,19.9480,24,4,4,True
2014-05-30,20.2665,24,4,4,True
2014-05-31,20.7778,24,4,4,True
2014-06-01,21.3971,24,4,4,True
2014-06-02,21.7987,24,4,4,True
2014-06-03,21.9981,24,4,4,True
2014-06-04,22.0894,24,4,4,True
2014-06-05,21.9742,24,4,4,True
2014-06-06,22.6256,24,4,4,True
2014-06-07,23.5367,24,4,4,True
2014-06-08,24.2743,24,4,4,True
2014-06-09,24.7336,24,4,4,True
2014-06-10,25.1827,24,4,4,True
2014-06-11,25.9933,24,4,4,True
2014-06-12,26.7475,24,4,4,True
2014-06-13,27.2571,24,4,4,True
2014-06-14,26.9508,24,4,4,True
2014-06-15,25.6480,24,4,4,True
2014-06-16,25.1577,24,4,4,True
2014-06-17,24.8952,24,4,4,True
2014-06-18,24.4524,24,4,4,True
2014-06-19,24.3261,24,4,4,True
2014-06-20,24.8529,24,4,4,True
2014-06-21,25.2787,24,4,4,True
2014-06-22,26.1142,24,4,4,True
2014-06-23,26.5718,24,4,4,True
2014-06-24,26.7664,24,4,4,True
2014-06-25,26.2679,24,4,4,True
2014-06-26,25.5826,24,4,4,True
2014-06-27,25.5778,24,4,4,True
2014-06-28,26.1443,24,4,4,True
2014-06-29,25.6582,24,4,4,True
2014-06-30,24.6812,24,4,4,True
2014-07-01,24.8575,24,4,4,True
2014-07-02,25.1978,24,4,4,True
2014-07-03,25.3933,24,4,4,True
2014-07-04,25.1051,24,4,4,True
2014-07-05,25.0532,24,4,4,True
2014-07-06,25.6224,24,4,4,True
2014-07-07,24.8319,24,4,4,True
2014-07-08,23.5857,24,4,4,True
2014-07-09,22.7057,24,4,4,True
2014-07-10,21.7159,24,4,4,True
2014-07-11,21.6526,24,4,4,True
2014-07-12,22.0329,24,4,4,True
2014-07-13,22.5205,24,4,4,True
2014-07-14,23.0741,24,4,4,True
2014-07-15,23.7322,24,4,4,True
2014-07-16,24.8107,24,4,4,True
2014-07-17,25.8460,24,4,4,True
2014-07-18,26.8091,24,4,4,True
2014-07-19,26.8720,24,4,4,True
2014-07-20,26.2313,24,4,4,True
2014-07-21,25.2567,24,4,4,True
2014-07-22,24.7475,24,4,4,True
2014-07-23,25.2544,24,4,4,True
2014-07-24,26.0812,24,4,4,True
2014-07-25,26.3565,24,4,4,True
2014-07-26,26.1466,24,4,4,True
2014-07-27,26.3611,24,4,4,True
2014-07-28,26.0292,24,4,4,True
2014-07-29,24.7462,24,4,4,True
2014-07-30,24.0917,24,4,4,True
2014-07-31,24.7886,24,4,4,True
2014-08-01,25.4470,24,4,4,True
2014-08-02,25.7602,24,4,4,True
2014-08-03,26.2086,24,4,4,True
2014-08-04,26.3912,24,4,4,True
2014-08-05,26.4362,24,4,4,True
2014-08-06,26.3833,24,4,4,True
2014-08-07,26.3158,24,4,4,True
2014-08-08,26.4796,24,4,4,True
2014-08-09,26.4382,24,4,4,True
2014-08-10,26.4074,24,4,4,True
2014-08-11,26.5513,24,4,4,True
2014-08-12,26.1250,24,4,4,True
2014-08-13,25.7502,24,4,4,True
2014-08-14,24.6202,24,4,4,True
2014-08-15,23.9930,24,4,4,True
2014-08-16,23.4315,24,4,4,True
2014-08-17,23.4157,24,4,4,True
2014-08-18,23.8502,24,4,4,True
2014-08-19,24.4886,24,4,4,True
2014-08-20,24.2766,24,4,4,True
2014-08-21,23.8426,24,4,4,True
2014-08-22,23.6348,24,4,4,True
2014-08-23,23.5257,24,4,4,True
2014-08-24,23.2723,24,4,4,True
2014-08-25,23.2115,24,4,4,True
2014-08-26,23.5288,24,4,4,True
2014-08-27,23.8144,15,3,4,False
2014-08-28,24.7840,10,2,4,False
2014-08-29,24.5983,24,4,4,True
2014-08-30,24.6999,24,4,4,True
2014-08-31,24.7547,24,4,4,True
2014-09-01,24.1075,24,4,4,True
2014-09-02,23.6863,24,4,4,True
2014-09-03,23.2948,24,4,4,True
2014-09-04,23.3368,24,4,4,True
2014-09-05,23.7355,24,4,4,True
2014-09-06,24.0938,24,4,4,True
2014-09-07,24.5071,24,4,4,True
2014-09-08,25.1840,24,4,4,True
2014-09-09,25.2218,24,4,4,True
2014-09-10,25.3470,24,4,4,True
2014-09-11,25.2872,24,4,4,True
2014-09-12,24.6405,24,4,4,True
2014-09-13,24.1367,24,4,4,True
2014-09-14,24.1559,24,4,4,True
2014-09-15,24.1365,24,4,4,True
2014-09-16,23.9660,24,4,4,True
2014-09-17,22.9760,24,4,4,True
2014-09-18,18.8351,24,4,4,True
2014-09-19,18.7884,24,4,4,True
2014-09-20,19.1937,24,4,4,True
2014-09-21,19.4771,24,4,4,True
2014-09-22,19.4067,24,4,4,True
2014-09-23,18.3317,24,4,4,True
2014-09-24,17.7847,24,4,4,True
2014-09-25,17.9461,24,4,4,True
2014-09-26,18.1692,24,4,4,True
2014-09-27,18.7033,24,4,4,True
2014-09-28,19.2593,24,4,4,True
2014-09-29,18.6744,24,4,4,True
2014-09-30,16.9481,24,4,4,True
2014-10-01,16.6228,24,4,4,True
2014-10-02,16.5276,24,4,4,True
2014-10-03,16.4441,24,4,4,True
2014-10-04,16.6126,24,4,4,True
2014-10-05,16.6982,24,4,4,True
2014-10-06,16.4283,24,4,4,True
2014-10-07,17.6074,24,4,4,True
2014-10-08,17.6955,24,4,4,True
2014-10-09,17.9671,24,4,4,True
2014-10-10,17.7322,24,4,4,True
2014-10-11,17.7033,24,4,4,True
2014-10-12,17.0323,24,4,4,True
2014-10-13,17.2495,24,4,4,True
2014-10-14,16.7834,24,4,4,True
2014-10-15,16.8716,24,4,4,True
2014-10-16,16.9590,24,4,4,True
2014-10-17,17.4290,24,4,4,True
2014-10-18,17.5360,24,4,4,True
2014-10-19,17.9948,24,4,4,True
2014-10-20,17.9413,24,4,4,True
2014-10-21,17.8718,24,4,4,True
2014-10-22,16.6643,24,4,4,True
2014-10-23,15.7508,24,4,4,True
2014-10-24,16.0426,24,4,4,True
2014-10-25,15.8690,24,4,4,True
2014-10-26,16.0776,24,4,4,True
2014-10-27,16.0726,24,4,4,True
2014-10-28,16.0668,24,4,4,True
2014-10-29,16.0039,24,4,4,True
2014-10-30,15.8590,24,4,4,True
2014-10-31,15.9056,24,4,4,True
2014-11-01,15.5261,24,4,4,True
2014-11-02,15.6354,24,4,4,True
2014-11-03,16.2484,24,4,4,True
2014-11-04,16.4570,24,4,4,True
2014-11-05,15.7995,24,4,4,True
2014-11-06,14.9388,24,4,4,True
2014-11-07,14.3952,24,4,4,True
2014-11-08,14.2254,24,4,4,True
2014-11-09,14.4371,24,4,4,True
2014-11-10,14.5470,24,4,4,True
2014-11-11,14.5520,24,4,4,True
2014-11-12,14.8240,24,4,4,True
2014-11-13,14.7982,24,4,4,True
2014-11-14,14.5679,24,4,4,True
2014-11-15,15.3400,24,4,4,True
2014-11-16,14.6786,24,4,4,True
2014-11-17,14.4044,24,4,4,True
2014-11-18,14.2276,24,4,4,True
2014-11-19,13.9450,24,4,4,True
2014-11-20,13.6868,24,4,4,True
2014-11-21,14.0478,24,4,4,True
2014-11-22,14.5887,24,4,4,True
2014-11-23,15.0055,24,4,4,True
2014-11-24,15.3442,24,4,4,True
2014-11-25,15.7071,24,4,4,True
2014-11-26,15.5488,24,4,4,True
2014-11-27,14.9657,24,4,4,True
2014-11-28,14.0839,24,4,4,True
2014-11-29,14.8642,24,4,4,True
2014-11-30,14.8153,24,4,4,True
2014-12-01,14.5710,24,4,4,True
2014-12-02,14.1888,24,4,4,True
2014-12-03,13.8180,24,4,4,True
2014-12-04,13.7990,24,4,4,True
2014-12-05,13.5886,24,4,4,True
2014-12-06,12.7035,24,4,4,True
2014-12-07,13.2058,24,4,4,True
2014-12-08,13.2409,24,4,4,True
2014-12-09,12.7327,24,4,4,True
2014-12-10,12.3742,24,4,4,True
2014-12-11,12.7999,24,4,4,True
2014-12-12,13.0250,24,4,4,True
2014-12-13,13.2337,24,4,4,True
2014-12-14,14.0298,24,4,4,True
2014-12-15,14.4112,24,4,4,True
2014-12-16,14.4931,24,4,4,True
2014-12-17,13.6095,24,4,4,True
2014-12-18,13.6245,24,4,4,True
2014-12-19,13.8210,24,4,4,True
2014-12-20,13.6728,24,4,4,True
2014-12-21,13.2337,24,4,4,True
2014-12-22,12.4590,24,4,4,True
2014-12-23,11.7607,24,4,4,True
2014-12-24,11.7778,24,4,4,True
2014-12-25,11.8921,24,4,4,True
2014-12-26,11.5615,24,4,4,True
2014-12-27,11.2959,24,4,4,True
2014-12-28,10.8490,24,4,4,True
2014-12-29,9.3563,24,4,4,True
2014-12-30,8.7876,24,4,4,True
2014-12-31,8.5744,24,4,4,True
2015-01-01,8.4502,24,4,4,True
2015-01-02,8.5743,24,4,4,True
2015-01-03,9.3042,24,4,4,True
2015-01-04,10.1597,24,4,4,True
2015-01-05,10.1609,24,4,4,True
2015-01-06,10.0985,24,4,4,True
2015-01-07,10.1639,24,4,4,True
2015-01-08,10.0278,24,4,4,True
2015-01-09,10.1055,24,4,4,True
2015-01-10,10.7796,24,4,4,True
2015-01-11,11.1306,24,4,4,True
2015-01-12,10.6374,24,4,4,True
2015-01-13,10.4303,24,4,4,True
2015-01-14,10.8887,24,4,4,True
2015-01-15,11.2483,24,4,4,True
2015-01-16,11.4632,24,4,4,True
2015-01-17,11.2320,24,4,4,True
2015-01-18,10.3353,24,4,4,True
2015-01-19,10.2460,24,4,4,True
2015-01-20,10.3324,24,4,4,True
2015-01-21,10.8698,24,4,4,True
2015-01-22,11.9161,24,4,4,True
2015-01-23,11.7333,24,4,4,True
2015-01-24,10.9892,24,4,4,True
2015-01-25,9.8230,24,4,4,True
2015-01-26,9.5008,24,4,4,True
2015-01-27,9.6139,24,4,4,True
2015-01-28,9.7245,24,4,4,True
2015-01-29,10.3752,24,4,4,True
2015-01-30,10.4865,24,4,4,True
2015-01-31,10.3845,24,4,4,True
2015-02-01,10.0269,24,4,4,True
2015-02-02,9.1340,24,4,4,True
2015-02-03,8.6551,24,4,4,True
2015-02-04,8.1021,24,4,4,True
2015-02-05,7.6717,24,4,4,True
2015-02-06,7.4406,24,4,4,True
2015-02-07,7.6513,24,4,4,True
2015-02-08,7.9519,24,4,4,True
2015-02-09,7.9833,24,4,4,True
2015-02-10,8.3173,24,4,4,True
2015-02-11,8.7175,24,4,4,True
2015-02-12,9.0805,24,4,4,True
2015-02-13,9.5295,24,4,4,True
2015-02-14,9.8836,24,4,4,True
2015-02-15,9.8816,24,4,4,True
2015-02-16,10.4155,24,4,4,True
2015-02-17,10.7308,24,4,4,True
2015-02-18,10.7483,24,4,4,True
2015-02-19,10.8558,24,4,4,True
2015-02-20,10.8306,24,4,4,True
2015-02-21,10.6751,24,4,4,True
2015-02-22,10.1188,24,4,4,True
2015-02-23,10.1537,24,4,4,True
2015-02-24,10.0791,24,4,4,True
2015-02-25,9.9758,24,4,4,True
2015-02-26,10.2508,24,4,4,True
2015-02-27,10.5112,24,4,4,True
2015-02-28,10.4987,24,4,4,True
2015-03-01,10.8490,24,4,4,True
2015-03-02,11.3477,24,4,4,True
2015-03-03,11.9474,24,4,4,True
2015-03-04,12.3461,24,4,4,True
2015-03-05,11.1202,24,4,4,True
2015-03-06,10.8929,24,4,4,True
2015-03-07,11.0858,24,4,4,True
2015-03-08,11.5329,24,4,4,True
2015-03-09,12.1170,24,4,4,True
2015-03-10,12.4711,24,4,4,True
2015-03-11,13.0085,24,4,4,True
2015-03-12,13.5044,24,4,4,True
2015-03-13,13.7698,24,4,4,True
2015-03-14,13.7237,24,4,4,True
2015-03-15,13.2488,24,4,4,True
2015-03-16,13.0821,24,4,4,True
2015-03-17,12.9517,24,4,4,True
2015-03-18,13.3229,24,4,4,True
2015-03-19,13.7943,24,4,4,True
2015-03-20,14.5397,24,4,4,True
2015-03-21,14.4580,24,4,4,True
2015-03-22,14.2596,24,4,4,True
2015-03-23,14.5108,24,4,4,True
2015-03-24,14.5877,24,4,4,True
2015-03-25,14.2347,24,4,4,True
2015-03-26,13.7137,24,4,4,True
2015-03-27,13.6695,24,4,4,True
2015-03-28,14.0576,24,4,4,True
2015-03-29,14.2938,22,4,4,True
2015-03-30,14.8190,24,4,4,True
2015-03-31,15.1687,24,4,4,True
2015-04-01,14.9816,24,4,4,True
2015-04-02,14.7434,24,4,4,True
2015-04-03,14.9853,24,4,4,True
2015-04-04,15.1509,24,4,4,True
2015-04-05,15.0733,24,4,4,True
2015-04-06,14.5799,24,4,4,True
2015-04-07,14.4959,24,4,4,True
2015-04-08,15.1556,24,4,4,True
2015-04-09,15.8000,24,4,4,True
2015-04-10,16.2742,24,4,4,True
2015-04-11,16.5590,24,4,4,True
2015-04-12,17.0540,24,4,4,True
2015-04-13,17.7252,24,4,4,True
2015-04-14,18.3050,24,4,4,True
2015-04-15,18.8400,24,4,4,True
2015-04-16,18.6102,24,4,4,True
2015-04-17,17.3883,24,4,4,True
2015-04-18,17.6290,24,4,4,True
2015-04-19,16.9717,24,4,4,True
2015-04-20,16.3555,24,4,4,True
2015-04-21,17.0104,24,4,4,True
2015-04-22,17.2534,24,4,4,True
2015-04-23,17.3248,24,4,4,True
2015-04-24,18.0028,24,4,4,True
2015-04-25,18.1533,24,4,4,True
2015-04-26,17.5340,24,4,4,True
2015-04-27,16.8598,24,4,4,True
2015-04-28,16.0021,24,4,4,True
2015-04-29,15.8211,24,4,4,True
2015-04-30,15.9313,24,4,4,True
2015-05-01,16.4313,24,4,4,True
2015-05-02,17.0024,24,4,4,True
2015-05-03,17.4618,24,4,4,True
2015-05-04,17.4646,24,4,4,True
2015-05-05,17.8520,24,4,4,True
2015-05-06,18.5378,24,4,4,True
2015-05-07,18.8766,24,4,4,True
2015-05-08,18.8360,24,4,4,True
2015-05-09,19.0115,24,4,4,True
2015-05-10,19.7938,24,4,4,True
2015-05-11,20.3387,24,4,4,True
2015-05-12,20.7820,24,4,4,True
2015-05-13,21.0154,24,4,4,True
2015-05-14,21.2154,24,4,4,True
2015-05-15,20.0760,24,4,4,True
2015-05-16,19.3898,24,4,4,True
2015-05-17,20.0439,24,4,4,True
2015-05-18,20.9488,24,4,4,True
2015-05-19,20.7835,24,4,4,True
2015-05-20,19.5961,24,4,4,True
2015-05-21,18.6338,24,4,4,True
2015-05-22,18.4020,24,4,4,True
2015-05-23,18.3218,24,4,4,True
2015-05-24,19.0829,24,4,4,True
2015-05-25,19.8687,24,4,4,True
2015-05-26,19.7080,24,4,4,True
2015-05-27,19.8352,24,4,4,True
2015-05-28,20.4444,24,4,4,True
2015-05-29,21.2433,24,4,4,True
2015-05-30,22.3016,24,4,4,True
2015-05-31,22.5392,24,4,4,True
2015-06-01,23.0918,24,4,4,True
2015-06-02,23.6574,24,4,4,True
2015-06-03,24.4941,24,4,4,True
2015-06-04,25.3725,24,4,4,True
2015-06-05,25.8972,24,4,4,True
2015-06-06,26.0793,24,4,4,True
2015-06-07,26.5330,24,4,4,True
2015-06-08,27.0334,24,4,4,True
2015-06-09,26.8715,24,4,4,True
2015-06-10,26.7434,24,4,4,True
2015-06-11,26.8988,24,4,4,True
2015-06-12,24.1834,24,4,4,True
2015-06-13,22.3676,24,4,4,True
2015-06-14,23.0927,24,4,4,True
2015-06-15,23.6303,24,4,4,True
2015-06-16,23.9661,24,4,4,True
2015-06-17,23.9403,24,4,4,True
2015-06-18,24.1901,24,4,4,True
2015-06-19,24.3430,24,4,4,True
2015-06-20,24.2897,24,4,4,True
2015-06-21,24.5377,24,4,4,True
2015-06-22,25.3175,24,4,4,True
2015-06-23,26.2272,24,4,4,True
2015-06-24,25.6205,24,4,4,True
2015-06-25,26.0010,24,4,4,True
2015-06-26,26.2920,24,4,4,True
2015-06-27,26.9060,24,4,4,True
2015-06-28,27.0654,24,4,4,True
2015-06-29,27.5320,24,4,4,True
2015-06-30,28.0518,24,4,4,True
2015-07-01,28.5076,24,4,4,True
2015-07-02,28.7140,24,4,4,True
2015-07-03,28.5595,24,4,4,True
2015-07-04,28.6353,24,4,4,True
2015-07-05,28.8770,24,4,4,True
2015-07-06,29.2982,24,4,4,True
2015-07-07,29.5427,24,4,4,True
2015-07-08,28.8276,24,4,4,True
2015-07-09,27.5163,24,4,4,True
2015-07-10,26.9965,24,4,4,True
2015-07-11,27.6278,24,4,4,True
2015-07-12,27.7835,24,4,4,True
2015-07-13,27.5740,24,4,4,True
2015-07-14,27.9985,24,4,4,True
2015-07-15,28.2869,24,4,4,True
2015-07-16,28.8120,24,4,4,True
2015-07-17,29.1130,24,4,4,True
2015-07-18,29.2844,24,4,4,True
2015-07-19,29.3761,24,4,4,True
2015-07-20,29.5374,24,4,4,True
2015-07-21,29.7775,24,4,4,True
2015-07-22,29.5692,24,4,4,True
2015-07-23,29.2065,24,4,4,True
2015-07-24,29.3208,24,4,4,True
2015-07-25,28.2935,24,4,4,True
2015-07-26,27.0895,24,4,4,True
2015-07-27,26.7591,24,4,4,True
2015-07-28,26.0370,24,4,4,True
2015-07-29,26.0962,24,4,4,True
2015-07-30,25.3425,24,4,4,True
2015-07-31,24.7154,24,4,4,True
2015-08-01,24.9613,24,4,4,True
2015-08-02,25.1376,24,4,4,True
2015-08-03,25.9700,24,4,4,True
2015-08-04,26.9232,24,4,4,True
2015-08-05,27.5639,24,4,4,True
2015-08-06,28.2061,24,4,4,True
2015-08-07,28.5938,24,4,4,True
2015-08-08,28.4496,24,4,4,True
2015-08-09,27.5077,24,4,4,True
2015-08-10,26.4115,24,4,4,True
2015-08-11,26.5377,24,4,4,True
2015-08-12,27.0029,24,4,4,True
2015-08-13,26.1782,24,4,4,True
2015-08-14,22.6022,24,4,4,True
2015-08-15,23.0925,24,4,4,True
2015-08-16,23.0371,24,4,4,True
2015-08-17,23.5517,24,4,4,True
2015-08-18,23.7405,24,4,4,True
2015-08-19,24.0175,24,4,4,True
2015-08-20,24.1401,24,4,4,True
2015-08-21,24.4960,24,4,4,True
2015-08-22,25.0789,24,4,4,True
2015-08-23,23.2583,24,4,4,True
2015-08-24,20.7606,24,4,4,True
2015-08-25,20.8005,24,4,4,True
2015-08-26,21.1966,24,4,4,True
2015-08-27,22.0408,24,4,4,True
2015-08-28,22.7210,24,4,4,True
2015-08-29,23.6362,24,4,4,True
2015-08-30,24.1711,24,4,4,True
2015-08-31,24.4619,24,4,4,True
2015-09-01,23.6693,24,4,4,True
2015-09-02,23.6225,24,4,4,True
2015-09-03,23.3663,24,4,4,True
2015-09-04,22.9734,24,4,4,True
2015-09-05,22.2030,24,4,4,True
2015-09-06,21.7659,24,4,4,True
2015-09-07,21.6534,24,4,4,True
2015-09-08,21.6735,24,4,4,True
2015-09-09,22.1067,24,4,4,True
2015-09-10,22.1453,24,4,4,True
2015-09-11,22.3876,24,4,4,True
2015-09-12,22.3715,24,4,4,True
2015-09-13,21.7390,24,4,4,True
2015-09-14,21.6353,24,4,4,True
2015-09-15,21.0756,24,4,4,True
2015-09-16,21.3688,24,4,4,True
2015-09-17,21.5070,24,4,4,True
2015-09-18,21.4127,24,4,4,True
2015-09-19,20.9196,24,4,4,True
2015-09-20,20.3776,24,4,4,True
2015-09-21,20.4392,24,4,4,True
2015-09-22,20.0085,24,4,4,True
2015-09-23,19.3097,24,4,4,True
2015-09-24,19.0739,24,4,4,True
2015-09-25,19.1986,24,4,4,True
2015-09-26,19.3463,24,4,4,True
2015-09-27,19.6923,24,4,4,True
2015-09-28,19.8995,24,4,4,True
2015-09-29,19.4771,24,4,4,True
2015-09-30,18.8835,24,4,4,True
2015-10-01,18.8588,24,4,4,True
2015-10-02,18.9568,24,4,4,True
2015-10-03,18.2455,24,4,4,True
2015-10-04,17.7114,24,4,4,True
2015-10-05,17.4617,24,4,4,True
2015-10-06,17.8393,24,4,4,True
2015-10-07,17.8126,24,4,4,True
2015-10-08,17.6826,24,4,4,True
2015-10-09,17.6213,24,4,4,True
2015-10-10,18.0066,24,4,4,True
2015-10-11,18.1395,24,4,4,True
2015-10-12,17.7610,24,4,4,True
2015-10-13,17.8095,24,4,4,True
2015-10-14,17.2415,24,4,4,True
2015-10-15,16.0747,24,4,4,True
2015-10-16,15.1350,24,4,4,True
2015-10-17,14.5827,24,4,4,True
2015-10-18,14.5230,24,4,4,True
2015-10-19,14.7083,24,4,4,True
2015-10-20,14.5390,24,4,4,True
2015-10-21,14.5080,24,4,4,True
2015-10-22,14.4592,24,4,4,True
2015-10-23,14.4352,24,4,4,True
2015-10-24,14.6258,24,4,4,True
2015-10-25,14.9486,24,4,4,True
2015-10-26,15.1408,24,4,4,True
2015-10-27,15.5797,24,4,4,True
2015-10-28,16.0757,24,4,4,True
2015-10-29,15.6942,24,4,4,True
2015-10-30,15.2136,24,4,4,True
2015-10-31,15.1838,24,4,4,True
2015-11-01,15.1926,24,4,4,True
2015-11-02,14.7444,24,4,4,True
2015-11-03,15.2342,24,4,4,True
2015-11-04,15.5659,24,4,4,True
2015-11-05,15.5530,24,4,4,True
2015-11-06,15.4405,24,4,4,True
2015-11-07,15.3012,24,4,4,True
2015-11-08,15.0483,24,4,4,True
2015-11-09,15.4824,24,4,4,True
2015-11-10,15.5917,24,4,4,True
2015-11-11,15.3868,24,4,4,True
2015-11-12,14.9090,24,4,4,True
2015-11-13,14.9785,24,4,4,True
2015-11-14,14.6787,24,4,4,True
2015-11-15,14.5102,24,4,4,True
2015-11-16,14.5360,24,4,4,True
2015-11-17,14.2506,24,4,4,True
2015-11-18,14.2775,24,4,4,True
2015-11-19,14.3605,24,4,4,True
2015-11-20,14.4690,24,4,4,True
2015-11-21,13.9604,24,4,4,True
2015-11-22,12.1572,24,4,4,True
2015-11-23,10.8469,24,4,4,True
2015-11-24,10.3518,24,4,4,True
2015-11-25,10.2967,24,4,4,True
2015-11-26,10.0432,24,4,4,True
2015-11-27,9.6015,24,4,4,True
2015-11-28,9.2118,24,4,4,True
2015-11-29,9.3380,24,4,4,True
2015-11-30,9.8021,24,4,4,True
2015-12-01,10.0390,24,4,4,True
2015-12-02,10.0934,24,4,4,True
2015-12-03,10.0064,24,4,4,True
2015-12-04,10.4445,24,4,4,True
2015-12-05,10.6864,24,4,4,True
2015-12-06,11.2795,24,4,4,True
2015-12-07,11.6687,24,4,4,True
2015-12-08,11.9397,24,4,4,True
2015-12-09,12.1687,24,4,4,True
2015-12-10,11.6455,24,4,4,True
2015-12-11,11.6272,24,4,4,True
2015-12-12,11.1529,24,4,4,True
2015-12-13,10.8948,24,4,4,True
2015-12-14,11.3779,24,4,4,True
2015-12-15,11.5029,24,4,4,True
2015-12-16,11.5421,24,4,4,True
2015-12-17,11.6010,24,4,4,True
2015-12-18,11.9063,24,4,4,True
2015-12-19,11.8629,24,4,4,True
2015-12-20,12.0093,24,4,4,True
2015-12-21,12.5043,24,4,4,True
2015-12-22,12.5425,24,4,4,True
2015-12-23,12.8362,24,4,4,True
2015-12-24,13.1175,24,4,4,True
2015-12-25,13.3853,24,4,4,True
2015-12-26,13.4262,24,4,4,True
2015-12-27,13.3880,24,4,4,True
2015-12-28,13.2490,24,4,4,True
2015-12-29,13.1165,24,4,4,True
2015-12-30,12.7750,24,4,4,True
2015-12-31,12.4872,24,4,4,True
2016-01-01,12.7537,24,4,4,True
2016-01-02,12.4782,24,4,4,True
2016-01-03,11.9163,24,4,4,True
2016-01-04,12.0173,24,4,4,True
2016-01-05,12.3805,24,4,4,True
2016-01-06,12.0942,24,4,4,True
2016-01-07,12.1949,24,4,4,True
2016-01-08,12.3855,24,4,4,True
2016-01-09,12.4238,24,4,4,True
2016-01-10,12.5546,24,4,4,True
2016-01-11,12.5023,24,4,4,True
2016-01-12,11.8354,24,4,4,True
2016-01-13,11.0898,24,4,4,True
2016-01-14,10.5661,24,4,4,True
2016-01-15,10.0145,24,4,4,True
2016-01-16,8.9515,24,4,4,True
2016-01-17,8.1083,24,4,4,True
2016-01-18,7.4970,24,4,4,True
2016-01-19,7.9448,24,4,4,True
2016-01-20,8.5565,24,4,4,True
2016-01-21,8.9930,24,4,4,True
2016-01-22,8.7638,24,4,4,True
2016-01-23,9.1302,24,4,4,True
2016-01-24,9.1653,24,4,4,True
2016-01-25,9.5842,24,4,4,True
2016-01-26,10.1025,24,4,4,True
2016-01-27,10.6425,24,4,4,True
2016-01-28,11.3473,24,4,4,True
2016-01-29,11.7705,24,4,4,True
2016-01-30,11.9274,24,4,4,True
2016-01-31,11.9801,24,4,4,True
2016-02-01,12.0517,24,4,4,True
2016-02-02,12.2221,24,4,4,True
2016-02-03,12.0263,24,4,4,True
2016-02-04,11.2017,24,4,4,True
2016-02-05,10.9628,24,4,4,True
2016-02-06,11.1081,24,4,4,True
2016-02-07,11.4450,24,4,4,True
2016-02-08,11.6583,24,4,4,True
2016-02-09,11.5462,24,4,4,True
2016-02-10,11.2270,24,4,4,True
2016-02-11,11.0502,24,4,4,True
2016-02-12,11.2683,24,4,4,True
2016-02-13,11.7253,24,4,4,True
2016-02-14,12.2402,24,4,4,True
2016-02-15,12.3018,24,4,4,True
2016-02-16,11.9053,24,4,4,True
2016-02-17,11.6422,24,4,4,True
2016-02-18,11.2036,24,4,4,True
2016-02-19,10.6311,24,4,4,True
2016-02-20,10.6268,24,4,4,True
2016-02-21,11.4642,24,4,4,True
2016-02-22,11.9162,24,4,4,True
2016-02-23,12.1262,24,4,4,True
2016-02-24,12.6136,24,4,4,True
2016-02-25,12.8552,24,4,4,True
2016-02-26,12.8693,24,4,4,True
2016-02-27,12.0528,24,4,4,True
2016-02-28,11.7650,24,4,4,True
2016-02-29,13.2516,24,4,4,True
2016-03-01,12.6741,24,4,4,True
2016-03-02,12.8420,24,4,4,True
2016-03-03,12.7748,24,4,4,True
2016-03-04,12.8349,24,4,4,True
2016-03-05,13.1646,24,4,4,True
2016-03-06,12.7608,24,4,4,True
2016-03-07,12.5132,24,4,4,True
2016-03-08,12.0282,24,4,4,True
2016-03-09,11.0645,24,4,4,True
2016-03-10,11.3877,24,4,4,True
2016-03-11,11.8108,24,4,4,True
2016-03-12,12.1074,24,4,4,True
2016-03-13,12.3264,24,4,4,True
2016-03-14,12.6623,24,4,4,True
2016-03-15,13.4449,24,4,4,True
2016-03-16,13.2959,24,4,4,True
2016-03-17,12.1153,24,4,4,True
2016-03-18,12.2885,24,4,4,True
2016-03-19,13.1646,24,4,4,True
2016-03-20,13.4123,24,4,4,True
2016-03-21,13.6611,24,4,4,True
2016-03-22,13.8793,24,4,4,True
2016-03-23,13.9190,24,4,4,True
2016-03-24,13.7485,24,4,4,True
2016-03-25,13.5175,24,4,4,True
2016-03-26,13.7710,24,4,4,True
2016-03-27,14.1381,22,4,4,True
2016-03-28,14.2285,24,4,4,True
2016-03-29,14.6608,24,4,4,True
2016-03-30,15.1887,24,4,4,True
2016-03-31,15.4335,24,4,4,True
2016-04-01,14.5380,24,4,4,True
2016-04-02,14.0910,24,4,4,True
2016-04-03,14.5686,24,4,4,True
2016-04-04,14.9518,24,4,4,True
2016-04-05,14.9309,24,4,4,True
2016-04-06,15.3767,24,4,4,True
2016-04-07,15.5357,24,4,4,True
2016-04-08,14.8609,24,4,4,True
2016-04-09,14.7044,24,4,4,True
2016-04-10,15.2422,24,4,4,True
2016-04-11,15.4535,24,4,4,True
2016-04-12,15.7287,24,4,4,True
2016-04-13,16.0242,24,4,4,True
2016-04-14,16.2850,24,4,4,True
2016-04-15,16.9310,24,4,4,True
2016-04-16,17.0433,24,4,4,True
2016-04-17,17.1930,24,4,4,True
2016-04-18,16.9580,24,4,4,True
2016-04-19,16.7248,24,4,4,True
2016-04-20,17.1233,24,4,4,True
2016-04-21,16.9224,24,4,4,True
2016-04-22,16.6763,24,4,4,True
2016-04-23,16.8925,24,4,4,True
2016-04-24,16.7982,24,4,4,True
2016-04-25,16.2951,24,4,4,True
2016-04-26,16.0995,24,4,4,True
2016-04-27,16.2712,24,4,4,True
2016-04-28,16.5807,24,4,4,True
2016-04-29,17.0154,24,4,4,True
2016-04-30,16.7725,24,4,4,True
2016-05-01,15.0570,24,4,4,True
2016-05-02,14.7079,24,4,4,True
2016-05-03,15.4677,24,4,4,True
2016-05-04,16.4040,24,4,4,True
2016-05-05,17.4216,24,4,4,True
2016-05-06,18.1840,24,4,4,True
2016-05-07,18.8627,24,4,4,True
2016-05-08,18.4100,24,4,4,True
2016-05-09,17.4795,24,4,4,True
2016-05-10,16.4073,24,4,4,True
2016-05-11,16.6257,24,4,4,True
2016-05-12,16.8667,24,4,4,True
2016-05-13,16.9739,24,4,4,True
2016-05-14,16.8982,24,4,4,True
2016-05-15,17.8007,24,4,4,True
2016-05-16,18.0255,24,4,4,True
2016-05-17,18.4981,24,4,4,True
2016-05-18,18.8340,24,4,4,True
2016-05-19,18.3594,24,4,4,True
2016-05-20,18.5834,24,4,4,True
2016-05-21,19.8487,24,4,4,True
2016-05-22,19.7982,24,4,4,True
2016-05-23,18.6319,24,4,4,True
2016-05-24,18.5913,24,4,4,True
2016-05-25,19.0214,24,4,4,True
2016-05-26,19.4089,24,4,4,True
2016-05-27,20.0765,24,4,4,True
2016-05-28,20.6664,24,4,4,True
2016-05-29,20.3517,24,4,4,True
2016-05-30,20.4085,24,4,4,True
2016-05-31,20.0699,24,4,4,True
2016-06-01,19.4920,24,4,4,True
2016-06-02,18.7597,24,4,4,True
2016-06-03,18.7382,24,4,4,True
2016-06-04,19.3092,24,4,4,True
2016-06-05,19.9568,24,4,4,True
2016-06-06,20.3147,24,4,4,True
2016-06-07,22.1309,24,4,4,True
2016-06-08,23.1284,24,4,4,True
2016-06-09,22.8730,24,4,4,True
2016-06-10,22.8208,23,4,4,True
2016-06-11,23.9491,24,4,4,True
2016-06-12,23.2235,24,4,4,True
2016-06-13,23.1255,24,4,4,True
2016-06-14,22.5780,24,4,4,True
2016-06-15,22.7559,24,4,4,True
2016-06-16,22.6530,24,4,4,True
2016-06-17,22.1273,24,4,4,True
2016-06-18,22.1960,24,4,4,True
2016-06-19,21.6225,24,4,4,True
2016-06-20,22.0601,24,4,4,True
2016-06-21,23.1402,24,4,4,True
2016-06-22,24.3335,24,4,4,True
2016-06-23,25.3420,24,4,4,True
2016-06-24,25.6501,24,4,4,True
2016-06-25,25.7163,24,4,4,True
2016-06-26,25.5470,24,4,4,True
2016-06-27,25.2166,24,4,4,True
2016-06-28,25.4460,24,4,4,True
2016-06-29,25.9714,24,4,4,True
2016-06-30,26.1288,24,4,4,True
2016-07-01,26.2290,24,4,4,True
2016-07-02,26.3852,24,4,4,True
2016-07-03,25.8781,24,4,4,True
2016-07-04,26.1208,24,4,4,True
2016-07-05,26.5155,24,4,4,True
2016-07-06,26.5816,24,4,4,True
2016-07-07,27.0024,24,4,4,True
2016-07-08,26.9280,24,4,4,True
2016-07-09,27.2596,24,4,4,True
2016-07-10,28.1003,24,4,4,True
2016-07-11,28.3171,24,4,4,True
2016-07-12,27.8188,24,4,4,True
2016-07-13,25.8337,24,4,4,True
2016-07-14,24.4300,24,4,4,True
2016-07-15,23.2305,24,4,4,True
2016-07-16,23.2100,24,4,4,True
2016-07-17,23.7586,24,4,4,True
2016-07-18,24.5621,24,4,4,True
2016-07-19,25.5100,24,4,4,True
2016-07-20,25.9680,24,4,4,True
2016-07-21,26.7100,24,4,4,True
2016-07-22,26.3059,24,4,4,True
2016-07-23,25.0931,24,4,4,True
2016-07-24,25.2327,24,4,4,True
2016-07-25,26.0298,24,4,4,True
2016-07-26,26.7840,24,4,4,True
2016-07-27,27.0737,24,4,4,True
2016-07-28,27.1856,24,4,4,True
2016-07-29,27.2555,24,4,4,True
2016-07-30,27.3261,24,4,4,True
2016-07-31,26.9826,24,4,4,True
2016-08-01,26.0519,24,4,4,True
2016-08-02,26.1232,24,4,4,True
2016-08-03,26.5341,24,4,4,True
2016-08-04,26.9267,24,4,4,True
2016-08-05,26.3178,24,4,4,True
2016-08-06,25.5502,24,4,4,True
2016-08-07,25.3177,24,4,4,True
2016-08-08,25.7166,24,4,4,True
2016-08-09,26.0040,24,4,4,True
2016-08-10,25.0043,24,4,4,True
2016-08-11,24.1840,24,4,4,True
2016-08-12,24.2081,24,4,4,True
2016-08-13,24.5007,24,4,4,True
2016-08-14,24.7364,24,4,4,True
2016-08-15,25.0818,24,4,4,True
2016-08-16,25.4752,24,4,4,True
2016-08-17,25.2729,24,4,4,True
2016-08-18,24.8979,24,4,4,True
2016-08-19,24.8292,24,4,4,True
2016-08-20,24.8388,24,4,4,True
2016-08-21,24.3923,24,4,4,True
2016-08-22,24.0713,24,4,4,True
2016-08-23,24.4078,24,4,4,True
2016-08-24,24.8566,24,4,4,True
2016-08-25,25.1179,24,4,4,True
2016-08-26,25.5778,24,4,4,True
2016-08-27,25.8167,24,4,4,True
2016-08-28,26.1018,24,4,4,True
2016-08-29,26.0872,24,4,4,True
2016-08-30,25.4621,24,4,4,True
2016-08-31,25.8490,24,4,4,True
2016-09-01,25.9951,24,4,4,True
2016-09-02,26.0883,24,4,4,True
2016-09-03,26.0161,24,4,4,True
2016-09-04,25.9839,24,4,4,True
2016-09-05,25.8548,24,4,4,True
2016-09-06,25.7397,24,4,4,True
2016-09-07,25.5715,24,4,4,True
2016-09-08,25.5642,24,4,4,True
2016-09-09,25.5897,24,4,4,True
2016-09-10,25.8612,24,4,4,True
2016-09-11,25.9877,24,4,4,True
2016-09-12,26.0925,24,4,4,True
2016-09-13,26.2764,24,4,4,True
2016-09-14,24.5955,24,4,4,True
2016-09-15,23.3471,24,4,4,True
2016-09-16,22.6160,24,4,4,True
2016-09-17,22.0774,24,4,4,True
2016-09-18,21.2932,24,4,4,True
2016-09-19,20.7994,24,4,4,True
2016-09-20,20.8133,24,4,4,True
2016-09-21,20.8423,24,4,4,True
2016-09-22,21.1273,24,4,4,True
2016-09-23,21.2019,24,4,4,True
2016-09-24,21.3181,24,4,4,True
2016-09-25,21.5101,24,4,4,True
2016-09-26,21.4035,24,4,4,True
2016-09-27,21.3948,24,4,4,True
2016-09-28,21.4215,24,4,4,True
2016-09-29,21.3948,24,4,4,True
2016-09-30,21.6384,24,4,4,True
2016-10-01,21.6323,24,4,4,True
2016-10-02,21.3042,24,4,4,True
2016-10-03,20.8848,24,4,4,True
2016-10-04,20.2992,24,4,4,True
2016-10-05,19.9759,24,4,4,True
2016-10-06,19.1877,24,4,4,True
2016-10-07,18.4694,24,4,4,True
2016-10-08,18.2821,24,4,4,True
2016-10-09,17.6975,24,4,4,True
2016-10-10,17.1473,24,4,4,True
2016-10-11,16.5245,24,4,4,True
2016-10-12,15.8065,24,4,4,True
2016-10-13,14.7521,24,4,4,True
2016-10-14,14.9493,24,4,4,True
2016-10-15,15.5887,24,4,4,True
2016-10-16,15.6485,24,4,4,True
2016-10-17,16.1143,24,4,4,True
2016-10-18,16.1403,24,4,4,True
2016-10-19,15.5917,24,4,4,True
2016-10-20,15.3171,24,4,4,True
2016-10-21,14.8133,24,4,4,True
2016-10-22,14.4253,24,4,4,True
2016-10-23,14.6545,24,4,4,True
2016-10-24,15.8938,24,4,4,True
2016-10-25,16.3745,24,4,4,True
2016-10-26,16.1850,24,4,4,True
2016-10-27,15.8532,24,4,4,True
2016-10-28,15.4295,24,4,4,True
2016-10-29,15.1449,24,4,4,True
2016-10-30,14.9746,24,4,4,True
2016-10-31,14.8141,24,4,4,True
2016-11-01,15.1231,24,4,4,True
2016-11-02,15.3300,24,4,4,True
2016-11-03,15.2325,24,4,4,True
2016-11-04,14.7137,24,4,4,True
2016-11-05,14.6466,24,4,4,True
2016-11-06,14.4263,24,4,4,True
2016-11-07,13.5856,24,4,4,True
2016-11-08,12.5414,24,4,4,True
2016-11-09,11.8497,24,4,4,True
2016-11-10,11.8850,24,4,4,True
2016-11-11,12.3299,24,4,4,True
2016-11-12,12.2192,24,4,4,True
2016-11-13,12.1324,24,4,4,True
2016-11-14,12.2846,24,4,4,True
2016-11-15,11.9365,24,4,4,True
2016-11-16,11.5433,24,4,4,True
2016-11-17,11.5735,24,4,4,True
2016-11-18,11.9920,24,4,4,True
2016-11-19,12.2332,24,4,4,True
2016-11-20,12.6287,24,4,4,True
2016-11-21,13.5575,24,4,4,True
2016-11-22,14.5978,24,4,4,True
2016-11-23,15.0753,24,4,4,True
2016-11-24,15.3312,24,4,4,True
2016-11-25,15.1489,24,4,4,True
2016-11-26,14.4343,24,4,4,True
2016-11-27,14.1995,24,4,4,True
2016-11-28,13.7569,24,4,4,True
2016-11-29,13.2629,24,4,4,True
2016-11-30,13.1695,24,4,4,True
2016-12-01,12.8985,24,4,4,True
2016-12-02,12.4066,24,4,4,True
2016-12-03,11.5329,24,4,4,True
2016-12-04,11.5452,24,4,4,True
2016-12-05,12.0456,24,4,4,True
2016-12-06,12.4157,24,4,4,True
2016-12-07,12.4167,24,4,4,True
2016-12-08,11.9224,24,4,4,True
2016-12-09,11.5887,24,4,4,True
2016-12-10,11.7161,24,4,4,True
2016-12-11,11.6171,24,4,4,True
2016-12-12,11.2969,24,4,4,True
2016-12-13,10.7689,24,4,4,True
2016-12-14,10.7023,24,4,4,True
2016-12-15,11.1722,24,4,4,True
2016-12-16,12.4324,24,4,4,True
2016-12-17,13.2578,24,4,4,True
2016-12-18,12.7187,24,4,4,True
2016-12-19,11.8332,24,4,4,True
2016-12-20,11.8667,24,4,4,True
2016-12-21,12.7738,24,4,4,True
2016-12-22,12.9388,24,4,4,True
2016-12-23,12.7162,24,4,4,True
2016-12-24,12.7377,24,4,4,True
2016-12-25,12.7820,24,4,4,True
2016-12-26,12.7268,24,4,4,True
2016-12-27,12.2675,24,4,4,True
2016-12-28,11.5786,24,4,4,True
2016-12-29,11.0048,24,4,4,True
2016-12-30,10.9387,24,4,4,True
2016-12-31,11.1762,24,4,4,True
2017-01-01,11.4327,24,4,4,True
2017-01-02,11.4366,24,4,4,True
2017-01-03,11.0848,24,4,4,True
2017-01-04,10.2364,24,4,4,True
2017-01-05,9.4689,24,4,4,True
2017-01-06,8.8020,24,4,4,True
2017-01-07,8.1969,24,4,4,True
2017-01-08,7.9356,24,4,4,True
2017-01-09,8.0585,24,4,4,True
2017-01-10,8.1092,24,4,4,True
2017-01-11,8.3753,24,4,4,True
2017-01-12,8.7854,24,4,4,True
2017-01-13,8.9468,24,4,4,True
2017-01-14,8.3628,24,4,4,True
2017-01-15,7.5670,24,4,4,True
2017-01-16,7.2967,24,4,4,True
2017-01-17,6.2122,24,4,4,True
2017-01-18,5.5714,24,4,4,True
2017-01-19,5.5978,24,4,4,True
2017-01-20,5.7302,24,4,4,True
2017-01-21,5.9742,24,4,4,True
2017-01-22,6.1552,24,4,4,True
2017-01-23,6.6592,24,4,4,True
2017-01-24,6.7770,24,4,4,True
2017-01-25,6.8331,24,4,4,True
2017-01-26,6.8562,24,4,4,True
2017-01-27,8.4134,24,4,4,True
2017-01-28,10.9077,24,4,4,True
2017-01-29,12.8039,24,4,4,True
2017-01-30,12.7093,24,4,4,True
2017-01-31,12.9867,24,4,4,True
2017-02-01,13.4925,24,4,4,True
2017-02-02,13.7500,24,4,4,True
2017-02-03,13.3601,24,4,4,True
2017-02-04,13.0161,24,4,4,True
2017-02-05,12.8412,24,4,4,True
2017-02-06,12.1707,24,4,4,True
2017-02-07,12.1061,24,4,4,True
2017-02-08,12.0729,24,4,4,True
2017-02-09,11.9637,24,4,4,True
2017-02-10,11.8467,24,4,4,True
2017-02-11,12.0145,24,4,4,True
2017-02-12,12.3844,24,4,4,True
2017-02-13,12.9348,24,4,4,True
2017-02-14,13.1054,24,4,4,True
2017-02-15,13.5987,24,4,4,True
2017-02-16,13.8820,24,4,4,True
2017-02-17,13.9649,24,4,4,True
2017-02-18,13.6467,24,4,4,True
2017-02-19,13.4624,24,4,4,True
2017-02-20,13.3420,24,4,4,True
2017-02-21,13.4863,24,4,4,True
2017-02-22,13.7778,24,4,4,True
2017-02-23,13.7138,24,4,4,True
2017-02-24,13.5737,24,4,4,True
2017-02-25,12.9195,24,4,4,True
2017-02-26,12.9377,24,4,4,True
2017-02-27,12.9095,24,4,4,True
2017-02-28,13.0272,24,4,4,True
2017-03-01,12.6502,24,4,4,True
2017-03-02,13.2176,24,4,4,True
2017-03-03,13.4162,24,4,4,True
2017-03-04,12.8593,24,4,4,True
2017-03-05,12.4690,24,4,4,True
2017-03-06,12.6380,24,4,4,True
2017-03-07,12.2190,24,4,4,True
2017-03-08,12.6476,24,4,4,True
2017-03-09,13.6416,24,4,4,True
2017-03-10,14.1296,24,4,4,True
2017-03-11,14.7373,24,4,4,True
2017-03-12,14.6068,24,4,4,True
2017-03-13,14.5270,24,4,4,True
2017-03-14,14.9573,24,4,4,True
2017-03-15,15.2002,24,4,4,True
2017-03-16,15.3873,24,4,4,True
2017-03-17,15.5368,24,4,4,True
2017-03-18,15.3788,24,4,4,True
2017-03-19,15.4760,24,4,4,True
2017-03-20,16.0298,24,4,4,True
2017-03-21,16.2794,24,4,4,True
2017-03-22,15.9158,24,4,4,True
2017-03-23,15.6990,24,4,4,True
2017-03-24,15.0492,24,4,4,True
2017-03-25,13.9610,24,4,4,True
2017-03-26,14.3393,22,4,4,True
2017-03-27,14.7941,24,4,4,True
2017-03-28,15.0810,24,4,4,True
2017-03-29,15.5996,24,4,4,True
2017-03-30,16.0149,24,4,4,True
2017-03-31,16.2395,24,4,4,True
2017-04-01,15.2810,24,4,4,True
2017-04-02,14.6558,24,4,4,True
2017-04-03,14.9940,24,4,4,True
2017-04-04,15.7577,24,4,4,True
2017-04-05,15.9594,24,4,4,True
2017-04-06,16.0846,24,4,4,True
2017-04-07,16.1204,24,4,4,True
2017-04-08,16.6128,24,4,4,True
2017-04-09,17.0709,24,4,4,True
2017-04-10,17.2068,24,4,4,True
2017-04-11,17.3357,24,4,4,True
2017-04-12,17.4932,24,4,4,True
2017-04-13,17.8242,24,4,4,True
2017-04-14,18.0175,24,4,4,True
2017-04-15,17.7433,24,4,4,True
2017-04-16,17.1462,24,4,4,True
2017-04-17,17.3344,24,4,4,True
2017-04-18,17.4617,24,4,4,True
2017-04-19,15.7686,24,4,4,True
2017-04-20,14.8447,24,4,4,True
2017-04-21,15.1543,24,4,4,True
2017-04-22,16.0286,24,4,4,True
2017-04-23,16.7227,24,4,4,True
2017-04-24,17.3623,24,4,4,True
2017-04-25,17.5678,24,4,4,True
2017-04-26,16.7824,24,4,4,True
2017-04-27,15.9296,24,4,4,True
2017-04-28,15.2562,24,4,4,True
2017-04-29,15.7868,24,4,4,True
2017-04-30,15.4295,24,4,4,True
2017-05-01,14.9815,24,4,4,True
2017-05-02,15.3479,24,4,4,True
2017-05-03,15.6192,24,4,4,True
2017-05-04,15.8343,24,4,4,True
2017-05-05,16.3802,24,4,4,True
2017-05-06,16.6294,24,4,4,True
2017-05-07,17.0908,24,4,4,True
2017-05-08,17.8678,24,4,4,True
2017-05-09,18.1880,24,4,4,True
2017-05-10,18.6745,24,4,4,True
2017-05-11,18.2097,24,4,4,True
2017-05-12,18.0592,24,4,4,True
2017-05-13,18.5665,24,4,4,True
2017-05-14,19.5131,24,4,4,True
2017-05-15,19.9563,24,4,4,True
2017-05-16,20.8850,24,4,4,True
2017-05-17,21.4552,24,4,4,True
2017-05-18,21.7625,24,4,4,True
2017-05-19,20.7479,24,4,4,True
2017-05-20,19.8450,24,4,4,True
2017-05-21,20.0426,24,4,4,True
2017-05-22,20.3807,24,4,4,True
2017-05-23,21.3922,24,4,4,True
2017-05-24,22.3329,24,4,4,True
2017-05-25,23.2803,24,4,4,True
2017-05-26,23.7812,24,4,4,True
2017-05-27,24.1345,24,4,4,True
2017-05-28,24.1633,24,4,4,True
2017-05-29,24.1703,24,4,4,True
2017-05-30,23.9853,24,4,4,True
2017-05-31,24.0667,24,4,4,True
2017-06-01,24.3612,24,4,4,True
2017-06-02,24.6621,24,4,4,True
2017-06-03,24.4835,24,4,4,True
2017-06-04,23.6745,24,4,4,True
2017-06-05,23.8199,24,4,4,True
2017-06-06,23.3924,24,4,4,True
2017-06-07,22.9719,24,4,4,True
2017-06-08,23.3533,24,4,4,True
2017-06-09,23.9061,24,4,4,True
2017-06-10,24.5598,24,4,4,True
2017-06-11,25.5563,24,4,4,True
2017-06-12,26.4831,24,4,4,True
2017-06-13,27.4033,24,4,4,True
2017-06-14,27.9515,24,4,4,True
2017-06-15,28.5139,24,4,4,True
2017-06-16,28.6926,24,4,4,True
2017-06-17,27.9319,24,4,4,True
2017-06-18,27.2371,24,4,4,True
2017-06-19,27.7722,24,4,4,True
2017-06-20,28.0668,24,4,4,True
2017-06-21,28.3744,24,4,4,True
2017-06-22,28.4952,24,4,4,True
2017-06-23,29.0036,24,4,4,True
2017-06-24,29.0938,24,4,4,True
2017-06-25,28.9262,24,4,4,True
2017-06-26,28.2674,24,4,4,True
2017-06-27,27.7666,24,4,4,True
2017-06-28,26.5877,24,4,4,True
2017-06-29,25.0961,24,4,4,True
2017-06-30,24.2842,24,4,4,True
2017-07-01,23.4967,24,4,4,True
2017-07-02,23.2455,24,4,4,True
2017-07-03,23.8072,24,4,4,True
2017-07-04,24.9176,24,4,4,True
2017-07-05,25.6760,24,4,4,True
2017-07-06,26.2678,24,4,4,True
2017-07-07,26.6574,24,4,4,True
2017-07-08,26.7720,24,4,4,True
2017-07-09,27.0344,24,4,4,True
2017-07-10,26.7506,24,4,4,True
2017-07-11,26.6253,24,4,4,True
2017-07-12,26.9045,24,4,4,True
2017-07-13,26.7686,24,4,4,True
2017-07-14,26.3332,24,4,4,True
2017-07-15,26.3800,24,4,4,True
2017-07-16,26.0235,24,4,4,True
2017-07-17,26.3897,24,4,4,True
2017-07-18,26.8936,24,4,4,True
2017-07-19,26.6475,24,4,4,True
2017-07-20,26.5230,24,4,4,True
2017-07-21,26.5885,24,4,4,True
2017-07-22,26.5136,24,4,4,True
2017-07-23,26.9719,24,4,4,True
2017-07-24,26.0302,24,4,4,True
2017-07-25,24.9901,24,4,4,True
2017-07-26,24.3657,24,4,4,True
2017-07-27,24.4407,24,4,4,True
2017-07-28,25.0070,24,4,4,True
2017-07-29,25.3991,24,4,4,True
2017-07-30,25.9778,24,4,4,True
2017-07-31,26.4383,24,4,4,True
2017-08-01,26.5305,24,4,4,True
2017-08-02,26.9751,24,4,4,True
2017-08-03,27.8072,24,4,4,True
2017-08-04,28.4117,24,4,4,True
2017-08-05,28.7387,24,4,4,True
2017-08-06,28.6522,24,4,4,True
2017-08-07,28.1107,24,4,4,True
2017-08-08,27.3999,24,4,4,True
2017-08-09,26.1838,24,4,4,True
2017-08-10,24.7845,24,4,4,True
2017-08-11,23.2915,24,4,4,True
2017-08-12,22.7479,24,4,4,True
2017-08-13,23.3678,24,4,4,True
2017-08-14,24.1434,24,4,4,True
2017-08-15,25.1046,24,4,4,True
2017-08-16,25.4598,24,4,4,True
2017-08-17,25.8666,24,4,4,True
2017-08-18,26.3640,24,4,4,True
2017-08-19,25.9857,24,4,4,True
2017-08-20,25.1548,24,4,4,True
2017-08-21,24.8288,24,4,4,True
2017-08-22,24.9877,24,4,4,True
2017-08-23,25.3974,24,4,4,True
2017-08-24,25.3495,24,4,4,True
2017-08-25,25.2839,24,4,4,True
2017-08-26,25.4613,24,4,4,True
2017-08-27,25.7639,24,4,4,True
2017-08-28,26.1576,24,4,4,True
2017-08-29,26.5911,24,4,4,True
2017-08-30,26.8058,24,4,4,True
2017-08-31,26.2130,24,4,4,True
2017-09-01,25.2477,24,4,4,True
2017-09-02,23.9057,24,4,4,True
2017-09-03,22.9052,24,4,4,True
2017-09-04,22.7195,24,4,4,True
2017-09-05,22.9435,24,4,4,True
2017-09-06,22.8684,24,4,4,True
2017-09-07,22.3445,24,4,4,True
2017-09-08,22.0765,24,4,4,True
2017-09-09,21.7002,24,4,4,True
2017-09-10,20.5086,24,4,4,True
2017-09-11,20.3100,24,4,4,True
2017-09-12,20.0769,24,4,4,True
2017-09-13,20.2288,24,4,4,True
2017-09-14,20.5145,24,4,4,True
2017-09-15,19.8755,24,4,4,True
2017-09-16,19.4077,24,4,4,True
2017-09-17,18.9271,24,4,4,True
2017-09-18,18.6883,24,4,4,True
2017-09-19,18.1919,24,4,4,True
2017-09-20,17.9928,24,4,4,True
2017-09-21,18.2949,24,4,4,True
2017-09-22,18.6665,24,4,4,True
2017-09-23,19.2235,24,4,4,True
2017-09-24,19.7260,24,4,4,True
2017-09-25,19.7637,24,4,4,True
2017-09-26,19.9005,24,4,4,True
2017-09-27,20.2724,24,4,4,True
2017-09-28,20.3190,24,4,4,True
2017-09-29,20.2952,24,4,4,True
2017-09-30,20.0213,24,4,4,True
2017-10-01,19.7051,24,4,4,True
2017-10-02,19.8876,24,4,4,True
2017-10-03,20.3002,24,4,4,True
2017-10-04,20.1573,24,4,4,True
2017-10-05,20.1931,24,4,4,True
2017-10-06,19.6635,24,4,4,True
2017-10-07,18.6725,24,4,4,True
2017-10-08,18.5367,24,4,4,True
2017-10-09,18.6536,24,4,4,True
2017-10-10,18.4862,24,4,4,True
2017-10-11,18.2287,24,4,4,True
2017-10-12,18.5932,24,4,4,True
2017-10-13,18.7478,24,4,4,True
2017-10-14,19.0054,24,4,4,True
2017-10-15,19.2948,24,4,4,True
2017-10-16,19.4712,24,4,4,True
2017-10-17,19.4117,24,4,4,True
2017-10-18,19.2828,24,4,4,True
2017-10-19,18.5873,24,4,4,True
2017-10-20,18.6962,24,4,4,True
2017-10-21,19.0787,24,4,4,True
2017-10-22,18.2911,24,4,4,True
2017-10-23,17.0860,24,4,4,True
2017-10-24,17.1533,24,4,4,True
2017-10-25,17.2555,24,4,4,True
2017-10-26,17.0978,24,4,4,True
2017-10-27,17.0342,24,4,4,True
2017-10-28,16.6535,24,4,4,True
2017-10-29,15.8413,24,4,4,True
2017-10-30,15.0045,24,4,4,True
2017-10-31,14.3205,24,4,4,True
2017-11-01,14.0947,24,4,4,True
2017-11-02,14.1780,24,4,4,True
2017-11-03,14.3115,24,4,4,True
2017-11-04,14.9239,24,4,4,True
2017-11-05,13.4654,24,4,4,True
2017-11-06,13.6448,24,4,4,True
2017-11-07,13.2609,24,4,4,True
2017-11-08,13.0812,24,4,4,True
2017-11-09,12.6170,24,4,4,True
2017-11-10,12.2140,24,4,4,True
2017-11-11,12.1235,24,4,4,True
2017-11-12,12.4772,24,4,4,True
2017-11-13,11.9525,24,4,4,True
2017-11-14,11.0077,24,4,4,True
2017-11-15,10.5447,24,4,4,True
2017-11-16,10.1558,24,4,4,True
2017-11-17,9.9337,24,4,4,True
2017-11-18,9.8046,24,4,4,True
2017-11-19,9.6526,24,4,4,True
2017-11-20,9.5840,24,4,4,True
2017-11-21,9.6867,24,4,4,True
2017-11-22,9.8056,24,4,4,True
2017-11-23,10.5933,24,4,4,True
2017-11-24,11.0260,24,4,4,True
2017-11-25,11.2017,24,4,4,True
2017-11-26,10.5018,24,4,4,True
2017-11-27,9.9010,24,4,4,True
2017-11-28,9.6445,24,4,4,True
2017-11-29,9.6477,24,4,4,True
2017-11-30,8.9776,24,4,4,True
2017-12-01,8.1603,24,4,4,True
2017-12-02,7.2358,24,4,4,True
2017-12-03,6.6770,24,4,4,True
2017-12-04,6.5376,24,4,4,True
2017-12-05,6.3154,24,4,4,True
2017-12-06,6.0565,24,4,4,True
2017-12-07,6.0638,24,4,4,True
2017-12-08,6.3822,24,4,4,True
2017-12-09,6.2308,24,4,4,True
2017-12-10,6.1055,24,4,4,True
2017-12-11,6.4637,24,4,4,True
2017-12-12,6.5282,24,4,4,True
2017-12-13,6.2623,24,4,4,True
2017-12-14,6.7232,24,4,4,True
2017-12-15,7.0689,24,4,4,True
2017-12-16,6.8639,24,4,4,True
2017-12-17,6.5029,24,4,4,True
2017-12-18,6.2964,24,4,4,True
2017-12-19,6.2168,24,4,4,True
2017-12-20,6.1320,24,4,4,True
2017-12-21,6.3450,24,4,4,True
2017-12-22,6.5649,24,4,4,True
2017-12-23,6.7489,24,4,4,True
2017-12-24,6.7500,24,4,4,True
2017-12-25,6.5484,24,4,4,True
2017-12-26,6.9679,24,4,4,True
2017-12-27,7.2097,24,4,4,True
2017-12-28,6.5609,24,4,4,True
2017-12-29,6.0322,24,4,4,True
2017-12-30,6.2833,24,4,4,True
2017-12-31,6.7110,24,4,4,True
2018-01-01,6.8238,24,4,4,True
2018-01-02,6.9921,24,4,4,True
2018-01-03,7.7968,24,4,4,True
2018-01-04,8.9565,24,4,4,True
2018-01-05,9.7074,24,4,4,True
2018-01-06,10.3904,24,4,4,True
2018-01-07,10.7168,24,4,4,True
2018-01-08,11.0745,24,4,4,True
2018-01-09,11.8135,24,4,4,True
2018-01-10,13.1042,24,4,4,True
2018-01-11,13.0744,24,4,4,True
2018-01-12,12.5698,24,4,4,True
2018-01-13,12.1061,24,4,4,True
2018-01-14,11.7577,24,4,4,True
2018-01-15,12.5411,24,4,4,True
2018-01-16,13.5335,24,4,4,True
2018-01-17,13.3391,24,4,4,True
2018-01-18,12.5978,24,4,4,True
2018-01-19,12.6101,24,4,4,True
2018-01-20,12.2555,24,4,4,True
2018-01-21,12.6873,24,4,4,True
2018-01-22,13.0411,24,4,4,True
2018-01-23,12.7517,24,4,4,True
2018-01-24,12.7046,24,4,4,True
2018-01-25,12.7178,24,4,4,True
2018-01-26,12.6884,24,4,4,True
2018-01-27,12.2313,24,4,4,True
2018-01-28,13.0369,24,4,4,True
2018-01-29,13.1334,24,4,4,True
2018-01-30,12.9427,24,4,4,True
2018-01-31,12.8994,24,4,4,True
2018-02-01,12.7769,24,4,4,True
2018-02-02,12.1223,24,4,4,True
2018-02-03,11.2369,24,4,4,True
2018-02-04,11.1275,24,4,4,True
2018-02-05,10.8140,24,4,4,True
2018-02-06,10.7217,24,4,4,True
2018-02-07,11.7192,24,4,4,True
2018-02-08,11.9060,24,4,4,True
2018-02-09,12.0425,24,4,4,True
2018-02-10,11.8919,24,4,4,True
2018-02-11,11.9708,24,4,4,True
2018-02-12,11.8729,24,4,4,True
2018-02-13,11.3364,24,4,4,True
2018-02-14,10.9931,24,4,4,True
2018-02-15,11.4720,24,4,4,True
2018-02-16,12.0354,24,4,4,True
2018-02-17,12.7558,24,4,4,True
2018-02-18,12.4308,24,4,4,True
2018-02-19,12.0395,24,4,4,True
2018-02-20,12.0889,24,4,4,True
2018-02-21,11.2682,24,4,4,True
2018-02-22,10.7361,24,4,4,True
2018-02-23,10.4589,24,4,4,True
2018-02-24,10.2088,24,4,4,True
2018-02-25,10.2117,24,4,4,True
2018-02-26,9.7673,24,4,4,True
2018-02-27,8.2662,24,4,4,True
2018-02-28,6.3018,24,4,4,True
2018-03-01,5.6306,24,4,4,True
2018-03-02,7.3430,24,4,4,True
2018-03-03,10.7649,24,4,4,True
2018-03-04,12.4611,24,4,4,True
2018-03-05,12.0462,24,4,4,True
2018-03-06,12.8390,24,4,4,True
2018-03-07,13.2056,24,4,4,True
2018-03-08,13.0793,24,4,4,True
2018-03-09,13.4705,24,4,4,True
2018-03-10,13.7700,24,4,4,True
2018-03-11,14.2194,24,4,4,True
2018-03-12,14.2735,24,4,4,True
2018-03-13,13.9169,24,4,4,True
2018-03-14,13.9615,24,4,4,True
2018-03-15,14.2903,24,4,4,True
2018-03-16,14.6686,24,4,4,True
2018-03-17,14.3742,24,4,4,True
2018-03-18,14.0389,24,4,4,True
2018-03-19,13.7737,24,4,4,True
2018-03-20,13.5747,24,4,4,True
2018-03-21,12.5072,24,4,4,True
2018-03-22,12.4507,24,4,4,True
2018-03-23,12.7310,24,4,4,True
2018-03-24,13.0110,24,4,4,True
2018-03-25,13.3572,23,4,4,True
2018-03-26,13.7178,24,4,4,True
2018-03-27,13.3563,24,4,4,True
2018-03-28,13.9142,24,4,4,True
2018-03-29,14.7594,24,4,4,True
2018-03-30,14.8292,24,4,4,True
2018-03-31,14.8022,24,4,4,True
2018-04-01,14.3274,24,4,4,True
2018-04-02,14.1709,24,4,4,True
2018-04-03,13.8760,24,4,4,True
2018-04-04,13.9839,24,4,4,True
2018-04-05,14.6843,24,4,4,True
2018-04-06,15.1068,24,4,4,True
2018-04-07,15.1467,24,4,4,True
2018-04-08,14.8958,24,4,4,True
2018-04-09,15.0126,24,4,4,True
2018-04-10,15.1059,24,4,4,True
2018-04-11,14.5382,24,4,4,True
2018-04-12,13.2125,24,4,4,True
2018-04-13,13.9080,24,4,4,True
2018-04-14,14.3713,24,4,4,True
2018-04-15,14.8467,24,4,4,True
2018-04-16,15.3896,24,4,4,True
2018-04-17,15.8506,24,4,4,True
2018-04-18,16.4923,24,4,4,True
2018-04-19,16.7079,24,4,4,True
2018-04-20,16.9282,24,4,4,True
2018-04-21,17.2465,24,4,4,True
2018-04-22,17.4240,24,4,4,True
2018-04-23,17.2725,24,4,4,True
2018-04-24,17.6261,24,4,4,True
2018-04-25,18.3387,24,4,4,True
2018-04-26,18.3545,24,4,4,True
2018-04-27,18.4665,24,4,4,True
2018-04-28,18.6210,24,4,4,True
2018-04-29,17.7847,24,4,4,True
2018-04-30,16.9411,24,4,4,True
2018-05-01,16.8033,24,4,4,True
2018-05-02,16.5978,24,4,4,True
2018-05-03,16.6703,24,4,4,True
2018-05-04,16.9302,24,4,4,True
2018-05-05,17.5735,24,4,4,True
2018-05-06,18.8708,24,4,4,True
2018-05-07,19.6359,24,4,4,True
2018-05-08,19.9959,24,4,4,True
2018-05-09,19.9997,24,4,4,True
2018-05-10,19.6844,24,4,4,True
2018-05-11,19.5773,24,4,4,True
2018-05-12,19.5793,24,4,4,True
2018-05-13,16.7801,24,4,4,True
2018-05-14,15.1868,24,4,4,True
2018-05-15,15.4876,24,4,4,True
2018-05-16,16.7137,24,4,4,True
2018-05-17,17.7351,24,4,4,True
2018-05-18,18.4367,24,4,4,True
2018-05-19,19.1858,24,4,4,True
2018-05-20,19.5138,24,4,4,True
2018-05-21,19.8281,24,4,4,True
2018-05-22,19.8440,24,4,4,True
2018-05-23,19.7637,24,4,4,True
2018-05-24,19.5286,24,4,4,True
2018-05-25,19.2602,24,4,4,True
2018-05-26,19.3651,24,4,4,True
2018-05-27,19.3928,24,4,4,True
2018-05-28,18.9212,24,4,4,True
2018-05-29,19.0560,24,4,4,True
2018-05-30,18.9172,24,4,4,True
2018-05-31,18.7894,24,4,4,True
2018-06-01,18.7051,24,4,4,True
2018-06-02,19.0173,24,4,4,True
2018-06-03,19.1412,24,4,4,True
2018-06-04,19.0779,24,4,4,True
2018-06-05,19.2502,24,4,4,True
2018-06-06,19.5814,24,4,4,True
2018-06-07,19.3146,24,4,4,True
2018-06-08,19.5923,24,4,4,True
2018-06-09,20.0007,24,4,4,True
2018-06-10,20.1781,24,4,4,True
2018-06-11,19.4732,24,4,4,True
2018-06-12,18.2297,24,4,4,True
2018-06-13,18.1592,24,4,4,True
2018-06-14,18.0938,24,4,4,True
2018-06-15,18.5110,24,4,4,True
2018-06-16,18.9925,24,4,4,True
2018-06-17,19.1233,24,4,4,True
2018-06-18,19.3731,24,4,4,True
2018-06-19,20.1784,24,4,4,True
2018-06-20,21.5362,24,4,4,True
2018-06-21,22.1597,24,4,4,True
2018-06-22,22.2718,24,4,4,True
2018-06-23,22.0219,24,4,4,True
2018-06-24,22.0948,24,4,4,True
2018-06-25,22.3993,24,4,4,True
2018-06-26,22.9519,24,4,4,True
2018-06-27,23.5287,24,4,4,True
2018-06-28,23.9686,24,4,4,True
2018-06-29,24.4685,24,4,4,True
2018-06-30,24.8733,24,4,4,True
2018-07-01,25.1062,24,4,4,True
2018-07-02,25.6329,24,4,4,True
2018-07-03,26.1930,24,4,4,True
2018-07-04,26.6964,24,4,4,True
2018-07-05,26.3628,24,4,4,True
2018-07-06,25.8615,24,4,4,True
2018-07-07,25.9011,24,4,4,True
2018-07-08,26.1185,24,4,4,True
2018-07-09,26.6038,24,4,4,True
2018-07-10,27.2535,24,4,4,True
2018-07-11,27.4233,24,4,4,True
2018-07-12,27.2190,24,4,4,True
2018-07-13,27.1737,24,4,4,True
2018-07-14,27.2004,24,4,4,True
2018-07-15,27.4577,24,4,4,True
2018-07-16,26.7164,24,4,4,True
2018-07-17,25.9409,24,4,4,True
2018-07-18,26.1370,24,4,4,True
2018-07-19,26.5846,24,4,4,True
2018-07-20,27.0793,24,4,4,True
2018-07-21,27.0802,24,4,4,True
2018-07-22,26.6032,24,4,4,True
2018-07-23,26.4698,24,4,4,True
2018-07-24,27.1581,24,4,4,True
2018-07-25,27.8120,24,4,4,True
2018-07-26,28.0949,24,4,4,True
2018-07-27,28.6183,24,4,4,True
2018-07-28,28.9236,24,4,4,True
2018-07-29,28.8291,24,4,4,True
2018-07-30,29.0530,24,4,4,True
2018-07-31,29.4219,24,4,4,True
2018-08-01,29.6505,24,4,4,True
2018-08-02,29.6990,24,4,4,True
2018-08-03,29.9349,24,4,4,True
2018-08-04,30.1572,24,4,4,True
2018-08-05,30.1998,24,4,4,True
2018-08-06,30.3754,24,4,4,True
2018-08-07,30.5483,24,4,4,True
2018-08-08,30.3744,24,4,4,True
2018-08-09,29.4945,24,4,4,True
2018-08-10,28.4731,24,4,4,True
2018-08-11,28.1253,24,4,4,True
2018-08-12,27.9705,24,4,4,True
2018-08-13,27.3444,24,4,4,True
2018-08-14,26.3901,24,4,4,True
2018-08-15,26.2331,24,4,4,True
2018-08-16,26.6109,24,4,4,True
2018-08-17,26.2649,24,4,4,True
2018-08-18,26.0254,24,4,4,True
2018-08-19,26.2011,24,4,4,True
2018-08-20,26.4219,24,4,4,True
2018-08-21,27.0458,24,4,4,True
2018-08-22,27.4124,24,4,4,True
2018-08-23,27.3745,24,4,4,True
2018-08-24,26.7282,24,4,4,True
2018-08-25,24.9731,24,4,4,True
2018-08-26,24.1597,24,4,4,True
2018-08-27,24.0192,24,4,4,True
2018-08-28,24.3644,24,4,4,True
2018-08-29,25.2067,24,4,4,True
2018-08-30,24.8197,24,4,4,True
2018-08-31,24.5529,24,4,4,True
2018-09-01,24.2080,24,4,4,True
2018-09-02,23.6850,24,4,4,True
2018-09-03,23.5348,24,4,4,True
2018-09-04,23.6591,24,4,4,True
2018-09-05,23.8395,24,4,4,True
2018-09-06,24.0412,24,4,4,True
2018-09-07,24.0040,24,4,4,True
2018-09-08,23.8967,24,4,4,True
2018-09-09,23.7391,24,4,4,True
2018-09-10,24.0364,24,4,4,True
2018-09-11,24.3833,24,4,4,True
2018-09-12,24.6487,24,4,4,True
2018-09-13,24.9563,24,4,4,True
2018-09-14,24.6903,23,4,4,True
2018-09-15,24.5991,24,4,4,True
2018-09-16,24.3043,24,4,4,True
2018-09-17,24.5168,24,4,4,True
2018-09-18,24.5851,24,4,4,True
2018-09-19,24.7788,24,4,4,True
2018-09-20,24.9580,24,4,4,True
2018-09-21,25.0084,24,4,4,True
2018-09-22,24.3143,24,4,4,True
2018-09-23,24.0454,24,4,4,True
2018-09-24,23.2545,24,4,4,True
2018-09-25,21.6781,24,4,4,True
2018-09-26,21.5696,24,4,4,True
2018-09-27,21.4006,24,4,4,True
2018-09-28,21.3281,24,4,4,True
2018-09-29,21.5031,24,4,4,True
2018-09-30,21.5030,24,4,4,True
2018-10-01,20.2618,24,4,4,True
2018-10-02,18.5546,24,4,4,True
2018-10-03,18.6318,24,4,4,True
2018-10-04,18.5813,24,4,4,True
2018-10-05,18.8885,24,4,4,True
2018-10-06,19.2938,24,4,4,True
2018-10-07,19.3750,24,4,4,True
2018-10-08,18.9350,24,4,4,True
2018-10-09,19.1005,24,4,4,True
2018-10-10,18.8400,24,4,4,True
2018-10-11,18.9925,24,4,4,True
2018-10-12,19.4792,24,4,4,True
2018-10-13,19.8468,24,4,4,True
2018-10-14,19.8558,24,4,4,True
2018-10-15,19.1886,24,4,4,True
2018-10-16,18.6527,24,4,4,True
2018-10-17,18.6210,24,4,4,True
2018-10-18,18.9875,24,4,4,True
2018-10-19,19.1779,24,4,4,True
2018-10-20,19.1025,24,4,4,True
2018-10-21,18.9380,24,4,4,True
2018-10-22,18.8250,24,4,4,True
2018-10-23,18.4457,24,4,4,True
2018-10-24,17.8610,24,4,4,True
2018-10-25,17.7461,24,4,4,True
2018-10-26,17.4200,24,4,4,True
2018-10-27,16.8965,24,4,4,True
2018-10-28,15.9823,24,4,4,True
2018-10-29,14.7202,24,4,4,True
2018-10-30,13.5205,24,4,4,True
2018-10-31,13.5840,24,4,4,True
2018-11-01,14.1596,24,4,4,True
2018-11-02,14.4160,24,4,4,True
2018-11-03,14.4961,24,4,4,True
2018-11-04,14.6686,24,4,4,True
2018-11-05,15.3984,24,4,4,True
2018-11-06,15.9018,24,4,4,True
2018-11-07,15.1848,24,4,4,True
2018-11-08,15.1469,24,4,4,True
2018-11-09,15.3510,24,4,4,True
2018-11-10,15.1260,24,4,4,True
2018-11-11,15.7109,24,4,4,True
2018-11-12,16.1444,24,4,4,True
2018-11-13,16.3071,24,4,4,True
2018-11-14,16.0450,24,4,4,True
2018-11-15,15.8303,24,4,4,True
2018-11-16,15.8264,24,4,4,True
2018-11-17,15.4890,24,4,4,True
2018-11-18,14.3027,24,4,4,True
2018-11-19,13.5413,24,4,4,True
2018-11-20,12.9482,24,4,4,True
2018-11-21,13.0572,24,4,4,True
2018-11-22,13.4013,24,4,4,True
2018-11-23,14.1515,24,4,4,True
2018-11-24,14.0878,24,4,4,True
2018-11-25,13.7750,24,4,4,True
2018-11-26,13.5909,24,4,4,True
2018-11-27,13.1926,24,4,4,True
2018-11-28,13.1084,24,4,4,True
2018-11-29,13.0915,24,4,4,True
2018-11-30,13.4263,24,4,4,True
2018-12-01,13.4615,24,4,4,True
2018-12-02,13.3611,24,4,4,True
2018-12-03,13.9490,24,4,4,True
2018-12-04,14.4534,24,4,4,True
2018-12-05,14.4212,24,4,4,True
2018-12-06,14.0720,24,4,4,True
2018-12-07,13.7400,24,4,4,True
2018-12-08,13.3871,24,4,4,True
2018-12-09,13.0703,24,4,4,True
2018-12-10,12.5397,24,4,4,True
2018-12-11,12.1949,24,4,4,True
2018-12-12,11.7860,24,4,4,True
2018-12-13,11.0472,24,4,4,True
2018-12-14,10.8155,24,4,4,True
2018-12-15,10.5172,24,4,4,True
2018-12-16,10.3977,24,4,4,True
2018-12-17,10.9711,24,4,4,True
2018-12-18,10.6883,24,4,4,True
2018-12-19,11.3292,24,4,4,True
2018-12-20,11.7313,24,4,4,True
2018-12-21,11.9013,24,4,4,True
2018-12-22,12.2613,24,4,4,True
2018-12-23,12.6965,24,4,4,True
2018-12-24,13.0320,24,4,4,True
2018-12-25,12.9297,24,4,4,True
2018-12-26,12.0647,24,4,4,True
2018-12-27,11.3467,24,4,4,True
2018-12-28,10.7678,24,4,4,True
2018-12-29,10.1374,24,4,4,True
2018-12-30,9.6672,24,4,4,True
2018-12-31,9.4957,24,4,4,True
2019-01-01,9.4885,24,4,4,True
2019-01-02,9.3652,24,4,4,True
2019-01-03,8.7813,24,4,4,True
2019-01-04,8.0679,24,4,4,True
2019-01-05,8.1177,24,4,4,True
2019-01-06,8.1781,24,4,4,True
2019-01-07,8.0709,24,4,4,True
2019-01-08,7.7428,24,4,4,True
2019-01-09,7.5505,24,4,4,True
2019-01-10,7.1720,24,4,4,True
2019-01-11,6.8490,24,4,4,True
2019-01-12,7.0193,24,4,4,True
2019-01-13,7.3364,24,4,4,True
2019-01-14,7.9635,24,4,4,True
2019-01-15,8.3514,24,4,4,True
2019-01-16,8.4365,24,4,4,True
2019-01-17,8.6926,24,4,4,True
2019-01-18,8.6977,24,4,4,True
2019-01-19,8.7855,24,4,4,True
2019-01-20,8.2780,24,4,4,True
2019-01-21,8.3492,24,4,4,True
2019-01-22,8.3952,24,4,4,True
2019-01-23,7.9095,24,4,4,True
2019-01-24,7.2622,24,4,4,True
2019-01-25,6.9607,24,4,4,True
2019-01-26,6.8372,24,4,4,True
2019-01-27,7.2391,24,4,4,True
2019-01-28,7.3190,24,4,4,True
2019-01-29,7.2276,24,4,4,True
2019-01-30,7.2925,24,4,4,True
2019-01-31,7.2800,24,4,4,True
2019-02-01,7.8251,24,4,4,True
2019-02-02,8.0888,24,4,4,True
2019-02-03,8.3700,24,4,4,True
2019-02-04,7.8304,24,4,4,True
2019-02-05,8.3937,24,4,4,True
2019-02-06,9.1293,24,4,4,True
2019-02-07,11.2033,24,4,4,True
2019-02-08,10.7977,24,4,4,True
2019-02-09,10.1320,24,4,4,True
2019-02-10,10.6253,24,4,4,True
2019-02-11,10.4682,24,4,4,True
2019-02-12,10.2854,24,4,4,True
2019-02-13,10.1905,24,4,4,True
2019-02-14,10.4966,24,4,4,True
2019-02-15,10.6982,24,4,4,True
2019-02-16,10.7330,24,4,4,True
2019-02-17,10.9079,24,4,4,True
2019-02-18,11.1479,24,4,4,True
2019-02-19,11.3498,24,4,4,True
2019-02-20,11.3192,24,4,4,True
2019-02-21,11.3538,24,4,4,True
2019-02-22,11.5796,24,4,4,True
2019-02-23,11.9274,24,4,4,True
2019-02-24,12.3933,24,4,4,True
2019-02-25,12.5798,24,4,4,True
2019-02-26,12.7267,24,4,4,True
2019-02-27,12.8955,24,4,4,True
2019-02-28,13.0130,24,4,4,True
2019-03-01,13.0151,24,4,4,True
2019-03-02,13.0059,24,4,4,True
2019-03-03,12.9780,24,4,4,True
2019-03-04,13.2778,24,4,4,True
2019-03-05,13.2899,24,4,4,True
2019-03-06,13.2890,24,4,4,True
2019-03-07,13.2148,24,4,4,True
2019-03-08,13.1296,24,4,4,True
2019-03-09,13.2529,24,4,4,True
2019-03-10,13.3940,24,4,4,True
2019-03-11,13.2448,24,4,4,True
2019-03-12,13.1326,24,4,4,True
2019-03-13,13.0280,24,4,4,True
2019-03-14,12.6683,24,4,4,True
2019-03-15,12.5445,24,4,4,True
2019-03-16,12.9106,24,4,4,True
2019-03-17,13.4274,24,4,4,True
2019-03-18,13.3360,24,4,4,True
2019-03-19,13.4384,24,4,4,True
2019-03-20,13.3642,24,4,4,True
2019-03-21,13.3762,24,4,4,True
2019-03-22,13.6705,24,4,4,True
2019-03-23,14.2663,24,4,4,True
2019-03-24,14.9146,24,4,4,True
2019-03-25,15.3589,24,4,4,True
2019-03-26,14.4013,24,4,4,True
2019-03-27,14.2594,24,4,4,True
2019-03-28,14.3414,24,4,4,True
2019-03-29,14.5876,24,4,4,True
2019-03-30,15.0242,24,4,4,True
2019-03-31,15.4005,22,4,4,True
2019-04-01,15.7715,24,4,4,True
2019-04-02,15.8393,24,4,4,True
2019-04-03,15.3947,24,4,4,True
2019-04-04,14.6636,24,4,4,True
2019-04-05,14.2625,24,4,4,True
2019-04-06,13.9399,24,4,4,True
2019-04-07,13.6560,24,4,4,True
2019-04-08,13.7067,24,4,4,True
2019-04-09,13.3799,24,4,4,True
2019-04-10,12.5616,24,4,4,True
2019-04-11,14.0806,24,4,4,True
2019-04-12,14.8145,23,4,4,True
2019-04-13,15.4449,24,4,4,True
2019-04-14,15.5708,24,4,4,True
2019-04-15,15.2733,24,4,4,True
2019-04-16,15.4267,24,4,4,True
2019-04-17,15.8675,24,4,4,True
2019-04-18,16.6224,24,4,4,True
2019-04-19,17.2067,24,4,4,True
2019-04-20,17.7321,24,4,4,True
2019-04-21,17.4151,24,4,4,True
2019-04-22,17.0672,24,4,4,True
2019-04-23,16.6248,24,4,4,True
2019-04-24,16.8717,24,4,4,True
2019-04-25,16.7180,24,4,4,True
2019-04-26,15.9506,24,4,4,True
2019-04-27,15.9932,24,4,4,True
2019-04-28,16.0203,24,4,4,True
2019-04-29,16.2443,24,4,4,True
2019-04-30,16.8001,24,4,4,True
2019-05-01,17.4298,24,4,4,True
2019-05-02,17.7253,24,4,4,True
2019-05-03,17.4675,24,4,4,True
2019-05-04,17.2525,24,4,4,True
2019-05-05,16.2703,24,4,4,True
2019-05-06,16.0020,24,4,4,True
2019-05-07,16.1700,24,4,4,True
2019-05-08,16.4790,24,4,4,True
2019-05-09,16.4629,24,4,4,True
2019-05-10,17.2346,24,4,4,True
2019-05-11,17.4180,24,4,4,True
2019-05-12,17.2515,24,4,4,True
2019-05-13,16.7644,24,4,4,True
2019-05-14,17.3535,24,4,4,True
2019-05-15,18.0989,24,4,4,True
2019-05-16,18.5428,24,4,4,True
2019-05-17,18.2911,24,4,4,True
2019-05-18,17.6470,24,4,4,True
2019-05-19,17.5291,24,4,4,True
2019-05-20,17.6044,24,4,4,True
2019-05-21,18.1730,24,4,4,True
2019-05-22,18.9788,24,4,4,True
2019-05-23,19.9106,24,4,4,True
2019-05-24,19.8677,24,4,4,True
2019-05-25,19.7805,24,4,4,True
2019-05-26,19.9461,24,4,4,True
2019-05-27,20.3052,24,4,4,True
2019-05-28,20.0709,24,4,4,True
2019-05-29,19.5584,24,4,4,True
2019-05-30,19.6635,24,4,4,True
2019-05-31,20.5437,24,4,4,True
2019-06-01,21.8132,24,4,4,True
2019-06-02,22.9595,24,4,4,True
2019-06-03,23.3747,24,4,4,True
2019-06-04,23.4745,24,4,4,True
2019-06-05,23.3668,24,4,4,True
2019-06-06,22.5540,24,4,4,True
2019-06-07,22.3346,24,4,4,True
2019-06-08,22.3129,24,4,4,True
2019-06-09,22.2168,24,4,4,True
2019-06-10,22.1643,24,4,4,True
2019-06-11,21.8384,24,4,4,True
2019-06-12,21.3938,24,4,4,True
2019-06-13,21.8720,24,4,4,True
2019-06-14,22.1014,24,4,4,True
2019-06-15,22.2239,24,4,4,True
2019-06-16,22.2950,24,4,4,True
2019-06-17,23.2821,24,4,4,True
2019-06-18,24.1145,24,4,4,True
2019-06-19,24.6672,24,4,4,True
2019-06-20,24.8522,24,4,4,True
2019-06-21,24.5267,24,4,4,True
2019-06-22,24.3016,24,4,4,True
2019-06-23,24.9405,24,4,4,True
2019-06-24,25.6450,24,4,4,True
2019-06-25,26.1161,24,4,4,True
2019-06-26,27.1784,24,4,4,True
2019-06-27,27.8390,24,4,4,True
2019-06-28,28.6999,24,4,4,True
2019-06-29,29.3451,24,4,4,True
2019-06-30,29.7595,24,4,4,True
2019-07-01,30.0959,24,4,4,True
2019-07-02,30.0010,24,4,4,True
2019-07-03,29.5780,24,4,4,True
2019-07-04,28.9534,24,4,4,True
2019-07-05,29.0224,24,4,4,True
2019-07-06,29.3642,24,4,4,True
2019-07-07,29.9818,24,4,4,True
2019-07-08,29.8156,24,4,4,True
2019-07-09,28.6408,24,4,4,True
2019-07-10,27.8704,24,4,4,True
2019-07-11,27.5878,24,4,4,True
2019-07-12,27.6034,24,4,4,True
2019-07-13,27.6077,24,4,4,True
2019-07-14,27.2996,24,4,4,True
2019-07-15,26.4704,24,4,4,True
2019-07-16,26.1655,24,4,4,True
2019-07-17,26.2105,24,4,4,True
2019-07-18,26.1340,24,4,4,True
2019-07-19,26.0854,24,4,4,True
2019-07-20,26.4035,24,4,4,True
2019-07-21,26.9689,24,4,4,True
2019-07-22,27.6274,24,4,4,True
2019-07-23,28.3077,24,4,4,True
2019-07-24,28.5997,24,4,4,True
2019-07-25,29.1262,24,4,4,True
2019-07-26,29.3518,24,4,4,True
2019-07-27,28.2885,24,4,4,True
2019-07-28,26.4197,24,4,4,True
2019-07-29,25.5701,24,4,4,True
2019-07-30,25.4543,24,4,4,True
2019-07-31,25.3557,24,4,4,True
2019-08-01,25.5623,24,4,4,True
2019-08-02,26.0059,24,4,4,True
2019-08-03,26.4199,24,4,4,True
2019-08-04,26.5483,24,4,4,True
2019-08-05,27.2170,24,4,4,True
2019-08-06,27.7464,24,4,4,True
2019-08-07,27.7447,24,4,4,True
2019-08-08,27.7869,24,4,4,True
2019-08-09,28.1621,24,4,4,True
2019-08-10,28.4939,24,4,4,True
2019-08-11,28.3589,24,4,4,True
2019-08-12,27.7785,24,4,4,True
2019-08-13,26.4036,24,4,4,True
2019-08-14,25.6079,24,4,4,True
2019-08-15,25.2922,24,4,4,True
2019-08-16,24.8633,24,4,4,True
2019-08-17,25.2651,24,4,4,True
2019-08-18,26.1847,24,4,4,True
2019-08-19,26.1652,24,4,4,True
2019-08-20,25.2940,24,4,4,True
2019-08-21,24.5089,24,4,4,True
2019-08-22,24.8045,24,4,4,True
2019-08-23,25.1590,24,4,4,True
2019-08-24,25.4798,24,4,4,True
2019-08-25,26.0565,24,4,4,True
2019-08-26,26.5791,24,4,4,True
2019-08-27,26.5173,24,4,4,True
2019-08-28,26.4927,24,4,4,True
2019-08-29,26.8533,24,4,4,True
2019-08-30,27.1803,24,4,4,True
2019-08-31,27.3562,24,4,4,True
2019-09-01,27.0437,24,4,4,True
2019-09-02,26.0416,24,4,4,True
2019-09-03,25.2389,24,4,4,True
2019-09-04,24.9883,24,4,4,True
2019-09-05,24.2442,24,4,4,True
2019-09-06,22.6667,24,4,4,True
2019-09-07,22.1841,24,4,4,True
2019-09-08,21.6543,24,4,4,True
2019-09-09,21.1491,24,4,4,True
2019-09-10,20.4391,24,4,4,True
2019-09-11,20.0693,24,4,4,True
2019-09-12,20.9129,24,4,4,True
2019-09-13,21.4535,24,4,4,True
2019-09-14,21.8485,24,4,4,True
2019-09-15,22.3817,24,4,4,True
2019-09-16,22.8297,24,4,4,True
2019-09-17,23.2547,24,4,4,True
2019-09-18,23.6551,24,4,4,True
2019-09-19,23.4015,24,4,4,True
2019-09-20,22.7709,12,2,4,False
2019-09-21,,0,0,,False
2019-09-22,,0,0,,False
2019-09-23,,0,0,,False
2019-09-24,,0,0,,False
2019-09-25,,0,0,,False
2019-09-26,,0,0,,False
2019-09-27,,0,0,,False
2019-09-28,,0,0,,False
2019-09-29,,0,0,,False
2019-09-30,,0,0,,False
2019-10-01,,0,0,,False
2019-10-02,,0,0,,False
2019-10-03,,0,0,,False
2019-10-04,,0,0,,False
2019-10-05,,0,0,,False
2019-10-06,,0,0,,False
2019-10-07,,0,0,,False
2019-10-08,,0,0,,False
2019-10-09,,0,0,,False
2019-10-10,,0,0,,False
2019-10-11,,0,0,,False
2019-10-12,,0,0,,False
2019-10-13,,0,0,,False
2019-10-14,,0,0,,False
2019-10-15,,0,0,,False
2019-10-16,,0,0,,False
2019-10-17,,0,0,,False
2019-10-18,,0,0,,False
2019-10-19,,0,0,,False
2019-10-20,,0,0,,False
2019-10-21,,0,0,,False
2019-10-22,,0,0,,False
2019-10-23,,0,0,,False
2019-10-24,,0,0,,False
2019-10-25,,0,0,,False
2019-10-26,,0,0,,False
2019-10-27,,0,0,,False
2019-10-28,,0,0,,False
2019-10-29,,0,0,,False
2019-10-30,,0,0,,False
2019-10-31,,0,0,,False
2019-11-01,,0,0,,False
2019-11-02,,0,0,,False
2019-11-03,,0,0,,False
2019-11-04,,0,0,,False
2019-11-05,,0,0,,False
2019-11-06,,0,0,,False
2019-11-07,,0,0,,False
2019-11-08,,0,0,,False
2019-11-09,,0,0,,False
2019-11-10,,0,0,,False
2019-11-11,,0,0,,False
2019-11-12,,0,0,,False
2019-11-13,,0,0,,False
2019-11-14,,0,0,,False
2019-11-15,,0,0,,False
2019-11-16,,0,0,,False
2019-11-17,,0,0,,False
2019-11-18,,0,0,,False
2019-11-19,,0,0,,False
2019-11-20,,0,0,,False
2019-11-21,,0,0,,False
2019-11-22,,0,0,,False
2019-11-23,,0,0,,False
2019-11-24,,0,0,,False
2019-11-25,,0,0,,False
2019-11-26,,0,0,,False
2019-11-27,,0,0,,False
2019-11-28,,0,0,,False
2019-11-29,,0,0,,False
2019-11-30,,0,0,,False
2019-12-01,,0,0,,False
2019-12-02,,0,0,,False
2019-12-03,,0,0,,False
2019-12-04,,0,0,,False
2019-12-05,,0,0,,False
2019-12-06,,0,0,,False
2019-12-07,,0,0,,False
2019-12-08,,0,0,,False
2019-12-09,,0,0,,False
2019-12-10,,0,0,,False
2019-12-11,,0,0,,False
2019-12-12,,0,0,,False
2019-12-13,,0,0,,False
2019-12-14,,0,0,,False
2019-12-15,,0,0,,False
2019-12-16,,0,0,,False
2019-12-17,,0,0,,False
2019-12-18,,0,0,,False
2019-12-19,,0,0,,False
2019-12-20,,0,0,,False
2019-12-21,,0,0,,False
2019-12-22,,0,0,,False
2019-12-23,,0,0,,False
2019-12-24,,0,0,,False
2019-12-25,,0,0,,False
2019-12-26,,0,0,,False
2019-12-27,,0,0,,False
2019-12-28,,0,0,,False
2019-12-29,,0,0,,False
2019-12-30,,0,0,,False
2019-12-31,,0,0,,False
2020-01-01,,0,0,,False
2020-01-02,,0,0,,False
2020-01-03,,0,0,,False
2020-01-04,,0,0,,False
2020-01-05,,0,0,,False
2020-01-06,,0,0,,False
2020-01-07,,0,0,,False
2020-01-08,,0,0,,False
2020-01-09,,0,0,,False
2020-01-10,,0,0,,False
2020-01-11,,0,0,,False
2020-01-12,,0,0,,False
2020-01-13,,0,0,,False
2020-01-14,,0,0,,False
2020-01-15,,0,0,,False
2020-01-16,,0,0,,False
2020-01-17,,0,0,,False
2020-01-18,,0,0,,False
2020-01-19,,0,0,,False
2020-01-20,,0,0,,False
2020-01-21,,0,0,,False
2020-01-22,,0,0,,False
2020-01-23,,0,0,,False
2020-01-24,,0,0,,False
2020-01-25,,0,0,,False
2020-01-26,,0,0,,False
2020-01-27,,0,0,,False
2020-01-28,,0,0,,False
2020-01-29,,0,0,,False
2020-01-30,,0,0,,False
2020-01-31,,0,0,,False
2020-02-01,,0,0,,False
2020-02-02,,0,0,,False
2020-02-03,,0,0,,False
2020-02-04,,0,0,,False
2020-02-05,,0,0,,False
2020-02-06,,0,0,,False
2020-02-07,,0,0,,False
2020-02-08,,0,0,,False
2020-02-09,,0,0,,False
2020-02-10,,0,0,,False
2020-02-11,,0,0,,False
2020-02-12,,0,0,,False
2020-02-13,,0,0,,False
2020-02-14,,0,0,,False
2020-02-15,,0,0,,False
2020-02-16,,0,0,,False
2020-02-17,,0,0,,False
2020-02-18,,0,0,,False
2020-02-19,,0,0,,False
2020-02-20,,0,0,,False
2020-02-21,,0,0,,False
2020-02-22,,0,0,,False
2020-02-23,,0,0,,False
2020-02-24,,0,0,,False
2020-02-25,,0,0,,False
2020-02-26,,0,0,,False
2020-02-27,,0,0,,False
2020-02-28,,0,0,,False
2020-02-29,,0,0,,False
2020-03-01,,0,0,,False
2020-03-02,,0,0,,False
2020-03-03,,0,0,,False
2020-03-04,,0,0,,False
2020-03-05,,0,0,,False
2020-03-06,,0,0,,False
2020-03-07,,0,0,,False
2020-03-08,,0,0,,False
2020-03-09,,0,0,,False
2020-03-10,,0,0,,False
2020-03-11,,0,0,,False
2020-03-12,,0,0,,False
2020-03-13,,0,0,,False
2020-03-14,,0,0,,False
2020-03-15,,0,0,,False
2020-03-16,,0,0,,False
2020-03-17,,0,0,,False
2020-03-18,,0,0,,False
2020-03-19,,0,0,,False
2020-03-20,,0,0,,False
2020-03-21,,0,0,,False
2020-03-22,,0,0,,False
2020-03-23,,0,0,,False
2020-03-24,,0,0,,False
2020-03-25,,0,0,,False
2020-03-26,,0,0,,False
2020-03-27,,0,0,,False
2020-03-28,,0,0,,False
2020-03-29,,0,0,,False
2020-03-30,,0,0,,False
2020-03-31,,0,0,,False
2020-04-01,,0,0,,False
2020-04-02,,0,0,,False
2020-04-03,,0,0,,False
2020-04-04,,0,0,,False
2020-04-05,,0,0,,False
2020-04-06,,0,0,,False
2020-04-07,,0,0,,False
2020-04-08,,0,0,,False
2020-04-09,,0,0,,False
2020-04-10,,0,0,,False
2020-04-11,,0,0,,False
2020-04-12,,0,0,,False
2020-04-13,,0,0,,False
2020-04-14,,0,0,,False
2020-04-15,,0,0,,False
2020-04-16,,0,0,,False
2020-04-17,,0,0,,False
2020-04-18,,0,0,,False
2020-04-19,,0,0,,False
2020-04-20,,0,0,,False
2020-04-21,,0,0,,False
2020-04-22,,0,0,,False
2020-04-23,,0,0,,False
2020-04-24,,0,0,,False
2020-04-25,,0,0,,False
2020-04-26,,0,0,,False
2020-04-27,,0,0,,False
2020-04-28,,0,0,,False
2020-04-29,,0,0,,False
2020-04-30,,0,0,,False
2020-05-01,,0,0,,False
2020-05-02,,0,0,,False
2020-05-03,,0,0,,False
2020-05-04,,0,0,,False
2020-05-05,,0,0,,False
2020-05-06,,0,0,,False
2020-05-07,,0,0,,False
2020-05-08,,0,0,,False
2020-05-09,,0,0,,False
2020-05-10,,0,0,,False
2020-05-11,,0,0,,False
2020-05-12,,0,0,,False
2020-05-13,,0,0,,False
2020-05-14,,0,0,,False
2020-05-15,,0,0,,False
2020-05-16,,0,0,,False
2020-05-17,,0,0,,False
2020-05-18,,0,0,,False
2020-05-19,,0,0,,False
2020-05-20,,0,0,,False
2020-05-21,,0,0,,False
2020-05-22,,0,0,,False
2020-05-23,,0,0,,False
2020-05-24,,0,0,,False
2020-05-25,,0,0,,False
2020-05-26,,0,0,,False
2020-05-27,,0,0,,False
2020-05-28,,0,0,,False
2020-05-29,,0,0,,False
2020-05-30,,0,0,,False
2020-05-31,,0,0,,False
2020-06-01,,0,0,,False
2020-06-02,,0,0,,False
2020-06-03,,0,0,,False
2020-06-04,,0,0,,False
2020-06-05,,0,0,,False
2020-06-06,,0,0,,False
2020-06-07,,0,0,,False
2020-06-08,,0,0,,False
2020-06-09,,0,0,,False
2020-06-10,,0,0,,False
2020-06-11,,0,0,,False
2020-06-12,,0,0,,False
2020-06-13,,0,0,,False
2020-06-14,,0,0,,False
2020-06-15,,0,0,,False
2020-06-16,,0,0,,False
2020-06-17,,0,0,,False
2020-06-18,,0,0,,False
2020-06-19,,0,0,,False
2020-06-20,,0,0,,False
2020-06-21,,0,0,,False
2020-06-22,,0,0,,False
2020-06-23,,0,0,,False
2020-06-24,,0,0,,False
2020-06-25,,0,0,,False
2020-06-26,,0,0,,False
2020-06-27,,0,0,,False
2020-06-28,,0,0,,False
2020-06-29,,0,0,,False
2020-06-30,,0,0,,False
2020-07-01,,0,0,,False
2020-07-02,,0,0,,False
2020-07-03,,0,0,,False
2020-07-04,,0,0,,False
2020-07-05,,0,0,,False
2020-07-06,,0,0,,False
2020-07-07,,0,0,,False
2020-07-08,,0,0,,False
2020-07-09,,0,0,,False
2020-07-10,,0,0,,False
2020-07-11,,0,0,,False
2020-07-12,,0,0,,False
2020-07-13,,0,0,,False
2020-07-14,,0,0,,False
2020-07-15,,0,0,,False
2020-07-16,,0,0,,False
2020-07-17,,0,0,,False
2020-07-18,,0,0,,False
2020-07-19,,0,0,,False
2020-07-20,,0,0,,False
2020-07-21,,0,0,,False
2020-07-22,,0,0,,False
2020-07-23,,0,0,,False
2020-07-24,,0,0,,False
2020-07-25,,0,0,,False
2020-07-26,,0,0,,False
2020-07-27,,0,0,,False
2020-07-28,,0,0,,False
2020-07-29,,0,0,,False
2020-07-30,,0,0,,False
2020-07-31,,0,0,,False
2020-08-01,,0,0,,False
2020-08-02,,0,0,,False
2020-08-03,,0,0,,False
2020-08-04,,0,0,,False
2020-08-05,,0,0,,False
2020-08-06,,0,0,,False
2020-08-07,,0,0,,False
2020-08-08,,0,0,,False
2020-08-09,,0,0,,False
2020-08-10,,0,0,,False
2020-08-11,,0,0,,False
2020-08-12,,0,0,,False
2020-08-13,,0,0,,False
2020-08-14,,0,0,,False
2020-08-15,,0,0,,False
2020-08-16,,0,0,,False
2020-08-17,,0,0,,False
2020-08-18,,0,0,,False
2020-08-19,,0,0,,False
2020-08-20,,0,0,,False
2020-08-21,,0,0,,False
2020-08-22,,0,0,,False
2020-08-23,,0,0,,False
2020-08-24,,0,0,,False
2020-08-25,,0,0,,False
2020-08-26,,0,0,,False
2020-08-27,,0,0,,False
2020-08-28,,0,0,,False
2020-08-29,,0,0,,False
2020-08-30,,0,0,,False
2020-08-31,,0,0,,False
2020-09-01,,0,0,,False
2020-09-02,,0,0,,False
2020-09-03,,0,0,,False
2020-09-04,,0,0,,False
2020-09-05,,0,0,,False
2020-09-06,,0,0,,False
2020-09-07,,0,0,,False
2020-09-08,,0,0,,False
2020-09-09,,0,0,,False
2020-09-10,,0,0,,False
2020-09-11,,0,0,,False
2020-09-12,,0,0,,False
2020-09-13,,0,0,,False
2020-09-14,,0,0,,False
2020-09-15,,0,0,,False
2020-09-16,,0,0,,False
2020-09-17,,0,0,,False
2020-09-18,,0,0,,False
2020-09-19,,0,0,,False
2020-09-20,,0,0,,False
2020-09-21,,0,0,,False
2020-09-22,,0,0,,False
2020-09-23,,0,0,,False
2020-09-24,,0,0,,False
2020-09-25,,0,0,,False
2020-09-26,,0,0,,False
2020-09-27,,0,0,,False
2020-09-28,,0,0,,False
2020-09-29,,0,0,,False
2020-09-30,,0,0,,False
2020-10-01,,0,0,,False
2020-10-02,,0,0,,False
2020-10-03,,0,0,,False
2020-10-04,,0,0,,False
2020-10-05,,0,0,,False
2020-10-06,,0,0,,False
2020-10-07,,0,0,,False
2020-10-08,,0,0,,False
2020-10-09,,0,0,,False
2020-10-10,,0,0,,False
2020-10-11,,0,0,,False
2020-10-12,,0,0,,False
2020-10-13,,0,0,,False
2020-10-14,,0,0,,False
2020-10-15,,0,0,,False
2020-10-16,,0,0,,False
2020-10-17,,0,0,,False
2020-10-18,,0,0,,False
2020-10-19,,0,0,,False
2020-10-20,,0,0,,False
2020-10-21,,0,0,,False
2020-10-22,,0,0,,False
2020-10-23,,0,0,,False
2020-10-24,,0,0,,False
2020-10-25,,0,0,,False
2020-10-26,,0,0,,False
2020-10-27,,0,0,,False
2020-10-28,,0,0,,False
2020-10-29,,0,0,,False
2020-10-30,,0,0,,False
2020-10-31,,0,0,,False
2020-11-01,,0,0,,False
2020-11-02,,0,0,,False
2020-11-03,,0,0,,False
2020-11-04,,0,0,,False
2020-11-05,,0,0,,False
2020-11-06,,0,0,,False
2020-11-07,,0,0,,False
2020-11-08,,0,0,,False
2020-11-09,,0,0,,False
2020-11-10,,0,0,,False
2020-11-11,,0,0,,False
2020-11-12,,0,0,,False
2020-11-13,,0,0,,False
2020-11-14,,0,0,,False
2020-11-15,,0,0,,False
2020-11-16,,0,0,,False
2020-11-17,,0,0,,False
2020-11-18,,0,0,,False
2020-11-19,,0,0,,False
2020-11-20,,0,0,,False
2020-11-21,,0,0,,False
2020-11-22,,0,0,,False
2020-11-23,,0,0,,False
2020-11-24,,0,0,,False
2020-11-25,,0,0,,False
2020-11-26,,0,0,,False
2020-11-27,,0,0,,False
2020-11-28,,0,0,,False
2020-11-29,,0,0,,False
2020-11-30,,0,0,,False
2020-12-01,,0,0,,False
2020-12-02,,0,0,,False
2020-12-03,,0,0,,False
2020-12-04,,0,0,,False
2020-12-05,,0,0,,False
2020-12-06,,0,0,,False
2020-12-07,,0,0,,False
2020-12-08,,0,0,,False
2020-12-09,,0,0,,False
2020-12-10,,0,0,,False
2020-12-11,,0,0,,False
2020-12-12,,0,0,,False
2020-12-13,,0,0,,False
2020-12-14,,0,0,,False
2020-12-15,,0,0,,False
2020-12-16,,0,0,,False
2020-12-17,,0,0,,False
2020-12-18,,0,0,,False
2020-12-19,,0,0,,False
2020-12-20,,0,0,,False
2020-12-21,,0,0,,False
2020-12-22,,0,0,,False
2020-12-23,,0,0,,False
2020-12-24,,0,0,,False
2020-12-25,,0,0,,False
2020-12-26,,0,0,,False
2020-12-27,,0,0,,False
2020-12-28,,0,0,,False
2020-12-29,,0,0,,False
2020-12-30,,0,0,,False
2020-12-31,,0,0,,False
2021-01-01,,0,0,,False
2021-01-02,,0,0,,False
2021-01-03,,0,0,,False
2021-01-04,,0,0,,False
2021-01-05,,0,0,,False
2021-01-06,,0,0,,False
2021-01-07,,0,0,,False
2021-01-08,,0,0,,False
2021-01-09,,0,0,,False
2021-01-10,,0,0,,False
2021-01-11,,0,0,,False
2021-01-12,,0,0,,False
2021-01-13,,0,0,,False
2021-01-14,,0,0,,False
2021-01-15,,0,0,,False
2021-01-16,,0,0,,False
2021-01-17,,0,0,,False
2021-01-18,,0,0,,False
2021-01-19,,0,0,,False
2021-01-20,,0,0,,False
2021-01-21,,0,0,,False
2021-01-22,,0,0,,False
2021-01-23,,0,0,,False
2021-01-24,,0,0,,False
2021-01-25,,0,0,,False
2021-01-26,,0,0,,False
2021-01-27,,0,0,,False
2021-01-28,,0,0,,False
2021-01-29,,0,0,,False
2021-01-30,,0,0,,False
2021-01-31,,0,0,,False
2021-02-01,,0,0,,False
2021-02-02,,0,0,,False
2021-02-03,,0,0,,False
2021-02-04,,0,0,,False
2021-02-05,,0,0,,False
2021-02-06,,0,0,,False
2021-02-07,,0,0,,False
2021-02-08,,0,0,,False
2021-02-09,,0,0,,False
2021-02-10,,0,0,,False
2021-02-11,,0,0,,False
2021-02-12,,0,0,,False
2021-02-13,,0,0,,False
2021-02-14,,0,0,,False
2021-02-15,,0,0,,False
2021-02-16,,0,0,,False
2021-02-17,,0,0,,False
2021-02-18,,0,0,,False
2021-02-19,,0,0,,False
2021-02-20,,0,0,,False
2021-02-21,,0,0,,False
2021-02-22,,0,0,,False
2021-02-23,,0,0,,False
2021-02-24,,0,0,,False
2021-02-25,,0,0,,False
2021-02-26,,0,0,,False
2021-02-27,,0,0,,False
2021-02-28,,0,0,,False
2021-03-01,,0,0,,False
2021-03-02,,0,0,,False
2021-03-03,,0,0,,False
2021-03-04,,0,0,,False
2021-03-05,,0,0,,False
2021-03-06,,0,0,,False
2021-03-07,,0,0,,False
2021-03-08,,0,0,,False
2021-03-09,,0,0,,False
2021-03-10,,0,0,,False
2021-03-11,,0,0,,False
2021-03-12,,0,0,,False
2021-03-13,,0,0,,False
2021-03-14,,0,0,,False
2021-03-15,,0,0,,False
2021-03-16,,0,0,,False
2021-03-17,,0,0,,False
2021-03-18,,0,0,,False
2021-03-19,,0,0,,False
2021-03-20,,0,0,,False
2021-03-21,,0,0,,False
2021-03-22,,0,0,,False
2021-03-23,,0,0,,False
2021-03-24,,0,0,,False
2021-03-25,,0,0,,False
2021-03-26,,0,0,,False
2021-03-27,,0,0,,False
2021-03-28,,0,0,,False
2021-03-29,,0,0,,False
2021-03-30,,0,0,,False
2021-03-31,,0,0,,False
2021-04-01,,0,0,,False
2021-04-02,,0,0,,False
2021-04-03,,0,0,,False
2021-04-04,,0,0,,False
2021-04-05,,0,0,,False
2021-04-06,,0,0,,False
2021-04-07,,0,0,,False
2021-04-08,,0,0,,False
2021-04-09,,0,0,,False
2021-04-10,,0,0,,False
2021-04-11,,0,0,,False
2021-04-12,,0,0,,False
2021-04-13,,0,0,,False
2021-04-14,,0,0,,False
2021-04-15,,0,0,,False
2021-04-16,,0,0,,False
2021-04-17,,0,0,,False
2021-04-18,,0,0,,False
2021-04-19,,0,0,,False
2021-04-20,,0,0,,False
2021-04-21,,0,0,,False
2021-04-22,,0,0,,False
2021-04-23,,0,0,,False
2021-04-24,,0,0,,False
2021-04-25,,0,0,,False
2021-04-26,,0,0,,False
2021-04-27,,0,0,,False
2021-04-28,,0,0,,False
2021-04-29,,0,0,,False
2021-04-30,,0,0,,False
2021-05-01,,0,0,,False
2021-05-02,,0,0,,False
2021-05-03,,0,0,,False
2021-05-04,,0,0,,False
2021-05-05,,0,0,,False
2021-05-06,,0,0,,False
2021-05-07,,0,0,,False
2021-05-08,,0,0,,False
2021-05-09,,0,0,,False
2021-05-10,,0,0,,False
2021-05-11,,0,0,,False
2021-05-12,,0,0,,False
2021-05-13,,0,0,,False
2021-05-14,,0,0,,False
2021-05-15,,0,0,,False
2021-05-16,,0,0,,False
2021-05-17,,0,0,,False
2021-05-18,,0,0,,False
2021-05-19,,0,0,,False
2021-05-20,,0,0,,False
2021-05-21,,0,0,,False
2021-05-22,,0,0,,False
2021-05-23,,0,0,,False
2021-05-24,,0,0,,False
2021-05-25,,0,0,,False
2021-05-26,,0,0,,False
2021-05-27,,0,0,,False
2021-05-28,,0,0,,False
2021-05-29,,0,0,,False
2021-05-30,,0,0,,False
2021-05-31,,0,0,,False
2021-06-01,,0,0,,False
2021-06-02,,0,0,,False
2021-06-03,,0,0,,False
2021-06-04,,0,0,,False
2021-06-05,,0,0,,False
2021-06-06,,0,0,,False
2021-06-07,,0,0,,False
2021-06-08,,0,0,,False
2021-06-09,,0,0,,False
2021-06-10,,0,0,,False
2021-06-11,,0,0,,False
2021-06-12,,0,0,,False
2021-06-13,,0,0,,False
2021-06-14,,0,0,,False
2021-06-15,,0,0,,False
2021-06-16,,0,0,,False
2021-06-17,,0,0,,False
2021-06-18,,0,0,,False
2021-06-19,,0,0,,False
2021-06-20,,0,0,,False
2021-06-21,,0,0,,False
2021-06-22,,0,0,,False
2021-06-23,,0,0,,False
2021-06-24,,0,0,,False
2021-06-25,,0,0,,False
2021-06-26,,0,0,,False
2021-06-27,,0,0,,False
2021-06-28,,0,0,,False
2021-06-29,,0,0,,False
2021-06-30,,0,0,,False
2021-07-01,,0,0,,False
2021-07-02,,0,0,,False
2021-07-03,,0,0,,False
2021-07-04,,0,0,,False
2021-07-05,,0,0,,False
2021-07-06,,0,0,,False
2021-07-07,,0,0,,False
2021-07-08,,0,0,,False
2021-07-09,,0,0,,False
2021-07-10,,0,0,,False
2021-07-11,,0,0,,False
2021-07-12,,0,0,,False
2021-07-13,,0,0,,False
2021-07-14,,0,0,,False
2021-07-15,,0,0,,False
2021-07-16,,0,0,,False
2021-07-17,,0,0,,False
2021-07-18,,0,0,,False
2021-07-19,,0,0,,False
2021-07-20,,0,0,,False
2021-07-21,,0,0,,False
2021-07-22,,0,0,,False
2021-07-23,,0,0,,False
2021-07-24,,0,0,,False
2021-07-25,,0,0,,False
2021-07-26,,0,0,,False
2021-07-27,,0,0,,False
2021-07-28,,0,0,,False
2021-07-29,,0,0,,False
2021-07-30,,0,0,,False
2021-07-31,,0,0,,False
2021-08-01,,0,0,,False
2021-08-02,,0,0,,False
2021-08-03,,0,0,,False
2021-08-04,,0,0,,False
2021-08-05,,0,0,,False
2021-08-06,,0,0,,False
2021-08-07,,0,0,,False
2021-08-08,,0,0,,False
2021-08-09,,0,0,,False
2021-08-10,,0,0,,False
2021-08-11,,0,0,,False
2021-08-12,,0,0,,False
2021-08-13,,0,0,,False
2021-08-14,,0,0,,False
2021-08-15,,0,0,,False
2021-08-16,,0,0,,False
2021-08-17,,0,0,,False
2021-08-18,,0,0,,False
2021-08-19,,0,0,,False
2021-08-20,,0,0,,False
2021-08-21,,0,0,,False
2021-08-22,,0,0,,False
2021-08-23,,0,0,,False
2021-08-24,,0,0,,False
2021-08-25,,0,0,,False
2021-08-26,,0,0,,False
2021-08-27,,0,0,,False
2021-08-28,,0,0,,False
2021-08-29,,0,0,,False
2021-08-30,,0,0,,False
2021-08-31,,0,0,,False
2021-09-01,,0,0,,False
2021-09-02,,0,0,,False
2021-09-03,,0,0,,False
2021-09-04,,0,0,,False
2021-09-05,,0,0,,False
2021-09-06,,0,0,,False
2021-09-07,,0,0,,False
2021-09-08,,0,0,,False
2021-09-09,,0,0,,False
2021-09-10,,0,0,,False
2021-09-11,,0,0,,False
2021-09-12,,0,0,,False
2021-09-13,,0,0,,False
2021-09-14,,0,0,,False
2021-09-15,,0,0,,False
2021-09-16,,0,0,,False
2021-09-17,,0,0,,False
2021-09-18,,0,0,,False
2021-09-19,,0,0,,False
2021-09-20,,0,0,,False
2021-09-21,,0,0,,False
2021-09-22,,0,0,,False
2021-09-23,,0,0,,False
2021-09-24,,0,0,,False
2021-09-25,,0,0,,False
2021-09-26,,0,0,,False
2021-09-27,,0,0,,False
2021-09-28,,0,0,,False
2021-09-29,,0,0,,False
2021-09-30,,0,0,,False
2021-10-01,,0,0,,False
2021-10-02,,0,0,,False
2021-10-03,,0,0,,False
2021-10-04,,0,0,,False
2021-10-05,,0,0,,False
2021-10-06,,0,0,,False
2021-10-07,,0,0,,False
2021-10-08,,0,0,,False
2021-10-09,,0,0,,False
2021-10-10,,0,0,,False
2021-10-11,,0,0,,False
2021-10-12,,0,0,,False
2021-10-13,,0,0,,False
2021-10-14,,0,0,,False
2021-10-15,,0,0,,False
2021-10-16,,0,0,,False
2021-10-17,,0,0,,False
2021-10-18,,0,0,,False
2021-10-19,,0,0,,False
2021-10-20,,0,0,,False
2021-10-21,,0,0,,False
2021-10-22,,0,0,,False
2021-10-23,,0,0,,False
2021-10-24,,0,0,,False
2021-10-25,,0,0,,False
2021-10-26,,0,0,,False
2021-10-27,,0,0,,False
2021-10-28,,0,0,,False
2021-10-29,,0,0,,False
2021-10-30,,0,0,,False
2021-10-31,,0,0,,False
2021-11-01,,0,0,,False
2021-11-02,,0,0,,False
2021-11-03,,0,0,,False
2021-11-04,,0,0,,False
2021-11-05,,0,0,,False
2021-11-06,,0,0,,False
2021-11-07,,0,0,,False
2021-11-08,,0,0,,False
2021-11-09,,0,0,,False
2021-11-10,,0,0,,False
2021-11-11,,0,0,,False
2021-11-12,,0,0,,False
2021-11-13,,0,0,,False
2021-11-14,,0,0,,False
2021-11-15,,0,0,,False
2021-11-16,,0,0,,False
2021-11-17,,0,0,,False
2021-11-18,,0,0,,False
2021-11-19,,0,0,,False
2021-11-20,,0,0,,False
2021-11-21,,0,0,,False
2021-11-22,,0,0,,False
2021-11-23,,0,0,,False
2021-11-24,,0,0,,False
2021-11-25,,0,0,,False
2021-11-26,,0,0,,False
2021-11-27,,0,0,,False
2021-11-28,,0,0,,False
2021-11-29,,0,0,,False
2021-11-30,,0,0,,False
2021-12-01,,0,0,,False
2021-12-02,,0,0,,False
2021-12-03,,0,0,,False
2021-12-04,,0,0,,False
2021-12-05,,0,0,,False
2021-12-06,,0,0,,False
2021-12-07,,0,0,,False
2021-12-08,,0,0,,False
2021-12-09,,0,0,,False
2021-12-10,,0,0,,False
2021-12-11,,0,0,,False
2021-12-12,,0,0,,False
2021-12-13,,0,0,,False
2021-12-14,,0,0,,False
2021-12-15,,0,0,,False
2021-12-16,,0,0,,False
2021-12-17,,0,0,,False
2021-12-18,,0,0,,False
2021-12-19,,0,0,,False
2021-12-20,,0,0,,False
2021-12-21,,0,0,,False
2021-12-22,,0,0,,False
2021-12-23,,0,0,,False
2021-12-24,,0,0,,False
2021-12-25,,0,0,,False
2021-12-26,,0,0,,False
2021-12-27,,0,0,,False
2021-12-28,,0,0,,False
2021-12-29,,0,0,,False
2021-12-30,,0,0,,False
2021-12-31,,0,0,,False
2022-01-01,,0,0,,False
2022-01-02,,0,0,,False
2022-01-03,,0,0,,False
2022-01-04,,0,0,,False
2022-01-05,,0,0,,False
2022-01-06,,0,0,,False
2022-01-07,,0,0,,False
2022-01-08,,0,0,,False
2022-01-09,,0,0,,False
2022-01-10,,0,0,,False
2022-01-11,,0,0,,False
2022-01-12,,0,0,,False
2022-01-13,,0,0,,False
2022-01-14,,0,0,,False
2022-01-15,,0,0,,False
2022-01-16,,0,0,,False
2022-01-17,,0,0,,False
2022-01-18,,0,0,,False
2022-01-19,,0,0,,False
2022-01-20,,0,0,,False
2022-01-21,,0,0,,False
2022-01-22,,0,0,,False
2022-01-23,,0,0,,False
2022-01-24,,0,0,,False
2022-01-25,,0,0,,False
2022-01-26,,0,0,,False
2022-01-27,,0,0,,False
2022-01-28,,0,0,,False
2022-01-29,,0,0,,False
2022-01-30,,0,0,,False
2022-01-31,,0,0,,False
2022-02-01,,0,0,,False
2022-02-02,,0,0,,False
2022-02-03,,0,0,,False
2022-02-04,,0,0,,False
2022-02-05,,0,0,,False
2022-02-06,,0,0,,False
2022-02-07,,0,0,,False
2022-02-08,,0,0,,False
2022-02-09,,0,0,,False
2022-02-10,,0,0,,False
2022-02-11,,0,0,,False
2022-02-12,,0,0,,False
2022-02-13,,0,0,,False
2022-02-14,,0,0,,False
2022-02-15,,0,0,,False
2022-02-16,,0,0,,False
2022-02-17,,0,0,,False
2022-02-18,,0,0,,False
2022-02-19,,0,0,,False
2022-02-20,,0,0,,False
2022-02-21,,0,0,,False
2022-02-22,,0,0,,False
2022-02-23,,0,0,,False
2022-02-24,,0,0,,False
2022-02-25,,0,0,,False
2022-02-26,,0,0,,False
2022-02-27,,0,0,,False
2022-02-28,,0,0,,False
2022-03-01,,0,0,,False
2022-03-02,,0,0,,False
2022-03-03,,0,0,,False
2022-03-04,,0,0,,False
2022-03-05,,0,0,,False
2022-03-06,,0,0,,False
2022-03-07,,0,0,,False
2022-03-08,,0,0,,False
2022-03-09,,0,0,,False
2022-03-10,,0,0,,False
2022-03-11,,0,0,,False
2022-03-12,,0,0,,False
2022-03-13,,0,0,,False
2022-03-14,,0,0,,False
2022-03-15,,0,0,,False
2022-03-16,,0,0,,False
2022-03-17,,0,0,,False
2022-03-18,,0,0,,False
2022-03-19,,0,0,,False
2022-03-20,,0,0,,False
2022-03-21,,0,0,,False
2022-03-22,,0,0,,False
2022-03-23,,0,0,,False
2022-03-24,,0,0,,False
2022-03-25,,0,0,,False
2022-03-26,,0,0,,False
2022-03-27,,0,0,,False
2022-03-28,,0,0,,False
2022-03-29,,0,0,,False
2022-03-30,,0,0,,False
2022-03-31,,0,0,,False
2022-04-01,,0,0,,False
2022-04-02,,0,0,,False
2022-04-03,,0,0,,False
2022-04-04,,0,0,,False
2022-04-05,,0,0,,False
2022-04-06,,0,0,,False
2022-04-07,,0,0,,False
2022-04-08,,0,0,,False
2022-04-09,,0,0,,False
2022-04-10,,0,0,,False
2022-04-11,,0,0,,False
2022-04-12,,0,0,,False
2022-04-13,,0,0,,False
2022-04-14,,0,0,,False
2022-04-15,,0,0,,False
2022-04-16,,0,0,,False
2022-04-17,,0,0,,False
2022-04-18,,0,0,,False
2022-04-19,,0,0,,False
2022-04-20,,0,0,,False
2022-04-21,,0,0,,False
2022-04-22,,0,0,,False
2022-04-23,,0,0,,False
2022-04-24,,0,0,,False
2022-04-25,,0,0,,False
2022-04-26,,0,0,,False
2022-04-27,,0,0,,False
2022-04-28,,0,0,,False
2022-04-29,,0,0,,False
2022-04-30,,0,0,,False
2022-05-01,,0,0,,False
2022-05-02,,0,0,,False
2022-05-03,,0,0,,False
2022-05-04,,0,0,,False
2022-05-05,,0,0,,False
2022-05-06,,0,0,,False
2022-05-07,,0,0,,False
2022-05-08,,0,0,,False
2022-05-09,,0,0,,False
2022-05-10,,0,0,,False
2022-05-11,,0,0,,False
2022-05-12,,0,0,,False
2022-05-13,,0,0,,False
2022-05-14,,0,0,,False
2022-05-15,,0,0,,False
2022-05-16,,0,0,,False
2022-05-17,,0,0,,False
2022-05-18,,0,0,,False
2022-05-19,,0,0,,False
2022-05-20,,0,0,,False
2022-05-21,,0,0,,False
2022-05-22,,0,0,,False
2022-05-23,,0,0,,False
2022-05-24,,0,0,,False
2022-05-25,,0,0,,False
2022-05-26,,0,0,,False
2022-05-27,,0,0,,False
2022-05-28,,0,0,,False
2022-05-29,,0,0,,False
2022-05-30,,0,0,,False
2022-05-31,,0,0,,False
2022-06-01,,0,0,,False
2022-06-02,,0,0,,False
2022-06-03,,0,0,,False
2022-06-04,,0,0,,False
2022-06-05,,0,0,,False
2022-06-06,,0,0,,False
2022-06-07,,0,0,,False
2022-06-08,,0,0,,False
2022-06-09,,0,0,,False
2022-06-10,,0,0,,False
2022-06-11,,0,0,,False
2022-06-12,,0,0,,False
2022-06-13,,0,0,,False
2022-06-14,,0,0,,False
2022-06-15,,0,0,,False
2022-06-16,,0,0,,False
2022-06-17,,0,0,,False
2022-06-18,,0,0,,False
2022-06-19,,0,0,,False
2022-06-20,,0,0,,False
2022-06-21,,0,0,,False
2022-06-22,,0,0,,False
2022-06-23,,0,0,,False
2022-06-24,,0,0,,False
2022-06-25,,0,0,,False
2022-06-26,,0,0,,False
2022-06-27,,0,0,,False
2022-06-28,,0,0,,False
2022-06-29,,0,0,,False
2022-06-30,,0,0,,False
2022-07-01,,0,0,,False
2022-07-02,,0,0,,False
2022-07-03,,0,0,,False
2022-07-04,,0,0,,False
2022-07-05,,0,0,,False
2022-07-06,,0,0,,False
2022-07-07,,0,0,,False
2022-07-08,,0,0,,False
2022-07-09,,0,0,,False
2022-07-10,,0,0,,False
2022-07-11,,0,0,,False
2022-07-12,,0,0,,False
2022-07-13,,0,0,,False
2022-07-14,,0,0,,False
2022-07-15,,0,0,,False
2022-07-16,,0,0,,False
2022-07-17,,0,0,,False
2022-07-18,,0,0,,False
2022-07-19,,0,0,,False
2022-07-20,,0,0,,False
2022-07-21,,0,0,,False
2022-07-22,,0,0,,False
2022-07-23,,0,0,,False
2022-07-24,,0,0,,False
2022-07-25,,0,0,,False
2022-07-26,,0,0,,False
2022-07-27,,0,0,,False
2022-07-28,,0,0,,False
2022-07-29,,0,0,,False
2022-07-30,,0,0,,False
2022-07-31,,0,0,,False
2022-08-01,,0,0,,False
2022-08-02,,0,0,,False
2022-08-03,,0,0,,False
2022-08-04,,0,0,,False
2022-08-05,,0,0,,False
2022-08-06,,0,0,,False
2022-08-07,,0,0,,False
2022-08-08,,0,0,,False
2022-08-09,,0,0,,False
2022-08-10,,0,0,,False
2022-08-11,,0,0,,False
2022-08-12,,0,0,,False
2022-08-13,,0,0,,False
2022-08-14,,0,0,,False
2022-08-15,,0,0,,False
2022-08-16,,0,0,,False
2022-08-17,,0,0,,False
2022-08-18,,0,0,,False
2022-08-19,,0,0,,False
2022-08-20,,0,0,,False
2022-08-21,,0,0,,False
2022-08-22,,0,0,,False
2022-08-23,,0,0,,False
2022-08-24,,0,0,,False
2022-08-25,,0,0,,False
2022-08-26,,0,0,,False
2022-08-27,,0,0,,False
2022-08-28,,0,0,,False
2022-08-29,,0,0,,False
2022-08-30,,0,0,,False
2022-08-31,,0,0,,False
2022-09-01,,0,0,,False
2022-09-02,,0,0,,False
2022-09-03,,0,0,,False
2022-09-04,,0,0,,False
2022-09-05,,0,0,,False
2022-09-06,,0,0,,False
2022-09-07,,0,0,,False
2022-09-08,,0,0,,False
2022-09-09,,0,0,,False
2022-09-10,,0,0,,False
2022-09-11,,0,0,,False
2022-09-12,,0,0,,False
2022-09-13,,0,0,,False
2022-09-14,,0,0,,False
2022-09-15,,0,0,,False
2022-09-16,,0,0,,False
2022-09-17,,0,0,,False
2022-09-18,,0,0,,False
2022-09-19,,0,0,,False
2022-09-20,,0,0,,False
2022-09-21,,0,0,,False
2022-09-22,,0,0,,False
2022-09-23,,0,0,,False
2022-09-24,,0,0,,False
2022-09-25,,0,0,,False
2022-09-26,,0,0,,False
2022-09-27,,0,0,,False
2022-09-28,,0,0,,False
2022-09-29,,0,0,,False
2022-09-30,,0,0,,False
2022-10-01,,0,0,,False
2022-10-02,,0,0,,False
2022-10-03,,0,0,,False
2022-10-04,,0,0,,False
2022-10-05,,0,0,,False
2022-10-06,,0,0,,False
2022-10-07,,0,0,,False
2022-10-08,,0,0,,False
2022-10-09,,0,0,,False
2022-10-10,,0,0,,False
2022-10-11,,0,0,,False
2022-10-12,,0,0,,False
2022-10-13,,0,0,,False
2022-10-14,,0,0,,False
2022-10-15,,0,0,,False
2022-10-16,,0,0,,False
2022-10-17,,0,0,,False
2022-10-18,,0,0,,False
2022-10-19,,0,0,,False
2022-10-20,,0,0,,False
2022-10-21,,0,0,,False
2022-10-22,,0,0,,False
2022-10-23,,0,0,,False
2022-10-24,,0,0,,False
2022-10-25,,0,0,,False
2022-10-26,,0,0,,False
2022-10-27,,0,0,,False
2022-10-28,,0,0,,False
2022-10-29,,0,0,,False
2022-10-30,,0,0,,False
2022-10-31,,0,0,,False
2022-11-01,,0,0,,False
2022-11-02,,0,0,,False
2022-11-03,,0,0,,False
2022-11-04,,0,0,,False
2022-11-05,,0,0,,False
2022-11-06,,0,0,,False
2022-11-07,,0,0,,False
2022-11-08,,0,0,,False
2022-11-09,,0,0,,False
2022-11-10,,0,0,,False
2022-11-11,,0,0,,False
2022-11-12,,0,0,,False
2022-11-13,,0,0,,False
2022-11-14,,0,0,,False
2022-11-15,,0,0,,False
2022-11-16,,0,0,,False
2022-11-17,,0,0,,False
2022-11-18,,0,0,,False
2022-11-19,,0,0,,False
2022-11-20,,0,0,,False
2022-11-21,,0,0,,False
2022-11-22,,0,0,,False
2022-11-23,,0,0,,False
2022-11-24,,0,0,,False
2022-11-25,,0,0,,False
2022-11-26,,0,0,,False
2022-11-27,,0,0,,False
2022-11-28,,0,0,,False
2022-11-29,,0,0,,False
2022-11-30,,0,0,,False
2022-12-01,,0,0,,False
2022-12-02,,0,0,,False
2022-12-03,,0,0,,False
2022-12-04,,0,0,,False
2022-12-05,,0,0,,False
2022-12-06,,0,0,,False
2022-12-07,,0,0,,False
2022-12-08,,0,0,,False
2022-12-09,,0,0,,False
2022-12-10,,0,0,,False
2022-12-11,,0,0,,False
2022-12-12,,0,0,,False
2022-12-13,,0,0,,False
2022-12-14,,0,0,,False
2022-12-15,,0,0,,False
2022-12-16,,0,0,,False
2022-12-17,,0,0,,False
2022-12-18,,0,0,,False
2022-12-19,,0,0,,False
2022-12-20,,0,0,,False
2022-12-21,,0,0,,False
2022-12-22,,0,0,,False
2022-12-23,,0,0,,False
2022-12-24,,0,0,,False
2022-12-25,,0,0,,False
2022-12-26,,0,0,,False
2022-12-27,,0,0,,False
2022-12-28,,0,0,,False
2022-12-29,,0,0,,False
2022-12-30,,0,0,,False
2022-12-31,,0,0,,False
2023-01-01,,0,0,,False
2023-01-02,,0,0,,False
2023-01-03,,0,0,,False
2023-01-04,,0,0,,False
2023-01-05,,0,0,,False
2023-01-06,,0,0,,False
2023-01-07,,0,0,,False
2023-01-08,,0,0,,False
2023-01-09,,0,0,,False
2023-01-10,,0,0,,False
2023-01-11,,0,0,,False
2023-01-12,,0,0,,False
2023-01-13,12.6692,13,3,4,False
2023-01-14,11.8972,24,4,4,True
2023-01-15,11.9446,24,4,4,True
2023-01-16,11.4159,24,4,4,True
2023-01-17,12.4964,24,4,4,True
2023-01-18,12.4733,24,4,4,True
2023-01-19,9.9125,24,4,4,True
2023-01-20,8.8915,24,4,4,True
2023-01-21,8.3702,24,4,4,True
2023-01-22,8.4440,24,4,4,True
2023-01-23,7.9978,24,4,4,True
2023-01-24,8.8078,24,4,4,True
2023-01-25,8.3485,24,4,4,True
2023-01-26,8.0812,24,4,4,True
2023-01-27,8.5137,24,4,4,True
2023-01-28,8.5553,24,4,4,True
2023-01-29,6.4759,24,4,4,True
2023-01-30,7.4795,24,4,4,True
2023-01-31,6.9904,24,4,4,True
2023-02-01,7.2349,24,4,4,True
2023-02-02,7.7930,24,4,4,True
2023-02-03,9.3070,24,4,4,True
2023-02-04,11.0241,24,4,4,True
2023-02-05,10.9030,24,4,4,True
2023-02-06,10.9638,24,4,4,True
2023-02-07,12.2671,24,4,4,True
2023-02-08,12.5043,24,4,4,True
2023-02-09,11.2573,24,4,4,True
2023-02-10,9.5541,24,4,4,True
2023-02-11,8.9754,24,4,4,True
2023-02-12,8.2323,24,4,4,True
2023-02-13,8.5048,24,4,4,True
2023-02-14,8.7392,24,4,4,True
2023-02-15,9.8870,24,4,4,True
2023-02-16,10.8950,24,4,4,True
2023-02-17,11.5128,24,4,4,True
2023-02-18,11.0985,24,4,4,True
2023-02-19,11.4728,24,4,4,True
2023-02-20,11.6826,24,4,4,True
2023-02-21,12.8375,24,4,4,True
2023-02-22,13.6536,24,4,4,True
2023-02-23,13.2654,24,4,4,True
2023-02-24,12.1102,24,4,4,True
2023-02-25,11.9638,24,4,4,True
2023-02-26,11.3980,24,4,4,True
2023-02-27,10.4794,24,4,4,True
2023-02-28,10.3864,24,4,4,True
2023-03-01,10.9756,24,4,4,True
2023-03-02,11.3210,24,4,4,True
2023-03-03,11.4542,24,4,4,True
2023-03-04,11.9103,24,4,4,True
2023-03-05,11.9730,24,4,4,True
2023-03-06,13.4717,24,4,4,True
2023-03-07,14.5430,24,4,4,True
2023-03-08,13.9917,24,4,4,True
2023-03-09,13.7027,24,4,4,True
2023-03-10,13.6828,24,4,4,True
2023-03-11,14.1208,24,4,4,True
2023-03-12,14.7881,24,4,4,True
2023-03-13,15.2036,24,4,4,True
2023-03-14,15.3590,24,4,4,True
2023-03-15,15.2302,24,4,4,True
2023-03-16,14.7704,24,4,4,True
2023-03-17,14.8706,24,4,4,True
2023-03-18,15.0612,24,4,4,True
2023-03-19,15.3718,24,4,4,True
2023-03-20,15.8461,24,4,4,True
2023-03-21,15.6732,24,4,4,True
2023-03-22,15.7168,24,4,4,True
2023-03-23,15.9962,24,4,4,True
2023-03-24,16.2204,24,4,4,True
2023-03-25,16.7226,24,4,4,True
2023-03-26,17.1945,22,4,4,True
2023-03-27,17.3635,24,4,4,True
2023-03-28,16.1818,24,4,4,True
2023-03-29,17.4448,24,4,4,True
2023-03-30,17.1154,24,4,4,True
2023-03-31,16.3644,24,4,4,True
2023-04-01,15.9296,24,4,4,True
2023-04-02,16.5968,24,4,4,True
2023-04-03,16.6108,24,4,4,True
2023-04-04,16.6560,24,4,4,True
2023-04-05,17.3159,24,4,4,True
2023-04-06,16.7160,24,4,4,True
2023-04-07,17.3794,24,4,4,True
2023-04-08,17.8777,24,4,4,True
2023-04-09,18.0928,24,4,4,True
2023-04-10,17.7420,24,4,4,True
2023-04-11,18.2207,24,4,4,True
2023-04-12,18.0077,24,4,4,True
2023-04-13,17.8322,24,4,4,True
2023-04-14,17.8451,24,4,4,True
2023-04-15,17.5300,24,4,4,True
2023-04-16,17.1375,24,4,4,True
2023-04-17,17.2695,24,4,4,True
2023-04-18,18.0819,24,4,4,True
2023-04-19,18.3702,24,4,4,True
2023-04-20,18.1801,24,4,4,True
2023-04-21,17.8382,24,4,4,True
2023-04-22,17.6113,24,4,4,True
2023-04-23,17.4824,24,4,4,True
2023-04-24,17.6648,24,4,4,True
2023-04-25,18.1009,24,4,4,True
2023-04-26,18.9717,24,4,4,True
2023-04-27,19.3196,24,4,4,True
2023-04-28,19.2611,24,4,4,True
2023-04-29,19.5158,24,4,4,True
2023-04-30,20.1066,24,4,4,True
2023-05-01,20.3357,24,4,4,True
2023-05-02,21.1083,24,4,4,True
2023-05-03,22.3375,24,4,4,True
2023-05-04,21.9930,24,4,4,True
2023-05-05,21.5995,24,4,4,True
2023-05-06,21.5201,24,4,4,True
2023-05-07,21.4050,24,4,4,True
2023-05-08,21.3025,24,4,4,True
2023-05-09,21.8613,24,4,4,True
2023-05-10,21.6502,24,4,4,True
2023-05-11,21.8634,24,4,4,True
2023-05-12,21.7798,24,4,4,True
2023-05-13,20.9216,24,4,4,True
2023-05-14,20.2931,24,4,4,True
2023-05-15,20.1365,24,4,4,True
2023-05-16,19.7686,24,4,4,True
2023-05-17,19.7268,24,4,4,True
2023-05-18,20.0711,24,4,4,True
2023-05-19,19.8657,24,4,4,True
2023-05-20,19.7934,24,4,4,True
2023-05-21,18.9072,24,4,4,True
2023-05-22,19.0471,24,4,4,True
2023-05-23,19.8165,24,4,4,True
2023-05-24,20.8661,24,4,4,True
2023-05-25,21.5740,24,4,4,True
2023-05-26,21.4733,24,4,4,True
2023-05-27,21.9552,24,4,4,True
2023-05-28,22.4139,24,4,4,True
2023-05-29,22.4722,24,4,4,True
2023-05-30,22.9176,24,4,4,True
2023-05-31,22.9549,24,4,4,True
2023-06-01,22.8800,24,4,4,True
2023-06-02,23.4038,24,4,4,True
2023-06-03,23.8308,24,4,4,True
2023-06-04,24.2208,24,4,4,True
2023-06-05,24.2762,24,4,4,True
2023-06-06,24.6500,24,4,4,True
2023-06-07,25.0128,24,4,4,True
2023-06-08,25.5384,24,4,4,True
2023-06-09,25.0940,24,4,4,True
2023-06-10,25.3732,24,4,4,True
2023-06-11,25.7054,24,4,4,True
2023-06-12,25.9407,24,4,4,True
2023-06-13,25.9695,24,4,4,True
2023-06-14,25.9437,24,4,4,True
2023-06-15,25.8888,24,4,4,True
2023-06-16,26.0728,14,3,4,False
2023-06-17,,0,0,,False
2023-06-18,,0,0,,False
2023-06-19,,0,0,,False
2023-06-20,,0,0,,False
2023-06-21,,0,0,,False
2023-06-22,,0,0,,False
2023-06-23,,0,0,,False
2023-06-24,,0,0,,False
2023-06-25,,0,0,,False
2023-06-26,,0,0,,False
2023-06-27,,0,0,,False
2023-06-28,,0,0,,False
2023-06-29,,0,0,,False
2023-06-30,,0,0,,False
2023-07-01,,0,0,,False
2023-07-02,,0,0,,False
2023-07-03,,0,0,,False
2023-07-04,,0,0,,False
2023-07-05,,0,0,,False
2023-07-06,,0,0,,False
2023-07-07,,0,0,,False
2023-07-08,,0,0,,False
2023-07-09,,0,0,,False
2023-07-10,,0,0,,False
2023-07-11,,0,0,,False
2023-07-12,,0,0,,False
2023-07-13,,0,0,,False
2023-07-14,,0,0,,False
2023-07-15,,0,0,,False
2023-07-16,,0,0,,False
2023-07-17,,0,0,,False
2023-07-18,,0,0,,False
2023-07-19,,0,0,,False
2023-07-20,,0,0,,False
2023-07-21,,0,0,,False
2023-07-22,,0,0,,False
2023-07-23,,0,0,,False
2023-07-24,,0,0,,False
2023-07-25,,0,0,,False
2023-07-26,,0,0,,False
2023-07-27,,0,0,,False
2023-07-28,,0,0,,False
2023-07-29,,0,0,,False
2023-07-30,,0,0,,False
2023-07-31,,0,0,,False
2023-08-01,,0,0,,False
2023-08-02,,0,0,,False
2023-08-03,,0,0,,False
2023-08-04,,0,0,,False
2023-08-05,,0,0,,False
2023-08-06,,0,0,,False
2023-08-07,,0,0,,False
2023-08-08,,0,0,,False
2023-08-09,,0,0,,False
2023-08-10,,0,0,,False
2023-08-11,,0,0,,False
2023-08-12,,0,0,,False
2023-08-13,,0,0,,False
2023-08-14,,0,0,,False
2023-08-15,,0,0,,False
2023-08-16,,0,0,,False
2023-08-17,,0,0,,False
2023-08-18,,0,0,,False
2023-08-19,,0,0,,False
2023-08-20,,0,0,,False
2023-08-21,,0,0,,False
2023-08-22,,0,0,,False
2023-08-23,,0,0,,False
2023-08-24,,0,0,,False
2023-08-25,,0,0,,False
2023-08-26,,0,0,,False
2023-08-27,,0,0,,False
2023-08-28,,0,0,,False
2023-08-29,,0,0,,False
2023-08-30,,0,0,,False
2023-08-31,,0,0,,False
2023-09-01,,0,0,,False
2023-09-02,,0,0,,False
2023-09-03,,0,0,,False
2023-09-04,,0,0,,False
2023-09-05,,0,0,,False
2023-09-06,,0,0,,False
2023-09-07,,0,0,,False
2023-09-08,,0,0,,False
2023-09-09,,0,0,,False
2023-09-10,,0,0,,False
2023-09-11,,0,0,,False
2023-09-12,,0,0,,False
2023-09-13,,0,0,,False
2023-09-14,,0,0,,False
2023-09-15,,0,0,,False
2023-09-16,,0,0,,False
2023-09-17,,0,0,,False
2023-09-18,,0,0,,False
2023-09-19,,0,0,,False
2023-09-20,,0,0,,False
2023-09-21,,0,0,,False
2023-09-22,,0,0,,False
2023-09-23,,0,0,,False
2023-09-24,,0,0,,False
2023-09-25,,0,0,,False
2023-09-26,,0,0,,False
2023-09-27,,0,0,,False
2023-09-28,,0,0,,False
2023-09-29,,0,0,,False
2023-09-30,,0,0,,False
2023-10-01,,0,0,,False
2023-10-02,,0,0,,False
2023-10-03,,0,0,,False
2023-10-04,,0,0,,False
2023-10-05,,0,0,,False
2023-10-06,,0,0,,False
2023-10-07,,0,0,,False
2023-10-08,,0,0,,False
2023-10-09,,0,0,,False
2023-10-10,,0,0,,False
2023-10-11,,0,0,,False
2023-10-12,,0,0,,False
2023-10-13,,0,0,,False
2023-10-14,,0,0,,False
2023-10-15,,0,0,,False
2023-10-16,,0,0,,False
2023-10-17,,0,0,,False
2023-10-18,,0,0,,False
2023-10-19,,0,0,,False
2023-10-20,,0,0,,False
2023-10-21,,0,0,,False
2023-10-22,,0,0,,False
2023-10-23,,0,0,,False
2023-10-24,,0,0,,False
2023-10-25,,0,0,,False
2023-10-26,,0,0,,False
2023-10-27,,0,0,,False
2023-10-28,,0,0,,False
2023-10-29,,0,0,,False
2023-10-30,,0,0,,False
2023-10-31,,0,0,,False
2023-11-01,,0,0,,False
2023-11-02,,0,0,,False
2023-11-03,,0,0,,False
2023-11-04,,0,0,,False
2023-11-05,,0,0,,False
2023-11-06,,0,0,,False
2023-11-07,,0,0,,False
2023-11-08,,0,0,,False
2023-11-09,,0,0,,False
2023-11-10,,0,0,,False
2023-11-11,,0,0,,False
2023-11-12,,0,0,,False
2023-11-13,,0,0,,False
2023-11-14,,0,0,,False
2023-11-15,,0,0,,False
2023-11-16,16.6391,15,3,4,False
2023-11-17,16.6138,24,4,4,True
2023-11-18,16.4928,24,4,4,True
2023-11-19,16.7348,24,4,4,True
2023-11-20,17.0522,24,4,4,True
2023-11-21,16.7684,24,4,4,True
2023-11-22,15.7218,24,4,4,True
2023-11-23,15.2581,24,4,4,True
2023-11-24,15.5986,24,4,4,True
2023-11-25,14.8417,24,4,4,True
2023-11-26,14.4049,24,4,4,True
2023-11-27,14.8742,24,4,4,True
2023-11-28,13.8917,24,4,4,True
2023-11-29,13.3821,24,4,4,True
2023-11-30,13.2028,24,4,4,True
2023-12-01,13.3170,24,4,4,True
2023-12-02,13.4384,24,4,4,True
2023-12-03,12.9095,24,4,4,True
2023-12-04,11.6838,24,4,4,True
2023-12-05,13.0028,24,4,4,True
2023-12-06,13.6286,24,4,4,True
2023-12-07,13.6847,24,4,4,True
2023-12-08,12.6197,24,4,4,True
2023-12-09,13.0363,24,4,4,True
2023-12-10,12.5496,24,4,4,True
2023-12-11,12.0991,24,4,4,True
2023-12-12,12.3188,24,4,4,True
2023-12-13,12.6511,24,4,4,True
2023-12-14,13.1653,24,4,4,True
2023-12-15,12.2825,24,4,4,True
2023-12-16,12.5567,24,4,4,True
2023-12-17,12.7477,24,4,4,True
2023-12-18,12.9980,24,4,4,True
2023-12-19,12.9688,24,4,4,True
2023-12-20,12.9044,24,4,4,True
2023-12-21,12.1666,24,4,4,True
2023-12-22,12.4585,24,4,4,True
2023-12-23,11.5343,24,4,4,True
2023-12-24,11.2736,24,4,4,True
2023-12-25,11.6342,24,4,4,True
2023-12-26,12.1657,24,4,4,True
2023-12-27,12.1012,24,4,4,True
2023-12-28,12.1052,24,4,4,True
2023-12-29,12.2362,24,4,4,True
2023-12-30,12.0405,24,4,4,True
2023-12-31,11.6756,24,4,4,True
2024-01-01,11.8494,24,4,4,True
2024-01-02,12.0698,24,4,4,True
2024-01-03,12.0447,24,4,4,True
2024-01-04,12.2142,24,4,4,True
2024-01-05,12.1263,24,4,4,True
2024-01-06,12.6338,24,4,4,True
2024-01-07,12.6570,24,4,4,True
2024-01-08,11.2837,24,4,4,True
2024-01-09,10.7635,24,4,4,True
2024-01-10,9.5648,24,4,4,True
2024-01-11,8.3917,24,4,4,True
2024-01-12,8.8160,24,4,4,True
2024-01-13,9.4043,24,4,4,True
2024-01-14,9.3909,24,4,4,True
2024-01-15,9.3847,24,4,4,True
2024-01-16,9.7379,24,4,4,True
2024-01-17,9.9378,24,4,4,True
2024-01-18,10.2283,24,4,4,True
2024-01-19,10.5284,24,4,4,True
2024-01-20,10.0235,24,4,4,True
2024-01-21,10.8079,24,4,4,True
2024-01-22,10.6046,24,4,4,True
2024-01-23,9.8805,24,4,4,True
2024-01-24,10.0471,24,4,4,True
2024-01-25,10.4272,24,4,4,True
2024-01-26,10.5522,24,4,4,True
2024-01-27,10.9772,24,4,4,True
2024-01-28,10.9954,24,4,4,True
2024-01-29,10.1345,24,4,4,True
2024-01-30,11.5267,24,4,4,True
2024-01-31,11.2272,24,4,4,True
2024-02-01,11.5431,24,4,4,True
2024-02-02,11.9969,24,4,4,True
2024-02-03,12.6267,24,4,4,True
2024-02-04,13.1615,24,4,4,True
2024-02-05,13.4794,24,4,4,True
2024-02-06,13.9730,24,4,4,True
2024-02-07,13.9644,24,4,4,True
2024-02-08,13.7411,24,4,4,True
2024-02-09,12.6913,24,4,4,True
2024-02-10,11.5038,24,4,4,True
2024-02-11,12.6336,24,4,4,True
2024-02-12,13.1516,24,4,4,True
2024-02-13,12.8079,24,4,4,True
2024-02-14,13.0098,24,4,4,True
2024-02-15,13.1694,24,4,4,True
2024-02-16,13.3669,24,4,4,True
2024-02-17,14.0388,24,4,4,True
2024-02-18,14.4414,24,4,4,True
2024-02-19,14.8401,24,4,4,True
2024-02-20,14.7952,24,4,4,True
2024-02-21,14.8020,24,4,4,True
2024-02-22,14.6688,24,4,4,True
2024-02-23,15.1509,24,4,4,True
2024-02-24,15.2971,24,4,4,True
2024-02-25,15.2075,24,4,4,True
2024-02-26,14.7113,24,4,4,True
2024-02-27,14.9667,24,4,4,True
2024-02-28,14.2642,24,4,4,True
2024-02-29,12.9815,24,4,4,True
2024-03-01,15.0211,24,4,4,True
2024-03-02,13.7664,24,4,4,True
2024-03-03,12.5003,24,4,4,True
2024-03-04,11.6845,24,4,4,True
2024-03-05,11.2834,24,4,4,True
2024-03-06,11.8337,24,4,4,True
2024-03-07,11.9764,24,4,4,True
2024-03-08,12.0174,24,4,4,True
2024-03-09,12.2684,24,4,4,True
2024-03-10,13.7755,24,4,4,True
2024-03-11,14.3006,24,4,4,True
2024-03-12,14.1425,24,4,4,True
2024-03-13,14.3633,24,4,4,True
2024-03-14,14.8898,24,4,4,True
2024-03-15,15.0870,24,4,4,True
2024-03-16,15.6394,24,4,4,True
2024-03-17,15.9156,24,4,4,True
2024-03-18,16.4062,24,4,4,True
2024-03-19,16.7872,24,4,4,True
2024-03-20,16.7229,24,4,4,True
2024-03-21,16.5433,24,4,4,True
2024-03-22,16.8577,24,4,4,True
2024-03-23,17.7271,24,4,4,True
2024-03-24,17.3481,24,4,4,True
2024-03-25,15.3903,24,4,4,True
2024-03-26,14.2297,24,4,4,True
2024-03-27,13.8982,24,4,4,True
2024-03-28,14.7282,24,4,4,True
2024-03-29,15.1210,24,4,4,True
2024-03-30,15.6055,24,4,4,True
2024-03-31,15.6383,22,4,4,True
2024-04-01,15.6114,24,4,4,True
2024-04-02,15.4941,24,4,4,True
2024-04-03,15.8353,24,4,4,True
2024-04-04,16.3189,24,4,4,True
2024-04-05,16.8528,24,4,4,True
2024-04-06,16.9550,24,4,4,True
2024-04-07,16.6912,24,4,4,True
2024-04-08,16.3458,24,4,4,True
2024-04-09,16.3296,24,4,4,True
2024-04-10,16.7053,24,4,4,True
2024-04-11,15.8855,24,4,4,True
2024-04-12,16.8744,24,4,4,True
2024-04-13,17.8471,24,4,4,True
2024-04-14,18.5992,24,4,4,True
2024-04-15,18.7538,24,4,4,True
2024-04-16,18.7636,24,4,4,True
2024-04-17,18.8590,24,4,4,True
2024-04-18,18.0924,24,4,4,True
2024-04-19,16.9857,24,4,4,True
2024-04-20,17.7208,24,4,4,True
2024-04-21,17.7509,24,4,4,True
2024-04-22,17.1996,24,4,4,True
2024-04-23,16.9975,24,4,4,True
2024-04-24,17.1560,24,4,4,True
2024-04-25,15.9267,24,4,4,True
2024-04-26,16.4890,24,4,4,True
2024-04-27,14.9975,24,4,4,True
2024-04-28,14.9090,24,4,4,True
2024-04-29,15.1199,24,4,4,True
2024-04-30,15.2615,24,4,4,True
2024-05-01,15.5061,24,4,4,True
2024-05-02,14.7305,24,4,4,True
2024-05-03,15.1234,24,4,4,True
2024-05-04,16.0353,24,4,4,True
2024-05-05,16.5353,24,4,4,True
2024-05-06,16.6048,24,4,4,True
2024-05-07,16.4808,24,4,4,True
2024-05-08,16.8884,24,4,4,True
2024-05-09,17.6082,24,4,4,True
2024-05-10,18.3130,24,4,4,True
2024-05-11,18.7003,24,4,4,True
2024-05-12,18.8598,24,4,4,True
2024-05-13,19.1858,24,4,4,True
2024-05-14,18.4177,24,4,4,True
2024-05-15,16.8767,24,4,4,True
2024-05-16,16.6613,24,4,4,True
2024-05-17,16.8277,24,4,4,True
2024-05-18,17.2244,24,4,4,True
2024-05-19,17.3167,24,4,4,True
2024-05-20,17.3951,24,4,4,True
2024-05-21,17.3822,24,4,4,True
2024-05-22,17.6787,24,4,4,True
2024-05-23,18.3118,24,4,4,True
2024-05-24,18.2316,24,4,4,True
2024-05-25,18.4526,24,4,4,True
2024-05-26,19.1531,24,4,4,True
2024-05-27,19.4176,24,4,4,True
2024-05-28,19.0540,24,4,4,True
2024-05-29,19.8590,24,4,4,True
2024-05-30,20.0067,24,4,4,True
2024-05-31,19.4663,24,4,4,True
2024-06-01,19.3424,24,4,4,True
2024-06-02,19.6683,24,4,4,True
2024-06-03,20.3240,24,4,4,True
2024-06-04,20.9675,24,4,4,True
2024-06-05,21.8138,24,4,4,True
2024-06-06,22.8321,24,4,4,True
2024-06-07,23.2647,24,4,4,True
2024-06-08,23.0705,24,4,4,True
2024-06-09,22.6028,24,4,4,True
2024-06-10,22.6988,24,4,4,True
2024-06-11,23.8118,24,4,4,True
2024-06-12,24.7734,24,4,4,True
2024-06-13,23.5585,24,4,4,True
2024-06-14,22.4191,24,4,4,True
2024-06-15,23.1069,24,4,4,True
2024-06-16,22.9034,24,4,4,True
2024-06-17,22.8342,24,4,4,True
2024-06-18,23.0861,24,4,4,True
2024-06-19,23.5501,24,4,4,True
2024-06-20,23.3532,24,4,4,True
2024-06-21,23.2497,24,4,4,True
2024-06-22,23.6960,24,4,4,True
2024-06-23,23.8235,24,4,4,True
2024-06-24,23.8045,24,4,4,True
2024-06-25,24.3725,24,4,4,True
2024-06-26,24.4732,24,4,4,True
2024-06-27,24.7491,24,4,4,True
2024-06-28,25.3573,24,4,4,True
2024-06-29,25.7987,24,4,4,True
2024-06-30,25.7547,24,4,4,True
2024-07-01,25.3052,24,4,4,True
2024-07-02,25.7667,24,4,4,True
2024-07-03,25.7730,24,4,4,True
2024-07-04,25.7516,24,4,4,True
2024-07-05,24.9622,24,4,4,True
2024-07-06,22.8739,24,4,4,True
2024-07-07,22.3103,24,4,4,True
2024-07-08,23.7958,24,4,4,True
2024-07-09,24.7952,24,4,4,True
2024-07-10,25.4507,24,4,4,True
2024-07-11,26.2126,24,4,4,True
2024-07-12,24.9014,24,4,4,True
2024-07-13,25.9537,24,4,4,True
2024-07-14,26.7567,24,4,4,True
2024-07-15,26.7290,24,4,4,True
2024-07-16,26.5307,24,4,4,True
2024-07-17,26.5228,24,4,4,True
2024-07-18,26.9589,24,4,4,True
2024-07-19,26.8593,24,4,4,True
2024-07-20,27.2775,24,4,4,True
2024-07-21,26.0791,24,4,4,True
2024-07-22,26.4905,24,4,4,True
2024-07-23,27.9124,24,4,4,True
2024-07-24,28.7398,24,4,4,True
2024-07-25,27.9597,24,4,4,True
2024-07-26,27.3760,24,4,4,True
2024-07-27,26.3129,24,4,4,True
2024-07-28,26.7391,24,4,4,True
2024-07-29,26.8838,24,4,4,True
2024-07-30,26.7206,24,4,4,True
2024-07-31,27.5502,24,4,4,True
2024-08-01,28.5292,24,4,4,True
2024-08-02,29.0778,24,4,4,True
2024-08-03,28.8918,24,4,4,True
2024-08-04,28.8012,24,4,4,True
2024-08-05,28.4355,24,4,4,True
2024-08-06,28.2505,24,4,4,True
2024-08-07,27.7041,24,4,4,True
2024-08-08,27.6740,24,4,4,True
2024-08-09,27.0455,24,4,4,True
2024-08-10,27.4293,24,4,4,True
2024-08-11,27.7475,24,4,4,True
2024-08-12,27.8355,24,4,4,True
2024-08-13,28.0775,24,4,4,True
2024-08-14,27.1715,24,4,4,True
2024-08-15,27.5905,24,4,4,True
2024-08-16,27.6606,24,4,4,True
2024-08-17,27.7169,24,4,4,True
2024-08-18,27.6580,24,4,4,True
2024-08-19,27.5355,24,4,4,True
2024-08-20,27.6893,24,4,4,True
2024-08-21,27.1725,24,4,4,True
2024-08-22,26.5888,24,4,4,True
2024-08-23,25.8792,24,4,4,True
2024-08-24,25.3347,24,4,4,True
2024-08-25,25.5667,24,4,4,True
2024-08-26,25.9875,24,4,4,True
2024-08-27,26.2623,24,4,4,True
2024-08-28,26.1392,24,4,4,True
2024-08-29,26.1264,24,4,4,True
2024-08-30,26.2577,24,4,4,True
2024-08-31,26.3383,24,4,4,True
2024-09-01,26.3594,24,4,4,True
2024-09-02,26.7629,24,4,4,True
2024-09-03,26.7628,24,4,4,True
2024-09-04,26.2461,24,4,4,True
2024-09-05,24.6174,24,4,4,True
2024-09-06,25.0992,24,4,4,True
2024-09-07,24.7926,24,4,4,True
2024-09-08,24.8981,24,4,4,True
2024-09-09,24.7271,24,4,4,True
2024-09-10,24.6082,24,4,4,True
2024-09-11,24.5868,24,4,4,True
2024-09-12,24.0441,24,4,4,True
2024-09-13,22.7410,24,4,4,True
2024-09-14,21.4595,24,4,4,True
2024-09-15,21.0458,24,4,4,True
2024-09-16,20.4060,24,4,4,True
2024-09-17,19.5355,24,4,4,True
2024-09-18,20.2598,24,4,4,True
2024-09-19,20.2812,24,4,4,True
2024-09-20,20.2842,24,4,4,True
2024-09-21,20.8523,24,4,4,True
2024-09-22,21.0318,24,4,4,True
2024-09-23,20.8947,24,4,4,True
2024-09-24,21.1412,24,4,4,True
2024-09-25,21.1927,24,4,4,True
2024-09-26,21.4324,24,4,4,True
2024-09-27,21.6251,24,4,4,True
2024-09-28,21.8703,24,4,4,True
2024-09-29,21.8762,24,4,4,True
2024-09-30,21.7128,24,4,4,True
2024-10-01,21.4720,24,4,4,True
2024-10-02,20.8132,24,4,4,True
2024-10-03,20.2226,24,4,4,True
2024-10-04,20.6535,24,4,4,True
2024-10-05,20.8182,24,4,4,True
2024-10-06,20.8938,24,4,4,True
2024-10-07,19.4319,24,4,4,True
2024-10-08,18.2286,24,4,4,True
2024-10-09,19.3651,24,4,4,True
2024-10-10,19.8012,24,4,4,True
2024-10-11,19.7487,24,4,4,True
2024-10-12,19.1195,24,4,4,True
2024-10-13,19.7090,24,4,4,True
2024-10-14,19.7795,24,4,4,True
2024-10-15,19.3602,24,4,4,True
2024-10-16,18.9974,24,4,4,True
2024-10-17,19.3462,24,4,4,True
2024-10-18,18.6626,24,4,4,True
2024-10-19,18.2068,24,4,4,True
2024-10-20,18.2257,24,4,4,True
2024-10-21,18.3723,24,4,4,True
2024-10-22,18.6547,24,4,4,True
2024-10-23,19.4772,24,4,4,True
2024-10-24,19.3345,24,4,4,True
2024-10-25,18.2781,24,4,4,True
2024-10-26,17.9770,24,4,4,True
2024-10-27,17.1802,24,4,4,True
2024-10-28,16.5980,24,4,4,True
2024-10-29,16.5006,24,4,4,True
2024-10-30,16.3905,24,4,4,True
2024-10-31,16.4153,24,4,4,True
2024-11-01,16.2624,24,4,4,True
2024-11-02,16.0420,24,4,4,True
2024-11-03,15.8174,24,4,4,True
2024-11-04,15.8371,24,4,4,True
2024-11-05,16.1025,24,4,4,True
2024-11-06,16.1463,24,4,4,True
2024-11-07,16.1948,24,4,4,True
2024-11-08,16.3149,24,4,4,True
2024-11-09,16.3010,24,4,4,True
2024-11-10,16.0013,24,4,4,True
2024-11-11,15.5699,24,4,4,True
2024-11-12,14.7664,24,4,4,True
2024-11-13,13.7800,24,4,4,True
2024-11-14,13.2468,24,4,4,True
2024-11-15,12.8593,24,4,4,True
2024-11-16,12.5959,24,4,4,True
2024-11-17,12.6018,24,4,4,True
2024-11-18,12.5767,24,4,4,True
2024-11-19,12.5725,24,4,4,True
2024-11-20,12.7408,24,4,4,True
2024-11-21,12.4381,24,4,4,True
2024-11-22,12.5585,24,4,4,True
2024-11-23,11.1205,24,4,4,True
2024-11-24,11.6412,24,4,4,True
2024-11-25,12.8176,24,4,4,True
2024-11-26,13.4655,24,4,4,True
2024-11-27,13.4363,24,4,4,True
2024-11-28,13.2648,24,4,4,True
2024-11-29,13.2368,24,4,4,True
2024-11-30,12.6653,24,4,4,True
2024-12-01,12.4619,24,4,4,True
2024-12-02,12.4640,24,4,4,True
2024-12-03,12.4003,24,4,4,True
2024-12-04,11.8188,24,4,4,True
2024-12-05,11.2290,24,4,4,True
2024-12-06,12.7312,24,4,4,True
2024-12-07,12.7563,24,4,4,True
2024-12-08,14.4548,24,4,4,True
2024-12-09,11.4765,24,4,4,True
2024-12-10,13.4526,24,4,4,True
2024-12-11,13.8555,24,4,4,True
2024-12-12,14.3523,24,4,4,True
2024-12-13,14.3443,24,4,4,True
2024-12-14,10.4753,24,4,4,True
2024-12-15,10.2065,24,4,4,True
2024-12-16,9.1625,24,4,4,True
2024-12-17,10.0410,24,4,4,True
2024-12-18,9.2392,24,4,4,True
2024-12-19,10.6321,24,4,4,True
2024-12-20,12.7110,24,4,4,True
2024-12-21,10.0989,24,4,4,True
2024-12-22,11.5067,24,4,4,True
2024-12-23,12.6405,24,4,4,True
2024-12-24,10.0745,24,4,4,True
2024-12-25,10.6635,24,4,4,True
2024-12-26,12.9018,24,4,4,True
2024-12-27,13.0310,24,4,4,True
2024-12-28,10.4947,24,4,4,True
2024-12-29,8.6833,24,4,4,True
2024-12-30,8.4673,24,4,4,True
2024-12-31,8.6773,24,4,4,True
2025-01-01,9.8595,24,4,4,True
2025-01-02,11.5950,24,4,4,True
2025-01-03,12.3537,24,4,4,True
2025-01-04,10.7728,24,4,4,True
2025-01-05,10.3817,24,4,4,True
2025-01-06,11.2773,24,4,4,True
2025-01-07,13.6927,24,4,4,True
2025-01-08,12.9838,24,4,4,True
2025-01-09,12.8583,24,4,4,True
2025-01-10,12.3686,24,4,4,True
2025-01-11,11.8218,24,4,4,True
2025-01-12,11.0674,24,4,4,True
2025-01-13,10.6268,24,4,4,True
2025-01-14,10.5982,24,4,4,True
2025-01-15,10.7187,24,4,4,True
2025-01-16,12.2863,24,4,4,True
2025-01-17,11.9729,24,4,4,True
2025-01-18,11.7245,24,4,4,True
2025-01-19,12.2149,24,4,4,True
2025-01-20,13.8208,24,4,4,True
2025-01-21,7.9738,24,4,4,True
2025-01-22,10.0029,24,4,4,True
2025-01-23,11.5424,24,4,4,True
2025-01-24,12.7437,24,4,4,True
2025-01-25,13.0734,24,4,4,True
2025-01-26,13.0963,24,4,4,True
2025-01-27,13.7267,24,4,4,True
2025-01-28,13.6278,24,4,4,True
2025-01-29,13.1525,24,4,4,True
2025-01-30,13.2276,24,4,4,True
2025-01-31,13.0849,24,4,4,True
2025-02-01,13.0351,24,4,4,True
2025-02-02,12.9013,24,4,4,True
2025-02-03,13.0281,24,4,4,True
2025-02-04,12.5093,24,4,4,True
2025-02-05,12.1678,24,4,4,True
2025-02-06,11.9194,24,4,4,True
2025-02-07,11.7587,24,4,4,True
2025-02-08,12.1383,24,4,4,True
2025-02-09,12.1327,24,4,4,True
2025-02-10,13.5856,24,4,4,True
2025-02-11,13.9940,24,4,4,True
2025-02-12,14.1386,24,4,4,True
2025-02-13,14.4533,24,4,4,True
2025-02-14,13.9829,24,4,4,True
2025-02-15,13.1745,24,4,4,True
2025-02-16,13.0157,24,4,4,True
2025-02-17,12.9145,24,4,4,True
2025-02-18,12.8924,24,4,4,True
2025-02-19,13.3960,24,4,4,True
2025-02-20,13.8540,24,4,4,True
2025-02-21,13.9590,24,4,4,True
2025-02-22,13.8760,24,4,4,True
2025-02-23,13.6846,24,4,4,True
2025-02-24,14.0497,24,4,4,True
2025-02-25,14.3155,24,4,4,True
2025-02-26,13.8788,24,4,4,True
2025-02-27,13.5885,24,4,4,True
2025-02-28,13.6017,24,4,4,True
2025-03-01,13.2117,24,4,4,True
2025-03-02,13.2127,24,4,4,True
2025-03-03,13.4283,24,4,4,True
2025-03-04,13.6165,24,4,4,True
2025-03-05,13.6316,24,4,4,True
2025-03-06,13.7826,24,4,4,True
2025-03-07,13.8139,24,4,4,True
2025-03-08,14.0208,24,4,4,True
2025-03-09,13.8550,24,4,4,True
2025-03-10,14.1106,24,4,4,True
2025-03-11,14.4622,24,4,4,True
2025-03-12,14.3573,24,4,4,True
2025-03-13,13.9150,24,4,4,True
2025-03-14,13.5596,24,4,4,True
2025-03-15,13.7156,24,4,4,True
2025-03-16,13.4843,24,4,4,True
2025-03-17,13.5946,24,4,4,True
2025-03-18,13.6956,24,4,4,True
2025-03-19,13.5455,24,4,4,True
2025-03-20,13.4261,24,4,4,True
2025-03-21,13.5877,24,4,4,True
2025-03-22,14.0995,24,4,4,True
2025-03-23,14.2855,24,4,4,True
2025-03-24,14.6616,24,4,4,True
2025-03-25,14.8302,24,4,4,True
2025-03-26,15.2952,24,4,4,True
2025-03-27,15.4573,24,4,4,True
2025-03-28,15.5409,24,4,4,True
2025-03-29,14.7672,24,4,4,True
2025-03-30,14.5461,22,4,4,True
2025-03-31,15.2231,24,4,4,True
2025-04-01,15.2569,24,4,4,True
2025-04-02,15.0921,24,4,4,True
2025-04-03,15.2962,24,4,4,True
2025-04-04,15.6294,24,4,4,True
2025-04-05,16.0088,24,4,4,True
2025-04-06,16.6699,24,4,4,True
2025-04-07,17.2148,24,4,4,True
2025-04-08,17.6143,24,4,4,True
2025-04-09,17.4340,24,4,4,True
2025-04-10,17.2900,24,4,4,True
2025-04-11,17.3834,24,4,4,True
2025-04-12,17.8035,24,4,4,True
2025-04-13,17.3278,24,4,4,True
2025-04-14,16.4958,24,4,4,True
2025-04-15,16.6574,24,4,4,True
2025-04-16,16.8360,24,4,4,True
2025-04-17,16.4074,24,4,4,True
2025-04-18,16.3077,24,4,4,True
2025-04-19,16.4788,24,4,4,True
2025-04-20,16.1481,24,4,4,True
2025-04-21,16.6525,24,4,4,True
2025-04-22,16.7696,24,4,4,True
2025-04-23,16.7487,24,4,4,True
2025-04-24,16.6353,24,4,4,True
2025-04-25,17.5418,24,4,4,True
2025-04-26,17.7837,24,4,4,True
2025-04-27,17.4003,24,4,4,True
2025-04-28,17.8530,24,4,4,True
2025-04-29,18.7805,24,4,4,True
2025-04-30,19.5217,24,4,4,True
2025-05-01,19.9858,24,4,4,True
2025-05-02,20.1444,24,4,4,True
2025-05-03,20.1972,24,4,4,True
2025-05-04,19.9718,24,4,4,True
2025-05-05,18.8330,24,4,4,True
2025-05-06,17.9225,24,4,4,True
2025-05-07,17.8214,24,4,4,True
2025-05-08,17.6301,24,4,4,True
2025-05-09,17.8065,24,4,4,True
2025-05-10,18.0334,24,4,4,True
2025-05-11,17.7163,24,4,4,True
2025-05-12,17.2227,24,4,4,True
2025-05-13,17.0659,24,4,4,True
2025-05-14,18.4030,24,4,4,True
2025-05-15,18.8905,24,4,4,True
2025-05-16,19.0251,24,4,4,True
2025-05-17,19.3414,24,4,4,True
2025-05-18,19.7311,24,4,4,True
2025-05-19,20.2029,24,4,4,True
2025-05-20,20.1136,24,4,4,True
2025-05-21,19.8313,24,4,4,True
2025-05-22,20.5597,24,4,4,True
2025-05-23,20.2569,24,4,4,True
2025-05-24,19.7866,24,4,4,True
2025-05-25,20.3310,24,4,4,True
2025-05-26,21.7835,24,4,4,True
2025-05-27,22.0389,24,4,4,True
2025-05-28,22.4495,24,4,4,True
2025-05-29,23.7816,24,4,4,True
2025-05-30,24.0684,24,4,4,True
2025-05-31,24.1631,24,4,4,True
2025-06-01,24.4522,24,4,4,True
2025-06-02,23.3837,24,4,4,True
2025-06-03,23.7125,24,4,4,True
2025-06-04,24.1276,24,4,4,True
2025-06-05,23.8014,24,4,4,True
2025-06-06,24.1065,24,4,4,True
2025-06-07,24.7286,24,4,4,True
2025-06-08,25.2416,24,4,4,True
2025-06-09,25.7465,24,4,4,True
2025-06-10,25.6624,24,4,4,True
2025-06-11,26.0030,24,4,4,True
2025-06-12,25.8153,24,4,4,True
2025-06-13,25.5714,24,4,4,True
2025-06-14,26.3980,24,4,4,True
2025-06-15,26.6779,24,4,4,True
2025-06-16,27.6170,24,4,4,True
2025-06-17,28.9860,24,4,4,True
2025-06-18,28.7229,24,4,4,True
2025-06-19,28.4571,24,4,4,True
2025-06-20,28.2496,24,4,4,True
2025-06-21,28.5523,24,4,4,True
2025-06-22,28.6822,24,4,4,True
2025-06-23,28.6094,24,4,4,True
2025-06-24,28.8730,24,4,4,True
2025-06-25,29.2768,24,4,4,True
2025-06-26,28.9439,24,4,4,True
2025-06-27,30.1130,24,4,4,True
2025-06-28,30.4769,24,4,4,True
2025-06-29,30.7238,24,4,4,True
2025-06-30,30.4717,24,4,4,True
2025-07-01,30.3333,24,4,4,True
2025-07-02,29.9557,24,4,4,True
2025-07-03,29.7904,24,4,4,True
2025-07-04,30.3380,24,4,4,True
2025-07-05,30.6329,24,4,4,True
2025-07-06,30.2174,24,4,4,True
2025-07-07,29.5817,24,4,4,True
2025-07-08,28.9888,24,4,4,True
2025-07-09,27.4285,24,4,4,True
2025-07-10,27.8453,24,4,4,True
2025-07-11,26.9655,24,4,4,True
2025-07-12,25.1924,24,4,4,True
2025-07-13,25.4697,24,4,4,True
2025-07-14,26.1152,24,4,4,True
2025-07-15,26.5721,24,4,4,True
2025-07-16,27.4994,24,4,4,True
2025-07-17,27.7897,24,4,4,True
2025-07-18,27.8425,24,4,4,True
2025-07-19,27.2063,24,4,4,True
2025-07-20,26.9211,24,4,4,True
2025-07-21,26.3093,24,4,4,True
2025-07-22,27.1812,24,4,4,True
2025-07-23,27.3363,24,4,4,True
2025-07-24,28.1458,24,4,4,True
2025-07-25,27.8122,24,4,4,True
2025-07-26,26.7761,24,4,4,True
2025-07-27,26.1544,24,4,4,True
2025-07-28,24.3853,24,4,4,True
2025-07-29,23.8660,24,4,4,True
2025-07-30,24.1615,24,4,4,True
2025-07-31,24.3600,24,4,4,True
2025-08-01,23.8286,24,4,4,True
2025-08-02,23.5577,24,4,4,True
2025-08-03,24.6334,24,4,4,True
2025-08-04,25.5365,24,4,4,True
2025-08-05,26.0366,24,4,4,True
2025-08-06,25.8586,24,4,4,True
2025-08-07,26.2705,24,4,4,True
2025-08-08,25.9320,24,4,4,True
2025-08-09,26.0685,24,4,4,True
2025-08-10,25.8118,24,4,4,True
2025-08-11,26.0467,24,4,4,True
2025-08-12,26.4109,24,4,4,True
2025-08-13,26.9834,24,4,4,True
2025-08-14,27.3128,24,4,4,True
2025-08-15,27.6998,24,4,4,True
2025-08-16,28.1064,24,4,4,True
2025-08-17,28.8795,24,4,4,True
2025-08-18,28.9393,24,4,4,True
2025-08-19,28.2964,24,4,4,True
2025-08-20,28.0348,24,4,4,True
2025-08-21,28.1583,24,4,4,True
2025-08-22,28.7657,24,4,4,True
2025-08-23,28.5654,24,4,4,True
2025-08-24,28.5073,24,4,4,True
2025-08-25,27.7184,24,4,4,True
2025-08-26,26.7679,24,4,4,True
2025-08-27,25.5427,24,4,4,True
2025-08-28,25.1223,24,4,4,True
2025-08-29,25.1849,24,4,4,True
2025-08-30,24.9931,24,4,4,True
2025-08-31,24.9683,24,4,4,True
2025-09-01,25.3171,24,4,4,True
2025-09-02,25.4255,24,4,4,True
2025-09-03,25.5853,24,4,4,True
2025-09-04,25.3652,24,4,4,True
2025-09-05,26.3377,24,4,4,True
2025-09-06,26.4914,24,4,4,True
2025-09-07,26.3064,24,4,4,True
2025-09-08,26.1438,24,4,4,True
2025-09-09,26.3761,24,4,4,True
2025-09-10,26.4443,24,4,4,True
2025-09-11,26.3507,24,4,4,True
2025-09-12,25.6252,24,4,4,True
2025-09-13,25.4597,24,4,4,True
2025-09-14,24.8245,24,4,4,True
2025-09-15,24.9121,24,4,4,True
2025-09-16,25.4045,24,4,4,True
2025-09-17,25.2195,24,4,4,True
2025-09-18,25.1305,24,4,4,True
2025-09-19,25.3655,24,4,4,True
2025-09-20,25.2010,24,4,4,True
2025-09-21,24.6393,24,4,4,True
2025-09-22,24.5482,24,4,4,True
2025-09-23,24.7167,24,4,4,True
2025-09-24,24.7874,24,4,4,True
2025-09-25,24.1515,24,4,4,True
2025-09-26,22.9809,24,4,4,True
2025-09-27,22.4495,24,4,4,True
2025-09-28,21.5897,24,4,4,True
2025-09-29,20.6067,24,4,4,True
2025-09-30,20.3716,24,4,4,True
2025-10-01,20.5017,24,4,4,True
2025-10-02,20.7389,24,4,4,True
2025-10-03,20.8233,24,4,4,True
2025-10-04,21.1808,24,4,4,True
2025-10-05,20.8668,24,4,4,True
2025-10-06,20.7665,24,4,4,True
2025-10-07,21.2018,24,4,4,True
2025-10-08,21.3737,24,4,4,True
2025-10-09,21.4295,24,4,4,True
2025-10-10,21.5209,24,4,4,True
2025-10-11,21.5299,24,4,4,True
2025-10-12,21.3529,24,4,4,True
2025-10-13,21.3150,24,4,4,True
2025-10-14,21.5358,24,4,4,True
2025-10-15,21.5337,24,4,4,True
2025-10-16,21.3825,24,4,4,True
2025-10-17,21.2187,24,4,4,True
2025-10-18,21.3997,24,4,4,True
2025-10-19,20.2183,24,4,4,True
2025-10-20,19.4314,24,4,4,True
2025-10-21,20.8342,24,4,4,True
2025-10-22,20.2921,24,4,4,True
2025-10-23,20.0183,24,4,4,True
2025-10-24,19.7982,24,4,4,True
2025-10-25,19.7260,24,4,4,True
2025-10-26,19.6575,24,4,4,True
2025-10-27,18.8599,24,4,4,True
2025-10-28,18.5912,24,4,4,True
2025-10-29,16.9898,24,4,4,True
2025-10-30,17.2148,24,4,4,True
2025-10-31,16.6416,24,4,4,True
2025-11-01,16.6793,24,4,4,True
2025-11-02,17.0780,24,4,4,True
2025-11-03,17.6362,24,4,4,True
2025-11-04,18.0128,24,4,4,True
2025-11-05,17.4404,24,4,4,True
2025-11-06,16.2043,24,4,4,True
2025-11-07,15.3927,24,4,4,True
2025-11-08,15.6978,24,4,4,True
2025-11-09,16.2556,24,4,4,True
2025-11-10,16.5097,24,4,4,True
2025-11-11,16.6745,24,4,4,True
2025-11-12,16.3319,24,4,4,True
2025-11-13,16.1341,24,4,4,True
2025-11-14,15.4386,24,4,4,True
2025-11-15,16.1212,24,4,4,True
2025-11-16,16.5562,24,4,4,True
2025-11-17,17.3458,24,4,4,True
2025-11-18,17.3239,24,4,4,True
2025-11-19,17.7788,24,4,4,True
2025-11-20,17.8403,24,4,4,True
2025-11-21,16.5497,24,4,4,True
2025-11-22,14.6060,24,4,4,True
2025-11-23,15.2454,24,4,4,True
2025-11-24,15.1303,24,4,4,True
2025-11-25,12.7599,24,4,4,True
2025-11-26,12.8721,24,4,4,True
2025-11-27,11.9301,24,4,4,True
2025-11-28,12.2525,24,4,4,True
2025-11-29,13.4795,24,4,4,True
2025-11-30,13.8730,24,4,4,True
2025-12-01,13.5147,24,4,4,True
2025-12-02,12.5394,24,4,4,True
2025-12-03,10.5137,24,4,4,True
2025-12-04,11.9996,24,4,4,True
2025-12-05,12.5064,24,4,4,True
2025-12-06,12.4631,24,4,4,True
2025-12-07,12.7819,24,4,4,True
2025-12-08,13.0081,24,4,4,True
2025-12-09,13.2138,24,4,4,True
2025-12-10,13.2758,24,4,4,True
2025-12-11,13.1827,24,4,4,True
2025-12-12,12.3723,24,4,4,True
2025-12-13,12.6269,24,4,4,True
2025-12-14,13.0790,24,4,4,True
2025-12-15,12.4068,24,4,4,True
2025-12-16,12.0176,24,4,4,True
2025-12-17,12.6734,24,4,4,True
2025-12-18,13.4620,24,4,4,True
2025-12-19,14.4861,24,4,4,True
2025-12-20,14.7635,24,4,4,True
2025-12-21,14.7115,24,4,4,True
2025-12-22,12.9853,24,4,4,True
2025-12-23,13.0998,24,4,4,True
2025-12-24,13.9110,24,4,4,True
2025-12-25,13.7760,24,4,4,True
2025-12-26,13.7009,24,4,4,True
2025-12-27,13.7250,24,4,4,True
2025-12-28,13.5245,24,4,4,True
2025-12-29,13.2168,24,4,4,True
2025-12-30,12.8674,24,4,4,True
2025-12-31,11.9951,24,4,4,True
